Executable      : /home/jmc/.local/siesta-5.4.2-openmpi/bin/siesta
Version         : 5.4.2
Architecture    : x86_64
Compiler version: GNU-13.3.0
Compiler flags  : -fallow-argument-mismatch -O3 -march=native
Parallelisations: MPI
Lua support
ELSI support. Solvers:
   ELPA (internal) 
   NTPoly
   OMM
DFT-D3 support

Runtime information:
* Directory : /home/jmc/.local/state/siestaflow/stage-u-b-v6-20260930/observables/nio-gap-mesh-4x8x8-dft
* Running on 4 nodes in parallel.
>> Start of run:   1-OCT-2026   3:19:38

                           *********************** 
                           *  WELCOME TO SIESTA  * 
                           *********************** 

 NOTE: Siesta V5 introduces some new defaults for basis-set generation
 NOTE: which might lead to slightly different numerical results.
 NOTE: Please see the manual for full details and compatibility measures.


reinit: Reading from standard input
reinit: Dumping input in INPUT_TMP.27820
************************** Dump of input data file ****************************
SystemName          NiO AFM-II PBE seven-point reference
SystemLabel         NIO_PBE_REFERENCE
NumberOfAtoms       4
NumberOfSpecies     3
%block ChemicalSpeciesLabel
  1  28  NiLR0
  2  28  NiLR1
  3   8  O
%endblock ChemicalSpeciesLabel
LatticeConstant     4.17 Ang
%block LatticeVectors
  0.0  1.0  1.0
  0.5  0.0  0.5
  0.5  0.5  0.0
%endblock LatticeVectors
AtomicCoordinatesFormat Fractional
%block AtomicCoordinatesAndAtomicSpecies
  0.00  0.00  0.00  1  # NiLR0
  0.50  0.00  0.00  2  # NiLR1
  0.25  0.50  0.50  3  # O
  0.75  0.50  0.50  3  # O
%endblock AtomicCoordinatesAndAtomicSpecies
XC.Functional GGA
XC.Authors PBE
PAO.BasisSize       DZP
PAO.EnergyShift     0.005 Ry
PAO.SplitNorm       0.15
PAO.BasisType       split
MeshCutoff          200 Ry
%block kgrid_Monkhorst_Pack
  2 0 0 0.0
  0 4 0 0.0
  0 0 4 0.0
%endblock kgrid_Monkhorst_Pack
MaxSCFIterations    300
DM.MixingWeight     0.05
DM.NumberPulay      5
Spin polarized
%block DM.InitSpin
  1 +2.0
  2 -2.0
  3  0.0
  4  0.0
%endblock DM.InitSpin
DFTU.ProjectorGenerationMethod 2
DFTU.PotentialShift false
DFTU.FirstIteration true
DM.UseSaveDM true
WriteMullikenPop 1
WriteForces true
WriteDM true
MD.NumCGsteps 0
%block DFTU.proj
  NiLR0  1
  3 2
  0.0000 0.0000
  3.0000 0.0500
  NiLR1  1
  3 2
  0.0000 0.0000
  3.0000 0.0500
%endblock DFTU.proj
SCF.MustConverge true
SCF.Mix Hamiltonian
SCF.Mixer.Method Pulay
SCF.Mixer.Weight 0.05
SCF.Mixer.History 8
SCF.DM.Converge true
SCF.H.Converge true
SCF.DM.Tolerance 1.0e-5
SCF.H.Tolerance 1.0e-4 eV
WriteKbands true
WriteBands true
BandLinesScale ReciprocalLatticeVectors
# Full BZ uniform points for strict band-edge search; SCF kgrid remains V6 2x4x4.
%block BandPoints
  -0.50000000  -0.50000000  -0.50000000
  -0.50000000  -0.50000000  -0.37500000
  -0.50000000  -0.50000000  -0.25000000
  -0.50000000  -0.50000000  -0.12500000
  -0.50000000  -0.50000000  0.00000000
  -0.50000000  -0.50000000  0.12500000
  -0.50000000  -0.50000000  0.25000000
  -0.50000000  -0.50000000  0.37500000
  -0.50000000  -0.37500000  -0.50000000
  -0.50000000  -0.37500000  -0.37500000
  -0.50000000  -0.37500000  -0.25000000
  -0.50000000  -0.37500000  -0.12500000
  -0.50000000  -0.37500000  0.00000000
  -0.50000000  -0.37500000  0.12500000
  -0.50000000  -0.37500000  0.25000000
  -0.50000000  -0.37500000  0.37500000
  -0.50000000  -0.25000000  -0.50000000
  -0.50000000  -0.25000000  -0.37500000
  -0.50000000  -0.25000000  -0.25000000
  -0.50000000  -0.25000000  -0.12500000
  -0.50000000  -0.25000000  0.00000000
  -0.50000000  -0.25000000  0.12500000
  -0.50000000  -0.25000000  0.25000000
  -0.50000000  -0.25000000  0.37500000
  -0.50000000  -0.12500000  -0.50000000
  -0.50000000  -0.12500000  -0.37500000
  -0.50000000  -0.12500000  -0.25000000
  -0.50000000  -0.12500000  -0.12500000
  -0.50000000  -0.12500000  0.00000000
  -0.50000000  -0.12500000  0.12500000
  -0.50000000  -0.12500000  0.25000000
  -0.50000000  -0.12500000  0.37500000
  -0.50000000  0.00000000  -0.50000000
  -0.50000000  0.00000000  -0.37500000
  -0.50000000  0.00000000  -0.25000000
  -0.50000000  0.00000000  -0.12500000
  -0.50000000  0.00000000  0.00000000
  -0.50000000  0.00000000  0.12500000
  -0.50000000  0.00000000  0.25000000
  -0.50000000  0.00000000  0.37500000
  -0.50000000  0.12500000  -0.50000000
  -0.50000000  0.12500000  -0.37500000
  -0.50000000  0.12500000  -0.25000000
  -0.50000000  0.12500000  -0.12500000
  -0.50000000  0.12500000  0.00000000
  -0.50000000  0.12500000  0.12500000
  -0.50000000  0.12500000  0.25000000
  -0.50000000  0.12500000  0.37500000
  -0.50000000  0.25000000  -0.50000000
  -0.50000000  0.25000000  -0.37500000
  -0.50000000  0.25000000  -0.25000000
  -0.50000000  0.25000000  -0.12500000
  -0.50000000  0.25000000  0.00000000
  -0.50000000  0.25000000  0.12500000
  -0.50000000  0.25000000  0.25000000
  -0.50000000  0.25000000  0.37500000
  -0.50000000  0.37500000  -0.50000000
  -0.50000000  0.37500000  -0.37500000
  -0.50000000  0.37500000  -0.25000000
  -0.50000000  0.37500000  -0.12500000
  -0.50000000  0.37500000  0.00000000
  -0.50000000  0.37500000  0.12500000
  -0.50000000  0.37500000  0.25000000
  -0.50000000  0.37500000  0.37500000
  -0.25000000  -0.50000000  -0.50000000
  -0.25000000  -0.50000000  -0.37500000
  -0.25000000  -0.50000000  -0.25000000
  -0.25000000  -0.50000000  -0.12500000
  -0.25000000  -0.50000000  0.00000000
  -0.25000000  -0.50000000  0.12500000
  -0.25000000  -0.50000000  0.25000000
  -0.25000000  -0.50000000  0.37500000
  -0.25000000  -0.37500000  -0.50000000
  -0.25000000  -0.37500000  -0.37500000
  -0.25000000  -0.37500000  -0.25000000
  -0.25000000  -0.37500000  -0.12500000
  -0.25000000  -0.37500000  0.00000000
  -0.25000000  -0.37500000  0.12500000
  -0.25000000  -0.37500000  0.25000000
  -0.25000000  -0.37500000  0.37500000
  -0.25000000  -0.25000000  -0.50000000
  -0.25000000  -0.25000000  -0.37500000
  -0.25000000  -0.25000000  -0.25000000
  -0.25000000  -0.25000000  -0.12500000
  -0.25000000  -0.25000000  0.00000000
  -0.25000000  -0.25000000  0.12500000
  -0.25000000  -0.25000000  0.25000000
  -0.25000000  -0.25000000  0.37500000
  -0.25000000  -0.12500000  -0.50000000
  -0.25000000  -0.12500000  -0.37500000
  -0.25000000  -0.12500000  -0.25000000
  -0.25000000  -0.12500000  -0.12500000
  -0.25000000  -0.12500000  0.00000000
  -0.25000000  -0.12500000  0.12500000
  -0.25000000  -0.12500000  0.25000000
  -0.25000000  -0.12500000  0.37500000
  -0.25000000  0.00000000  -0.50000000
  -0.25000000  0.00000000  -0.37500000
  -0.25000000  0.00000000  -0.25000000
  -0.25000000  0.00000000  -0.12500000
  -0.25000000  0.00000000  0.00000000
  -0.25000000  0.00000000  0.12500000
  -0.25000000  0.00000000  0.25000000
  -0.25000000  0.00000000  0.37500000
  -0.25000000  0.12500000  -0.50000000
  -0.25000000  0.12500000  -0.37500000
  -0.25000000  0.12500000  -0.25000000
  -0.25000000  0.12500000  -0.12500000
  -0.25000000  0.12500000  0.00000000
  -0.25000000  0.12500000  0.12500000
  -0.25000000  0.12500000  0.25000000
  -0.25000000  0.12500000  0.37500000
  -0.25000000  0.25000000  -0.50000000
  -0.25000000  0.25000000  -0.37500000
  -0.25000000  0.25000000  -0.25000000
  -0.25000000  0.25000000  -0.12500000
  -0.25000000  0.25000000  0.00000000
  -0.25000000  0.25000000  0.12500000
  -0.25000000  0.25000000  0.25000000
  -0.25000000  0.25000000  0.37500000
  -0.25000000  0.37500000  -0.50000000
  -0.25000000  0.37500000  -0.37500000
  -0.25000000  0.37500000  -0.25000000
  -0.25000000  0.37500000  -0.12500000
  -0.25000000  0.37500000  0.00000000
  -0.25000000  0.37500000  0.12500000
  -0.25000000  0.37500000  0.25000000
  -0.25000000  0.37500000  0.37500000
  0.00000000  -0.50000000  -0.50000000
  0.00000000  -0.50000000  -0.37500000
  0.00000000  -0.50000000  -0.25000000
  0.00000000  -0.50000000  -0.12500000
  0.00000000  -0.50000000  0.00000000
  0.00000000  -0.50000000  0.12500000
  0.00000000  -0.50000000  0.25000000
  0.00000000  -0.50000000  0.37500000
  0.00000000  -0.37500000  -0.50000000
  0.00000000  -0.37500000  -0.37500000
  0.00000000  -0.37500000  -0.25000000
  0.00000000  -0.37500000  -0.12500000
  0.00000000  -0.37500000  0.00000000
  0.00000000  -0.37500000  0.12500000
  0.00000000  -0.37500000  0.25000000
  0.00000000  -0.37500000  0.37500000
  0.00000000  -0.25000000  -0.50000000
  0.00000000  -0.25000000  -0.37500000
  0.00000000  -0.25000000  -0.25000000
  0.00000000  -0.25000000  -0.12500000
  0.00000000  -0.25000000  0.00000000
  0.00000000  -0.25000000  0.12500000
  0.00000000  -0.25000000  0.25000000
  0.00000000  -0.25000000  0.37500000
  0.00000000  -0.12500000  -0.50000000
  0.00000000  -0.12500000  -0.37500000
  0.00000000  -0.12500000  -0.25000000
  0.00000000  -0.12500000  -0.12500000
  0.00000000  -0.12500000  0.00000000
  0.00000000  -0.12500000  0.12500000
  0.00000000  -0.12500000  0.25000000
  0.00000000  -0.12500000  0.37500000
  0.00000000  0.00000000  -0.50000000
  0.00000000  0.00000000  -0.37500000
  0.00000000  0.00000000  -0.25000000
  0.00000000  0.00000000  -0.12500000
  0.00000000  0.00000000  0.00000000
  0.00000000  0.00000000  0.12500000
  0.00000000  0.00000000  0.25000000
  0.00000000  0.00000000  0.37500000
  0.00000000  0.12500000  -0.50000000
  0.00000000  0.12500000  -0.37500000
  0.00000000  0.12500000  -0.25000000
  0.00000000  0.12500000  -0.12500000
  0.00000000  0.12500000  0.00000000
  0.00000000  0.12500000  0.12500000
  0.00000000  0.12500000  0.25000000
  0.00000000  0.12500000  0.37500000
  0.00000000  0.25000000  -0.50000000
  0.00000000  0.25000000  -0.37500000
  0.00000000  0.25000000  -0.25000000
  0.00000000  0.25000000  -0.12500000
  0.00000000  0.25000000  0.00000000
  0.00000000  0.25000000  0.12500000
  0.00000000  0.25000000  0.25000000
  0.00000000  0.25000000  0.37500000
  0.00000000  0.37500000  -0.50000000
  0.00000000  0.37500000  -0.37500000
  0.00000000  0.37500000  -0.25000000
  0.00000000  0.37500000  -0.12500000
  0.00000000  0.37500000  0.00000000
  0.00000000  0.37500000  0.12500000
  0.00000000  0.37500000  0.25000000
  0.00000000  0.37500000  0.37500000
  0.25000000  -0.50000000  -0.50000000
  0.25000000  -0.50000000  -0.37500000
  0.25000000  -0.50000000  -0.25000000
  0.25000000  -0.50000000  -0.12500000
  0.25000000  -0.50000000  0.00000000
  0.25000000  -0.50000000  0.12500000
  0.25000000  -0.50000000  0.25000000
  0.25000000  -0.50000000  0.37500000
  0.25000000  -0.37500000  -0.50000000
  0.25000000  -0.37500000  -0.37500000
  0.25000000  -0.37500000  -0.25000000
  0.25000000  -0.37500000  -0.12500000
  0.25000000  -0.37500000  0.00000000
  0.25000000  -0.37500000  0.12500000
  0.25000000  -0.37500000  0.25000000
  0.25000000  -0.37500000  0.37500000
  0.25000000  -0.25000000  -0.50000000
  0.25000000  -0.25000000  -0.37500000
  0.25000000  -0.25000000  -0.25000000
  0.25000000  -0.25000000  -0.12500000
  0.25000000  -0.25000000  0.00000000
  0.25000000  -0.25000000  0.12500000
  0.25000000  -0.25000000  0.25000000
  0.25000000  -0.25000000  0.37500000
  0.25000000  -0.12500000  -0.50000000
  0.25000000  -0.12500000  -0.37500000
  0.25000000  -0.12500000  -0.25000000
  0.25000000  -0.12500000  -0.12500000
  0.25000000  -0.12500000  0.00000000
  0.25000000  -0.12500000  0.12500000
  0.25000000  -0.12500000  0.25000000
  0.25000000  -0.12500000  0.37500000
  0.25000000  0.00000000  -0.50000000
  0.25000000  0.00000000  -0.37500000
  0.25000000  0.00000000  -0.25000000
  0.25000000  0.00000000  -0.12500000
  0.25000000  0.00000000  0.00000000
  0.25000000  0.00000000  0.12500000
  0.25000000  0.00000000  0.25000000
  0.25000000  0.00000000  0.37500000
  0.25000000  0.12500000  -0.50000000
  0.25000000  0.12500000  -0.37500000
  0.25000000  0.12500000  -0.25000000
  0.25000000  0.12500000  -0.12500000
  0.25000000  0.12500000  0.00000000
  0.25000000  0.12500000  0.12500000
  0.25000000  0.12500000  0.25000000
  0.25000000  0.12500000  0.37500000
  0.25000000  0.25000000  -0.50000000
  0.25000000  0.25000000  -0.37500000
  0.25000000  0.25000000  -0.25000000
  0.25000000  0.25000000  -0.12500000
  0.25000000  0.25000000  0.00000000
  0.25000000  0.25000000  0.12500000
  0.25000000  0.25000000  0.25000000
  0.25000000  0.25000000  0.37500000
  0.25000000  0.37500000  -0.50000000
  0.25000000  0.37500000  -0.37500000
  0.25000000  0.37500000  -0.25000000
  0.25000000  0.37500000  -0.12500000
  0.25000000  0.37500000  0.00000000
  0.25000000  0.37500000  0.12500000
  0.25000000  0.37500000  0.25000000
  0.25000000  0.37500000  0.37500000
%endblock BandPoints
************************** End of input data file *****************************

reinit: -----------------------------------------------------------------------
reinit: System Name: NiO AFM-II PBE seven-point reference
reinit: -----------------------------------------------------------------------
reinit: System Label: NIO_PBE_REFERENCE
reinit: -----------------------------------------------------------------------

NOTE on units for spin output: 
{S} is the spin magnetic moment, in units of the Bohr magneton,
assuming a g-factor for the electron spin of exactly 2.
The spin magnetic moment is then numerically equal to the charge inbalance,
in units of electrons, between the spin-up and -down channels.


initatom: Reading input for the pseudopotentials and atomic orbitals ----------
Species number:   1 Atomic number:   28 Label: NiLR0
Species number:   2 Atomic number:   28 Label: NiLR1
Species number:   3 Atomic number:    8 Label: O

Ground state valence configuration (from tables):   4s02  4p00  3d08  4f00
Ground state valence configuration (from tables):   4s02  4p00  3d08  4f00
Ground state valence configuration (from tables):   2s02  2p04  3d00  4f00

---- Processing specs for species: NiLR0
Reading pseudopotential information in PSML from:
  NiLR0.psml
PSML file version: 1.1
Using libxc ids:  101 130
GGA--PBE XC_GGA_X_PBE--XC_GGA_C_PBE pb
PSML uuid: 2e63c660-be63-11e7-4f57-6a7697ffcf75
Semicore shell(s) with  8 electrons included in the valence for NiLR0

---- Processing specs for species: NiLR1
Reading pseudopotential information in PSML from:
  NiLR1.psml
PSML file version: 1.1
Using libxc ids:  101 130
GGA--PBE XC_GGA_X_PBE--XC_GGA_C_PBE pb
PSML uuid: 2e63c660-be63-11e7-4f57-6a7697ffcf75
Semicore shell(s) with  8 electrons included in the valence for NiLR1

---- Processing specs for species: O
Reading pseudopotential information in PSML from:
  O.psml
PSML file version: 1.1
Using libxc ids:  101 130
GGA--PBE XC_GGA_X_PBE--XC_GGA_C_PBE pb
PSML uuid: 66518360-be62-11e7-6a04-293bfbad3b21

---- Pseudopotential check for Ni

Pseudized shells:
3s( 2.00) rc: 1.20
3p( 6.00) rc: 1.26
3d( 8.00) rc: 1.56
Valence configuration for ps generation: 3s:3p:3d:4s: Total charge:  18.000000
Semicore shell(s): 3s 3p
Fallback to non-perturbative polarization scheme for NiLR0
Please see the manual if this is not desired in principle

---- Pseudopotential check for Ni

Pseudized shells:
3s( 2.00) rc: 1.20
3p( 6.00) rc: 1.26
3d( 8.00) rc: 1.56
Valence configuration for ps generation: 3s:3p:3d:4s: Total charge:  18.000000
Semicore shell(s): 3s 3p
Fallback to non-perturbative polarization scheme for NiLR1
Please see the manual if this is not desired in principle

---- Pseudopotential check for O 

Pseudized shells:
2s( 2.00) rc: 1.26
2p( 4.00) rc: 1.36
3d( 0.00) rc: 1.26
Valence configuration for ps generation: 2s:2p: Total charge:   6.000000
For NiLR0, standard SIESTA heuristics set lmxkb to 3
 (one more than the basis l, including polarization orbitals).
Use PS.lmax or PS.KBprojectors blocks to override.
For NiLR1, standard SIESTA heuristics set lmxkb to 3
 (one more than the basis l, including polarization orbitals).
Use PS.lmax or PS.KBprojectors blocks to override.
For O, standard SIESTA heuristics set lmxkb to 3
 (one more than the basis l, including polarization orbitals).
Use PS.lmax or PS.KBprojectors blocks to override.
NiLR0 pseudopotential only contains V_ls up to l=2 -- lmxkb reset.
NiLR1 pseudopotential only contains V_ls up to l=2 -- lmxkb reset.
O pseudopotential only contains V_ls up to l=2 -- lmxkb reset.

<basis_specs>
===============================================================================
NiLR0                Z=  28    Mass=  58.693        Charge= 0.17977+309
Lmxo=2 Lmxkb= 2    BasisType=split      Semic=T
L=0  Nsemic=1  Cnfigmx=4
          i=1  nzeta=1  polorb=0  (3s)  (semicore shell)
            splnorm:   0.15000    
               vcte:    40.000    
               rinn:  -0.90000    
               qcoe:    0.0000    
               qyuk:    0.0000    
               qwid:   0.10000E-01
                rcs:    0.0000    
            lambdas:    1.0000    
          i=2  nzeta=2  polorb=0  (4s)  (to be polarized non-perturbatively)
            splnorm:   0.15000    
               vcte:    40.000    
               rinn:  -0.90000    
               qcoe:    0.0000    
               qyuk:    0.0000    
               qwid:   0.10000E-01
                rcs:    0.0000      0.0000    
            lambdas:    1.0000      1.0000    
L=1  Nsemic=1  Cnfigmx=4
          i=1  nzeta=1  polorb=0  (3p)  (semicore shell)
            splnorm:   0.15000    
               vcte:    40.000    
               rinn:  -0.90000    
               qcoe:    0.0000    
               qyuk:    0.0000    
               qwid:   0.10000E-01
                rcs:    0.0000    
            lambdas:    1.0000    
          i=2  nzeta=1  polorb=0  (4p)  (non-perturbative polarization shell)
            splnorm:   0.15000    
               vcte:    40.000    
               rinn:  -0.90000    
               qcoe:    0.0000    
               qyuk:    0.0000    
               qwid:   0.10000E-01
                rcs:    0.0000    
            lambdas:    1.0000    
L=2  Nsemic=0  Cnfigmx=3
          i=1  nzeta=2  polorb=0  (3d)
            splnorm:   0.15000    
               vcte:    40.000    
               rinn:  -0.90000    
               qcoe:    0.0000    
               qyuk:    0.0000    
               qwid:   0.10000E-01
                rcs:    0.0000      0.0000    
            lambdas:    1.0000      1.0000    
-------------------------------------------------------------------------------
L=0  Nkbl=2  erefs: 0.17977+309 0.17977+309
L=1  Nkbl=2  erefs: 0.17977+309 0.17977+309
L=2  Nkbl=1  erefs: 0.17977+309
-------------------------------------------------------------------------------
L=2  n=3
                  U:    0.0000    
                  J:    0.0000    
               rinn:  -0.90000    
               vcte:    40.000    
             lambda:    1.0000    
              width:   0.50000E-01
                 rc:    3.0000    
            dnrm_rc:   0.90000    
===============================================================================
</basis_specs>

Using PAO.SplitTailNorm
atom: Called for NiLR0                 (Z =  28)
Maximum radius (at nrval) set to   50.00000 8518

read_vps: Pseudopotential generation method:
read_vps: ONCVPSP-3.Hamann's oncvpsp                        
Valence charge in pseudo generation:   18.00000

read_vps: Pseudopotential includes a core correction:
read_vps: Pseudo-core for xc-correction

xc_check: Exchange-correlation functional:
xc_check: GGA Perdew, Burke & Ernzerhof 1996
Got Vlocal (oncv-fit) from psml data
Choosing vlocal chloc cutoff:  3.106872
qtot up to nchloc:   18.00031927
atom: Maximum radius for chlocal:    3.10687
atom: Maximum radius for r*vlocal+2*Zval:    3.10687
Reading KB projs from NiLR0 psml data
Using scalar-relativistic projectors in PSML file

PSML: Kleinman-Bylander projectors: 
   l= 0   rc=  1.217316   Ekb= 15.328968
   l= 0   rc=  1.217316   Ekb= -0.627593
   l= 1   rc=  1.276377   Ekb= -5.908692
   l= 1   rc=  1.276377   Ekb= -0.600290
   l= 2   rc=  1.583336   Ekb=-16.270198
   l= 2   rc=  1.583336   Ekb= -5.478811

PSML: Total number of  Kleinman-Bylander projectors:  18
atom: -------------------------------------------------------------------------

atom: SANKEY-TYPE ORBITALS:
atom: Selected multiple-zeta basis: split     

SPLIT: Orbitals with angular momentum L= 0

SPLIT: Basis orbitals for state 3s

SPLIT: PAO cut-off radius determined from an
SPLIT: energy shift=  0.005000 Ry
Split based on tail norm

   izeta = 1
                 lambda =    1.000000
                     rc =    2.336277
                 energy =   -8.157202
                kinetic =    3.816551
    potential(screened) =  -11.973753
       potential(ionic) =  -45.996239

SPLIT: Basis orbitals for state 4s

SPLIT: PAO cut-off radius determined from an
SPLIT: energy shift=  0.005000 Ry
Split based on tail norm

   izeta = 1
                 lambda =    1.000000
                     rc =    6.843982
                 energy =   -0.478021
                kinetic =    1.295684
    potential(screened) =   -1.773705
       potential(ionic) =  -17.421257

   izeta = 2
                 rmatch =    4.762307
              splitnorm =    0.150000
                 energy =   -0.343160
                kinetic =    2.311049
    potential(screened) =   -2.654209
       potential(ionic) =  -21.426817

SPLIT: Orbitals with angular momentum L= 1

SPLIT: Basis orbitals for state 3p

SPLIT: PAO cut-off radius determined from an
SPLIT: energy shift=  0.005000 Ry
Split based on tail norm

   izeta = 1
                 lambda =    1.000000
                     rc =    2.598642
                 energy =   -5.241409
                kinetic =    9.417617
    potential(screened) =  -14.659026
       potential(ionic) =  -47.755676

SPLIT: Basis orbitals for state 4p
SPLIT: Non-perturbative polarization orbs for state 4s
SPLIT: rc(1st zeta) (re)set to: 6.8440 (expansion factor: 1.0000)
Split based on tail norm

   izeta = 1
                 lambda =    1.000000
                     rc =    6.843982
                 energy =   -0.029978
                kinetic =    1.036675
    potential(screened) =   -1.066653
       potential(ionic) =  -13.103791

SPLIT: Orbitals with angular momentum L= 2

SPLIT: Basis orbitals for state 3d

SPLIT: PAO cut-off radius determined from an
SPLIT: energy shift=  0.005000 Ry
Split based on tail norm

   izeta = 1
                 lambda =    1.000000
                     rc =    4.172168
                 energy =   -0.646725
                kinetic =   12.196588
    potential(screened) =  -12.843313
       potential(ionic) =  -42.054249

   izeta = 2
                 rmatch =    2.424715
              splitnorm =    0.150000
                 energy =   -0.470579
                kinetic =   14.728620
    potential(screened) =  -15.199198
       potential(ionic) =  -46.513355
atom: Total number of Sankey-type orbitals: 19

atm_pop: Valence configuration (for local Pseudopot. screening):
 3s( 2.00) 4s( 2.00)                                                  
 3p( 6.00) 4p( 0.00)                                                  
 3d( 8.00)                                                            
Vna: chval, zval:   18.00000  18.00000

Vna:  Cut-off radius for the neutral-atom potential:   6.843982
comcore: Pseudo-core radius Rcore=  1.806351

atom: _________________________________________________________________________
Maximum radius (at nrval) set to   50.00000 8518

DFTUprojs with principal quantum number n =  3
DFTUprojs with angular momentum l =  2
DFTUprojs with U        =      0.00000
DFTUprojs with J        =      0.00000
DFTUprojs with lambda   =      1.00000
DFTUprojs with rc       =      3.00000
DFTUprojs with nnodes   =     1
DFTUprojs with nprin    =     3
DFTUprojs with nrval    =  8517
DFTUprojs with nrwf     =  8517
DFTUprojs with nrmax    = 20000
DFTUprojs with zval     =     18.00000
DFTUprojs with a        =      0.00100
DFTUprojs with b        =      0.01000
dftu_proj_gen: updating the rc to     17.344117775761 Bohr

<basis_specs>
===============================================================================
NiLR1                Z=  28    Mass=  58.693        Charge= 0.17977+309
Lmxo=2 Lmxkb= 2    BasisType=split      Semic=T
L=0  Nsemic=1  Cnfigmx=4
          i=1  nzeta=1  polorb=0  (3s)  (semicore shell)
            splnorm:   0.15000    
               vcte:    40.000    
               rinn:  -0.90000    
               qcoe:    0.0000    
               qyuk:    0.0000    
               qwid:   0.10000E-01
                rcs:    0.0000    
            lambdas:    1.0000    
          i=2  nzeta=2  polorb=0  (4s)  (to be polarized non-perturbatively)
            splnorm:   0.15000    
               vcte:    40.000    
               rinn:  -0.90000    
               qcoe:    0.0000    
               qyuk:    0.0000    
               qwid:   0.10000E-01
                rcs:    0.0000      0.0000    
            lambdas:    1.0000      1.0000    
L=1  Nsemic=1  Cnfigmx=4
          i=1  nzeta=1  polorb=0  (3p)  (semicore shell)
            splnorm:   0.15000    
               vcte:    40.000    
               rinn:  -0.90000    
               qcoe:    0.0000    
               qyuk:    0.0000    
               qwid:   0.10000E-01
                rcs:    0.0000    
            lambdas:    1.0000    
          i=2  nzeta=1  polorb=0  (4p)  (non-perturbative polarization shell)
            splnorm:   0.15000    
               vcte:    40.000    
               rinn:  -0.90000    
               qcoe:    0.0000    
               qyuk:    0.0000    
               qwid:   0.10000E-01
                rcs:    0.0000    
            lambdas:    1.0000    
L=2  Nsemic=0  Cnfigmx=3
          i=1  nzeta=2  polorb=0  (3d)
            splnorm:   0.15000    
               vcte:    40.000    
               rinn:  -0.90000    
               qcoe:    0.0000    
               qyuk:    0.0000    
               qwid:   0.10000E-01
                rcs:    0.0000      0.0000    
            lambdas:    1.0000      1.0000    
-------------------------------------------------------------------------------
L=0  Nkbl=2  erefs: 0.17977+309 0.17977+309
L=1  Nkbl=2  erefs: 0.17977+309 0.17977+309
L=2  Nkbl=1  erefs: 0.17977+309
-------------------------------------------------------------------------------
L=2  n=3
                  U:    0.0000    
                  J:    0.0000    
               rinn:  -0.90000    
               vcte:    40.000    
             lambda:    1.0000    
              width:   0.50000E-01
                 rc:    3.0000    
            dnrm_rc:   0.90000    
===============================================================================
</basis_specs>

Using PAO.SplitTailNorm
atom: Called for NiLR1                 (Z =  28)
Maximum radius (at nrval) set to   50.00000 8518

read_vps: Pseudopotential generation method:
read_vps: ONCVPSP-3.Hamann's oncvpsp                        
Valence charge in pseudo generation:   18.00000

read_vps: Pseudopotential includes a core correction:
read_vps: Pseudo-core for xc-correction

xc_check: Exchange-correlation functional:
xc_check: GGA Perdew, Burke & Ernzerhof 1996
Got Vlocal (oncv-fit) from psml data
Choosing vlocal chloc cutoff:  3.106872
qtot up to nchloc:   18.00031927
atom: Maximum radius for chlocal:    3.10687
atom: Maximum radius for r*vlocal+2*Zval:    3.10687
Reading KB projs from NiLR1 psml data
Using scalar-relativistic projectors in PSML file

PSML: Kleinman-Bylander projectors: 
   l= 0   rc=  1.217316   Ekb= 15.328968
   l= 0   rc=  1.217316   Ekb= -0.627593
   l= 1   rc=  1.276377   Ekb= -5.908692
   l= 1   rc=  1.276377   Ekb= -0.600290
   l= 2   rc=  1.583336   Ekb=-16.270198
   l= 2   rc=  1.583336   Ekb= -5.478811

PSML: Total number of  Kleinman-Bylander projectors:  18
atom: -------------------------------------------------------------------------

atom: SANKEY-TYPE ORBITALS:
atom: Selected multiple-zeta basis: split     

SPLIT: Orbitals with angular momentum L= 0

SPLIT: Basis orbitals for state 3s

SPLIT: PAO cut-off radius determined from an
SPLIT: energy shift=  0.005000 Ry
Split based on tail norm

   izeta = 1
                 lambda =    1.000000
                     rc =    2.336277
                 energy =   -8.157202
                kinetic =    3.816551
    potential(screened) =  -11.973753
       potential(ionic) =  -45.996239

SPLIT: Basis orbitals for state 4s

SPLIT: PAO cut-off radius determined from an
SPLIT: energy shift=  0.005000 Ry
Split based on tail norm

   izeta = 1
                 lambda =    1.000000
                     rc =    6.843982
                 energy =   -0.478021
                kinetic =    1.295684
    potential(screened) =   -1.773705
       potential(ionic) =  -17.421257

   izeta = 2
                 rmatch =    4.762307
              splitnorm =    0.150000
                 energy =   -0.343160
                kinetic =    2.311049
    potential(screened) =   -2.654209
       potential(ionic) =  -21.426817

SPLIT: Orbitals with angular momentum L= 1

SPLIT: Basis orbitals for state 3p

SPLIT: PAO cut-off radius determined from an
SPLIT: energy shift=  0.005000 Ry
Split based on tail norm

   izeta = 1
                 lambda =    1.000000
                     rc =    2.598642
                 energy =   -5.241409
                kinetic =    9.417617
    potential(screened) =  -14.659026
       potential(ionic) =  -47.755676

SPLIT: Basis orbitals for state 4p
SPLIT: Non-perturbative polarization orbs for state 4s
SPLIT: rc(1st zeta) (re)set to: 6.8440 (expansion factor: 1.0000)
Split based on tail norm

   izeta = 1
                 lambda =    1.000000
                     rc =    6.843982
                 energy =   -0.029978
                kinetic =    1.036675
    potential(screened) =   -1.066653
       potential(ionic) =  -13.103791

SPLIT: Orbitals with angular momentum L= 2

SPLIT: Basis orbitals for state 3d

SPLIT: PAO cut-off radius determined from an
SPLIT: energy shift=  0.005000 Ry
Split based on tail norm

   izeta = 1
                 lambda =    1.000000
                     rc =    4.172168
                 energy =   -0.646725
                kinetic =   12.196588
    potential(screened) =  -12.843313
       potential(ionic) =  -42.054249

   izeta = 2
                 rmatch =    2.424715
              splitnorm =    0.150000
                 energy =   -0.470579
                kinetic =   14.728620
    potential(screened) =  -15.199198
       potential(ionic) =  -46.513355
atom: Total number of Sankey-type orbitals: 19

atm_pop: Valence configuration (for local Pseudopot. screening):
 3s( 2.00) 4s( 2.00)                                                  
 3p( 6.00) 4p( 0.00)                                                  
 3d( 8.00)                                                            
Vna: chval, zval:   18.00000  18.00000

Vna:  Cut-off radius for the neutral-atom potential:   6.843982
comcore: Pseudo-core radius Rcore=  1.806351

atom: _________________________________________________________________________
Maximum radius (at nrval) set to   50.00000 8518

DFTUprojs with principal quantum number n =  3
DFTUprojs with angular momentum l =  2
DFTUprojs with U        =      0.00000
DFTUprojs with J        =      0.00000
DFTUprojs with lambda   =      1.00000
DFTUprojs with rc       =      3.00000
DFTUprojs with nnodes   =     1
DFTUprojs with nprin    =     3
DFTUprojs with nrval    =  8517
DFTUprojs with nrwf     =  8517
DFTUprojs with nrmax    = 20000
DFTUprojs with zval     =     18.00000
DFTUprojs with a        =      0.00100
DFTUprojs with b        =      0.01000
dftu_proj_gen: updating the rc to     17.344117775761 Bohr

<basis_specs>
===============================================================================
O                    Z=   8    Mass=  15.999        Charge= 0.17977+309
Lmxo=2 Lmxkb= 2    BasisType=split      Semic=F
L=0  Nsemic=0  Cnfigmx=2
          i=1  nzeta=2  polorb=0  (2s)
            splnorm:   0.15000    
               vcte:    40.000    
               rinn:  -0.90000    
               qcoe:    0.0000    
               qyuk:    0.0000    
               qwid:   0.10000E-01
                rcs:    0.0000      0.0000    
            lambdas:    1.0000      1.0000    
L=1  Nsemic=0  Cnfigmx=2
          i=1  nzeta=2  polorb=1  (2p)  (to be polarized perturbatively)
            splnorm:   0.15000    
               vcte:    40.000    
               rinn:  -0.90000    
               qcoe:    0.0000    
               qyuk:    0.0000    
               qwid:   0.10000E-01
                rcs:    0.0000      0.0000    
            lambdas:    1.0000      1.0000    
L=2  Nsemic=0  Cnfigmx=3
          i=1  nzeta=0  polorb=0  (3d)  (perturbative polarization orbital) (from 2p)
-------------------------------------------------------------------------------
L=0  Nkbl=1  erefs: 0.17977+309
L=1  Nkbl=1  erefs: 0.17977+309
L=2  Nkbl=1  erefs: 0.17977+309
===============================================================================
</basis_specs>

Using PAO.SplitTailNorm
atom: Called for O                     (Z =   8)
Maximum radius (at nrval) set to   50.00000 8518

read_vps: Pseudopotential generation method:
read_vps: ONCVPSP-3.Hamann's oncvpsp                        
Valence charge in pseudo generation:    6.00000

read_vps: Pseudopotential includes a core correction:
read_vps: Pseudo-core for xc-correction

xc_check: Exchange-correlation functional:
xc_check: GGA Perdew, Burke & Ernzerhof 1996
Got Vlocal (oncv-fit) from psml data
Choosing vlocal chloc cutoff:  6.020499
qtot up to nchloc:    6.00003129
atom: Maximum radius for chlocal:    6.02050
atom: Maximum radius for r*vlocal+2*Zval:    6.02050
Reading KB projs from O psml data
Using scalar-relativistic projectors in PSML file

PSML: Kleinman-Bylander projectors: 
   l= 0   rc=  1.277664   Ekb= 14.473397
   l= 0   rc=  1.277664   Ekb=  1.995377
   l= 1   rc=  1.372412   Ekb=-10.453761
   l= 1   rc=  1.372412   Ekb= -2.576064
   l= 2   rc=  1.277664   Ekb= -2.663910

PSML: Total number of  Kleinman-Bylander projectors:  13
atom: -------------------------------------------------------------------------

atom: SANKEY-TYPE ORBITALS:
atom: Selected multiple-zeta basis: split     

SPLIT: Orbitals with angular momentum L= 0

SPLIT: Basis orbitals for state 2s

SPLIT: PAO cut-off radius determined from an
SPLIT: energy shift=  0.005000 Ry
Split based on tail norm

   izeta = 1
                 lambda =    1.000000
                     rc =    3.812214
                 energy =   -1.755509
                kinetic =    1.576067
    potential(screened) =   -3.331576
       potential(ionic) =  -11.208688

   izeta = 2
                 rmatch =    2.355122
              splitnorm =    0.150000
                 energy =   -1.382031
                kinetic =    2.664133
    potential(screened) =   -4.046164
       potential(ionic) =  -12.621034

SPLIT: Orbitals with angular momentum L= 1

SPLIT: Basis orbitals for state 2p

SPLIT: PAO cut-off radius determined from an
SPLIT: energy shift=  0.005000 Ry
Split based on tail norm

   izeta = 1
                 lambda =    1.000000
                     rc =    4.733759
                 energy =   -0.658130
                kinetic =    4.621980
    potential(screened) =   -5.280110
       potential(ionic) =  -12.890403

   izeta = 2
                 rmatch =    2.907800
              splitnorm =    0.150000
                 energy =   -0.493298
                kinetic =    6.332989
    potential(screened) =   -6.826287
       potential(ionic) =  -15.169895

POLgen: Perturbative polarization orbital with L=  2

POLgen: Polarization orbital for state 2p
Split based on tail norm

   izeta = 1
                     rc =    4.733759
                 energy =    2.083265
                kinetic =    3.904063
    potential(screened) =   -1.820798
       potential(ionic) =   -7.777872
atom: Total number of Sankey-type orbitals: 13

atm_pop: Valence configuration (for local Pseudopot. screening):
 2s( 2.00)                                                            
 2p( 4.00)                                                            
 3d( 0.00)                                                            
Vna: chval, zval:    6.00000   6.00000

Vna:  Cut-off radius for the neutral-atom potential:   4.733759
comcore: Pseudo-core radius Rcore=  1.340979

atom: _________________________________________________________________________

prinput: Basis input 

PAO.BasisType split     

%block ChemicalSpeciesLabel
    1   28 NiLR0                   # Species index, atomic number, species label
    2   28 NiLR1                   # Species index, atomic number, species label
    3    8 O                       # Species index, atomic number, species label
%endblock ChemicalSpeciesLabel

%block PAO.Basis                 # Define Basis set
# WARNING: This information might be incomplete!
NiLR0                 5                    # Species label, number of l-shells
 n=3   0   1                         # n, l, Nzeta 
   2.336   
   1.000   
 n=4   0   2                         # n, l, Nzeta 
   6.844      4.762   
   1.000      1.000   
 n=3   1   1                         # n, l, Nzeta 
   2.599   
   1.000   
 n=4   1   1                         # n, l, Nzeta 
   6.844   
   1.000   
 n=3   2   2                         # n, l, Nzeta 
   4.172      2.425   
   1.000      1.000   
NiLR1                 5                    # Species label, number of l-shells
 n=3   0   1                         # n, l, Nzeta 
   2.336   
   1.000   
 n=4   0   2                         # n, l, Nzeta 
   6.844      4.762   
   1.000      1.000   
 n=3   1   1                         # n, l, Nzeta 
   2.599   
   1.000   
 n=4   1   1                         # n, l, Nzeta 
   6.844   
   1.000   
 n=3   2   2                         # n, l, Nzeta 
   4.172      2.425   
   1.000      1.000   
O                     2                    # Species label, number of l-shells
 n=2   0   2                         # n, l, Nzeta 
   3.812      2.355   
   1.000      1.000   
 n=2   1   2 P   1                   # n, l, Nzeta, Polarization, NzetaPol
   4.734      2.908   
   1.000      1.000   
%endblock PAO.Basis

prinput: ----------------------------------------------------------------------

coor:   Atomic-coordinates input format  =     Fractional

siesta: Atomic coordinates (Bohr) and species
siesta:      0.00000   0.00000   0.00000  1        1
siesta:      0.00000   3.94008   3.94008  2        2
siesta:      3.94008   3.94008   3.94008  3        3
siesta:      3.94008   7.88016   7.88016  3        4

siesta: System type = bulk      

initatomlists: Number of atoms, orbitals, and projectors:      4    64    62

siesta: ******************** Simulation parameters ****************************
siesta:
siesta: The following are some of the parameters of the simulation.
siesta: A complete list of the parameters used, including default values,
siesta: can be found in file out.fdf
siesta:
redata: Spin configuration                          = collinear
redata: Number of spin components                   = 2
redata: Time-Reversal Symmetry                      = T
redata: Spin spiral                                 = F
redata: Long output                                 =   F
redata: Number of Atomic Species                    =        3
redata: Charge density info will appear in .RHO file
redata: Write Mulliken charges (when)               = geometry+end
redata: Write Mulliken Pop.                         = Atomic and Orbital charges
redata: Write Hirshfeld charges (when)              = none
redata: Write Voronoi charges (when)                = none
redata: Write spin charge (when)                    = scf
redata: Matel table size (NRTAB)                    =     1024
redata: Mesh Cutoff                                 =   200.0000 Ry
redata: Net charge of the system                    =     0.0000 |e|
redata: Min. number of SCF Iter                     =        0
redata: Max. number of SCF Iter                     =      300
redata: SCF convergence failure will abort job
redata: SCF mix quantity                            = Hamiltonian
redata: Mix DM or H after convergence               =   F
redata: Recompute H after scf cycle                 =   F
redata: Mix DM in first SCF step                    =   T
redata: Write Pulay info on disk                    =   F
redata: New DM Occupancy tolerance                  = 0.000000000001
redata: No kicks to SCF
redata: DM Mixing Weight for Kicks                  =     0.5000
redata: Require Harris convergence for SCF          =   F
redata: Harris energy tolerance for SCF             =     0.000100 eV
redata: Require DM convergence for SCF              =   T
redata: DM tolerance for SCF                        =     0.000010
redata: Require EDM convergence for SCF             =   F
redata: EDM tolerance for SCF                       =     0.001000 eV
redata: Require H convergence for SCF               =   T
redata: Hamiltonian tolerance for SCF               =     0.000100 eV
redata: Require (free) Energy convergence for SCF   =   F
redata: (free) Energy tolerance for SCF             =     0.000100 eV
redata: Antiferro initial spin density              =   F
redata: Using DFT-D3 dispersion                     =   F
redata: Using Saved Data (generic)                  =   F
redata: Use continuation files for DM               =   T
redata: Neglect nonoverlap interactions             =   F
redata: Method of Calculation                       = Diagonalization
redata: Electronic Temperature                      =   300.0000 K
redata: Fix the spin of the system                  =   F
redata: Max. number of TDED Iter                    =        1
redata: Number of TDED substeps                     =        3
redata: Dynamics option                             = Single-point calculation
mix.SCF: Pulay mixing                            = Pulay
mix.SCF:    Variant                              = stable
mix.SCF:    History steps                        = 8
mix.SCF:    Linear mixing weight                 =     0.050000
mix.SCF:    Mixing weight                        =     0.050000
mix.SCF:    SVD condition                        = 0.1000E-07
mix.SCF: Spin-component mixing                   all
redata: ***********************************************************************

%block SCF.Mixers
  Pulay
%endblock SCF.Mixers

%block SCF.Mixer.Pulay
  # Mixing method
  method pulay
  variant stable

  # Mixing options
  weight 0.0500
  weight.linear 0.0500
  history 8
%endblock SCF.Mixer.Pulay

DM_history_depth set to one: no extrapolation allowed by default for geometry relaxation
Size of DM history Fstack: 1
Total number of electrons:    48.000000
Total ionic charge:    48.000000

* ProcessorY, Blocksize:    2  17


* Orbital distribution balance (max,min):    17    13

k-point displ. along   1 input, could be:     0.00    0.50
k-point displ. along   2 input, could be:     0.00    0.50
k-point displ. along   3 input, could be:     0.00    0.50
 Kpoints in:           24 . Kpoints trimmed:           23

siesta: k-grid: Number of k-points = 23
siesta: k-points from Monkhorst-Pack grid
siesta: k-cutoff (effective) =     5.897 Ang
siesta: k-point supercell and displacements
siesta: k-grid:     2     0     0      0.000
siesta: k-grid:     0     4     0      0.000
siesta: k-grid:     0     0     4      0.000

diag: Algorithm                                     = D&C
diag: Parallel over k                               =   F
diag: Use parallel 2D distribution                  =   T
diag: Parallel block-size                           = 17
diag: Parallel distribution                         =     2 x     2
diag: Used triangular part                          = Lower
diag: Absolute tolerance                            =  0.100E-15
diag: Orthogonalization factor                      =  0.100E-05
diag: Memory factor                                 =  1.0000
Using current reciprocal lattice vectors for BandLinesScale
Beware any cell changes by the end of the run.
Using current reciprocal lattice vectors for BandLinesScale
Beware any cell changes by the end of the run.

superc: Internal auxiliary supercell:     5 x     9 x     9  =     405
superc: Number of atoms, orbitals, and projectors:   1620  25920  25110


ts: **************************************************************
ts: Save H and S matrices                           =    F
ts: Save TSHS files in MD/FC simulation             =    F
ts: Save DM and EDM matrices                        =    F
ts: Only save the overlap matrix S                  =    F
ts: **************************************************************

************************ Begin: TS CHECKS AND WARNINGS ************************
************************ End: TS CHECKS AND WARNINGS **************************


                     ====================================
                        Single-point calculation
                     ====================================

superc: Internal auxiliary supercell:     5 x     9 x     9  =     405
superc: Number of atoms, orbitals, and projectors:   1620  25920  25110

outcell: Unit cell vectors (Ang):
        0.000000    4.170000    4.170000
        2.085000    0.000000    2.085000
        2.085000    2.085000    0.000000

outcell: Cell vector modules (Ang)   :    5.897271    2.948635    2.948635
outcell: Cell angles (23,13,12) (deg):     60.0000     60.0000     60.0000
outcell: Cell volume (Ang**3)        :     36.2559
<dSpData1D:S at geom step 0
  <sparsity:sparsity for geom step 0
    nrows_g=64 nrows=17 sparsity=10.8108 nnzs=44281, refcount: 8>
  <dData1D:(new from dSpData1D) n=44281, refcount: 1>
refcount: 1>
new_DM -- step:     1
Initializing Density Matrix...

Attempting to read DM from file... Succeeded...
DM from file:
<dSpData2D:IO-DM: NIO_PBE_REFERENCE.DM
  <sparsity:IO-DM: NIO_PBE_REFERENCE.DM
    nrows_g=64 nrows=17 sparsity=10.8108 nnzs=44281, refcount: 1>
  <dData2D:(new from dSpData2D) n=44281 m=2, refcount: 1>
refcount: 1>
DM to be used:
<dSpData2D:Re-structured SpM
  <sparsity:sparsity for geom step 0
    nrows_g=64 nrows=17 sparsity=10.8108 nnzs=44281, refcount: 9>
  <dData2D:(new in restruct) n=44281 m=2, refcount: 1>
refcount: 1>
No. of atoms with KB's overlaping orbs in proc 0. Max # of overlaps:      33     235

InitMesh: MESH = 48 x 24 x 24 = 27648
InitMesh: Mesh cutoff (required, used) =   200.000   274.646 Ry
New grid distribution [1]: sub = 2
New grid distribution [2]: sub = 2
New grid distribution [3]: sub = 2
Setting up quadratic distribution...
hubbard_term: recalculating local occupations    1
hubbard_term: maximum change in local occup.    0.985557
hubbard_term: recalculating Hamiltonian

stepf: Fermi-Dirac step function
hubbard_term: recalculating local occupations    1
hubbard_term: maximum change in local occup.    0.000008
hubbard_term: recalculating Hamiltonian

siesta: Program's energy decomposition (eV):
siesta: Ebs     =     -1560.793608
siesta: Eions   =     12987.661313
siesta: Ena     =       890.726099
siesta: Ekin    =      5075.857757
siesta: Enl     =     -1685.129888
siesta: Eso     =         0.000000
siesta: Edftu   =         0.000000
siesta: DEna    =        18.943890
siesta: DUscf   =         1.755321
siesta: DUext   =         0.000000
siesta: Ex      =     -1347.409605
siesta: Ec      =       -74.284636
siesta: Exc     =     -1421.694241
siesta: EbV     =         0.000000
siesta: eta*DQ  =         0.000000
siesta: Emadel  =         0.000000
siesta: Emeta   =         0.000000
siesta: Emolmec =         0.000000
siesta: Ekinion =         0.000000
siesta: Eharris =    -10107.202374
siesta: Etot    =    -10107.202374
siesta: FreeEng =    -10107.202374

        iscf     Eharris(eV)        E_KS(eV)     FreeEng(eV)     dDmax    Ef(eV) dHmax(eV)
   scf:    1   -10107.202374   -10107.202374   -10107.202374  0.000007 -4.522644  0.000378
     spin moment: {S} , |S| = {        0.0        0.0   -0.00000 }    -0.00000
timer: Routine,Calls,Time,% = IterSCF        1       7.772  73.93
hubbard_term: recalculating local occupations    2
hubbard_term: maximum change in local occup.    0.000007
   scf:    2   -10107.202374   -10107.202374   -10107.202374  0.000001 -4.523297  0.000288
     spin moment: {S} , |S| = {        0.0        0.0   -0.00000 }    -0.00000
hubbard_term: recalculating local occupations    3
hubbard_term: maximum change in local occup.    0.000002
   scf:    3   -10107.202374   -10107.202374   -10107.202374  0.000004 -4.523249  0.000007
     spin moment: {S} , |S| = {        0.0        0.0   -0.00000 }    -0.00000

SCF Convergence by DM+H criterion
max |DM_out - DM_in|         :     0.0000042857
max |H_out - H_in|      (eV) :     0.0000072613
DFT+U population converged by dTol_pop criteria:
max |pop(DFT+U)_i - pop(DFT+U)_j|:     0.0000017181
SCF cycle converged after 3 iterations

Using DM_out to compute the final energy and forces
No. of atoms with KB's overlaping orbs in proc 0. Max # of overlaps:      33     235
hubbard_term: recalculating local occupations    4
hubbard_term: maximum change in local occup.    0.000002
hubbard_term: recalculating Hamiltonian and forces

siesta: E_KS(eV) =           -10107.2024

siesta: E_KS - E_eggbox =    -10107.2024

siesta: Atomic forces (eV/Ang):
     1   -0.000000    0.000000   -0.000000
     2    0.000000   -0.000000   -0.000000
     3   -0.000001    0.000001    0.000001
     4    0.000001   -0.000001   -0.000001
----------------------------------------
   Tot   -0.000000    0.000000   -0.000000
----------------------------------------
   Max    0.000001
   Res    0.000001    sqrt( Sum f_i^2 / 3N )
----------------------------------------
   Max    0.000001    constrained

Stress tensor Voigt[x,y,z,yz,xz,xy] (kbar):      -48.62      -48.61      -48.61        0.03       -5.21       -5.21
(Free)E + p*V (eV/cell)   -10106.1022
Target enthalpy (eV/cell)   -10107.2024

mulliken: Atomic and Orbital Populations:

mulliken: Spin UP 

Species: NiLR0               
Atom  Qatom  Qorb
               3s      4s      4s      3py     3pz     3px     4py     4pz     
               4px     3dxy    3dyz    3dz2    3dxz    3dx2-y2 3dxy    3dyz    
               3dz2    3dxz    3dx2-y2 
   1  9.322   0.995   0.258  -0.082   1.001   1.001   1.001   0.084   0.084
              0.084   1.029   1.029   0.966   1.029   0.966  -0.045  -0.045

              0.008  -0.045   0.008

Species: NiLR1               
Atom  Qatom  Qorb
               3s      4s      4s      3py     3pz     3px     4py     4pz     
               4px     3dxy    3dyz    3dz2    3dxz    3dx2-y2 3dxy    3dyz    
               3dz2    3dxz    3dx2-y2 
   2  7.896   0.999   0.280  -0.095   1.002   1.002   1.002   0.087   0.087
              0.087   1.066   1.066   0.276   1.066   0.276  -0.089  -0.089

             -0.020  -0.089  -0.020

Species: O                   
Atom  Qatom  Qorb
               2s      2s      2py     2pz     2px     2py     2pz     2px     
               3Pdxy   3Pdyz   3Pdz2   3Pdxz   3Pdx2-y2
   3  3.391   0.902  -0.008   0.974   0.974   0.974  -0.151  -0.151  -0.151
              0.007   0.007   0.004   0.007   0.004
   4  3.391   0.902  -0.008   0.974   0.974   0.974  -0.151  -0.151  -0.151
              0.007   0.007   0.004   0.007   0.004

mulliken: Qtot =       24.000

mulliken: Spin DOWN 

Species: NiLR0               
Atom  Qatom  Qorb
               3s      4s      4s      3py     3pz     3px     4py     4pz     
               4px     3dxy    3dyz    3dz2    3dxz    3dx2-y2 3dxy    3dyz    
               3dz2    3dxz    3dx2-y2 
   1  7.896   0.999   0.280  -0.095   1.002   1.002   1.002   0.087   0.087
              0.087   1.066   1.066   0.276   1.066   0.276  -0.089  -0.089

             -0.020  -0.089  -0.020

Species: NiLR1               
Atom  Qatom  Qorb
               3s      4s      4s      3py     3pz     3px     4py     4pz     
               4px     3dxy    3dyz    3dz2    3dxz    3dx2-y2 3dxy    3dyz    
               3dz2    3dxz    3dx2-y2 
   2  9.322   0.995   0.258  -0.082   1.001   1.001   1.001   0.084   0.084
              0.084   1.029   1.029   0.966   1.029   0.966  -0.045  -0.045

              0.008  -0.045   0.008

Species: O                   
Atom  Qatom  Qorb
               2s      2s      2py     2pz     2px     2py     2pz     2px     
               3Pdxy   3Pdyz   3Pdz2   3Pdxz   3Pdx2-y2
   3  3.391   0.902  -0.008   0.974   0.974   0.974  -0.151  -0.151  -0.151
              0.007   0.007   0.004   0.007   0.004
   4  3.391   0.902  -0.008   0.974   0.974   0.974  -0.151  -0.151  -0.151
              0.007   0.007   0.004   0.007   0.004

mulliken: Qtot =       24.000

Mulliken Atomic Populations:
Atom #   charge [q] valence [e]      Sz [e]  Species
     1     0.781583   17.218417    1.426543  NiLR0
     2     0.781583   17.218417   -1.426543  NiLR1
     3    -0.781583    6.781583    0.000000  O
     4    -0.781583    6.781583    0.000000  O
-------------------------------------------
 Total     0.000000               -0.000000
Computing bands...

diag: Algorithm                                     = D&C
diag: Parallel over k                               =   F
diag: Use parallel 2D distribution                  =   T
diag: Parallel block-size                           = 17
diag: Parallel distribution                         =     2 x     2
diag: Used triangular part                          = Lower
diag: Absolute tolerance                            =  0.100E-15
diag: Orthogonalization factor                      =  0.100E-05
diag: Memory factor                                 =  1.0000

siesta: Band k vectors (Bohr**-1):
  ik            k
   1    -0.598007    -0.199336    -0.199336
   2    -0.498339    -0.099668    -0.299003
   3    -0.398671     0.000000    -0.398671
   4    -0.299003     0.099668    -0.498339
   5    -0.199336     0.199336    -0.598007
   6    -0.099668     0.299003    -0.697675
   7     0.000000     0.398671    -0.797343
   8     0.099668     0.498339    -0.897010
   9    -0.498339    -0.299003    -0.099668
  10    -0.398671    -0.199336    -0.199336
  11    -0.299003    -0.099668    -0.299003
  12    -0.199336     0.000000    -0.398671
  13    -0.099668     0.099668    -0.498339
  14     0.000000     0.199336    -0.598007
  15     0.099668     0.299003    -0.697675
  16     0.199336     0.398671    -0.797343
  17    -0.398671    -0.398671     0.000000
  18    -0.299003    -0.299003    -0.099668
  19    -0.199336    -0.199336    -0.199336
  20    -0.099668    -0.099668    -0.299003
  21     0.000000     0.000000    -0.398671
  22     0.099668     0.099668    -0.498339
  23     0.199336     0.199336    -0.598007
  24     0.299003     0.299003    -0.697675
  25    -0.299003    -0.498339     0.099668
  26    -0.199336    -0.398671     0.000000
  27    -0.099668    -0.299003    -0.099668
  28     0.000000    -0.199336    -0.199336
  29     0.099668    -0.099668    -0.299003
  30     0.199336     0.000000    -0.398671
  31     0.299003     0.099668    -0.498339
  32     0.398671     0.199336    -0.598007
  33    -0.199336    -0.598007     0.199336
  34    -0.099668    -0.498339     0.099668
  35     0.000000    -0.398671     0.000000
  36     0.099668    -0.299003    -0.099668
  37     0.199336    -0.199336    -0.199336
  38     0.299003    -0.099668    -0.299003
  39     0.398671     0.000000    -0.398671
  40     0.498339     0.099668    -0.498339
  41    -0.099668    -0.697675     0.299003
  42     0.000000    -0.598007     0.199336
  43     0.099668    -0.498339     0.099668
  44     0.199336    -0.398671     0.000000
  45     0.299003    -0.299003    -0.099668
  46     0.398671    -0.199336    -0.199336
  47     0.498339    -0.099668    -0.299003
  48     0.598007     0.000000    -0.398671
  49     0.000000    -0.797343     0.398671
  50     0.099668    -0.697675     0.299003
  51     0.199336    -0.598007     0.199336
  52     0.299003    -0.498339     0.099668
  53     0.398671    -0.398671     0.000000
  54     0.498339    -0.299003    -0.099668
  55     0.598007    -0.199336    -0.199336
  56     0.697675    -0.099668    -0.299003
  57     0.099668    -0.897010     0.498339
  58     0.199336    -0.797343     0.398671
  59     0.299003    -0.697675     0.299003
  60     0.398671    -0.598007     0.199336
  61     0.498339    -0.498339     0.099668
  62     0.598007    -0.398671     0.000000
  63     0.697675    -0.299003    -0.099668
  64     0.797343    -0.199336    -0.199336
  65    -0.697675    -0.099668    -0.099668
  66    -0.598007     0.000000    -0.199336
  67    -0.498339     0.099668    -0.299003
  68    -0.398671     0.199336    -0.398671
  69    -0.299003     0.299003    -0.498339
  70    -0.199336     0.398671    -0.598007
  71    -0.099668     0.498339    -0.697675
  72     0.000000     0.598007    -0.797343
  73    -0.598007    -0.199336     0.000000
  74    -0.498339    -0.099668    -0.099668
  75    -0.398671     0.000000    -0.199336
  76    -0.299003     0.099668    -0.299003
  77    -0.199336     0.199336    -0.398671
  78    -0.099668     0.299003    -0.498339
  79     0.000000     0.398671    -0.598007
  80     0.099668     0.498339    -0.697675
  81    -0.498339    -0.299003     0.099668
  82    -0.398671    -0.199336     0.000000
  83    -0.299003    -0.099668    -0.099668
  84    -0.199336     0.000000    -0.199336
  85    -0.099668     0.099668    -0.299003
  86     0.000000     0.199336    -0.398671
  87     0.099668     0.299003    -0.498339
  88     0.199336     0.398671    -0.598007
  89    -0.398671    -0.398671     0.199336
  90    -0.299003    -0.299003     0.099668
  91    -0.199336    -0.199336     0.000000
  92    -0.099668    -0.099668    -0.099668
  93     0.000000     0.000000    -0.199336
  94     0.099668     0.099668    -0.299003
  95     0.199336     0.199336    -0.398671
  96     0.299003     0.299003    -0.498339
  97    -0.299003    -0.498339     0.299003
  98    -0.199336    -0.398671     0.199336
  99    -0.099668    -0.299003     0.099668
 100     0.000000    -0.199336     0.000000
 101     0.099668    -0.099668    -0.099668
 102     0.199336     0.000000    -0.199336
 103     0.299003     0.099668    -0.299003
 104     0.398671     0.199336    -0.398671
 105    -0.199336    -0.598007     0.398671
 106    -0.099668    -0.498339     0.299003
 107     0.000000    -0.398671     0.199336
 108     0.099668    -0.299003     0.099668
 109     0.199336    -0.199336     0.000000
 110     0.299003    -0.099668    -0.099668
 111     0.398671     0.000000    -0.199336
 112     0.498339     0.099668    -0.299003
 113    -0.099668    -0.697675     0.498339
 114     0.000000    -0.598007     0.398671
 115     0.099668    -0.498339     0.299003
 116     0.199336    -0.398671     0.199336
 117     0.299003    -0.299003     0.099668
 118     0.398671    -0.199336     0.000000
 119     0.498339    -0.099668    -0.099668
 120     0.598007     0.000000    -0.199336
 121     0.000000    -0.797343     0.598007
 122     0.099668    -0.697675     0.498339
 123     0.199336    -0.598007     0.398671
 124     0.299003    -0.498339     0.299003
 125     0.398671    -0.398671     0.199336
 126     0.498339    -0.299003     0.099668
 127     0.598007    -0.199336     0.000000
 128     0.697675    -0.099668    -0.099668
 129    -0.797343     0.000000     0.000000
 130    -0.697675     0.099668    -0.099668
 131    -0.598007     0.199336    -0.199336
 132    -0.498339     0.299003    -0.299003
 133    -0.398671     0.398671    -0.398671
 134    -0.299003     0.498339    -0.498339
 135    -0.199336     0.598007    -0.598007
 136    -0.099668     0.697675    -0.697675
 137    -0.697675    -0.099668     0.099668
 138    -0.598007     0.000000     0.000000
 139    -0.498339     0.099668    -0.099668
 140    -0.398671     0.199336    -0.199336
 141    -0.299003     0.299003    -0.299003
 142    -0.199336     0.398671    -0.398671
 143    -0.099668     0.498339    -0.498339
 144     0.000000     0.598007    -0.598007
 145    -0.598007    -0.199336     0.199336
 146    -0.498339    -0.099668     0.099668
 147    -0.398671     0.000000     0.000000
 148    -0.299003     0.099668    -0.099668
 149    -0.199336     0.199336    -0.199336
 150    -0.099668     0.299003    -0.299003
 151     0.000000     0.398671    -0.398671
 152     0.099668     0.498339    -0.498339
 153    -0.498339    -0.299003     0.299003
 154    -0.398671    -0.199336     0.199336
 155    -0.299003    -0.099668     0.099668
 156    -0.199336     0.000000     0.000000
 157    -0.099668     0.099668    -0.099668
 158     0.000000     0.199336    -0.199336
 159     0.099668     0.299003    -0.299003
 160     0.199336     0.398671    -0.398671
 161    -0.398671    -0.398671     0.398671
 162    -0.299003    -0.299003     0.299003
 163    -0.199336    -0.199336     0.199336
 164    -0.099668    -0.099668     0.099668
 165     0.000000     0.000000     0.000000
 166     0.099668     0.099668    -0.099668
 167     0.199336     0.199336    -0.199336
 168     0.299003     0.299003    -0.299003
 169    -0.299003    -0.498339     0.498339
 170    -0.199336    -0.398671     0.398671
 171    -0.099668    -0.299003     0.299003
 172     0.000000    -0.199336     0.199336
 173     0.099668    -0.099668     0.099668
 174     0.199336     0.000000     0.000000
 175     0.299003     0.099668    -0.099668
 176     0.398671     0.199336    -0.199336
 177    -0.199336    -0.598007     0.598007
 178    -0.099668    -0.498339     0.498339
 179     0.000000    -0.398671     0.398671
 180     0.099668    -0.299003     0.299003
 181     0.199336    -0.199336     0.199336
 182     0.299003    -0.099668     0.099668
 183     0.398671     0.000000     0.000000
 184     0.498339     0.099668    -0.099668
 185    -0.099668    -0.697675     0.697675
 186     0.000000    -0.598007     0.598007
 187     0.099668    -0.498339     0.498339
 188     0.199336    -0.398671     0.398671
 189     0.299003    -0.299003     0.299003
 190     0.398671    -0.199336     0.199336
 191     0.498339    -0.099668     0.099668
 192     0.598007     0.000000     0.000000
 193    -0.897010     0.099668     0.099668
 194    -0.797343     0.199336     0.000000
 195    -0.697675     0.299003    -0.099668
 196    -0.598007     0.398671    -0.199336
 197    -0.498339     0.498339    -0.299003
 198    -0.398671     0.598007    -0.398671
 199    -0.299003     0.697675    -0.498339
 200    -0.199336     0.797343    -0.598007
 201    -0.797343     0.000000     0.199336
 202    -0.697675     0.099668     0.099668
 203    -0.598007     0.199336     0.000000
 204    -0.498339     0.299003    -0.099668
 205    -0.398671     0.398671    -0.199336
 206    -0.299003     0.498339    -0.299003
 207    -0.199336     0.598007    -0.398671
 208    -0.099668     0.697675    -0.498339
 209    -0.697675    -0.099668     0.299003
 210    -0.598007     0.000000     0.199336
 211    -0.498339     0.099668     0.099668
 212    -0.398671     0.199336     0.000000
 213    -0.299003     0.299003    -0.099668
 214    -0.199336     0.398671    -0.199336
 215    -0.099668     0.498339    -0.299003
 216     0.000000     0.598007    -0.398671
 217    -0.598007    -0.199336     0.398671
 218    -0.498339    -0.099668     0.299003
 219    -0.398671     0.000000     0.199336
 220    -0.299003     0.099668     0.099668
 221    -0.199336     0.199336     0.000000
 222    -0.099668     0.299003    -0.099668
 223     0.000000     0.398671    -0.199336
 224     0.099668     0.498339    -0.299003
 225    -0.498339    -0.299003     0.498339
 226    -0.398671    -0.199336     0.398671
 227    -0.299003    -0.099668     0.299003
 228    -0.199336     0.000000     0.199336
 229    -0.099668     0.099668     0.099668
 230     0.000000     0.199336     0.000000
 231     0.099668     0.299003    -0.099668
 232     0.199336     0.398671    -0.199336
 233    -0.398671    -0.398671     0.598007
 234    -0.299003    -0.299003     0.498339
 235    -0.199336    -0.199336     0.398671
 236    -0.099668    -0.099668     0.299003
 237     0.000000     0.000000     0.199336
 238     0.099668     0.099668     0.099668
 239     0.199336     0.199336     0.000000
 240     0.299003     0.299003    -0.099668
 241    -0.299003    -0.498339     0.697675
 242    -0.199336    -0.398671     0.598007
 243    -0.099668    -0.299003     0.498339
 244     0.000000    -0.199336     0.398671
 245     0.099668    -0.099668     0.299003
 246     0.199336     0.000000     0.199336
 247     0.299003     0.099668     0.099668
 248     0.398671     0.199336     0.000000
 249    -0.199336    -0.598007     0.797343
 250    -0.099668    -0.498339     0.697675
 251     0.000000    -0.398671     0.598007
 252     0.099668    -0.299003     0.498339
 253     0.199336    -0.199336     0.398671
 254     0.299003    -0.099668     0.299003
 255     0.398671     0.000000     0.199336
 256     0.498339     0.099668     0.099668

siesta: Band energies (eV):
  ik is       eps
   1  1 -108.7168 -107.0575  -69.1771  -69.1696  -69.1494  -67.4439  -67.4310  -67.4203  -23.2603  -23.2404
         -11.6119  -11.5174  -10.3243   -9.9171   -9.7921   -9.1274   -6.9746   -6.3398   -6.0057   -5.9549
   -5.5927   -5.3875   -5.2065   -5.0419   -3.4627   -3.4363    3.4901    3.5986    6.1576    6.2816
    7.8323    7.8415   11.9891   12.1152   18.2239   18.2892   27.3033   27.5097   28.7495   29.0685
   32.4052   32.4585   34.9323   35.0937   36.7651   36.7871   40.6015   40.6355   42.9477   43.0652
   49.2314   49.2385   58.6216   58.7357   62.2486   62.4590   65.1818   65.2075   76.6899   76.8660
   78.3659   78.4023   90.3877   90.4135
   2  1 -108.7166 -107.0572  -69.1748  -69.1695  -69.1519  -67.4413  -67.4309  -67.4229  -23.3612  -23.1437
         -11.6421  -11.1301  -10.3788   -9.9034   -9.8828   -9.4993   -6.7060   -6.3609   -6.0379   -5.9046
   -5.7938   -5.5625   -5.1457   -5.0851   -3.6172   -3.1520    2.9818    4.6326    6.0724    6.7015
    7.0186    8.2906   10.8262   11.7310   19.6475   20.6698   24.4605   26.4362   28.7364   29.5441
   30.6077   31.4396   34.2230   35.5502   36.6535   37.0694   39.2388   42.1643   43.6050   46.1178
   47.7847   48.8324   55.4253   55.4848   61.9106   63.7528   68.5241   70.3423   72.1893   75.1131
   80.2376   80.4620   83.4196  126.7728
   3  1 -108.7164 -107.0570  -69.1713  -69.1689  -69.1559  -67.4385  -67.4309  -67.4256  -23.4078  -23.1010
         -11.5783  -10.5308  -10.5296  -10.1641   -9.8745   -9.8670   -6.4219   -6.4129   -6.1136   -5.9626
   -5.9226   -5.5336   -5.2186   -5.1124   -3.7785   -2.8651    2.8116    5.1524    6.6913    6.6922
    7.1637    7.7008    9.4228   12.1524   22.4289   22.4875   22.4883   23.0121   28.8745   29.8587
   29.9820   30.8239   32.7599   34.6558   35.4295   39.9492   40.3721   44.0604   44.0608   45.1754
   47.6142   50.0724   51.6501   53.3211   64.4057   66.2089   66.9026   71.7853   73.1872   73.1902
   80.4711   81.7923   84.3326  187.8507
   4  1 -108.7166 -107.0572  -69.1729  -69.1694  -69.1539  -67.4433  -67.4311  -67.4208  -23.3612  -23.1437
         -11.6434  -11.1322  -10.3793   -9.9021   -9.8820   -9.4970   -6.7065   -6.3628   -6.0369   -5.9041
   -5.7944   -5.5617   -5.1480   -5.0827   -3.6163   -3.1515    2.9821    4.6310    6.0725    6.6990
    7.0185    8.2905   10.8254   11.7315   19.6480   20.6699   24.4611   26.4373   28.7361   29.5436
   30.6070   31.4403   34.2254   35.5501   36.6519   37.0699   39.2405   42.1656   43.6049   46.1174
   47.7816   48.8325   55.4261   55.4839   61.9086   63.7533   68.5209   70.3474   72.1897   75.1095
   80.2413   80.4618   83.4197  126.7733
   5  1 -108.7168 -107.0575  -69.1749  -69.1696  -69.1517  -67.4461  -67.4312  -67.4179  -23.2603  -23.2404
         -11.6134  -11.5195  -10.3246   -9.9167   -9.7903   -9.1245   -6.9754   -6.3426   -6.0072   -5.9513
   -5.5926   -5.3864   -5.2094   -5.0395   -3.4614   -3.4353    3.4896    3.5980    6.1555    6.2799
    7.8320    7.8409   11.9890   12.1156   18.2238   18.2895   27.3037   27.5108   28.7491   29.0679
   32.4076   32.4605   34.9313   35.0921   36.7673   36.7895   40.6002   40.6338   42.9491   43.0661
   49.2296   49.2367   58.6199   58.7341   62.2497   62.4602   65.1814   65.2072   76.6899   76.8662
   78.3676   78.4034   90.3876   90.4134
   6  1 -108.7166 -107.0572  -69.1729  -69.1694  -69.1539  -67.4433  -67.4311  -67.4208  -23.3612  -23.1437
         -11.6434  -11.1322  -10.3793   -9.9021   -9.8820   -9.4970   -6.7065   -6.3628   -6.0369   -5.9041
   -5.7944   -5.5617   -5.1480   -5.0827   -3.6163   -3.1515    2.9821    4.6310    6.0725    6.6990
    7.0185    8.2905   10.8254   11.7315   19.6480   20.6699   24.4611   26.4373   28.7361   29.5436
   30.6070   31.4403   34.2254   35.5501   36.6519   37.0699   39.2405   42.1656   43.6049   46.1174
   47.7816   48.8325   55.4261   55.4839   61.9086   63.7533   68.5209   70.3474   72.1897   75.1095
   80.2413   80.4618   83.4197  126.7733
   7  1 -108.7164 -107.0570  -69.1713  -69.1689  -69.1559  -67.4385  -67.4309  -67.4256  -23.4078  -23.1010
         -11.5783  -10.5308  -10.5296  -10.1641   -9.8745   -9.8670   -6.4219   -6.4129   -6.1136   -5.9626
   -5.9226   -5.5336   -5.2186   -5.1124   -3.7785   -2.8651    2.8116    5.1524    6.6913    6.6922
    7.1637    7.7008    9.4228   12.1524   22.4289   22.4875   22.4883   23.0121   28.8745   29.8587
   29.9820   30.8239   32.7599   34.6558   35.4295   39.9492   40.3721   44.0604   44.0608   45.1754
   47.6142   50.0724   51.6501   53.3211   64.4057   66.2089   66.9026   71.7853   73.1872   73.1902
   80.4711   81.7923   84.3326  187.8507
   8  1 -108.7166 -107.0572  -69.1748  -69.1695  -69.1519  -67.4413  -67.4309  -67.4229  -23.3612  -23.1437
         -11.6421  -11.1301  -10.3788   -9.9034   -9.8828   -9.4993   -6.7060   -6.3609   -6.0379   -5.9046
   -5.7938   -5.5625   -5.1457   -5.0851   -3.6172   -3.1520    2.9818    4.6326    6.0724    6.7015
    7.0186    8.2906   10.8262   11.7310   19.6475   20.6698   24.4605   26.4362   28.7364   29.5441
   30.6077   31.4396   34.2230   35.5502   36.6535   37.0694   39.2388   42.1643   43.6050   46.1178
   47.7847   48.8324   55.4253   55.4848   61.9106   63.7528   68.5241   70.3423   72.1893   75.1131
   80.2376   80.4620   83.4196  126.7728
   9  1 -108.7166 -107.0572  -69.1748  -69.1695  -69.1519  -67.4413  -67.4309  -67.4229  -23.3612  -23.1437
         -11.6421  -11.1301  -10.3788   -9.9034   -9.8828   -9.4993   -6.7060   -6.3609   -6.0379   -5.9046
   -5.7938   -5.5625   -5.1457   -5.0851   -3.6172   -3.1520    2.9818    4.6326    6.0724    6.7015
    7.0186    8.2906   10.8262   11.7310   19.6475   20.6698   24.4605   26.4362   28.7364   29.5441
   30.6077   31.4396   34.2230   35.5502   36.6535   37.0694   39.2388   42.1643   43.6050   46.1178
   47.7847   48.8324   55.4253   55.4848   61.9106   63.7528   68.5241   70.3423   72.1893   75.1131
   80.2376   80.4620   83.4196  126.7728
  10  1 -108.7173 -107.0580  -69.1728  -69.1693  -69.1478  -67.4389  -67.4308  -67.4186  -23.6123  -23.1342
         -11.5311  -10.9424  -10.6397   -9.7512   -9.7090   -9.0869   -6.9098   -6.3335   -6.0785   -5.8945
   -5.6786   -5.6261   -5.1059   -5.0639   -3.4583   -3.2611    1.6160    4.4055    6.3562    6.4867
    7.2362   10.8476   12.0627   12.3706   17.6475   19.6779   24.4168   27.0381   28.3815   29.9716
   30.4490   31.3469   33.2367   33.4211   34.1259   37.1945   40.2798   40.8407   43.4191   45.2830
   47.6303   51.0057   51.2231   55.1207   56.1095   63.4778   67.7231   71.4860   74.7525   76.1023
   76.6571   77.2631   80.9321  124.0221
  11  1 -108.7174 -107.0582  -69.1702  -69.1667  -69.1484  -67.4336  -67.4307  -67.4186  -23.7722  -23.1440
         -11.1796  -11.1071  -10.3672   -9.8117   -9.5663   -9.2163   -6.6461   -6.4247   -6.1808   -5.9797
   -5.7013   -5.5748   -5.2195   -5.0970   -3.6677   -3.0553    1.1410    4.6324    6.0738    7.0172
    7.9156   10.7779   10.8638   13.3120   19.6474   20.6518   23.0694   26.4370   27.6044   28.7518
   29.8859   30.6112   31.8857   32.9320   35.9420   37.0677   39.2395   42.1631   42.3123   43.6044
   47.7841   50.8290   53.3137   55.4826   57.8323   64.4007   68.5243   70.3419   70.8611   75.1100
   77.0023   80.2498   83.8946  126.7725
  12  1 -108.7172 -107.0579  -69.1702  -69.1655  -69.1497  -67.4347  -67.4312  -67.4173  -23.7526  -23.1645
         -11.3339  -11.0611  -10.3704   -9.9342   -9.2870   -9.0636   -6.7300   -6.4144   -6.1748   -6.1133
   -5.7950   -5.4950   -5.2628   -5.0819   -3.6029   -3.2988    1.6291    4.7455    5.9370    6.7278
    8.9148    9.8450   10.8968   12.9585   18.6801   22.2035   23.2961   24.6821   28.8642   29.6040
   30.4405   31.1632   31.6244   34.2364   35.5767   35.7196   38.1623   38.9540   43.7223   46.5466
   48.0648   51.1186   52.4049   55.6666   64.4226   65.2998   65.5186   69.7029   70.1290   74.0425
   79.2141   82.4647   88.2897  105.4883
  13  1 -108.7170 -107.0576  -69.1710  -69.1691  -69.1502  -67.4409  -67.4316  -67.4164  -23.5641  -23.1814
         -11.6588  -11.3332  -10.3507   -9.8945   -9.1888   -8.8009   -7.1063   -6.4040   -6.1546   -5.9028
   -5.8104   -5.6019   -5.1776   -5.0200   -3.6632   -3.2069    2.4328    4.0574    5.6717    7.2233
    8.3569    9.4765   11.6561   12.7718   16.3807   20.3643   26.3090   27.1823   28.1166   30.0237
   31.1658   31.6492   32.1520   33.5065   36.2141   36.8029   37.8124   38.6077   45.7378   47.0993
   50.5121   50.9986   51.2860   55.3575   63.9917   64.8557   65.0138   66.4702   68.1262   76.6466
   77.7120   84.2239   89.6220   92.6137
  14  1 -108.7168 -107.0574  -69.1723  -69.1696  -69.1543  -67.4435  -67.4313  -67.4204  -23.3123  -23.1871
         -11.8556  -11.3889  -10.2711   -9.8853   -9.4282   -9.3662   -6.8326   -6.3839   -6.2098   -5.8939
   -5.7913   -5.3929   -5.1793   -5.0738   -3.4522   -3.2829    3.4091    3.6581    5.6429    7.0621
    7.9456    8.1358   11.2438   11.7298   17.6705   22.3694   23.4094   27.8127   28.2563   29.9156
   30.9330   33.2712   33.7141   35.4797   35.9097   38.2980   39.0841   41.3013   42.2556   46.1320
   47.0908   53.4398   54.8492   59.0683   62.2034   62.8450   67.1512   67.5999   67.6995   73.8809
   80.6968   85.8783   86.6714  112.8344
  15  1 -108.7161 -107.0568  -69.1705  -69.1686  -69.1615  -67.4401  -67.4314  -67.4285  -23.1817  -23.1437
         -11.6548  -11.1336  -10.4243  -10.3421   -9.8202   -9.6584   -6.4999   -6.3201   -6.2492   -5.9329
   -5.7133   -5.4072   -5.1861   -5.1083   -3.5720   -3.1279    4.0595    4.6262    5.6762    6.0789
    7.0165    7.2265   10.8255   11.6605   19.6467   20.3634   26.2989   26.4532   28.7592   30.0035
   30.6234   31.1761   31.6519   36.2135   37.0682   38.6062   39.2411   42.1647   43.6051   45.7386
   47.7840   51.2830   55.3564   55.4844   64.8556   65.0125   68.1257   68.5258   70.3435   75.1080
   76.6450   80.2488   89.6229  126.7729
  16  1 -108.7160 -107.0566  -69.1719  -69.1691  -69.1596  -67.4378  -67.4313  -67.4309  -23.1680  -23.1609
         -11.3311  -11.2864  -10.4008  -10.3385   -9.9259   -9.8113   -6.3981   -6.3368   -6.1892   -5.9808
   -5.7554   -5.4766   -5.1629   -5.1495   -3.4895   -3.2563    4.7209    4.7717    5.8791    6.0019
    6.7124    6.7433   10.8893   10.9028   22.1582   22.2454   23.2660   23.3273   29.4384   29.7297
   30.3585   30.5381   35.7114   35.7220   38.1447   38.1775   38.9427   38.9660   46.5219   46.5738
   48.0419   48.0905   55.6473   55.6876   65.4534   65.5833   69.6843   69.7162   70.1259   70.1399
   79.1726   79.2504  105.4606  105.5145
  17  1 -108.7164 -107.0570  -69.1713  -69.1689  -69.1559  -67.4385  -67.4309  -67.4256  -23.4078  -23.1010
         -11.5783  -10.5308  -10.5296  -10.1641   -9.8745   -9.8670   -6.4219   -6.4129   -6.1136   -5.9626
   -5.9226   -5.5336   -5.2186   -5.1124   -3.7785   -2.8651    2.8116    5.1524    6.6913    6.6922
    7.1637    7.7008    9.4228   12.1524   22.4289   22.4875   22.4883   23.0121   28.8745   29.8587
   29.9820   30.8239   32.7599   34.6558   35.4296   39.9492   40.3721   44.0604   44.0608   45.1754
   47.6142   50.0724   51.6501   53.3211   64.4058   66.2089   66.9026   71.7853   73.1871   73.1902
   80.4711   81.7923   84.3326  187.8507
  18  1 -108.7174 -107.0582  -69.1702  -69.1667  -69.1484  -67.4336  -67.4307  -67.4186  -23.7722  -23.1440
         -11.1796  -11.1071  -10.3672   -9.8117   -9.5663   -9.2163   -6.6461   -6.4247   -6.1808   -5.9797
   -5.7013   -5.5748   -5.2195   -5.0970   -3.6677   -3.0553    1.1410    4.6324    6.0738    7.0172
    7.9156   10.7779   10.8638   13.3120   19.6474   20.6518   23.0694   26.4370   27.6044   28.7518
   29.8859   30.6112   31.8857   32.9320   35.9420   37.0677   39.2395   42.1631   42.3123   43.6044
   47.7841   50.8290   53.3137   55.4826   57.8323   64.4007   68.5243   70.3419   70.8611   75.1100
   77.0023   80.2498   83.8946  126.7725
  19  1 -108.7185 -107.0595  -69.1706  -69.1601  -69.1438  -67.4318  -67.4251  -67.4142  -24.0555  -23.2505
         -11.5665  -10.4900  -10.1909   -9.6828   -9.0694   -8.9262   -6.8347   -6.4494   -6.3131   -5.8069
   -5.7957   -5.4807   -5.1481   -5.0136   -3.4625   -3.4394    0.0105    3.5438    6.2181    7.8350
    8.7986   12.0486   13.8208   13.8258   18.2555   21.0100   21.0117   25.2004   27.4032   28.8850
   29.7109   29.7301   32.2266   32.4333   35.0103   36.7732   36.9229   36.9264   40.6179   43.0049
   49.2342   52.1932   55.5176   55.5179   58.6773   62.1751   62.3539   65.1941   66.3540   76.7779
   78.3840   83.5594   83.5596   90.4003
  20  1 -108.7187 -107.0596  -69.1712  -69.1551  -69.1438  -67.4326  -67.4213  -67.4124  -24.1126  -23.3611
         -11.6436  -10.3687   -9.9770   -9.6827   -8.8268   -8.5411   -6.8140   -6.5748   -6.3302   -6.1405
   -5.7074   -5.5520   -5.2793   -5.1195   -3.7653   -3.2548    0.2444    2.9805    6.6970    8.2886
   10.3763   11.7286   13.2795   13.5986   17.8069   20.6680   23.7991   24.4625   26.8798   28.5605
   28.7805   29.5385   31.4338   33.7985   34.2241   35.3035   35.5491   36.6538   38.1165   46.1147
   48.8324   55.3224   55.4281   56.7643   60.5750   61.9094   63.7539   65.0747   67.5180   72.1894
   80.4541   83.4187   83.6129   85.8174
  21  1 -108.7180 -107.0588  -69.1712  -69.1578  -69.1464  -67.4328  -67.4273  -67.4122  -23.9167  -23.4079
         -11.5894  -10.8306   -9.8955   -9.8781   -8.4024   -8.3966   -7.1905   -6.4818   -6.4174   -6.3029
   -5.8875   -5.4445   -5.3067   -5.1067   -4.0395   -2.9585    1.2927    2.8095    7.1639    7.6948
   10.9048   12.1472   13.2868   13.2917   13.5814   22.4335   23.0092   26.6592   27.9092   29.2722
   29.2729   29.9680   30.8246   32.7579   34.6545   35.4300   35.9260   35.9271   41.2383   47.6120
   50.0701   51.6510   55.3047   55.3069   63.0004   64.4090   64.9288   66.2084   66.8998   72.8983
   80.4704   84.3343   86.3841   87.1957
  22  1 -108.7174 -107.0580  -69.1706  -69.1641  -69.1512  -67.4357  -67.4321  -67.4161  -23.5641  -23.3609
         -11.6556  -11.3133   -9.9756   -9.7109   -9.1886   -8.8068   -7.0064   -6.5051   -6.2903   -6.1335
   -5.7215   -5.3718   -5.2557   -5.0374   -3.7209   -3.2328    2.4322    2.9822    6.6939    8.2803
    8.3666    9.4777   11.7292   12.7681   16.3799   20.6672   24.4615   27.1735   28.1274   29.5221
   31.4323   32.1511   33.5017   34.2258   35.5520   36.6536   36.8026   37.8139   46.1150   47.0984
   48.8330   50.5141   50.9995   55.4266   61.9086   63.7538   63.9911   66.4715   72.1888   77.7119
   80.4549   83.4187   84.2242   92.6117
  23  1 -108.7168 -107.0575  -69.1701  -69.1677  -69.1585  -67.4401  -67.4315  -67.4236  -23.2547  -23.2460
         -11.5807  -11.5544  -10.2542  -10.1154   -9.5537   -9.2595   -6.6569   -6.5742   -6.2380   -5.9117
   -5.5762   -5.1984   -5.1882   -5.1178   -3.4582   -3.4539    3.5035    3.5847    6.1537    6.2832
    7.8149    7.8603   12.0070   12.0961   18.2263   18.2836   27.3418   27.4631   28.8444   28.9842
   32.4184   32.4512   34.9798   35.0452   36.7639   36.7921   40.6138   40.6226   42.9809   43.0304
   49.2317   49.2367   58.6295   58.7238   62.3168   62.3906   65.1789   65.2107   76.7327   76.8235
   78.3762   78.3938   90.3637   90.4359
  24  1 -108.7161 -107.0568  -69.1705  -69.1686  -69.1615  -67.4401  -67.4314  -67.4285  -23.1817  -23.1437
         -11.6548  -11.1336  -10.4243  -10.3421   -9.8202   -9.6584   -6.4999   -6.3201   -6.2492   -5.9329
   -5.7133   -5.4072   -5.1861   -5.1083   -3.5720   -3.1279    4.0595    4.6262    5.6762    6.0789
    7.0165    7.2265   10.8255   11.6605   19.6467   20.3634   26.2989   26.4532   28.7592   30.0035
   30.6234   31.1761   31.6519   36.2135   37.0682   38.6062   39.2411   42.1647   43.6051   45.7386
   47.7840   51.2830   55.3564   55.4844   64.8556   65.0125   68.1258   68.5258   70.3435   75.1079
   76.6450   80.2488   89.6229  126.7728
  25  1 -108.7166 -107.0572  -69.1729  -69.1694  -69.1539  -67.4433  -67.4311  -67.4208  -23.3612  -23.1437
         -11.6434  -11.1322  -10.3793   -9.9021   -9.8820   -9.4970   -6.7065   -6.3628   -6.0369   -5.9041
   -5.7944   -5.5617   -5.1480   -5.0827   -3.6163   -3.1515    2.9821    4.6310    6.0725    6.6990
    7.0185    8.2905   10.8254   11.7315   19.6480   20.6699   24.4611   26.4373   28.7361   29.5436
   30.6070   31.4403   34.2254   35.5501   36.6519   37.0699   39.2405   42.1656   43.6049   46.1174
   47.7816   48.8325   55.4261   55.4839   61.9086   63.7533   68.5209   70.3474   72.1896   75.1094
   80.2413   80.4618   83.4197  126.7733
  26  1 -108.7172 -107.0579  -69.1702  -69.1655  -69.1497  -67.4347  -67.4312  -67.4173  -23.7526  -23.1645
         -11.3339  -11.0611  -10.3704   -9.9342   -9.2870   -9.0636   -6.7300   -6.4144   -6.1748   -6.1133
   -5.7950   -5.4950   -5.2628   -5.0819   -3.6029   -3.2988    1.6291    4.7455    5.9370    6.7278
    8.9148    9.8450   10.8968   12.9585   18.6801   22.2035   23.2961   24.6821   28.8642   29.6040
   30.4405   31.1632   31.6244   34.2364   35.5767   35.7196   38.1623   38.9540   43.7223   46.5466
   48.0648   51.1186   52.4049   55.6666   64.4226   65.2998   65.5186   69.7028   70.1290   74.0425
   79.2141   82.4647   88.2898  105.4883
  27  1 -108.7187 -107.0596  -69.1712  -69.1551  -69.1438  -67.4326  -67.4213  -67.4124  -24.1126  -23.3611
         -11.6436  -10.3687   -9.9770   -9.6827   -8.8268   -8.5411   -6.8140   -6.5748   -6.3302   -6.1405
   -5.7074   -5.5520   -5.2793   -5.1195   -3.7653   -3.2548    0.2444    2.9805    6.6970    8.2886
   10.3763   11.7286   13.2795   13.5986   17.8069   20.6680   23.7991   24.4625   26.8798   28.5605
   28.7805   29.5385   31.4338   33.7985   34.2241   35.3035   35.5491   36.6538   38.1165   46.1147
   48.8324   55.3224   55.4281   56.7643   60.5750   61.9094   63.7539   65.0747   67.5181   72.1893
   80.4541   83.4187   83.6129   85.8174
  28  1 -108.7198 -107.0610  -69.1720  -69.1469  -69.1397  -67.4335  -67.4108  -67.4096  -24.2542  -23.6124
         -11.5321   -9.9719   -9.6127   -9.5571   -8.7255   -8.4257   -6.8584   -6.7025   -6.1682   -6.0204
   -5.8228   -5.7183   -5.3436   -5.0441   -3.4527   -3.4270   -0.4661    1.6146    7.2328   10.8370
   11.1460   12.3532   12.6690   15.6941   18.4220   19.6761   22.3386   24.4185   25.8263   27.0396
   27.8375   28.4108   29.9629   33.4202   33.8051   34.1222   34.2932   36.8682   37.2065   43.4183
   51.0041   51.2235   56.1083   56.8637   57.6616   60.1470   63.4773   64.3532   69.5124   71.4902
   76.6503   80.9300   84.1417   86.4913
  29  1 -108.7195 -107.0606  -69.1721  -69.1451  -69.1417  -67.4337  -67.4132  -67.4074  -24.1126  -23.7723
         -11.1622  -10.3596   -9.7081   -9.2930   -8.7984   -8.5021   -6.9201   -6.6878   -6.1788   -6.0172
   -5.8963   -5.4947   -5.3876   -5.2071   -3.8096   -3.1465    0.2426    1.1401    7.9137   10.3757
   10.8111   13.2787   13.2935   13.6142   17.8077   20.6507   23.0719   23.8001   26.8754   27.6095
   28.5639   28.7930   29.8852   31.8772   32.9321   33.8010   35.3018   35.9398   38.1159   42.3113
   50.8276   53.3120   55.3253   56.7621   57.8331   60.5739   64.3979   65.0771   67.5182   70.8633
   77.0029   83.6037   83.9015   85.8172
  30  1 -108.7184 -107.0592  -69.1714  -69.1523  -69.1464  -67.4331  -67.4231  -67.4103  -23.7535  -23.7519
         -11.2183  -10.9533   -9.6330   -9.1060   -9.0796   -9.0113   -6.7618   -6.6596   -6.4614   -6.0632
   -5.8482   -5.4670   -5.2780   -5.1493   -3.7188   -3.3399    1.6124    1.6427    8.9067    8.9232
    9.8022    9.8842   12.8950   13.0208   18.6770   18.6819   24.6742   24.6907   28.8740   28.9055
   31.1303   31.1954   31.5823   31.6445   34.2102   34.2636   35.5636   35.5968   43.7141   43.7302
   51.1069   51.1265   52.3962   52.4112   64.3651   64.4781   65.3007   65.3030   74.0225   74.0616
   82.4143   82.5127   88.2768   88.3039
  31  1 -108.7174 -107.0580  -69.1706  -69.1641  -69.1512  -67.4357  -67.4321  -67.4161  -23.5641  -23.3609
         -11.6556  -11.3133   -9.9756   -9.7109   -9.1886   -8.8068   -7.0064   -6.5051   -6.2903   -6.1335
   -5.7215   -5.3718   -5.2557   -5.0374   -3.7209   -3.2328    2.4322    2.9822    6.6939    8.2803
    8.3666    9.4777   11.7292   12.7681   16.3799   20.6672   24.4615   27.1735   28.1274   29.5221
   31.4323   32.1511   33.5017   34.2258   35.5520   36.6536   36.8026   37.8139   46.1150   47.0984
   48.8330   50.5141   50.9995   55.4266   61.9086   63.7538   63.9911   66.4715   72.1889   77.7117
   80.4549   83.4187   84.2242   92.6118
  32  1 -108.7168 -107.0574  -69.1723  -69.1696  -69.1543  -67.4435  -67.4313  -67.4204  -23.3123  -23.1871
         -11.8556  -11.3889  -10.2711   -9.8853   -9.4282   -9.3662   -6.8326   -6.3839   -6.2098   -5.8939
   -5.7913   -5.3929   -5.1793   -5.0738   -3.4522   -3.2829    3.4091    3.6581    5.6429    7.0621
    7.9456    8.1358   11.2438   11.7298   17.6705   22.3694   23.4094   27.8127   28.2563   29.9156
   30.9330   33.2712   33.7141   35.4797   35.9097   38.2980   39.0841   41.3013   42.2556   46.1320
   47.0908   53.4398   54.8492   59.0683   62.2034   62.8450   67.1512   67.5999   67.6995   73.8809
   80.6967   85.8781   86.6714  112.8345
  33  1 -108.7168 -107.0575  -69.1749  -69.1696  -69.1517  -67.4461  -67.4312  -67.4179  -23.2603  -23.2404
         -11.6134  -11.5195  -10.3246   -9.9167   -9.7903   -9.1245   -6.9754   -6.3426   -6.0072   -5.9513
   -5.5926   -5.3864   -5.2094   -5.0395   -3.4614   -3.4353    3.4896    3.5980    6.1555    6.2799
    7.8320    7.8409   11.9890   12.1156   18.2238   18.2895   27.3037   27.5108   28.7491   29.0679
   32.4076   32.4605   34.9313   35.0921   36.7673   36.7895   40.6002   40.6338   42.9491   43.0661
   49.2296   49.2367   58.6199   58.7341   62.2497   62.4602   65.1814   65.2072   76.6899   76.8662
   78.3675   78.4033   90.3876   90.4134
  34  1 -108.7170 -107.0576  -69.1710  -69.1691  -69.1502  -67.4409  -67.4316  -67.4164  -23.5641  -23.1814
         -11.6588  -11.3332  -10.3507   -9.8945   -9.1888   -8.8009   -7.1063   -6.4040   -6.1546   -5.9028
   -5.8104   -5.6019   -5.1776   -5.0200   -3.6632   -3.2069    2.4328    4.0574    5.6717    7.2233
    8.3569    9.4765   11.6561   12.7718   16.3807   20.3643   26.3090   27.1823   28.1166   30.0237
   31.1658   31.6492   32.1520   33.5065   36.2141   36.8029   37.8124   38.6077   45.7378   47.0993
   50.5121   50.9986   51.2860   55.3575   63.9917   64.8557   65.0138   66.4702   68.1262   76.6466
   77.7118   84.2239   89.6219   92.6138
  35  1 -108.7180 -107.0588  -69.1712  -69.1578  -69.1464  -67.4328  -67.4273  -67.4122  -23.9167  -23.4079
         -11.5894  -10.8306   -9.8955   -9.8781   -8.4024   -8.3966   -7.1905   -6.4818   -6.4174   -6.3029
   -5.8875   -5.4445   -5.3067   -5.1067   -4.0395   -2.9585    1.2927    2.8095    7.1639    7.6948
   10.9048   12.1472   13.2868   13.2917   13.5814   22.4335   23.0092   26.6592   27.9092   29.2722
   29.2729   29.9680   30.8246   32.7579   34.6545   35.4300   35.9260   35.9271   41.2383   47.6120
   50.0701   51.6510   55.3047   55.3069   63.0004   64.4090   64.9288   66.2084   66.8998   72.8983
   80.4704   84.3343   86.3841   87.1957
  36  1 -108.7195 -107.0606  -69.1721  -69.1451  -69.1417  -67.4337  -67.4132  -67.4074  -24.1127  -23.7723
         -11.1622  -10.3596   -9.7081   -9.2930   -8.7984   -8.5021   -6.9201   -6.6878   -6.1788   -6.0172
   -5.8963   -5.4947   -5.3876   -5.2071   -3.8096   -3.1465    0.2426    1.1401    7.9137   10.3757
   10.8111   13.2787   13.2935   13.6142   17.8077   20.6507   23.0719   23.8001   26.8754   27.6095
   28.5639   28.7930   29.8852   31.8772   32.9321   33.8010   35.3019   35.9398   38.1159   42.3113
   50.8276   53.3120   55.3253   56.7621   57.8331   60.5739   64.3979   65.0771   67.5182   70.8633
   77.0029   83.6037   83.9016   85.8172
  37  1 -108.7203 -107.0615  -69.1726  -69.1415  -69.1383  -67.4343  -67.4080  -67.4050  -24.0582  -24.0530
         -10.5105  -10.4719   -9.5471   -9.5448   -8.6989   -8.6958   -6.8001   -6.7959   -6.3521   -5.7367
   -5.7349   -5.5809   -5.1484   -5.1457   -3.4414   -3.4402   -0.0581    0.0766    8.7843    8.8070
   13.7545   13.7564   13.8840   13.8855   20.9617   20.9631   21.0608   21.0630   25.1354   25.2682
   29.6019   29.6029   29.8077   29.8091   32.1915   32.2657   36.8491   36.8500   36.9913   36.9925
   52.1533   52.2354   55.5004   55.5036   55.5299   55.5331   62.1707   62.1784   66.2515   66.4592
   83.5117   83.5121   83.6043   83.6045
  38  1 -108.7195 -107.0606  -69.1721  -69.1451  -69.1417  -67.4337  -67.4132  -67.4074  -24.1127  -23.7723
         -11.1622  -10.3596   -9.7081   -9.2930   -8.7984   -8.5021   -6.9201   -6.6878   -6.1788   -6.0172
   -5.8963   -5.4947   -5.3876   -5.2071   -3.8096   -3.1465    0.2426    1.1401    7.9137   10.3757
   10.8111   13.2787   13.2935   13.6142   17.8077   20.6507   23.0719   23.8001   26.8754   27.6095
   28.5639   28.7930   29.8852   31.8772   32.9321   33.8010   35.3019   35.9398   38.1159   42.3113
   50.8276   53.3120   55.3253   56.7621   57.8331   60.5739   64.3979   65.0771   67.5182   70.8633
   77.0029   83.6037   83.9016   85.8172
  39  1 -108.7180 -107.0588  -69.1712  -69.1578  -69.1464  -67.4328  -67.4273  -67.4122  -23.9167  -23.4079
         -11.5894  -10.8306   -9.8955   -9.8781   -8.4024   -8.3966   -7.1905   -6.4818   -6.4174   -6.3029
   -5.8875   -5.4445   -5.3067   -5.1067   -4.0395   -2.9585    1.2927    2.8095    7.1639    7.6948
   10.9048   12.1472   13.2868   13.2917   13.5814   22.4335   23.0092   26.6592   27.9092   29.2722
   29.2729   29.9680   30.8246   32.7579   34.6545   35.4300   35.9260   35.9271   41.2383   47.6120
   50.0701   51.6510   55.3047   55.3069   63.0004   64.4090   64.9288   66.2084   66.8998   72.8983
   80.4704   84.3343   86.3841   87.1957
  40  1 -108.7170 -107.0576  -69.1710  -69.1691  -69.1502  -67.4409  -67.4316  -67.4164  -23.5641  -23.1814
         -11.6588  -11.3332  -10.3507   -9.8945   -9.1888   -8.8009   -7.1063   -6.4040   -6.1546   -5.9028
   -5.8104   -5.6019   -5.1776   -5.0200   -3.6632   -3.2069    2.4328    4.0574    5.6717    7.2233
    8.3569    9.4765   11.6561   12.7718   16.3807   20.3643   26.3090   27.1823   28.1166   30.0237
   31.1658   31.6492   32.1520   33.5065   36.2141   36.8029   37.8124   38.6077   45.7378   47.0993
   50.5121   50.9986   51.2860   55.3575   63.9917   64.8557   65.0138   66.4702   68.1262   76.6466
   77.7118   84.2239   89.6219   92.6138
  41  1 -108.7166 -107.0572  -69.1729  -69.1694  -69.1539  -67.4433  -67.4311  -67.4208  -23.3612  -23.1437
         -11.6434  -11.1322  -10.3793   -9.9021   -9.8820   -9.4970   -6.7065   -6.3628   -6.0369   -5.9041
   -5.7944   -5.5617   -5.1480   -5.0827   -3.6163   -3.1515    2.9821    4.6310    6.0725    6.6990
    7.0185    8.2905   10.8254   11.7315   19.6480   20.6699   24.4611   26.4373   28.7361   29.5436
   30.6070   31.4403   34.2254   35.5501   36.6519   37.0699   39.2405   42.1656   43.6049   46.1174
   47.7816   48.8325   55.4261   55.4839   61.9086   63.7533   68.5209   70.3474   72.1896   75.1094
   80.2413   80.4618   83.4197  126.7733
  42  1 -108.7168 -107.0574  -69.1723  -69.1696  -69.1543  -67.4435  -67.4313  -67.4204  -23.3123  -23.1871
         -11.8556  -11.3889  -10.2711   -9.8853   -9.4282   -9.3662   -6.8326   -6.3839   -6.2098   -5.8939
   -5.7913   -5.3929   -5.1793   -5.0738   -3.4522   -3.2829    3.4091    3.6581    5.6429    7.0621
    7.9456    8.1358   11.2438   11.7298   17.6705   22.3694   23.4094   27.8127   28.2563   29.9156
   30.9330   33.2712   33.7141   35.4797   35.9097   38.2980   39.0841   41.3013   42.2556   46.1320
   47.0908   53.4398   54.8492   59.0683   62.2034   62.8450   67.1512   67.5999   67.6995   73.8809
   80.6967   85.8781   86.6714  112.8345
  43  1 -108.7174 -107.0580  -69.1706  -69.1641  -69.1512  -67.4357  -67.4321  -67.4161  -23.5641  -23.3609
         -11.6556  -11.3133   -9.9756   -9.7109   -9.1886   -8.8068   -7.0064   -6.5051   -6.2903   -6.1335
   -5.7215   -5.3718   -5.2557   -5.0374   -3.7209   -3.2328    2.4322    2.9822    6.6939    8.2803
    8.3666    9.4777   11.7292   12.7681   16.3799   20.6672   24.4615   27.1735   28.1274   29.5221
   31.4323   32.1511   33.5017   34.2258   35.5520   36.6536   36.8026   37.8139   46.1150   47.0984
   48.8330   50.5141   50.9995   55.4266   61.9086   63.7538   63.9911   66.4715   72.1889   77.7117
   80.4549   83.4187   84.2242   92.6118
  44  1 -108.7184 -107.0592  -69.1714  -69.1523  -69.1464  -67.4331  -67.4231  -67.4103  -23.7535  -23.7519
         -11.2183  -10.9533   -9.6330   -9.1060   -9.0796   -9.0113   -6.7618   -6.6596   -6.4614   -6.0632
   -5.8482   -5.4670   -5.2780   -5.1493   -3.7188   -3.3399    1.6124    1.6427    8.9067    8.9232
    9.8022    9.8842   12.8950   13.0208   18.6770   18.6819   24.6742   24.6907   28.8740   28.9055
   31.1303   31.1954   31.5823   31.6445   34.2102   34.2636   35.5636   35.5968   43.7141   43.7302
   51.1069   51.1265   52.3962   52.4112   64.3651   64.4781   65.3007   65.3030   74.0225   74.0616
   82.4143   82.5127   88.2768   88.3039
  45  1 -108.7195 -107.0606  -69.1721  -69.1451  -69.1417  -67.4337  -67.4132  -67.4074  -24.1126  -23.7723
         -11.1622  -10.3596   -9.7081   -9.2930   -8.7984   -8.5021   -6.9201   -6.6878   -6.1788   -6.0172
   -5.8963   -5.4947   -5.3876   -5.2071   -3.8096   -3.1465    0.2426    1.1401    7.9137   10.3757
   10.8111   13.2787   13.2935   13.6142   17.8077   20.6507   23.0719   23.8001   26.8754   27.6095
   28.5639   28.7930   29.8852   31.8772   32.9321   33.8010   35.3018   35.9398   38.1159   42.3113
   50.8276   53.3120   55.3253   56.7621   57.8331   60.5739   64.3979   65.0771   67.5182   70.8633
   77.0029   83.6037   83.9015   85.8172
  46  1 -108.7198 -107.0610  -69.1720  -69.1469  -69.1397  -67.4335  -67.4108  -67.4096  -24.2542  -23.6124
         -11.5321   -9.9719   -9.6127   -9.5571   -8.7255   -8.4257   -6.8584   -6.7025   -6.1682   -6.0204
   -5.8228   -5.7183   -5.3436   -5.0441   -3.4527   -3.4270   -0.4661    1.6146    7.2328   10.8370
   11.1460   12.3532   12.6690   15.6941   18.4220   19.6761   22.3386   24.4185   25.8263   27.0396
   27.8375   28.4108   29.9629   33.4202   33.8051   34.1222   34.2932   36.8682   37.2065   43.4183
   51.0041   51.2235   56.1083   56.8637   57.6616   60.1470   63.4773   64.3532   69.5124   71.4902
   76.6503   80.9300   84.1417   86.4913
  47  1 -108.7187 -107.0596  -69.1712  -69.1551  -69.1438  -67.4326  -67.4213  -67.4124  -24.1126  -23.3611
         -11.6436  -10.3687   -9.9770   -9.6827   -8.8268   -8.5411   -6.8140   -6.5748   -6.3302   -6.1405
   -5.7074   -5.5520   -5.2793   -5.1195   -3.7653   -3.2548    0.2444    2.9805    6.6970    8.2886
   10.3763   11.7286   13.2795   13.5986   17.8069   20.6680   23.7991   24.4625   26.8798   28.5605
   28.7805   29.5385   31.4338   33.7985   34.2241   35.3035   35.5491   36.6538   38.1165   46.1147
   48.8324   55.3224   55.4281   56.7643   60.5750   61.9094   63.7539   65.0747   67.5181   72.1893
   80.4541   83.4187   83.6129   85.8174
  48  1 -108.7172 -107.0579  -69.1702  -69.1655  -69.1497  -67.4347  -67.4312  -67.4173  -23.7526  -23.1645
         -11.3339  -11.0611  -10.3704   -9.9342   -9.2870   -9.0636   -6.7300   -6.4144   -6.1748   -6.1133
   -5.7950   -5.4950   -5.2628   -5.0819   -3.6029   -3.2988    1.6291    4.7455    5.9370    6.7278
    8.9148    9.8450   10.8968   12.9585   18.6801   22.2035   23.2961   24.6821   28.8642   29.6040
   30.4405   31.1632   31.6244   34.2364   35.5767   35.7196   38.1623   38.9540   43.7223   46.5466
   48.0648   51.1186   52.4049   55.6666   64.4226   65.2998   65.5186   69.7028   70.1290   74.0425
   79.2141   82.4647   88.2898  105.4883
  49  1 -108.7164 -107.0570  -69.1713  -69.1689  -69.1559  -67.4385  -67.4309  -67.4256  -23.4078  -23.1010
         -11.5783  -10.5308  -10.5296  -10.1641   -9.8745   -9.8670   -6.4219   -6.4129   -6.1136   -5.9626
   -5.9226   -5.5336   -5.2186   -5.1124   -3.7785   -2.8651    2.8116    5.1524    6.6913    6.6922
    7.1637    7.7008    9.4228   12.1524   22.4289   22.4875   22.4883   23.0121   28.8745   29.8587
   29.9820   30.8239   32.7599   34.6558   35.4296   39.9492   40.3721   44.0604   44.0608   45.1754
   47.6142   50.0724   51.6501   53.3211   64.4058   66.2089   66.9026   71.7853   73.1871   73.1902
   80.4711   81.7923   84.3326  187.8507
  50  1 -108.7161 -107.0568  -69.1705  -69.1686  -69.1615  -67.4401  -67.4314  -67.4285  -23.1817  -23.1437
         -11.6548  -11.1336  -10.4243  -10.3421   -9.8202   -9.6584   -6.4999   -6.3201   -6.2492   -5.9329
   -5.7133   -5.4072   -5.1861   -5.1083   -3.5720   -3.1279    4.0595    4.6262    5.6762    6.0789
    7.0165    7.2265   10.8255   11.6605   19.6467   20.3634   26.2989   26.4532   28.7592   30.0035
   30.6234   31.1761   31.6519   36.2135   37.0682   38.6062   39.2411   42.1647   43.6051   45.7386
   47.7840   51.2830   55.3564   55.4844   64.8556   65.0125   68.1258   68.5258   70.3435   75.1079
   76.6450   80.2488   89.6229  126.7728
  51  1 -108.7168 -107.0575  -69.1701  -69.1677  -69.1585  -67.4401  -67.4315  -67.4236  -23.2547  -23.2460
         -11.5807  -11.5544  -10.2542  -10.1154   -9.5537   -9.2595   -6.6569   -6.5742   -6.2380   -5.9117
   -5.5762   -5.1984   -5.1882   -5.1178   -3.4582   -3.4539    3.5035    3.5847    6.1537    6.2832
    7.8149    7.8603   12.0070   12.0961   18.2263   18.2836   27.3418   27.4631   28.8444   28.9842
   32.4184   32.4512   34.9798   35.0452   36.7639   36.7921   40.6138   40.6226   42.9809   43.0304
   49.2317   49.2367   58.6295   58.7238   62.3168   62.3906   65.1789   65.2107   76.7327   76.8235
   78.3762   78.3938   90.3637   90.4359
  52  1 -108.7174 -107.0580  -69.1706  -69.1641  -69.1512  -67.4357  -67.4321  -67.4161  -23.5641  -23.3609
         -11.6556  -11.3133   -9.9756   -9.7109   -9.1886   -8.8068   -7.0064   -6.5051   -6.2903   -6.1335
   -5.7215   -5.3718   -5.2557   -5.0374   -3.7209   -3.2328    2.4322    2.9822    6.6939    8.2803
    8.3666    9.4777   11.7292   12.7681   16.3799   20.6672   24.4615   27.1735   28.1274   29.5221
   31.4323   32.1511   33.5017   34.2258   35.5520   36.6536   36.8026   37.8139   46.1150   47.0984
   48.8330   50.5141   50.9995   55.4266   61.9086   63.7538   63.9911   66.4715   72.1888   77.7119
   80.4549   83.4187   84.2242   92.6117
  53  1 -108.7180 -107.0588  -69.1712  -69.1578  -69.1464  -67.4328  -67.4273  -67.4122  -23.9167  -23.4079
         -11.5894  -10.8306   -9.8955   -9.8781   -8.4024   -8.3966   -7.1905   -6.4818   -6.4174   -6.3029
   -5.8875   -5.4445   -5.3067   -5.1067   -4.0395   -2.9585    1.2927    2.8095    7.1639    7.6948
   10.9048   12.1472   13.2868   13.2917   13.5814   22.4335   23.0092   26.6592   27.9092   29.2722
   29.2729   29.9680   30.8246   32.7579   34.6545   35.4300   35.9260   35.9271   41.2383   47.6120
   50.0701   51.6510   55.3047   55.3069   63.0004   64.4090   64.9288   66.2084   66.8998   72.8983
   80.4704   84.3343   86.3841   87.1957
  54  1 -108.7187 -107.0596  -69.1712  -69.1551  -69.1438  -67.4326  -67.4213  -67.4124  -24.1126  -23.3611
         -11.6436  -10.3687   -9.9770   -9.6827   -8.8268   -8.5411   -6.8140   -6.5748   -6.3302   -6.1405
   -5.7074   -5.5520   -5.2793   -5.1195   -3.7653   -3.2548    0.2444    2.9805    6.6970    8.2886
   10.3763   11.7286   13.2795   13.5986   17.8069   20.6680   23.7991   24.4625   26.8798   28.5605
   28.7805   29.5385   31.4338   33.7985   34.2241   35.3035   35.5491   36.6538   38.1165   46.1147
   48.8324   55.3224   55.4281   56.7643   60.5750   61.9094   63.7539   65.0747   67.5180   72.1894
   80.4541   83.4187   83.6129   85.8174
  55  1 -108.7185 -107.0595  -69.1706  -69.1601  -69.1438  -67.4318  -67.4251  -67.4142  -24.0555  -23.2505
         -11.5665  -10.4900  -10.1909   -9.6828   -9.0694   -8.9262   -6.8347   -6.4494   -6.3131   -5.8069
   -5.7957   -5.4807   -5.1481   -5.0136   -3.4625   -3.4394    0.0105    3.5438    6.2181    7.8350
    8.7986   12.0486   13.8208   13.8258   18.2555   21.0100   21.0117   25.2004   27.4032   28.8850
   29.7109   29.7301   32.2266   32.4333   35.0103   36.7732   36.9229   36.9264   40.6179   43.0049
   49.2342   52.1932   55.5176   55.5179   58.6773   62.1751   62.3539   65.1941   66.3540   76.7779
   78.3840   83.5594   83.5596   90.4003
  56  1 -108.7174 -107.0582  -69.1702  -69.1667  -69.1484  -67.4336  -67.4307  -67.4186  -23.7722  -23.1440
         -11.1796  -11.1071  -10.3672   -9.8117   -9.5663   -9.2163   -6.6461   -6.4247   -6.1808   -5.9797
   -5.7013   -5.5748   -5.2195   -5.0970   -3.6677   -3.0553    1.1410    4.6324    6.0738    7.0172
    7.9156   10.7779   10.8638   13.3120   19.6474   20.6518   23.0694   26.4370   27.6044   28.7518
   29.8859   30.6112   31.8857   32.9320   35.9420   37.0677   39.2395   42.1631   42.3123   43.6044
   47.7841   50.8290   53.3137   55.4826   57.8323   64.4007   68.5243   70.3419   70.8611   75.1100
   77.0023   80.2498   83.8946  126.7725
  57  1 -108.7166 -107.0572  -69.1748  -69.1695  -69.1519  -67.4413  -67.4309  -67.4229  -23.3612  -23.1437
         -11.6421  -11.1301  -10.3788   -9.9034   -9.8828   -9.4993   -6.7060   -6.3609   -6.0379   -5.9046
   -5.7938   -5.5625   -5.1457   -5.0851   -3.6172   -3.1520    2.9818    4.6326    6.0724    6.7015
    7.0186    8.2906   10.8262   11.7310   19.6475   20.6698   24.4605   26.4362   28.7364   29.5441
   30.6077   31.4396   34.2230   35.5502   36.6535   37.0694   39.2388   42.1643   43.6050   46.1178
   47.7847   48.8324   55.4253   55.4848   61.9106   63.7528   68.5241   70.3423   72.1893   75.1131
   80.2376   80.4620   83.4196  126.7728
  58  1 -108.7160 -107.0566  -69.1719  -69.1691  -69.1596  -67.4378  -67.4313  -67.4309  -23.1680  -23.1609
         -11.3311  -11.2864  -10.4008  -10.3385   -9.9259   -9.8113   -6.3981   -6.3368   -6.1892   -5.9808
   -5.7554   -5.4766   -5.1629   -5.1495   -3.4895   -3.2563    4.7209    4.7717    5.8791    6.0019
    6.7124    6.7433   10.8893   10.9028   22.1582   22.2454   23.2660   23.3273   29.4384   29.7297
   30.3585   30.5381   35.7114   35.7220   38.1447   38.1775   38.9427   38.9660   46.5219   46.5738
   48.0419   48.0905   55.6473   55.6876   65.4534   65.5833   69.6843   69.7162   70.1259   70.1399
   79.1726   79.2504  105.4606  105.5145
  59  1 -108.7161 -107.0568  -69.1705  -69.1686  -69.1615  -67.4401  -67.4314  -67.4285  -23.1817  -23.1437
         -11.6548  -11.1336  -10.4243  -10.3421   -9.8202   -9.6584   -6.4999   -6.3201   -6.2492   -5.9329
   -5.7133   -5.4072   -5.1861   -5.1083   -3.5720   -3.1279    4.0595    4.6262    5.6762    6.0789
    7.0165    7.2265   10.8255   11.6605   19.6467   20.3634   26.2989   26.4532   28.7592   30.0035
   30.6234   31.1761   31.6519   36.2135   37.0682   38.6062   39.2411   42.1647   43.6051   45.7386
   47.7840   51.2830   55.3564   55.4844   64.8556   65.0125   68.1257   68.5258   70.3435   75.1080
   76.6450   80.2488   89.6229  126.7729
  60  1 -108.7168 -107.0574  -69.1723  -69.1696  -69.1543  -67.4435  -67.4313  -67.4204  -23.3123  -23.1871
         -11.8556  -11.3889  -10.2711   -9.8853   -9.4282   -9.3662   -6.8326   -6.3839   -6.2098   -5.8939
   -5.7913   -5.3929   -5.1793   -5.0738   -3.4522   -3.2829    3.4091    3.6581    5.6429    7.0621
    7.9456    8.1358   11.2438   11.7298   17.6705   22.3694   23.4094   27.8127   28.2563   29.9156
   30.9330   33.2712   33.7141   35.4797   35.9097   38.2980   39.0841   41.3013   42.2556   46.1320
   47.0908   53.4398   54.8492   59.0683   62.2034   62.8450   67.1512   67.5999   67.6995   73.8809
   80.6968   85.8783   86.6714  112.8344
  61  1 -108.7170 -107.0576  -69.1710  -69.1691  -69.1502  -67.4409  -67.4316  -67.4164  -23.5641  -23.1814
         -11.6588  -11.3332  -10.3507   -9.8945   -9.1888   -8.8009   -7.1063   -6.4040   -6.1546   -5.9028
   -5.8104   -5.6019   -5.1776   -5.0200   -3.6632   -3.2069    2.4328    4.0574    5.6717    7.2233
    8.3569    9.4765   11.6561   12.7718   16.3807   20.3643   26.3090   27.1823   28.1166   30.0237
   31.1658   31.6492   32.1520   33.5065   36.2141   36.8029   37.8124   38.6077   45.7378   47.0993
   50.5121   50.9986   51.2860   55.3575   63.9917   64.8557   65.0138   66.4702   68.1262   76.6466
   77.7120   84.2239   89.6220   92.6137
  62  1 -108.7172 -107.0579  -69.1702  -69.1655  -69.1497  -67.4347  -67.4312  -67.4173  -23.7526  -23.1645
         -11.3339  -11.0611  -10.3704   -9.9342   -9.2870   -9.0636   -6.7300   -6.4144   -6.1748   -6.1133
   -5.7950   -5.4950   -5.2628   -5.0819   -3.6029   -3.2988    1.6291    4.7455    5.9370    6.7278
    8.9148    9.8450   10.8968   12.9585   18.6801   22.2035   23.2961   24.6821   28.8642   29.6040
   30.4405   31.1632   31.6244   34.2364   35.5767   35.7196   38.1623   38.9540   43.7223   46.5466
   48.0648   51.1186   52.4049   55.6666   64.4226   65.2998   65.5186   69.7029   70.1290   74.0425
   79.2141   82.4647   88.2897  105.4883
  63  1 -108.7174 -107.0582  -69.1702  -69.1667  -69.1484  -67.4336  -67.4307  -67.4186  -23.7722  -23.1440
         -11.1796  -11.1071  -10.3672   -9.8117   -9.5663   -9.2163   -6.6461   -6.4247   -6.1808   -5.9797
   -5.7013   -5.5748   -5.2195   -5.0970   -3.6677   -3.0553    1.1410    4.6324    6.0738    7.0172
    7.9156   10.7779   10.8638   13.3120   19.6474   20.6518   23.0694   26.4370   27.6044   28.7518
   29.8859   30.6112   31.8857   32.9320   35.9420   37.0677   39.2395   42.1631   42.3123   43.6044
   47.7841   50.8290   53.3137   55.4826   57.8323   64.4007   68.5243   70.3419   70.8611   75.1100
   77.0023   80.2498   83.8946  126.7725
  64  1 -108.7173 -107.0580  -69.1728  -69.1693  -69.1478  -67.4389  -67.4308  -67.4186  -23.6123  -23.1342
         -11.5311  -10.9424  -10.6397   -9.7512   -9.7090   -9.0869   -6.9098   -6.3335   -6.0785   -5.8945
   -5.6786   -5.6261   -5.1059   -5.0639   -3.4583   -3.2611    1.6160    4.4055    6.3562    6.4867
    7.2362   10.8476   12.0627   12.3706   17.6475   19.6779   24.4168   27.0381   28.3815   29.9716
   30.4490   31.3469   33.2367   33.4211   34.1259   37.1945   40.2798   40.8407   43.4191   45.2830
   47.6303   51.0057   51.2231   55.1207   56.1095   63.4778   67.7231   71.4860   74.7525   76.1023
   76.6571   77.2631   80.9321  124.0221
  65  1 -108.7173 -107.0580  -69.1773  -69.1697  -69.1492  -67.4440  -67.4311  -67.4202  -23.2684  -23.2243
         -12.2780  -11.3042  -10.0929   -9.9282   -9.3750   -8.8646   -7.2005   -6.3938   -6.1732   -5.8522
   -5.7389   -5.5096   -5.1967   -5.0509   -3.1388   -3.1366    2.2108    3.3496    5.9641    6.6444
    8.6282    9.6531   11.5379   12.7009   15.4527   21.2876   24.5357   25.5526   27.6262   29.8586
   31.9248   33.8898   35.5198   35.6179   35.6971   39.5984   40.8616   41.4929   41.9655   44.0974
   45.5748   54.4296   55.4516   59.5074   59.6495   60.7451   67.9989   69.8666   70.2283   70.2764
   77.2869   82.8006   92.9566  154.9369
  66  1 -108.7168 -107.0574  -69.1747  -69.1697  -69.1519  -67.4412  -67.4311  -67.4229  -23.3123  -23.1871
         -11.8532  -11.3878  -10.2731   -9.8858   -9.4289   -9.3675   -6.8313   -6.3825   -6.2105   -5.8950
   -5.7917   -5.3931   -5.1770   -5.0757   -3.4532   -3.2838    3.4107    3.6569    5.6467    7.0605
    7.9463    8.1355   11.2435   11.7315   17.6710   22.3687   23.4093   27.8123   28.2549   29.9161
   30.9323   33.2693   33.7143   35.4779   35.9092   38.2966   39.0840   41.3011   42.2570   46.1329
   47.0915   53.4412   54.8502   59.0686   62.2045   62.8453   67.1517   67.5992   67.6988   73.8795
   80.6993   85.8758   86.6723  112.8335
  67  1 -108.7166 -107.0572  -69.1711  -69.1690  -69.1560  -67.4384  -67.4311  -67.4256  -23.3610  -23.1439
         -11.6432  -11.1270  -10.3734  -10.0065   -9.7519   -9.5403   -6.5264   -6.4368   -6.2473   -5.9468
   -5.7535   -5.3481   -5.2287   -5.0996   -3.6200   -3.1525    2.9823    4.6342    6.0685    6.6985
    7.0197    8.2933   10.8274   11.7290   19.6481   20.6689   24.4617   26.4359   28.7493   29.5217
   30.6193   31.4384   34.2244   35.5508   36.6527   37.0676   39.2388   42.1642   43.6053   46.1184
   47.7842   48.8326   55.4027   55.5090   61.9078   63.7538   68.5235   70.3416   72.1910   75.1132
   80.2441   80.4548   83.4194  126.7728
  68  1 -108.7171 -107.0578  -69.1732  -69.1695  -69.1537  -67.4434  -67.4311  -67.4206  -23.3406  -23.1576
         -12.1310  -11.1311  -10.0314   -9.9353   -9.5383   -9.4102   -6.8391   -6.4026   -6.1763   -5.9063
   -5.8431   -5.4431   -5.1544   -5.1023   -3.4609   -2.8370    2.0890    3.8343    6.2157    6.5206
    7.9688    9.6877   11.3222   11.7668   17.1658   22.7186   23.2329   25.5465   27.7638   30.3668
   31.0094   31.7736   32.9478   34.9973   37.5849   38.0904   42.6194   43.2630   43.2880   44.2318
   44.5461   50.9554   55.0210   56.4509   58.0805   64.9789   66.1475   68.5339   74.5611   76.0118
   76.4330   82.7792   83.5050  209.0486
  69  1 -108.7173 -107.0580  -69.1751  -69.1697  -69.1515  -67.4462  -67.4312  -67.4178  -23.2683  -23.2243
         -12.2802  -11.3045  -10.0924   -9.9263   -9.3767   -8.8615   -7.2014   -6.3960   -6.1724   -5.8494
   -5.7390   -5.5108   -5.1997   -5.0486   -3.1378   -3.1347    2.2112    3.3489    5.9594    6.6450
    8.6269    9.6531   11.5368   12.7019   15.4519   21.2889   24.5368   25.5543   27.6262   29.8589
   31.9248   33.8919   35.5183   35.6159   35.6989   39.5982   40.8640   41.4939   41.9634   44.0986
   45.5728   54.4285   55.4522   59.5080   59.6485   60.7441   67.9993   69.8667   70.2282   70.2770
   77.2857   82.8007   92.9576  154.9384
  70  1 -108.7168 -107.0574  -69.1728  -69.1695  -69.1539  -67.4431  -67.4314  -67.4207  -23.3123  -23.1871
         -11.8556  -11.3878  -10.2731   -9.8831   -9.4286   -9.3674   -6.8312   -6.3845   -6.2098   -5.8954
   -5.7904   -5.3937   -5.1792   -5.0734   -3.4524   -3.2823    3.4107    3.6571    5.6422    7.0605
    7.9477    8.1354   11.2419   11.7315   17.6710   22.3700   23.4108   27.8124   28.2549   29.9162
   30.9314   33.2702   33.7143   35.4789   35.9092   38.2966   39.0840   41.3026   42.2566   46.1329
   47.0915   53.4382   54.8493   59.0686   62.2045   62.8472   67.1518   67.5963   67.6988   73.8825
   80.6994   85.8760   86.6719  112.8334
  71  1 -108.7166 -107.0572  -69.1714  -69.1689  -69.1559  -67.4383  -67.4311  -67.4257  -23.3610  -23.1438
         -11.6419  -11.1289  -10.3739  -10.0060   -9.7510   -9.5403   -6.5262   -6.4358   -6.2497   -5.9478
   -5.7519   -5.3472   -5.2301   -5.0984   -3.6199   -3.1526    2.9820    4.6326    6.0686    6.7010
    7.0196    8.2934   10.8267   11.7286   19.6486   20.6688   24.4612   26.4370   28.7490   29.5223
   30.6186   31.4377   34.2220   35.5508   36.6543   37.0681   39.2405   42.1655   43.6052   46.1188
   47.7811   48.8324   55.4020   55.5080   61.9098   63.7533   68.5203   70.3467   72.1907   75.1094
   80.2478   80.4552   83.4192  126.7733
  72  1 -108.7171 -107.0578  -69.1751  -69.1695  -69.1517  -67.4415  -67.4309  -67.4227  -23.3407  -23.1576
         -12.1290  -11.1311  -10.0331   -9.9354   -9.5389   -9.4103   -6.8390   -6.4007   -6.1780   -5.9076
   -5.8428   -5.4417   -5.1534   -5.1032   -3.4621   -2.8375    2.0882    3.8343    6.2199    6.5206
    7.9688    9.6883   11.3222   11.7669   17.1658   22.7170   23.2321   25.5459   27.7637   30.3668
   31.0094   31.7743   32.9451   34.9985   37.5853   38.0904   42.6194   43.2630   43.2880   44.2317
   44.5464   50.9560   55.0207   56.4493   58.0805   64.9776   66.1491   68.5339   74.5611   76.0135
   76.4335   82.7792   83.5047  209.0485
  73  1 -108.7168 -107.0574  -69.1747  -69.1697  -69.1519  -67.4412  -67.4311  -67.4229  -23.3123  -23.1871
         -11.8532  -11.3878  -10.2731   -9.8858   -9.4289   -9.3675   -6.8313   -6.3825   -6.2105   -5.8950
   -5.7917   -5.3931   -5.1770   -5.0757   -3.4532   -3.2838    3.4107    3.6569    5.6467    7.0605
    7.9463    8.1355   11.2435   11.7315   17.6710   22.3687   23.4093   27.8123   28.2549   29.9161
   30.9323   33.2693   33.7143   35.4779   35.9092   38.2966   39.0840   41.3011   42.2570   46.1329
   47.0915   53.4412   54.8502   59.0686   62.2045   62.8453   67.1517   67.5992   67.6988   73.8795
   80.6993   85.8758   86.6723  112.8335
  74  1 -108.7170 -107.0576  -69.1726  -69.1698  -69.1479  -67.4388  -67.4313  -67.4187  -23.5641  -23.1814
         -11.6562  -11.3324  -10.3516   -9.8965   -9.1876   -8.8037   -7.1055   -6.4019   -6.1539   -5.9061
   -5.8097   -5.6015   -5.1758   -5.0221   -3.6639   -3.2083    2.4335    4.0573    5.6754    7.2229
    8.3570    9.4771   11.6566   12.7715   16.3816   20.3630   26.3093   27.1821   28.1163   30.0251
   31.1655   31.6474   32.1496   33.5079   36.2123   36.8015   37.8133   38.6063   45.7391   47.0988
   50.5135   50.9981   51.2869   55.3599   63.9922   64.8557   65.0151   66.4709   68.1256   76.6436
   77.7119   84.2239   89.6215   92.6129
  75  1 -108.7172 -107.0579  -69.1703  -69.1666  -69.1485  -67.4337  -67.4309  -67.4187  -23.7526  -23.1645
         -11.3320  -11.0610  -10.3706   -9.9360   -9.2874   -9.0635   -6.7303   -6.4140   -6.1718   -6.1146
   -5.7955   -5.4958   -5.2618   -5.0830   -3.6034   -3.2993    1.6291    4.7479    5.9363    6.7275
    8.9148    9.8450   10.8976   12.9585   18.6801   22.2022   23.2968   24.6821   28.8641   29.6035
   30.4414   31.1632   31.6244   34.2364   35.5767   35.7196   38.1614   38.9515   43.7223   46.5480
   48.0657   51.1186   52.4049   55.6681   64.4226   65.2998   65.5188   69.7011   70.1324   74.0425
   79.2107   82.4647   88.2898  105.4872
  76  1 -108.7174 -107.0582  -69.1700  -69.1656  -69.1497  -67.4349  -67.4309  -67.4173  -23.7722  -23.1440
         -11.1800  -11.1069  -10.3699   -9.8106   -9.5658   -9.2148   -6.6457   -6.4267   -6.1788   -5.9804
   -5.7007   -5.5755   -5.2183   -5.0978   -3.6672   -3.0550    1.1406    4.6342    6.0706    7.0174
    7.9140   10.7779   10.8644   13.3118   19.6482   20.6521   23.0695   26.4357   27.6062   28.7504
   29.8857   30.6128   31.8856   32.9318   35.9419   37.0672   39.2398   42.1631   42.3117   43.6047
   47.7831   50.8293   53.3150   55.4832   57.8318   64.4004   68.5201   70.3441   70.8616   75.1150
   77.0013   80.2474   83.8940  126.7734
  77  1 -108.7173 -107.0580  -69.1709  -69.1690  -69.1501  -67.4411  -67.4310  -67.4163  -23.6123  -23.1342
         -11.5331  -10.9424  -10.6418   -9.7493   -9.7088   -9.0842   -6.9103   -6.3363   -6.0769   -5.8937
   -5.6790   -5.6267   -5.1036   -5.0648   -3.4570   -3.2603    1.6152    4.4052    6.3540    6.4869
    7.2340   10.8474   12.0631   12.3700   17.6482   19.6780   24.4172   27.0404   28.3804   29.9720
   30.4498   31.3455   33.2376   33.4223   34.1255   37.1933   40.2810   40.8431   43.4193   45.2813
   47.6278   51.0066   51.2224   55.1200   56.1101   63.4776   67.7212   71.4856   74.7524   76.1049
   76.6558   77.2654   80.9317  124.0243
  78  1 -108.7166 -107.0572  -69.1723  -69.1694  -69.1544  -67.4437  -67.4311  -67.4203  -23.3611  -23.1437
         -11.6443  -11.1317  -10.3790   -9.9027   -9.8816   -9.4966   -6.7070   -6.3633   -6.0357   -5.9047
   -5.7942   -5.5623   -5.1474   -5.0829   -3.6163   -3.1506    2.9804    4.6326    6.0724    6.6992
    7.0164    8.2921   10.8270   11.7292   19.6479   20.6698   24.4619   26.4359   28.7360   29.5446
   30.6083   31.4402   34.2245   35.5499   36.6543   37.0700   39.2405   42.1647   43.6040   46.1182
   47.7829   48.8301   55.4259   55.4846   61.9075   63.7551   68.5206   70.3451   72.1866   75.1150
   80.2379   80.4636   83.4208  126.7733
  79  1 -108.7160 -107.0566  -69.1704  -69.1686  -69.1617  -67.4401  -67.4314  -67.4285  -23.1680  -23.1609
         -11.3322  -11.2873  -10.4006  -10.3385   -9.9250   -9.8101   -6.3986   -6.3383   -6.1875   -5.9825
   -5.7539   -5.4771   -5.1645   -5.1471   -3.4891   -3.2557    4.7194    4.7708    5.8795    6.0021
    6.7124    6.7436   10.8890   10.9023   22.1586   22.2463   23.2657   23.3270   29.4388   29.7299
   30.3582   30.5375   35.7114   35.7219   38.1452   38.1778   38.9440   38.9672   46.5212   46.5731
   48.0414   48.0900   55.6466   55.6868   65.4532   65.5833   69.6851   69.7171   70.1241   70.1383
   79.1743   79.2522  105.4611  105.5150
  80  1 -108.7161 -107.0568  -69.1720  -69.1692  -69.1594  -67.4379  -67.4312  -67.4309  -23.1817  -23.1437
         -11.6528  -11.1325  -10.4266  -10.3441   -9.8206   -9.6570   -6.4984   -6.3194   -6.2514   -5.9337
   -5.7125   -5.4063   -5.1882   -5.1066   -3.5723   -3.1282    4.0579    4.6280    5.6791    6.0757
    7.0167    7.2265   10.8265   11.6606   19.6475   20.3633   26.2983   26.4518   28.7578   30.0043
   30.6248   31.1768   31.6493   36.2119   37.0678   38.6079   39.2415   42.1646   43.6054   45.7380
   47.7830   51.2839   55.3576   55.4850   64.8549   65.0140   68.1236   68.5217   70.3458   75.1129
   76.6457   80.2464   89.6234  126.7737
  81  1 -108.7166 -107.0572  -69.1711  -69.1690  -69.1560  -67.4384  -67.4311  -67.4256  -23.3610  -23.1439
         -11.6432  -11.1270  -10.3734  -10.0065   -9.7519   -9.5403   -6.5264   -6.4368   -6.2473   -5.9468
   -5.7535   -5.3481   -5.2287   -5.0996   -3.6200   -3.1525    2.9823    4.6342    6.0685    6.6985
    7.0197    8.2933   10.8274   11.7290   19.6481   20.6689   24.4617   26.4359   28.7493   29.5217
   30.6193   31.4384   34.2244   35.5508   36.6527   37.0676   39.2388   42.1642   43.6053   46.1184
   47.7842   48.8326   55.4027   55.5090   61.9078   63.7538   68.5235   70.3416   72.1910   75.1131
   80.2440   80.4548   83.4194  126.7728
  82  1 -108.7172 -107.0579  -69.1703  -69.1666  -69.1485  -67.4337  -67.4309  -67.4187  -23.7526  -23.1645
         -11.3320  -11.0610  -10.3706   -9.9360   -9.2874   -9.0635   -6.7303   -6.4140   -6.1718   -6.1146
   -5.7955   -5.4958   -5.2618   -5.0830   -3.6034   -3.2993    1.6291    4.7479    5.9363    6.7275
    8.9148    9.8450   10.8976   12.9585   18.6801   22.2022   23.2968   24.6821   28.8641   29.6035
   30.4414   31.1632   31.6244   34.2364   35.5767   35.7196   38.1614   38.9515   43.7223   46.5480
   48.0657   51.1186   52.4049   55.6681   64.4226   65.2998   65.5188   69.7011   70.1324   74.0425
   79.2106   82.4647   88.2898  105.4872
  83  1 -108.7182 -107.0592  -69.1704  -69.1599  -69.1442  -67.4315  -67.4250  -67.4146  -24.1126  -23.1816
         -11.6545  -10.4674  -10.2531   -9.8888   -8.8046   -8.5535   -6.9060   -6.4133   -6.2873   -6.0154
   -5.7974   -5.5479   -5.2229   -5.1780   -3.7034   -3.2334    0.2442    4.0570    5.6747    7.2224
   10.3776   11.6577   13.2772   13.6016   17.8064   20.3636   23.7985   26.3159   26.8784   28.5483
   28.7988   30.0295   31.1715   31.6506   33.8000   35.3014   36.2124   38.1139   38.6066   45.7389
   51.2825   55.3244   55.3590   56.7639   60.5761   64.8565   65.0098   65.0770   67.5179   68.1289
   76.6424   83.6115   85.8173   89.6231
  84  1 -108.7189 -107.0601  -69.1704  -69.1551  -69.1438  -67.4314  -67.4215  -67.4124  -24.2542  -23.1877
         -11.8546  -10.2827  -10.0273   -9.6442   -8.9161   -8.4238   -6.6857   -6.4205   -6.3413   -6.2390
   -5.7365   -5.5505   -5.2198   -5.1645   -3.4575   -3.3727   -0.4666    3.6554    5.6446    7.9457
   11.1161   11.2647   12.6710   15.6917   18.4211   22.3117   22.3952   23.4098   25.8296   27.8325
   28.4041   29.9218   30.9343   33.2726   33.8032   34.2928   35.4782   36.8840   41.3001   42.2559
   53.4398   54.8494   56.8634   57.6619   60.1484   62.8446   64.3526   67.1504   67.5992   69.5158
   73.8805   84.1412   86.4907   86.6713
  85  1 -108.7182 -107.0592  -69.1703  -69.1577  -69.1464  -67.4315  -67.4274  -67.4122  -24.1126  -23.1816
         -11.6552  -10.4683  -10.2544   -9.8868   -8.8055   -8.5511   -6.9064   -6.4154   -6.2857   -6.0165
   -5.7971   -5.5484   -5.2233   -5.1756   -3.7031   -3.2321    0.2434    4.0555    5.6741    7.2229
   10.3776   11.6573   13.2769   13.6009   17.8059   20.3648   23.7978   26.3149   26.8815   28.5490
   28.7981   30.0287   31.1725   31.6497   33.7990   35.3024   36.2126   38.1139   38.6098   45.7369
   51.2825   55.3252   55.3577   56.7623   60.5754   64.8559   65.0100   65.0779   67.5176   68.1275
   76.6461   83.6112   85.8170   89.6241
  86  1 -108.7172 -107.0579  -69.1701  -69.1641  -69.1512  -67.4358  -67.4314  -67.4161  -23.7526  -23.1645
         -11.3340  -11.0625  -10.3703   -9.9340   -9.2857   -9.0630   -6.7325   -6.4144   -6.1732   -6.1126
   -5.7954   -5.4966   -5.2612   -5.0815   -3.6027   -3.2981    1.6277    4.7455    5.9370    6.7278
    8.9154    9.8453   10.8968   12.9567   18.6790   22.2035   23.2961   24.6825   28.8659   29.6041
   30.4406   31.1639   31.6255   34.2365   35.5775   35.7196   38.1623   38.9540   43.7222   46.5466
   48.0648   51.1172   52.4035   55.6666   64.4213   65.3014   65.5186   69.7029   70.1290   74.0419
   79.2141   82.4638   88.2908  105.4883
  87  1 -108.7166 -107.0572  -69.1699  -69.1679  -69.1584  -67.4403  -67.4313  -67.4235  -23.3610  -23.1439
         -11.6444  -11.1295  -10.3709  -10.0046   -9.7511   -9.5412   -6.5295   -6.4349   -6.2474   -5.9465
   -5.7534   -5.3481   -5.2284   -5.0994   -3.6197   -3.1516    2.9807    4.6324    6.0717    6.7002
    7.0174    8.2932   10.8272   11.7279   19.6476   20.6676   24.4622   26.4369   28.7502   29.5241
   30.6183   31.4382   34.2243   35.5506   36.6554   37.0687   39.2401   42.1646   43.6040   46.1158
   47.7834   48.8332   55.4015   55.5080   61.9077   63.7537   68.5241   70.3422   72.1890   75.1100
   80.2466   80.4566   83.4203  126.7724
  88  1 -108.7163 -107.0571  -69.1705  -69.1687  -69.1613  -67.4401  -67.4314  -67.4283  -23.1875  -23.1343
         -11.8559  -10.9442  -10.6392  -10.2970   -9.8465   -9.3837   -6.6197   -6.3519   -6.2355   -5.9250
   -5.6184   -5.3342   -5.1988   -5.0993   -3.4650   -3.2090    3.6580    4.4006    5.6479    6.3578
    6.4871    7.9494   11.2409   12.0785   17.6470   22.3704   23.4091   28.3863   29.9217   30.4276
   30.9526   31.3468   33.2381   33.2749   35.4794   40.2802   40.8425   41.3011   42.2574   45.2829
   47.6297   53.4396   54.8489   55.1214   62.8443   67.1501   67.5974   67.7244   73.8753   74.7597
   76.1114   77.2606   86.6703  124.0223
  89  1 -108.7171 -107.0578  -69.1732  -69.1695  -69.1537  -67.4434  -67.4311  -67.4206  -23.3406  -23.1576
         -12.1310  -11.1311  -10.0314   -9.9353   -9.5383   -9.4102   -6.8391   -6.4026   -6.1763   -5.9063
   -5.8431   -5.4431   -5.1544   -5.1023   -3.4609   -2.8370    2.0890    3.8343    6.2157    6.5206
    7.9688    9.6877   11.3222   11.7668   17.1658   22.7186   23.2329   25.5465   27.7638   30.3668
   31.0094   31.7736   32.9478   34.9973   37.5849   38.0904   42.6194   43.2630   43.2880   44.2318
   44.5461   50.9554   55.0210   56.4509   58.0805   64.9789   66.1475   68.5339   74.5611   76.0118
   76.4330   82.7792   83.5046  209.0486
  90  1 -108.7174 -107.0582  -69.1700  -69.1656  -69.1497  -67.4349  -67.4309  -67.4173  -23.7722  -23.1440
         -11.1800  -11.1069  -10.3699   -9.8106   -9.5658   -9.2148   -6.6457   -6.4267   -6.1788   -5.9804
   -5.7007   -5.5755   -5.2183   -5.0978   -3.6672   -3.0550    1.1406    4.6342    6.0706    7.0174
    7.9140   10.7779   10.8644   13.3118   19.6482   20.6521   23.0695   26.4357   27.6062   28.7504
   29.8857   30.6128   31.8856   32.9318   35.9419   37.0672   39.2398   42.1631   42.3117   43.6047
   47.7831   50.8293   53.3150   55.4832   57.8318   64.4004   68.5201   70.3441   70.8616   75.1149
   77.0013   80.2474   83.8940  126.7734
  91  1 -108.7189 -107.0601  -69.1704  -69.1551  -69.1438  -67.4314  -67.4215  -67.4124  -24.2542  -23.1877
         -11.8546  -10.2827  -10.0273   -9.6442   -8.9161   -8.4238   -6.6857   -6.4205   -6.3413   -6.2390
   -5.7365   -5.5505   -5.2198   -5.1645   -3.4575   -3.3727   -0.4666    3.6554    5.6446    7.9457
   11.1161   11.2647   12.6710   15.6917   18.4211   22.3117   22.3952   23.4098   25.8296   27.8325
   28.4041   29.9218   30.9343   33.2726   33.8032   34.2928   35.4782   36.8840   41.3001   42.2559
   53.4398   54.8494   56.8634   57.6619   60.1484   62.8446   64.3526   67.1504   67.5992   69.5159
   73.8804   84.1412   86.4907   86.6713
  92  1 -108.7204 -107.0620  -69.1711  -69.1469  -69.1399  -67.4321  -67.4110  -67.4097  -24.5259  -23.2674
         -12.2786  -10.1277   -9.9191   -8.5845   -8.1378   -8.1322   -6.7961   -6.6575   -6.5184   -6.0867
   -5.9438   -5.5658   -5.3492   -5.2696   -3.2777   -3.1898   -1.7288    2.2094    5.9599    9.6511
   11.5391   13.2807   15.9725   15.9755   19.6958   19.6975   21.2890   22.7729   24.5330   25.5431
   26.0883   26.0907   31.9233   33.8915   34.0089   35.1606   35.1668   35.6015   39.5966   41.4923
   54.4293   55.4486   57.4019   59.5166   60.5074   60.5080   60.7453   63.3622   65.0777   69.8749
   70.2291   77.2874   86.7517   86.7517
  93  1 -108.7202 -107.0617  -69.1715  -69.1452  -69.1418  -67.4327  -67.4133  -67.4076  -24.4715  -23.3408
         -12.1299  -10.0126   -9.9645   -9.1037   -7.8878   -7.8837   -6.9323   -6.6550   -6.3729   -6.2988
   -6.0540   -5.5513   -5.4042   -5.2825   -3.6186   -2.9505   -1.2687    2.0860    6.2148    9.6869
   11.7641   14.8044   14.8053   15.9153   15.9293   22.7185   23.2261   23.3692   23.3742   24.6449
   25.5428   27.0780   31.7704   32.9474   34.8282   34.8294   34.9940   35.2625   37.5850   44.5408
   50.9548   55.0207   56.4500   57.8736   60.6420   60.6448   63.0208   64.9757   65.7978   66.1483
   76.0137   76.4323   86.1880   87.0939
  94  1 -108.7187 -107.0596  -69.1711  -69.1525  -69.1464  -67.4326  -67.4234  -67.4103  -24.1126  -23.3611
         -11.6433  -10.3703   -9.9797   -9.6806   -8.8245   -8.5408   -6.8169   -6.5733   -6.3302   -6.1400
   -5.7080   -5.5532   -5.2774   -5.1187   -3.7647   -3.2545    0.2430    2.9805    6.6956    8.2904
   10.3769   11.7275   13.2784   13.5985   17.8048   20.6692   23.7994   24.4628   26.8822   28.5623
   28.7809   29.5372   31.4340   33.7989   34.2233   35.3030   35.5491   36.6534   38.1168   46.1181
   48.8294   55.3195   55.4291   56.7648   60.5746   61.9085   63.7559   65.0766   67.5172   72.1883
   80.4542   83.4189   83.6124   85.8170
  95  1 -108.7177 -107.0583  -69.1703  -69.1643  -69.1511  -67.4358  -67.4318  -67.4160  -23.6123  -23.3120
         -11.5452  -11.3682   -9.8036   -9.6393   -9.4305   -9.1226   -6.8119   -6.5582   -6.2322   -6.0957
   -5.7002   -5.3565   -5.2373   -5.0445   -3.4448   -3.3429    1.6149    3.4117    7.0439    7.2471
    8.1350   10.8472   11.7275   12.3583   17.6705   19.6752   24.4173   27.0373   27.8149   28.2628
   29.9639   33.4212   33.7048   34.1265   35.9092   37.1934   38.2970   39.0843   43.4193   46.1316
   47.0909   51.0039   51.2242   56.1090   59.0683   62.2044   63.4767   67.6995   71.4858   76.6495
   80.6917   80.9366   85.8800  112.8337
  96  1 -108.7173 -107.0580  -69.1726  -69.1697  -69.1541  -67.4437  -67.4313  -67.4201  -23.2674  -23.2253
         -12.2799  -11.3042  -10.1204   -9.8825   -9.3872   -8.8837   -7.1264   -6.4180   -6.2358   -5.9141
   -5.7679   -5.3354   -5.1932   -5.1025   -3.2140   -3.0670    2.2118    3.3485    5.9594    6.6456
    8.6267    9.6551   11.5385   12.6989   15.4514   21.2873   24.5363   25.5535   27.6317   29.8570
   31.9245   33.8920   35.5319   35.6042   35.6984   39.5972   40.8631   41.4935   41.9659   44.0961
   45.5741   54.4291   55.4518   59.5062   59.6497   60.7447   67.9992   69.8728   70.1559   70.3424
   77.2856   82.8007   92.9560  154.9366
  97  1 -108.7173 -107.0580  -69.1751  -69.1697  -69.1515  -67.4462  -67.4312  -67.4178  -23.2683  -23.2243
         -12.2802  -11.3045  -10.0924   -9.9263   -9.3767   -8.8615   -7.2014   -6.3960   -6.1724   -5.8494
   -5.7390   -5.5108   -5.1997   -5.0486   -3.1378   -3.1347    2.2112    3.3489    5.9594    6.6450
    8.6269    9.6531   11.5368   12.7019   15.4519   21.2889   24.5368   25.5543   27.6262   29.8589
   31.9248   33.8919   35.5183   35.6159   35.6989   39.5982   40.8640   41.4939   41.9634   44.0986
   45.5728   54.4285   55.4522   59.5080   59.6485   60.7441   67.9993   69.8667   70.2282   70.2770
   77.2857   82.8007   92.9571  154.9383
  98  1 -108.7173 -107.0580  -69.1709  -69.1690  -69.1501  -67.4411  -67.4310  -67.4163  -23.6123  -23.1342
         -11.5331  -10.9424  -10.6418   -9.7493   -9.7088   -9.0842   -6.9103   -6.3363   -6.0769   -5.8937
   -5.6790   -5.6267   -5.1036   -5.0648   -3.4570   -3.2603    1.6152    4.4052    6.3540    6.4869
    7.2340   10.8474   12.0631   12.3700   17.6482   19.6780   24.4172   27.0404   28.3804   29.9720
   30.4498   31.3455   33.2376   33.4223   34.1255   37.1933   40.2810   40.8431   43.4193   45.2813
   47.6278   51.0066   51.2224   55.1200   56.1101   63.4776   67.7212   71.4856   74.7524   76.1049
   76.6558   77.2652   80.9317  124.0243
  99  1 -108.7182 -107.0592  -69.1703  -69.1577  -69.1464  -67.4315  -67.4274  -67.4122  -24.1126  -23.1816
         -11.6552  -10.4683  -10.2544   -9.8868   -8.8055   -8.5511   -6.9064   -6.4154   -6.2857   -6.0165
   -5.7971   -5.5484   -5.2233   -5.1756   -3.7031   -3.2321    0.2434    4.0555    5.6741    7.2229
   10.3776   11.6573   13.2769   13.6009   17.8059   20.3648   23.7978   26.3149   26.8815   28.5490
   28.7981   30.0287   31.1725   31.6497   33.7990   35.3024   36.2126   38.1139   38.6098   45.7369
   51.2825   55.3252   55.3577   56.7623   60.5754   64.8559   65.0100   65.0779   67.5177   68.1274
   76.6461   83.6112   85.8170   89.6241
 100  1 -108.7202 -107.0617  -69.1715  -69.1452  -69.1418  -67.4327  -67.4133  -67.4076  -24.4715  -23.3408
         -12.1299  -10.0126   -9.9645   -9.1037   -7.8878   -7.8837   -6.9323   -6.6550   -6.3729   -6.2988
   -6.0540   -5.5513   -5.4042   -5.2825   -3.6186   -2.9505   -1.2687    2.0860    6.2148    9.6869
   11.7641   14.8044   14.8053   15.9153   15.9293   22.7185   23.2261   23.3692   23.3742   24.6449
   25.5428   27.0780   31.7704   32.9474   34.8282   34.8294   34.9940   35.2625   37.5850   44.5408
   50.9548   55.0207   56.4500   57.8736   60.6420   60.6448   63.0208   64.9757   65.7978   66.1483
   76.0137   76.4323   86.1880   87.0939
 101  1 -108.7210 -107.0626  -69.1721  -69.1414  -69.1382  -67.4334  -67.4079  -67.4049  -24.5260  -23.5197
         -12.0094   -9.8494   -9.8471   -8.5857   -8.0886   -8.0853   -6.8605   -6.8565   -6.4706   -5.8395
   -5.8395   -5.5583   -5.5582   -5.4151   -3.1474   -3.1458   -1.7303    1.0878    6.6147   12.0601
   12.0620   13.2798   15.9722   15.9738   19.6967   19.6990   22.3573   22.6820   22.6822   22.7776
   26.0811   26.0814   32.4111   32.8494   32.8499   34.0091   35.1637   35.1663   40.8436   40.8440
   48.8303   52.2760   52.2783   57.3998   60.5043   60.5076   62.9029   63.3636   65.0796   71.5795
   75.7453   75.7455   86.7515   86.7515
 102  1 -108.7198 -107.0610  -69.1720  -69.1451  -69.1415  -67.4335  -67.4133  -67.4071  -24.2542  -23.6124
         -11.5315   -9.9743   -9.6109   -9.5596   -8.7232   -8.4249   -6.8576   -6.7058   -6.1659   -6.0218
   -5.8233   -5.7184   -5.3422   -5.0429   -3.4518   -3.4278   -0.4675    1.6151    7.2319   10.8379
   11.1467   12.3525   12.6688   15.6924   18.4204   19.6777   22.3398   24.4183   25.8272   27.0399
   27.8383   28.4124   29.9607   33.4193   33.8052   34.1213   34.2924   36.8690   37.2067   43.4195
   51.0060   51.2220   56.1092   56.8625   57.6594   60.1470   63.4789   64.3556   69.5121   71.4898
   76.6493   80.9301   84.1414   86.4909
 103  1 -108.7183 -107.0590  -69.1711  -69.1579  -69.1460  -67.4327  -67.4274  -67.4117  -23.7723  -23.5640
         -11.3707  -11.1059   -9.7083   -9.4048   -9.0694   -8.7903   -7.0781   -6.4332   -6.4095   -6.0588
   -5.7437   -5.5087   -5.1779   -5.1687   -3.7618   -3.1292    1.1397    2.4334    7.9082    8.3571
    9.4787   10.8128   12.7566   13.3218   16.3818   20.6495   23.0712   27.1742   27.6079   28.1242
   29.8830   31.8773   32.1499   32.9323   33.5012   35.9418   36.8033   37.8124   42.3116   47.0989
   50.5118   50.8282   51.0021   53.3123   57.8342   63.9907   64.4000   66.4700   70.8614   77.0024
   77.7125   83.8943   84.2242   92.6119
 104  1 -108.7175 -107.0582  -69.1711  -69.1694  -69.1500  -67.4410  -67.4318  -67.4161  -23.4034  -23.3403
         -12.1312  -11.4049   -9.9578   -9.8964   -8.5944   -8.5936   -7.4886   -6.4807   -6.3329   -6.0783
   -5.7967   -5.4020   -5.2126   -5.0681   -3.4544   -2.9100    2.0883    2.8079    6.2122    7.3543
    9.6873   11.6484   11.7626   12.9917   12.9963   22.7191   23.2316   25.5467   27.4080   29.1087
   31.7743   32.9473   34.2865   34.2892   35.0014   37.5844   40.0750   40.0772   44.5420   47.9758
   47.9770   50.9553   55.0228   56.4499   56.7455   64.6627   64.9786   66.1478   67.2004   76.0121
   76.4324   85.7262   88.6139  121.2236
 105  1 -108.7168 -107.0574  -69.1728  -69.1695  -69.1539  -67.4431  -67.4314  -67.4207  -23.3123  -23.1871
         -11.8556  -11.3878  -10.2731   -9.8831   -9.4286   -9.3674   -6.8312   -6.3845   -6.2098   -5.8954
   -5.7904   -5.3937   -5.1792   -5.0734   -3.4524   -3.2823    3.4107    3.6571    5.6422    7.0605
    7.9477    8.1354   11.2419   11.7315   17.6710   22.3700   23.4108   27.8124   28.2549   29.9162
   30.9314   33.2702   33.7143   35.4789   35.9092   38.2966   39.0840   41.3026   42.2566   46.1329
   47.0915   53.4382   54.8493   59.0686   62.2045   62.8472   67.1518   67.5963   67.6989   73.8825
   80.6993   85.8758   86.6719  112.8335
 106  1 -108.7166 -107.0572  -69.1723  -69.1694  -69.1544  -67.4437  -67.4311  -67.4203  -23.3611  -23.1437
         -11.6443  -11.1317  -10.3790   -9.9027   -9.8816   -9.4966   -6.7070   -6.3633   -6.0357   -5.9047
   -5.7942   -5.5623   -5.1474   -5.0829   -3.6163   -3.1506    2.9804    4.6326    6.0724    6.6992
    7.0164    8.2921   10.8270   11.7292   19.6479   20.6698   24.4619   26.4359   28.7360   29.5446
   30.6083   31.4402   34.2245   35.5499   36.6543   37.0700   39.2405   42.1647   43.6040   46.1182
   47.7829   48.8301   55.4259   55.4846   61.9075   63.7551   68.5206   70.3451   72.1865   75.1149
   80.2378   80.4636   83.4208  126.7733
 107  1 -108.7172 -107.0579  -69.1701  -69.1641  -69.1512  -67.4358  -67.4314  -67.4161  -23.7526  -23.1645
         -11.3340  -11.0625  -10.3703   -9.9340   -9.2857   -9.0630   -6.7325   -6.4144   -6.1732   -6.1126
   -5.7954   -5.4966   -5.2612   -5.0815   -3.6027   -3.2981    1.6277    4.7455    5.9370    6.7278
    8.9154    9.8453   10.8968   12.9567   18.6790   22.2035   23.2961   24.6825   28.8659   29.6041
   30.4406   31.1639   31.6255   34.2365   35.5775   35.7196   38.1623   38.9540   43.7222   46.5466
   48.0648   51.1172   52.4035   55.6667   64.4213   65.3014   65.5186   69.7029   70.1291   74.0419
   79.2141   82.4638   88.2908  105.4883
 108  1 -108.7187 -107.0596  -69.1711  -69.1525  -69.1464  -67.4326  -67.4234  -67.4103  -24.1126  -23.3611
         -11.6433  -10.3703   -9.9797   -9.6806   -8.8245   -8.5408   -6.8169   -6.5733   -6.3302   -6.1400
   -5.7080   -5.5532   -5.2774   -5.1187   -3.7647   -3.2545    0.2430    2.9805    6.6956    8.2904
   10.3769   11.7275   13.2784   13.5985   17.8048   20.6692   23.7994   24.4628   26.8822   28.5623
   28.7809   29.5372   31.4339   33.7989   34.2233   35.3030   35.5491   36.6534   38.1168   46.1181
   48.8294   55.3195   55.4291   56.7648   60.5746   61.9084   63.7558   65.0766   67.5172   72.1883
   80.4543   83.4188   83.6124   85.8170
 109  1 -108.7198 -107.0610  -69.1720  -69.1451  -69.1415  -67.4335  -67.4133  -67.4071  -24.2542  -23.6124
         -11.5315   -9.9743   -9.6109   -9.5596   -8.7232   -8.4249   -6.8576   -6.7058   -6.1659   -6.0218
   -5.8233   -5.7184   -5.3422   -5.0429   -3.4518   -3.4278   -0.4675    1.6151    7.2319   10.8379
   11.1467   12.3525   12.6688   15.6924   18.4204   19.6777   22.3398   24.4183   25.8272   27.0399
   27.8383   28.4124   29.9607   33.4193   33.8052   34.1213   34.2924   36.8690   37.2067   43.4195
   51.0059   51.2220   56.1092   56.8625   57.6594   60.1470   63.4789   64.3556   69.5121   71.4898
   76.6494   80.9301   84.1414   86.4909
 110  1 -108.7195 -107.0606  -69.1721  -69.1467  -69.1400  -67.4337  -67.4106  -67.4100  -24.1126  -23.7723
         -11.1610  -10.3604   -9.7100   -9.2924   -8.7956   -8.5043   -6.9216   -6.6851   -6.1786   -6.0187
   -5.8966   -5.4937   -5.3870   -5.2078   -3.8092   -3.1479    0.2421    1.1416    7.9130   10.3763
   10.8109   13.2779   13.2951   13.6147   17.8061   20.6521   23.0712   23.8012   26.8746   27.6094
   28.5651   28.7939   29.8831   31.8761   32.9312   33.8024   35.3003   35.9398   38.1162   42.3112
   50.8288   53.3145   55.3216   56.7643   57.8311   60.5741   64.3994   65.0781   67.5176   70.8633
   77.0032   83.6036   83.9007   85.8170
 111  1 -108.7184 -107.0592  -69.1714  -69.1549  -69.1438  -67.4330  -67.4210  -67.4125  -23.7535  -23.7519
         -11.2176  -10.9526   -9.6335   -9.1064   -9.0818   -9.0103   -6.7581   -6.6618   -6.4610   -6.0644
   -5.8479   -5.4653   -5.2794   -5.1499   -3.7192   -3.3406    1.6131    1.6434    8.9063    8.9231
    9.8021    9.8840   12.8961   13.0215   18.6775   18.6825   24.6741   24.6904   28.8731   28.9045
   31.1298   31.1952   31.5817   31.6440   34.2102   34.2634   35.5631   35.5965   43.7142   43.7302
   51.1075   51.1274   52.3967   52.4120   64.3658   64.4787   65.2997   65.3025   74.0226   74.0621
   82.4147   82.5132   88.2763   88.3035
 112  1 -108.7174 -107.0580  -69.1707  -69.1655  -69.1497  -67.4347  -67.4318  -67.4173  -23.5641  -23.3609
         -11.6553  -11.3121   -9.9783   -9.7085   -9.1905   -8.8069   -7.0047   -6.5046   -6.2912   -6.1350
   -5.7204   -5.3706   -5.2571   -5.0377   -3.7212   -3.2328    2.4335    2.9821    6.6924    8.2817
    8.3653    9.4790   11.7281   12.7681   16.3818   20.6684   24.4619   27.1732   28.1258   29.5208
   31.4325   32.1494   33.5014   34.2250   35.5519   36.6532   36.8006   37.8146   46.1183   47.0994
   48.8300   50.5138   51.0012   55.4277   61.9077   63.7558   63.9928   66.4708   72.1877   77.7121
   80.4550   83.4188   84.2242   92.6111
 113  1 -108.7166 -107.0572  -69.1714  -69.1689  -69.1559  -67.4383  -67.4311  -67.4257  -23.3610  -23.1438
         -11.6419  -11.1289  -10.3739  -10.0060   -9.7510   -9.5403   -6.5262   -6.4358   -6.2497   -5.9478
   -5.7519   -5.3472   -5.2301   -5.0984   -3.6199   -3.1526    2.9820    4.6326    6.0686    6.7010
    7.0196    8.2934   10.8267   11.7286   19.6486   20.6688   24.4612   26.4370   28.7490   29.5223
   30.6186   31.4377   34.2220   35.5509   36.6543   37.0681   39.2405   42.1655   43.6052   46.1188
   47.7811   48.8325   55.4020   55.5080   61.9098   63.7534   68.5203   70.3467   72.1906   75.1094
   80.2478   80.4552   83.4193  126.7733
 114  1 -108.7160 -107.0566  -69.1704  -69.1686  -69.1617  -67.4401  -67.4314  -67.4285  -23.1680  -23.1609
         -11.3322  -11.2873  -10.4006  -10.3385   -9.9250   -9.8101   -6.3986   -6.3383   -6.1875   -5.9825
   -5.7539   -5.4771   -5.1645   -5.1471   -3.4891   -3.2557    4.7194    4.7708    5.8795    6.0021
    6.7124    6.7436   10.8890   10.9023   22.1586   22.2463   23.2657   23.3270   29.4388   29.7299
   30.3582   30.5375   35.7114   35.7219   38.1452   38.1778   38.9440   38.9672   46.5212   46.5731
   48.0414   48.0900   55.6466   55.6868   65.4532   65.5833   69.6851   69.7171   70.1241   70.1383
   79.1743   79.2521  105.4612  105.5151
 115  1 -108.7166 -107.0572  -69.1699  -69.1679  -69.1584  -67.4403  -67.4313  -67.4235  -23.3610  -23.1439
         -11.6444  -11.1295  -10.3709  -10.0046   -9.7511   -9.5412   -6.5295   -6.4349   -6.2474   -5.9465
   -5.7534   -5.3481   -5.2284   -5.0994   -3.6197   -3.1516    2.9807    4.6324    6.0717    6.7002
    7.0174    8.2932   10.8272   11.7279   19.6476   20.6676   24.4622   26.4369   28.7502   29.5241
   30.6183   31.4382   34.2243   35.5506   36.6554   37.0687   39.2401   42.1646   43.6040   46.1158
   47.7834   48.8332   55.4015   55.5080   61.9077   63.7537   68.5241   70.3422   72.1889   75.1101
   80.2467   80.4566   83.4204  126.7725
 116  1 -108.7177 -107.0583  -69.1703  -69.1643  -69.1511  -67.4358  -67.4318  -67.4160  -23.6123  -23.3120
         -11.5452  -11.3682   -9.8036   -9.6393   -9.4305   -9.1226   -6.8119   -6.5582   -6.2322   -6.0957
   -5.7002   -5.3565   -5.2373   -5.0445   -3.4448   -3.3429    1.6149    3.4117    7.0439    7.2471
    8.1350   10.8472   11.7275   12.3583   17.6705   19.6752   24.4173   27.0373   27.8149   28.2628
   29.9639   33.4212   33.7048   34.1265   35.9091   37.1934   38.2970   39.0843   43.4193   46.1316
   47.0909   51.0039   51.2242   56.1090   59.0683   62.2044   63.4767   67.6995   71.4858   76.6494
   80.6918   80.9366   85.8802  112.8336
 117  1 -108.7183 -107.0590  -69.1711  -69.1579  -69.1460  -67.4327  -67.4274  -67.4117  -23.7723  -23.5640
         -11.3707  -11.1059   -9.7083   -9.4048   -9.0694   -8.7903   -7.0781   -6.4332   -6.4095   -6.0588
   -5.7437   -5.5087   -5.1779   -5.1687   -3.7618   -3.1292    1.1397    2.4334    7.9082    8.3571
    9.4787   10.8128   12.7566   13.3218   16.3818   20.6495   23.0712   27.1742   27.6079   28.1242
   29.8830   31.8773   32.1499   32.9323   33.5012   35.9418   36.8033   37.8124   42.3116   47.0989
   50.5118   50.8282   51.0021   53.3123   57.8342   63.9907   64.4000   66.4700   70.8614   77.0024
   77.7126   83.8943   84.2242   92.6118
 118  1 -108.7184 -107.0592  -69.1714  -69.1549  -69.1438  -67.4330  -67.4210  -67.4125  -23.7535  -23.7519
         -11.2176  -10.9526   -9.6335   -9.1064   -9.0818   -9.0103   -6.7581   -6.6618   -6.4610   -6.0644
   -5.8479   -5.4653   -5.2794   -5.1499   -3.7192   -3.3406    1.6131    1.6434    8.9063    8.9231
    9.8021    9.8840   12.8961   13.0215   18.6775   18.6825   24.6741   24.6904   28.8731   28.9045
   31.1298   31.1952   31.5817   31.6440   34.2102   34.2634   35.5631   35.5965   43.7142   43.7302
   51.1075   51.1274   52.3967   52.4120   64.3658   64.4787   65.2997   65.3025   74.0226   74.0621
   82.4147   82.5132   88.2762   88.3035
 119  1 -108.7183 -107.0590  -69.1711  -69.1601  -69.1438  -67.4327  -67.4250  -67.4141  -23.7723  -23.5640
         -11.3708  -11.1039   -9.7102   -9.4042   -9.0679   -8.7928   -7.0784   -6.4299   -6.4104   -6.0597
   -5.7446   -5.5086   -5.1763   -5.1702   -3.7622   -3.1309    1.1415    2.4329    7.9090    8.3588
    9.4780   10.8129   12.7564   13.3234   16.3808   20.6506   23.0704   27.1743   27.6059   28.1254
   29.8811   31.8762   32.1491   32.9316   33.5028   35.9418   36.8039   37.8126   42.3121   47.0974
   50.5134   50.8292   50.9999   53.3135   57.8327   63.9894   64.4019   66.4714   70.8609   77.0038
   77.7121   83.8940   84.2242   92.6116
 120  1 -108.7177 -107.0583  -69.1707  -69.1668  -69.1484  -67.4336  -67.4313  -67.4186  -23.6123  -23.3120
         -11.5429  -11.3680   -9.8054   -9.6399   -9.4313   -9.1223   -6.8108   -6.5580   -6.2325   -6.0965
   -5.7001   -5.3547   -5.2391   -5.0441   -3.4455   -3.3444    1.6163    3.4117    7.0441    7.2484
    8.1350   10.8483   11.7275   12.3585   17.6705   19.6768   24.4167   27.0352   27.8148   28.2627
   29.9612   33.4191   33.7047   34.1260   35.9091   37.1948   38.2970   39.0843   43.4202   46.1316
   47.0909   51.0048   51.2233   56.1093   59.0683   62.2044   63.4785   67.6995   71.4858   76.6499
   80.6918   80.9370   85.8800  112.8337
 121  1 -108.7171 -107.0578  -69.1751  -69.1695  -69.1517  -67.4415  -67.4309  -67.4227  -23.3407  -23.1576
         -12.1290  -11.1311  -10.0331   -9.9354   -9.5389   -9.4103   -6.8390   -6.4007   -6.1780   -5.9076
   -5.8428   -5.4417   -5.1534   -5.1032   -3.4621   -2.8375    2.0882    3.8343    6.2199    6.5206
    7.9688    9.6883   11.3222   11.7669   17.1658   22.7170   23.2321   25.5459   27.7637   30.3668
   31.0094   31.7743   32.9451   34.9985   37.5853   38.0904   42.6194   43.2630   43.2880   44.2317
   44.5464   50.9560   55.0207   56.4493   58.0805   64.9776   66.1491   68.5339   74.5611   76.0135
   76.4335   82.7792   83.5047  209.0486
 122  1 -108.7161 -107.0568  -69.1720  -69.1692  -69.1594  -67.4379  -67.4312  -67.4309  -23.1817  -23.1437
         -11.6528  -11.1325  -10.4266  -10.3441   -9.8206   -9.6570   -6.4984   -6.3194   -6.2514   -5.9337
   -5.7125   -5.4063   -5.1882   -5.1066   -3.5723   -3.1282    4.0579    4.6280    5.6791    6.0757
    7.0167    7.2265   10.8265   11.6606   19.6475   20.3633   26.2983   26.4518   28.7578   30.0043
   30.6248   31.1768   31.6493   36.2119   37.0678   38.6079   39.2415   42.1646   43.6054   45.7380
   47.7830   51.2839   55.3576   55.4850   64.8549   65.0140   68.1237   68.5217   70.3458   75.1129
   76.6457   80.2464   89.6234  126.7737
 123  1 -108.7163 -107.0571  -69.1705  -69.1687  -69.1613  -67.4401  -67.4314  -67.4283  -23.1875  -23.1343
         -11.8559  -10.9442  -10.6392  -10.2970   -9.8465   -9.3837   -6.6197   -6.3519   -6.2355   -5.9250
   -5.6184   -5.3342   -5.1988   -5.0993   -3.4650   -3.2090    3.6580    4.4006    5.6479    6.3578
    6.4871    7.9494   11.2409   12.0785   17.6470   22.3704   23.4091   28.3863   29.9217   30.4276
   30.9526   31.3468   33.2381   33.2749   35.4794   40.2802   40.8425   41.3011   42.2574   45.2829
   47.6297   53.4396   54.8489   55.1214   62.8443   67.1501   67.5974   67.7244   73.8753   74.7597
   76.1114   77.2608   86.6702  124.0224
 124  1 -108.7173 -107.0580  -69.1726  -69.1697  -69.1541  -67.4437  -67.4313  -67.4201  -23.2674  -23.2253
         -12.2799  -11.3042  -10.1204   -9.8825   -9.3872   -8.8837   -7.1264   -6.4180   -6.2358   -5.9141
   -5.7679   -5.3354   -5.1932   -5.1025   -3.2140   -3.0670    2.2118    3.3485    5.9594    6.6456
    8.6267    9.6551   11.5385   12.6989   15.4514   21.2873   24.5363   25.5535   27.6317   29.8570
   31.9245   33.8920   35.5319   35.6042   35.6984   39.5972   40.8631   41.4935   41.9658   44.0961
   45.5741   54.4291   55.4518   59.5062   59.6497   60.7447   67.9992   69.8728   70.1559   70.3424
   77.2856   82.8007   92.9565  154.9368
 125  1 -108.7175 -107.0582  -69.1711  -69.1694  -69.1500  -67.4410  -67.4318  -67.4161  -23.4034  -23.3403
         -12.1312  -11.4049   -9.9578   -9.8964   -8.5944   -8.5936   -7.4886   -6.4807   -6.3329   -6.0783
   -5.7967   -5.4020   -5.2126   -5.0681   -3.4544   -2.9100    2.0883    2.8079    6.2122    7.3543
    9.6873   11.6484   11.7626   12.9917   12.9963   22.7191   23.2316   25.5467   27.4080   29.1087
   31.7743   32.9473   34.2865   34.2892   35.0014   37.5844   40.0750   40.0772   44.5420   47.9758
   47.9770   50.9553   55.0228   56.4499   56.7455   64.6627   64.9786   66.1478   67.2004   76.0121
   76.4324   85.7262   88.6144  121.2234
 126  1 -108.7174 -107.0580  -69.1707  -69.1655  -69.1497  -67.4347  -67.4318  -67.4173  -23.5641  -23.3609
         -11.6553  -11.3121   -9.9783   -9.7085   -9.1905   -8.8069   -7.0047   -6.5046   -6.2912   -6.1350
   -5.7204   -5.3706   -5.2571   -5.0377   -3.7212   -3.2328    2.4335    2.9821    6.6924    8.2817
    8.3653    9.4790   11.7281   12.7681   16.3818   20.6684   24.4619   27.1732   28.1258   29.5208
   31.4325   32.1494   33.5014   34.2250   35.5519   36.6532   36.8006   37.8146   46.1183   47.0994
   48.8300   50.5138   51.0012   55.4277   61.9077   63.7558   63.9928   66.4708   72.1877   77.7123
   80.4550   83.4188   84.2242   92.6110
 127  1 -108.7177 -107.0583  -69.1707  -69.1668  -69.1484  -67.4336  -67.4313  -67.4186  -23.6123  -23.3120
         -11.5429  -11.3680   -9.8054   -9.6399   -9.4313   -9.1223   -6.8108   -6.5580   -6.2325   -6.0965
   -5.7001   -5.3547   -5.2391   -5.0441   -3.4455   -3.3444    1.6163    3.4117    7.0441    7.2484
    8.1350   10.8483   11.7275   12.3585   17.6705   19.6768   24.4167   27.0352   27.8148   28.2627
   29.9612   33.4191   33.7047   34.1260   35.9092   37.1948   38.2970   39.0843   43.4202   46.1316
   47.0909   51.0048   51.2233   56.1093   59.0683   62.2044   63.4785   67.6995   71.4858   76.6500
   80.6918   80.9370   85.8800  112.8337
 128  1 -108.7178 -107.0585  -69.1732  -69.1695  -69.1476  -67.4391  -67.4311  -67.4183  -23.5195  -23.2255
         -12.0085  -11.3028   -9.8518   -9.8168   -9.3499   -8.8695   -7.1822   -6.3511   -6.2101   -5.9113
   -5.8125   -5.4604   -5.1732   -5.1338   -3.1019   -3.0215    1.0886    3.3501    6.5985    6.6639
    8.6282   12.0575   12.0626   12.7044   15.4523   22.3612   22.6790   22.6801   27.6275   29.8556
   32.4088   32.8517   32.8529   35.5380   35.6975   40.8304   40.8458   40.8763   41.9654   44.0960
   45.5744   48.8289   52.2768   52.2769   59.6401   62.9039   67.9990   70.2659   71.5775   75.7456
   75.7478   82.8010   92.9565  154.9365
 129  1 -108.7177 -107.0585  -69.1778  -69.1698  -69.1491  -67.4442  -67.4311  -67.4200  -23.2719  -23.2127
         -12.5980  -11.3295  -10.0211   -9.9945   -8.6171   -8.6125   -7.6220   -6.5121   -6.2204   -5.9870
   -5.8528   -5.4147   -5.1900   -5.0615   -2.8738   -2.7918    1.2885    2.9244    6.0180    6.5784
   10.9483   11.3903   11.3912   12.9965   12.9968   21.2730   23.3397   23.3397   27.3254   30.2826
   32.8369   35.7256   35.7257   37.3313   37.3326   39.4047   39.4078   42.1377   42.1403   43.7695
   43.7712   51.1972   59.6108   59.6117   60.5528   63.4490   65.2884   65.2887   68.2610   74.7720
   78.6865   85.4679   94.1239  241.7001
 130  1 -108.7173 -107.0580  -69.1751  -69.1697  -69.1516  -67.4413  -67.4311  -67.4227  -23.2674  -23.2253
         -12.2775  -11.3039  -10.1229   -9.8826   -9.3901   -8.8810   -7.1267   -6.4158   -6.2373   -5.9153
   -5.7681   -5.3341   -5.1915   -5.1037   -3.2156   -3.0677    2.2113    3.3489    5.9635    6.6448
    8.6260    9.6561   11.5387   12.6999   15.4516   21.2869   24.5354   25.5522   27.6310   29.8571
   31.9229   33.8892   35.5307   35.6055   35.6992   39.5964   40.8645   41.4953   41.9633   44.0986
   45.5727   54.4294   55.4514   59.5073   59.6492   60.7456   67.9995   69.8718   70.1564   70.3429
   77.2872   82.8006   92.9567  154.9381
 131  1 -108.7168 -107.0575  -69.1712  -69.1690  -69.1560  -67.4381  -67.4313  -67.4257  -23.2547  -23.2460
         -11.5791  -11.5526  -10.2571  -10.1175   -9.5536   -9.2584   -6.6542   -6.5754   -6.2390   -5.9130
   -5.5751   -5.1980   -5.1893   -5.1169   -3.4585   -3.4543    3.5046    3.5855    6.1516    6.2816
    7.8163    7.8614   12.0071   12.0962   18.2274   18.2850   27.3419   27.4624   28.8429   28.9825
   32.4174   32.4505   34.9797   35.0456   36.7624   36.7907   40.6122   40.6214   42.9838   43.0332
   49.2314   49.2367   58.6306   58.7249   62.3181   62.3919   65.1784   65.2103   76.7323   76.8230
   78.3761   78.3936   90.3644   90.4368
 132  1 -108.7173 -107.0580  -69.1731  -69.1696  -69.1537  -67.4433  -67.4313  -67.4205  -23.2674  -23.2253
         -12.2797  -11.3035  -10.1222   -9.8808   -9.3883   -8.8837   -7.1258   -6.4178   -6.2360   -5.9152
   -5.7670   -5.3355   -5.1942   -5.1017   -3.2143   -3.0664    2.2117    3.3495    5.9588    6.6441
    8.6274    9.6560   11.5376   12.6989   15.4523   21.2882   24.5366   25.5538   27.6311   29.8568
   31.9229   33.8913   35.5320   35.6039   35.6973   39.5962   40.8621   41.4962   41.9653   44.0974
   45.5747   54.4283   55.4520   59.5080   59.6503   60.7446   67.9991   69.8719   70.1558   70.3426
   77.2860   82.8005   92.9565  154.9369
 133  1 -108.7177 -107.0585  -69.1756  -69.1697  -69.1514  -67.4464  -67.4312  -67.4176  -23.2719  -23.2127
         -12.6003  -11.3296  -10.0193   -9.9937   -8.6160   -8.6137   -7.6220   -6.5131   -6.2191   -5.9888
   -5.8500   -5.4163   -5.1930   -5.0591   -2.8717   -2.7906    1.2888    2.9244    6.0129    6.5784
   10.9483   11.3887   11.3905   12.9954   12.9979   21.2758   23.3407   23.3413   27.3255   30.2826
   32.8400   35.7228   35.7241   37.3311   37.3328   39.4054   39.4084   42.1377   42.1402   43.7696
   43.7711   51.1994   59.6105   59.6121   60.5528   63.4489   65.2876   65.2879   68.2610   74.7703
   78.6865   85.4679   94.1247  241.7001
 134  1 -108.7173 -107.0580  -69.1731  -69.1696  -69.1537  -67.4433  -67.4313  -67.4205  -23.2674  -23.2253
         -12.2797  -11.3035  -10.1222   -9.8808   -9.3883   -8.8837   -7.1258   -6.4178   -6.2360   -5.9152
   -5.7670   -5.3355   -5.1942   -5.1017   -3.2143   -3.0664    2.2117    3.3495    5.9588    6.6441
    8.6274    9.6560   11.5376   12.6989   15.4523   21.2882   24.5366   25.5538   27.6311   29.8568
   31.9229   33.8913   35.5320   35.6039   35.6973   39.5962   40.8621   41.4962   41.9653   44.0974
   45.5747   54.4283   55.4520   59.5080   59.6503   60.7446   67.9991   69.8719   70.1558   70.3426
   77.2860   82.8005   92.9565  154.9369
 135  1 -108.7168 -107.0575  -69.1712  -69.1690  -69.1560  -67.4381  -67.4313  -67.4257  -23.2547  -23.2460
         -11.5791  -11.5526  -10.2571  -10.1175   -9.5536   -9.2584   -6.6542   -6.5754   -6.2390   -5.9130
   -5.5751   -5.1980   -5.1893   -5.1169   -3.4585   -3.4543    3.5046    3.5855    6.1516    6.2816
    7.8163    7.8614   12.0071   12.0962   18.2274   18.2850   27.3419   27.4624   28.8429   28.9825
   32.4174   32.4505   34.9797   35.0456   36.7624   36.7907   40.6122   40.6214   42.9838   43.0332
   49.2314   49.2367   58.6306   58.7249   62.3181   62.3919   65.1784   65.2103   76.7323   76.8230
   78.3761   78.3936   90.3644   90.4368
 136  1 -108.7173 -107.0580  -69.1751  -69.1697  -69.1516  -67.4413  -67.4311  -67.4227  -23.2674  -23.2253
         -12.2775  -11.3039  -10.1229   -9.8826   -9.3901   -8.8810   -7.1267   -6.4158   -6.2373   -5.9153
   -5.7681   -5.3341   -5.1915   -5.1037   -3.2156   -3.0677    2.2113    3.3489    5.9635    6.6448
    8.6260    9.6561   11.5387   12.6999   15.4516   21.2869   24.5354   25.5522   27.6310   29.8571
   31.9229   33.8892   35.5307   35.6055   35.6992   39.5964   40.8645   41.4953   41.9633   44.0986
   45.5727   54.4294   55.4514   59.5073   59.6492   60.7456   67.9995   69.8718   70.1564   70.3429
   77.2872   82.8006   92.9567  154.9381
 137  1 -108.7173 -107.0580  -69.1751  -69.1697  -69.1516  -67.4413  -67.4311  -67.4227  -23.2674  -23.2253
         -12.2775  -11.3039  -10.1229   -9.8826   -9.3901   -8.8810   -7.1267   -6.4158   -6.2373   -5.9153
   -5.7681   -5.3341   -5.1915   -5.1037   -3.2156   -3.0677    2.2113    3.3489    5.9635    6.6448
    8.6260    9.6561   11.5387   12.6999   15.4516   21.2869   24.5354   25.5522   27.6310   29.8571
   31.9229   33.8892   35.5307   35.6055   35.6992   39.5964   40.8645   41.4953   41.9633   44.0986
   45.5727   54.4295   55.4514   59.5073   59.6492   60.7456   67.9995   69.8718   70.1564   70.3429
   77.2872   82.8006   92.9567  154.9381
 138  1 -108.7175 -107.0582  -69.1729  -69.1698  -69.1477  -67.4388  -67.4316  -67.4184  -23.4034  -23.3403
         -12.1287  -11.4049   -9.9598   -9.8973   -8.5967   -8.5913   -7.4886   -6.4799   -6.3336   -6.0765
   -5.7993   -5.4011   -5.2100   -5.0699   -3.4554   -2.9119    2.0887    2.8079    6.2160    7.3543
    9.6871   11.6484   11.7640   12.9926   12.9953   22.7173   23.2313   25.5457   27.4079   29.1087
   31.7740   32.9449   34.2849   34.2908   35.0016   37.5839   40.0757   40.0766   44.5433   47.9754
   47.9774   50.9561   55.0214   56.4497   56.7455   64.6627   64.9798   66.1497   67.2004   76.0118
   76.4322   85.7261   88.6140  121.2235
 139  1 -108.7174 -107.0580  -69.1708  -69.1666  -69.1485  -67.4336  -67.4315  -67.4187  -23.5641  -23.3609
         -11.6532  -11.3126   -9.9783   -9.7110   -9.1916   -8.8047   -7.0058   -6.5032   -6.2911   -6.1344
   -5.7219   -5.3707   -5.2554   -5.0385   -3.7215   -3.2340    2.4328    2.9835    6.6947    8.2802
    8.3652    9.4785   11.7299   12.7684   16.3809   20.6684   24.4605   27.1734   28.1261   29.5202
   31.4318   32.1519   33.5000   34.2235   35.5522   36.6526   36.8019   37.8136   46.1180   47.0999
   48.8323   50.5125   51.0018   55.4271   61.9107   63.7534   63.9924   66.4700   72.1906   77.7122
   80.4535   83.4176   84.2242   92.6120
 140  1 -108.7177 -107.0583  -69.1705  -69.1657  -69.1497  -67.4349  -67.4315  -67.4172  -23.6123  -23.3120
         -11.5445  -11.3672   -9.8051   -9.6401   -9.4311   -9.1220   -6.8097   -6.5585   -6.2334   -6.0961
   -5.6996   -5.3556   -5.2386   -5.0445   -3.4447   -3.3439    1.6155    3.4132    7.0424    7.2462
    8.1347   10.8481   11.7292   12.3578   17.6710   19.6768   24.4171   27.0376   27.8145   28.2613
   29.9616   33.4203   33.7048   34.1257   35.9087   37.1936   38.2955   39.0842   43.4204   46.1325
   47.0916   51.0058   51.2227   56.1099   59.0685   62.2056   63.4783   67.6989   71.4853   76.6485
   80.6944   80.9367   85.8780  112.8327
 141  1 -108.7178 -107.0585  -69.1711  -69.1694  -69.1499  -67.4413  -67.4312  -67.4160  -23.5195  -23.2255
         -12.0108  -11.3025   -9.8500   -9.8164   -9.3525   -8.8665   -7.1826   -6.3534   -6.2086   -5.9115
   -5.8108   -5.4613   -5.1757   -5.1318   -3.1001   -3.0204    1.0879    3.3504    6.5958    6.6623
    8.6275   12.0558   12.0621   12.7055   15.4525   22.3641   22.6796   22.6808   27.6268   29.8557
   32.4109   32.8515   32.8531   35.5366   35.6982   40.8302   40.8445   40.8768   41.9628   44.0985
   45.5730   48.8313   52.2763   52.2787   59.6395   62.9033   67.9992   70.2671   71.5762   75.7445
   75.7467   82.8009   92.9575  154.9381
 142  1 -108.7171 -107.0578  -69.1726  -69.1695  -69.1541  -67.4438  -67.4311  -67.4201  -23.3406  -23.1576
         -12.1314  -11.1311  -10.0322   -9.9338   -9.5383   -9.4105   -6.8392   -6.4028   -6.1762   -5.9058
   -5.8438   -5.4435   -5.1528   -5.1033   -3.4610   -2.8357    2.0878    3.8343    6.2160    6.5206
    7.9688    9.6884   11.3222   11.7655   17.1658   22.7188   23.2324   25.5469   27.7638   30.3668
   31.0094   31.7745   32.9476   34.9982   37.5858   38.0903   42.6194   43.2630   43.2880   44.2317
   44.5451   50.9552   55.0221   56.4495   58.0805   64.9764   66.1472   68.5339   74.5611   76.0138
   76.4337   82.7792   83.5050  209.0486
 143  1 -108.7161 -107.0568  -69.1705  -69.1686  -69.1615  -67.4401  -67.4315  -67.4283  -23.1817  -23.1437
         -11.6554  -11.1310  -10.4262  -10.3436   -9.8193   -9.6580   -6.4980   -6.3227   -6.2490   -5.9339
   -5.7118   -5.4081   -5.1867   -5.1070   -3.5721   -3.1271    4.0580    4.6280    5.6755    6.0757
    7.0188    7.2269   10.8257   11.6602   19.6472   20.3646   26.2981   26.4520   28.7584   30.0029
   30.6243   31.1771   31.6511   36.2137   37.0670   38.6093   39.2398   42.1642   43.6065   45.7367
   47.7849   51.2830   55.3551   55.4853   64.8549   65.0126   68.1243   68.5252   70.3430   75.1111
   76.6487   80.2462   89.6238  126.7732
 144  1 -108.7163 -107.0571  -69.1721  -69.1693  -69.1592  -67.4379  -67.4310  -67.4309  -23.1875  -23.1343
         -11.8535  -10.9440  -10.6414  -10.2988   -9.8472   -9.3817   -6.6200   -6.3494   -6.2378   -5.9267
   -5.6167   -5.3334   -5.2008   -5.0975   -3.4653   -3.2096    3.6568    4.4003    5.6516    6.3557
    6.4872    7.9501   11.2406   12.0790   17.6477   22.3697   23.4090   28.3851   29.9222   30.4283
   30.9520   31.3453   33.2389   33.2731   35.4776   40.2814   40.8449   41.3010   42.2588   45.2812
   47.6272   53.4411   54.8500   55.1207   62.8446   67.1507   67.5967   67.7225   73.8739   74.7596
   76.1141   77.2628   86.6711  124.0246
 145  1 -108.7168 -107.0575  -69.1712  -69.1690  -69.1560  -67.4381  -67.4313  -67.4257  -23.2547  -23.2460
         -11.5791  -11.5526  -10.2571  -10.1175   -9.5536   -9.2584   -6.6542   -6.5754   -6.2390   -5.9130
   -5.5751   -5.1980   -5.1893   -5.1169   -3.4585   -3.4543    3.5046    3.5855    6.1516    6.2816
    7.8163    7.8614   12.0071   12.0962   18.2274   18.2850   27.3419   27.4624   28.8429   28.9825
   32.4174   32.4505   34.9797   35.0456   36.7624   36.7907   40.6122   40.6214   42.9838   43.0332
   49.2314   49.2367   58.6306   58.7249   62.3181   62.3919   65.1784   65.2103   76.7323   76.8230
   78.3760   78.3935   90.3644   90.4368
 146  1 -108.7174 -107.0580  -69.1708  -69.1666  -69.1485  -67.4336  -67.4315  -67.4187  -23.5641  -23.3609
         -11.6532  -11.3126   -9.9783   -9.7110   -9.1916   -8.8047   -7.0058   -6.5032   -6.2911   -6.1344
   -5.7219   -5.3707   -5.2554   -5.0385   -3.7215   -3.2340    2.4328    2.9835    6.6947    8.2802
    8.3652    9.4785   11.7299   12.7684   16.3809   20.6684   24.4605   27.1734   28.1261   29.5202
   31.4318   32.1519   33.5000   34.2235   35.5522   36.6526   36.8019   37.8136   46.1180   47.0999
   48.8323   50.5125   51.0018   55.4271   61.9107   63.7534   63.9924   66.4700   72.1905   77.7122
   80.4535   83.4176   84.2242   92.6120
 147  1 -108.7180 -107.0588  -69.1713  -69.1599  -69.1442  -67.4328  -67.4250  -67.4146  -23.9167  -23.4079
         -11.5875  -10.8305   -9.8974   -9.8786   -8.4048   -8.3941   -7.1906   -6.4815   -6.4180   -6.2999
   -5.8899   -5.4439   -5.3050   -5.1085   -4.0399   -2.9601    1.2927    2.8115    7.1634    7.6955
   10.9048   12.1483   13.2869   13.2917   13.5814   22.4324   23.0106   26.6592   27.9092   29.2708
   29.2743   29.9662   30.8241   32.7586   34.6520   35.4292   35.9251   35.9280   41.2383   47.6131
   50.0720   51.6513   55.3051   55.3066   63.0004   64.4066   64.9288   66.2100   66.9028   72.8983
   80.4703   84.3311   86.3841   87.1957
 148  1 -108.7187 -107.0596  -69.1712  -69.1550  -69.1438  -67.4326  -67.4214  -67.4124  -24.1126  -23.3611
         -11.6424  -10.3696   -9.9797   -9.6815   -8.8275   -8.5390   -6.8146   -6.5754   -6.3285   -6.1408
   -5.7083   -5.5512   -5.2780   -5.1203   -3.7651   -3.2555    0.2436    2.9822    6.6953    8.2887
   10.3763   11.7297   13.2792   13.5979   17.8064   20.6693   23.7983   24.4620   26.8829   28.5611
   28.7799   29.5361   31.4340   33.7975   34.2242   35.3045   35.5493   36.6511   38.1164   46.1173
   48.8318   55.3231   55.4295   56.7626   60.5743   61.9095   63.7540   65.0756   67.5178   72.1914
   80.4523   83.4177   83.6126   85.8171
 149  1 -108.7185 -107.0595  -69.1705  -69.1579  -69.1461  -67.4319  -67.4275  -67.4118  -24.0555  -23.2505
         -11.5658  -10.4926  -10.1936   -9.6809   -9.0688   -8.9237   -6.8349   -6.4525   -6.3105   -5.8075
   -5.7961   -5.4807   -5.1465   -5.0135   -3.4614   -3.4388    0.0088    3.5444    6.2153    7.8361
    8.7980   12.0488   13.8199   13.8244   18.2568   21.0089   21.0119   25.2040   27.4032   28.8833
   29.7120   29.7305   32.2262   32.4335   35.0098   36.7728   36.9230   36.9261   40.6158   43.0083
   49.2332   52.1946   55.5155   55.5189   58.6776   62.1740   62.3558   65.1935   66.3544   76.7775
   78.3846   83.5585   83.5587   90.4011
 150  1 -108.7174 -107.0582  -69.1698  -69.1643  -69.1512  -67.4359  -67.4311  -67.4160  -23.7722  -23.1440
         -11.1812  -11.1074  -10.3702   -9.8091   -9.5646   -9.2150   -6.6479   -6.4258   -6.1784   -5.9804
   -5.7016   -5.5760   -5.2171   -5.0971   -3.6670   -3.0537    1.1392    4.6327    6.0707    7.0195
    7.9148   10.7774   10.8636   13.3103   19.6484   20.6507   23.0702   26.4370   27.6064   28.7507
   29.8878   30.6117   31.8866   32.9327   35.9420   37.0671   39.2398   42.1640   42.3118   43.6057
   47.7818   50.8281   53.3124   55.4825   57.8338   64.3988   68.5205   70.3464   70.8616   75.1095
   77.0009   80.2511   83.8949  126.7734
 151  1 -108.7164 -107.0570  -69.1697  -69.1680  -69.1584  -67.4405  -67.4311  -67.4234  -23.4078  -23.1010
         -11.5803  -10.5330  -10.5274  -10.1641   -9.8728   -9.8662   -6.4247   -6.4134   -6.1110   -5.9630
   -5.9220   -5.5355   -5.2167   -5.1127   -3.7782   -2.8636    2.8096    5.1524    6.6896    6.6939
    7.1642    7.7001    9.4229   12.1513   22.4300   22.4873   22.4885   23.0107   28.8745   29.8587
   29.9838   30.8245   32.7592   34.6584   35.4303   39.9492   40.3721   44.0601   44.0612   45.1754
   47.6130   50.0705   51.6499   53.3211   64.4081   66.2073   66.8996   71.7853   73.1878   73.1896
   80.4711   81.7923   84.3358  187.8507
 152  1 -108.7161 -107.0568  -69.1705  -69.1686  -69.1615  -67.4401  -67.4315  -67.4283  -23.1817  -23.1437
         -11.6554  -11.1310  -10.4262  -10.3436   -9.8193   -9.6580   -6.4980   -6.3227   -6.2490   -5.9339
   -5.7118   -5.4080   -5.1867   -5.1070   -3.5721   -3.1271    4.0580    4.6280    5.6755    6.0757
    7.0188    7.2269   10.8257   11.6602   19.6472   20.3646   26.2981   26.4520   28.7584   30.0029
   30.6243   31.1771   31.6511   36.2137   37.0671   38.6093   39.2398   42.1642   43.6065   45.7367
   47.7849   51.2830   55.3551   55.4853   64.8549   65.0126   68.1243   68.5252   70.3430   75.1111
   76.6487   80.2462   89.6238  126.7732
 153  1 -108.7173 -107.0580  -69.1731  -69.1696  -69.1537  -67.4433  -67.4313  -67.4205  -23.2674  -23.2253
         -12.2797  -11.3035  -10.1222   -9.8808   -9.3883   -8.8837   -7.1258   -6.4178   -6.2360   -5.9152
   -5.7670   -5.3355   -5.1942   -5.1017   -3.2143   -3.0664    2.2117    3.3495    5.9588    6.6441
    8.6274    9.6560   11.5376   12.6989   15.4523   21.2882   24.5366   25.5538   27.6311   29.8568
   31.9229   33.8913   35.5320   35.6039   35.6973   39.5962   40.8621   41.4962   41.9653   44.0974
   45.5747   54.4283   55.4520   59.5080   59.6503   60.7446   67.9991   69.8719   70.1558   70.3426
   77.2860   82.8005   92.9560  154.9368
 154  1 -108.7177 -107.0583  -69.1705  -69.1657  -69.1497  -67.4349  -67.4315  -67.4172  -23.6123  -23.3120
         -11.5445  -11.3672   -9.8051   -9.6401   -9.4311   -9.1220   -6.8097   -6.5585   -6.2334   -6.0961
   -5.6996   -5.3556   -5.2386   -5.0445   -3.4447   -3.3439    1.6155    3.4132    7.0424    7.2462
    8.1347   10.8481   11.7292   12.3578   17.6710   19.6768   24.4171   27.0376   27.8145   28.2613
   29.9616   33.4203   33.7048   34.1257   35.9087   37.1936   38.2955   39.0842   43.4204   46.1326
   47.0916   51.0058   51.2227   56.1099   59.0685   62.2056   63.4783   67.6989   71.4853   76.6485
   80.6943   80.9367   85.8777  112.8328
 155  1 -108.7187 -107.0596  -69.1712  -69.1550  -69.1438  -67.4326  -67.4214  -67.4124  -24.1126  -23.3611
         -11.6424  -10.3696   -9.9797   -9.6815   -8.8275   -8.5390   -6.8146   -6.5754   -6.3285   -6.1408
   -5.7083   -5.5512   -5.2780   -5.1203   -3.7651   -3.2555    0.2436    2.9822    6.6953    8.2887
   10.3763   11.7297   13.2792   13.5979   17.8064   20.6693   23.7983   24.4620   26.8829   28.5611
   28.7799   29.5361   31.4340   33.7975   34.2242   35.3045   35.5493   36.6511   38.1164   46.1173
   48.8318   55.3231   55.4295   56.7626   60.5743   61.9095   63.7540   65.0756   67.5178   72.1914
   80.4523   83.4177   83.6126   85.8171
 156  1 -108.7202 -107.0617  -69.1715  -69.1468  -69.1402  -67.4326  -67.4108  -67.4101  -24.4715  -23.3408
         -12.1295  -10.0114   -9.9664   -9.1035   -7.8900   -7.8816   -6.9327   -6.6545   -6.3734   -6.2975
   -6.0553   -5.5502   -5.4029   -5.2842   -3.6182   -2.9519   -1.2687    2.0871    6.2145    9.6861
   11.7654   14.8035   14.8062   15.9153   15.9293   22.7183   23.2266   23.3673   23.3761   24.6449
   25.5424   27.0780   31.7695   32.9476   34.8274   34.8302   34.9931   35.2625   37.5841   44.5419
   50.9549   55.0196   56.4514   57.8736   60.6425   60.6443   63.0208   64.9782   65.7978   66.1486
   76.0117   76.4316   86.1880   87.0939
 157  1 -108.7204 -107.0620  -69.1711  -69.1452  -69.1416  -67.4321  -67.4135  -67.4072  -24.5259  -23.2674
         -12.2785  -10.1298   -9.9172   -8.5875   -8.1357   -8.1311   -6.7967   -6.6604   -6.5155   -6.0867
   -5.9430   -5.5671   -5.3491   -5.2678   -3.2783   -3.1887   -1.7299    2.2092    5.9594    9.6521
   11.5381   13.2817   15.9717   15.9742   19.6947   19.6968   21.2899   22.7761   24.5333   25.5435
   26.0885   26.0908   31.9217   33.8907   34.0067   35.1621   35.1676   35.6011   39.5955   41.4949
   54.4285   55.4489   57.4016   59.5185   60.5045   60.5082   60.7452   63.3627   65.0798   69.8740
   70.2287   77.2878   86.7514   86.7515
 158  1 -108.7189 -107.0601  -69.1704  -69.1525  -69.1464  -67.4314  -67.4236  -67.4102  -24.2542  -23.1877
         -11.8546  -10.2846  -10.0269   -9.6447   -8.9140   -8.4232   -6.6893   -6.4207   -6.3383   -6.2394
   -5.7360   -5.5532   -5.2181   -5.1630   -3.4567   -3.3720   -0.4680    3.6544    5.6438    7.9478
   11.1164   11.2632   12.6707   15.6900   18.4196   22.3124   22.3961   23.4113   25.8305   27.8333
   28.4057   29.9224   30.9328   33.2716   33.8033   34.2921   35.4775   36.8848   41.3015   42.2569
   53.4382   54.8494   56.8623   57.6597   60.1484   62.8468   64.3550   67.1510   67.5956   69.5156
   73.8820   84.1408   86.4903   86.6718
 159  1 -108.7174 -107.0582  -69.1698  -69.1643  -69.1512  -67.4359  -67.4311  -67.4160  -23.7722  -23.1440
         -11.1812  -11.1074  -10.3702   -9.8091   -9.5646   -9.2150   -6.6479   -6.4258   -6.1784   -5.9804
   -5.7016   -5.5760   -5.2171   -5.0971   -3.6670   -3.0537    1.1392    4.6327    6.0707    7.0195
    7.9148   10.7774   10.8636   13.3103   19.6484   20.6507   23.0702   26.4370   27.6064   28.7507
   29.8878   30.6117   31.8866   32.9327   35.9420   37.0671   39.2398   42.1640   42.3118   43.6057
   47.7818   50.8281   53.3124   55.4825   57.8338   64.3988   68.5205   70.3464   70.8616   75.1094
   77.0009   80.2510   83.8949  126.7734
 160  1 -108.7171 -107.0578  -69.1726  -69.1695  -69.1541  -67.4438  -67.4311  -67.4201  -23.3406  -23.1576
         -12.1314  -11.1311  -10.0322   -9.9338   -9.5383   -9.4105   -6.8392   -6.4028   -6.1762   -5.9058
   -5.8438   -5.4435   -5.1528   -5.1033   -3.4610   -2.8357    2.0878    3.8343    6.2160    6.5206
    7.9688    9.6884   11.3222   11.7655   17.1658   22.7188   23.2324   25.5469   27.7638   30.3668
   31.0094   31.7745   32.9476   34.9982   37.5858   38.0903   42.6194   43.2630   43.2880   44.2318
   44.5451   50.9552   55.0221   56.4495   58.0805   64.9764   66.1472   68.5339   74.5611   76.0138
   76.4337   82.7792   83.5046  209.0485
 161  1 -108.7177 -107.0585  -69.1756  -69.1697  -69.1514  -67.4464  -67.4312  -67.4176  -23.2719  -23.2127
         -12.6003  -11.3296  -10.0193   -9.9937   -8.6160   -8.6137   -7.6220   -6.5131   -6.2191   -5.9888
   -5.8500   -5.4163   -5.1930   -5.0591   -2.8717   -2.7906    1.2888    2.9244    6.0129    6.5784
   10.9483   11.3887   11.3905   12.9954   12.9979   21.2758   23.3407   23.3413   27.3255   30.2826
   32.8400   35.7228   35.7241   37.3311   37.3328   39.4054   39.4084   42.1378   42.1402   43.7696
   43.7711   51.1994   59.6105   59.6121   60.5528   63.4489   65.2876   65.2879   68.2610   74.7703
   78.6865   85.4679   94.1238  241.7001
 162  1 -108.7178 -107.0585  -69.1711  -69.1694  -69.1499  -67.4413  -67.4312  -67.4160  -23.5195  -23.2255
         -12.0108  -11.3025   -9.8500   -9.8164   -9.3525   -8.8665   -7.1826   -6.3534   -6.2086   -5.9115
   -5.8108   -5.4613   -5.1757   -5.1318   -3.1001   -3.0204    1.0879    3.3504    6.5958    6.6623
    8.6275   12.0558   12.0621   12.7055   15.4525   22.3641   22.6796   22.6808   27.6268   29.8557
   32.4109   32.8515   32.8531   35.5366   35.6982   40.8302   40.8445   40.8768   41.9629   44.0985
   45.5730   48.8313   52.2763   52.2787   59.6395   62.9033   67.9992   70.2671   71.5762   75.7445
   75.7467   82.8009   92.9570  154.9379
 163  1 -108.7185 -107.0595  -69.1705  -69.1579  -69.1461  -67.4319  -67.4275  -67.4118  -24.0555  -23.2505
         -11.5658  -10.4926  -10.1936   -9.6809   -9.0688   -8.9237   -6.8349   -6.4525   -6.3105   -5.8075
   -5.7961   -5.4807   -5.1465   -5.0135   -3.4614   -3.4388    0.0088    3.5444    6.2153    7.8361
    8.7980   12.0488   13.8199   13.8244   18.2568   21.0089   21.0119   25.2040   27.4032   28.8833
   29.7120   29.7305   32.2262   32.4335   35.0098   36.7728   36.9230   36.9261   40.6158   43.0083
   49.2332   52.1946   55.5155   55.5189   58.6776   62.1740   62.3558   65.1935   66.3544   76.7775
   78.3845   83.5585   83.5587   90.4010
 164  1 -108.7204 -107.0620  -69.1711  -69.1452  -69.1416  -67.4321  -67.4135  -67.4072  -24.5259  -23.2674
         -12.2785  -10.1298   -9.9172   -8.5875   -8.1357   -8.1311   -6.7967   -6.6604   -6.5155   -6.0867
   -5.9430   -5.5671   -5.3491   -5.2678   -3.2783   -3.1887   -1.7299    2.2092    5.9594    9.6521
   11.5381   13.2817   15.9717   15.9742   19.6947   19.6968   21.2899   22.7761   24.5333   25.5435
   26.0885   26.0908   31.9217   33.8907   34.0067   35.1621   35.1676   35.6011   39.5955   41.4949
   54.4285   55.4489   57.4016   59.5185   60.5045   60.5082   60.7452   63.3627   65.0798   69.8740
   70.2287   77.2878   86.7514   86.7515
 165  1 -108.7215 -107.0634  -69.1713  -69.1414  -69.1381  -67.4321  -67.4078  -67.4048  -24.7059  -23.2721
         -12.5990  -10.0299  -10.0275   -7.2823   -7.2805   -7.2758   -6.9201   -6.9167   -6.7869   -6.5985
   -6.5972   -5.5592   -5.5577   -5.2639   -2.9283   -2.9265   -2.7598    1.2865    6.0127   11.3896
   11.3916   17.0477   17.0493   17.0504   19.6193   19.6219   19.6236   21.2722   23.3253   23.3261
   23.9234   23.9236   32.8400   35.0406   35.0431   35.0456   35.7246   35.7257   39.4047   39.4051
   51.1970   57.0641   59.6109   59.6127   62.3260   62.3297   62.3303   63.2551   63.4498   65.2880
   65.2884   74.7730   87.4042   87.4042
 166  1 -108.7204 -107.0620  -69.1711  -69.1452  -69.1416  -67.4321  -67.4135  -67.4072  -24.5259  -23.2674
         -12.2785  -10.1298   -9.9172   -8.5875   -8.1357   -8.1311   -6.7967   -6.6604   -6.5155   -6.0867
   -5.9430   -5.5671   -5.3491   -5.2678   -3.2783   -3.1887   -1.7299    2.2092    5.9594    9.6521
   11.5381   13.2817   15.9717   15.9742   19.6947   19.6968   21.2899   22.7761   24.5333   25.5435
   26.0885   26.0908   31.9217   33.8907   34.0067   35.1621   35.1676   35.6011   39.5955   41.4949
   54.4285   55.4489   57.4016   59.5185   60.5045   60.5082   60.7452   63.3627   65.0798   69.8740
   70.2287   77.2878   86.7514   86.7515
 167  1 -108.7185 -107.0595  -69.1705  -69.1579  -69.1461  -67.4319  -67.4275  -67.4118  -24.0555  -23.2505
         -11.5658  -10.4926  -10.1936   -9.6809   -9.0688   -8.9237   -6.8349   -6.4525   -6.3105   -5.8075
   -5.7961   -5.4807   -5.1465   -5.0135   -3.4614   -3.4388    0.0088    3.5444    6.2153    7.8361
    8.7980   12.0488   13.8199   13.8244   18.2568   21.0089   21.0119   25.2040   27.4032   28.8833
   29.7120   29.7305   32.2262   32.4335   35.0098   36.7728   36.9230   36.9261   40.6158   43.0083
   49.2332   52.1946   55.5155   55.5189   58.6776   62.1740   62.3558   65.1935   66.3544   76.7775
   78.3845   83.5585   83.5587   90.4010
 168  1 -108.7178 -107.0585  -69.1711  -69.1694  -69.1499  -67.4413  -67.4312  -67.4160  -23.5195  -23.2255
         -12.0108  -11.3025   -9.8500   -9.8164   -9.3525   -8.8665   -7.1826   -6.3534   -6.2086   -5.9115
   -5.8108   -5.4613   -5.1757   -5.1318   -3.1001   -3.0204    1.0879    3.3504    6.5958    6.6623
    8.6275   12.0558   12.0621   12.7055   15.4525   22.3641   22.6796   22.6808   27.6268   29.8557
   32.4109   32.8515   32.8531   35.5366   35.6982   40.8302   40.8445   40.8768   41.9629   44.0985
   45.5730   48.8313   52.2763   52.2787   59.6395   62.9033   67.9992   70.2671   71.5762   75.7445
   75.7467   82.8009   92.9570  154.9379
 169  1 -108.7173 -107.0580  -69.1731  -69.1696  -69.1537  -67.4433  -67.4313  -67.4205  -23.2674  -23.2253
         -12.2797  -11.3035  -10.1222   -9.8808   -9.3883   -8.8837   -7.1258   -6.4178   -6.2360   -5.9152
   -5.7670   -5.3355   -5.1942   -5.1017   -3.2143   -3.0664    2.2117    3.3495    5.9588    6.6441
    8.6274    9.6560   11.5376   12.6989   15.4523   21.2882   24.5366   25.5538   27.6311   29.8568
   31.9229   33.8913   35.5320   35.6039   35.6973   39.5962   40.8621   41.4962   41.9653   44.0974
   45.5747   54.4283   55.4520   59.5080   59.6503   60.7446   67.9991   69.8719   70.1558   70.3426
   77.2860   82.8005   92.9560  154.9368
 170  1 -108.7171 -107.0578  -69.1726  -69.1695  -69.1541  -67.4438  -67.4311  -67.4201  -23.3406  -23.1576
         -12.1314  -11.1311  -10.0322   -9.9338   -9.5383   -9.4105   -6.8392   -6.4028   -6.1762   -5.9058
   -5.8438   -5.4435   -5.1528   -5.1033   -3.4610   -2.8357    2.0878    3.8343    6.2160    6.5206
    7.9688    9.6884   11.3222   11.7655   17.1658   22.7188   23.2324   25.5469   27.7638   30.3668
   31.0094   31.7745   32.9476   34.9982   37.5858   38.0903   42.6194   43.2630   43.2880   44.2318
   44.5451   50.9552   55.0221   56.4495   58.0805   64.9764   66.1472   68.5339   74.5611   76.0138
   76.4337   82.7792   83.5046  209.0485
 171  1 -108.7174 -107.0582  -69.1698  -69.1643  -69.1512  -67.4359  -67.4311  -67.4160  -23.7722  -23.1440
         -11.1812  -11.1074  -10.3702   -9.8091   -9.5646   -9.2150   -6.6479   -6.4258   -6.1784   -5.9804
   -5.7016   -5.5760   -5.2171   -5.0971   -3.6670   -3.0537    1.1392    4.6327    6.0707    7.0195
    7.9148   10.7774   10.8636   13.3103   19.6484   20.6507   23.0702   26.4370   27.6064   28.7507
   29.8878   30.6117   31.8866   32.9327   35.9420   37.0671   39.2398   42.1640   42.3118   43.6057
   47.7818   50.8281   53.3124   55.4825   57.8338   64.3988   68.5205   70.3464   70.8616   75.1094
   77.0009   80.2510   83.8949  126.7734
 172  1 -108.7189 -107.0601  -69.1704  -69.1525  -69.1464  -67.4314  -67.4236  -67.4102  -24.2542  -23.1877
         -11.8546  -10.2846  -10.0269   -9.6447   -8.9140   -8.4232   -6.6893   -6.4207   -6.3383   -6.2394
   -5.7360   -5.5532   -5.2181   -5.1630   -3.4567   -3.3720   -0.4680    3.6544    5.6438    7.9478
   11.1164   11.2632   12.6707   15.6900   18.4196   22.3124   22.3961   23.4113   25.8305   27.8333
   28.4057   29.9224   30.9328   33.2716   33.8033   34.2921   35.4775   36.8848   41.3015   42.2569
   53.4382   54.8494   56.8623   57.6597   60.1484   62.8468   64.3550   67.1510   67.5956   69.5156
   73.8820   84.1408   86.4903   86.6718
 173  1 -108.7204 -107.0620  -69.1711  -69.1452  -69.1416  -67.4321  -67.4135  -67.4072  -24.5259  -23.2674
         -12.2785  -10.1298   -9.9172   -8.5875   -8.1357   -8.1311   -6.7967   -6.6604   -6.5155   -6.0867
   -5.9430   -5.5671   -5.3491   -5.2678   -3.2783   -3.1887   -1.7299    2.2092    5.9594    9.6521
   11.5381   13.2817   15.9717   15.9742   19.6947   19.6968   21.2899   22.7761   24.5333   25.5435
   26.0885   26.0908   31.9217   33.8907   34.0067   35.1621   35.1676   35.6011   39.5955   41.4949
   54.4285   55.4489   57.4016   59.5185   60.5045   60.5082   60.7452   63.3627   65.0798   69.8740
   70.2287   77.2878   86.7514   86.7515
 174  1 -108.7202 -107.0617  -69.1715  -69.1468  -69.1402  -67.4326  -67.4108  -67.4101  -24.4715  -23.3408
         -12.1295  -10.0114   -9.9664   -9.1035   -7.8900   -7.8816   -6.9327   -6.6545   -6.3734   -6.2975
   -6.0553   -5.5502   -5.4029   -5.2842   -3.6182   -2.9519   -1.2687    2.0871    6.2145    9.6861
   11.7654   14.8035   14.8062   15.9153   15.9293   22.7183   23.2266   23.3673   23.3761   24.6449
   25.5424   27.0780   31.7695   32.9476   34.8274   34.8302   34.9931   35.2625   37.5841   44.5419
   50.9549   55.0196   56.4514   57.8736   60.6425   60.6443   63.0208   64.9782   65.7978   66.1486
   76.0117   76.4316   86.1880   87.0939
 175  1 -108.7187 -107.0596  -69.1712  -69.1550  -69.1438  -67.4326  -67.4214  -67.4124  -24.1126  -23.3611
         -11.6424  -10.3696   -9.9797   -9.6815   -8.8275   -8.5390   -6.8146   -6.5754   -6.3285   -6.1408
   -5.7083   -5.5512   -5.2780   -5.1203   -3.7651   -3.2555    0.2436    2.9822    6.6953    8.2887
   10.3763   11.7297   13.2792   13.5979   17.8064   20.6693   23.7983   24.4620   26.8829   28.5611
   28.7799   29.5361   31.4340   33.7975   34.2242   35.3045   35.5493   36.6511   38.1164   46.1173
   48.8318   55.3231   55.4295   56.7626   60.5743   61.9095   63.7540   65.0756   67.5178   72.1914
   80.4523   83.4177   83.6126   85.8171
 176  1 -108.7177 -107.0583  -69.1705  -69.1657  -69.1497  -67.4349  -67.4315  -67.4172  -23.6123  -23.3120
         -11.5445  -11.3672   -9.8051   -9.6401   -9.4311   -9.1220   -6.8097   -6.5585   -6.2334   -6.0961
   -5.6996   -5.3556   -5.2386   -5.0445   -3.4447   -3.3439    1.6155    3.4132    7.0424    7.2462
    8.1347   10.8481   11.7292   12.3578   17.6710   19.6768   24.4171   27.0376   27.8145   28.2613
   29.9616   33.4203   33.7048   34.1257   35.9087   37.1936   38.2955   39.0842   43.4204   46.1326
   47.0916   51.0058   51.2227   56.1099   59.0685   62.2056   63.4783   67.6989   71.4853   76.6485
   80.6943   80.9367   85.8777  112.8328
 177  1 -108.7168 -107.0575  -69.1712  -69.1690  -69.1560  -67.4381  -67.4313  -67.4257  -23.2547  -23.2460
         -11.5791  -11.5526  -10.2571  -10.1175   -9.5536   -9.2584   -6.6542   -6.5754   -6.2390   -5.9130
   -5.5751   -5.1980   -5.1893   -5.1169   -3.4585   -3.4543    3.5046    3.5855    6.1516    6.2816
    7.8163    7.8614   12.0071   12.0962   18.2274   18.2850   27.3419   27.4624   28.8429   28.9825
   32.4174   32.4505   34.9797   35.0456   36.7624   36.7907   40.6122   40.6214   42.9838   43.0332
   49.2314   49.2367   58.6306   58.7249   62.3181   62.3919   65.1784   65.2103   76.7323   76.8230
   78.3760   78.3935   90.3644   90.4368
 178  1 -108.7161 -107.0568  -69.1705  -69.1686  -69.1615  -67.4401  -67.4315  -67.4283  -23.1817  -23.1437
         -11.6554  -11.1310  -10.4262  -10.3436   -9.8193   -9.6580   -6.4980   -6.3227   -6.2490   -5.9339
   -5.7118   -5.4080   -5.1867   -5.1070   -3.5721   -3.1271    4.0580    4.6280    5.6755    6.0757
    7.0188    7.2269   10.8257   11.6602   19.6472   20.3646   26.2981   26.4520   28.7584   30.0029
   30.6243   31.1771   31.6511   36.2137   37.0671   38.6093   39.2398   42.1642   43.6065   45.7367
   47.7849   51.2830   55.3551   55.4853   64.8549   65.0126   68.1243   68.5252   70.3430   75.1111
   76.6487   80.2462   89.6238  126.7732
 179  1 -108.7164 -107.0570  -69.1697  -69.1680  -69.1584  -67.4405  -67.4311  -67.4234  -23.4078  -23.1010
         -11.5803  -10.5330  -10.5274  -10.1641   -9.8728   -9.8662   -6.4247   -6.4134   -6.1110   -5.9630
   -5.9220   -5.5355   -5.2167   -5.1127   -3.7782   -2.8636    2.8096    5.1524    6.6896    6.6939
    7.1642    7.7001    9.4229   12.1513   22.4300   22.4873   22.4885   23.0107   28.8745   29.8587
   29.9838   30.8245   32.7592   34.6584   35.4303   39.9492   40.3721   44.0601   44.0612   45.1754
   47.6130   50.0705   51.6499   53.3211   64.4081   66.2073   66.8996   71.7853   73.1878   73.1896
   80.4711   81.7923   84.3358  187.8507
 180  1 -108.7174 -107.0582  -69.1698  -69.1643  -69.1512  -67.4359  -67.4311  -67.4160  -23.7722  -23.1440
         -11.1812  -11.1074  -10.3702   -9.8091   -9.5646   -9.2150   -6.6479   -6.4258   -6.1784   -5.9804
   -5.7016   -5.5760   -5.2171   -5.0971   -3.6670   -3.0537    1.1392    4.6327    6.0707    7.0195
    7.9148   10.7774   10.8636   13.3103   19.6484   20.6507   23.0702   26.4370   27.6064   28.7507
   29.8878   30.6117   31.8866   32.9327   35.9420   37.0671   39.2398   42.1640   42.3118   43.6057
   47.7818   50.8281   53.3124   55.4825   57.8338   64.3988   68.5205   70.3464   70.8616   75.1095
   77.0009   80.2511   83.8949  126.7734
 181  1 -108.7185 -107.0595  -69.1705  -69.1579  -69.1461  -67.4319  -67.4275  -67.4118  -24.0555  -23.2505
         -11.5658  -10.4926  -10.1936   -9.6809   -9.0688   -8.9237   -6.8349   -6.4525   -6.3105   -5.8075
   -5.7961   -5.4807   -5.1465   -5.0135   -3.4614   -3.4388    0.0088    3.5444    6.2153    7.8361
    8.7980   12.0488   13.8199   13.8244   18.2568   21.0089   21.0119   25.2040   27.4032   28.8833
   29.7120   29.7305   32.2262   32.4335   35.0098   36.7728   36.9230   36.9261   40.6158   43.0083
   49.2332   52.1946   55.5155   55.5189   58.6776   62.1740   62.3558   65.1935   66.3544   76.7775
   78.3846   83.5585   83.5587   90.4011
 182  1 -108.7187 -107.0596  -69.1712  -69.1550  -69.1438  -67.4326  -67.4214  -67.4124  -24.1126  -23.3611
         -11.6424  -10.3696   -9.9797   -9.6815   -8.8275   -8.5390   -6.8146   -6.5754   -6.3285   -6.1408
   -5.7083   -5.5512   -5.2780   -5.1203   -3.7651   -3.2555    0.2436    2.9822    6.6953    8.2887
   10.3763   11.7297   13.2792   13.5979   17.8064   20.6693   23.7983   24.4620   26.8829   28.5611
   28.7799   29.5361   31.4340   33.7975   34.2242   35.3045   35.5493   36.6511   38.1164   46.1173
   48.8318   55.3231   55.4295   56.7626   60.5743   61.9095   63.7540   65.0756   67.5178   72.1914
   80.4523   83.4177   83.6126   85.8171
 183  1 -108.7180 -107.0588  -69.1713  -69.1599  -69.1442  -67.4328  -67.4250  -67.4146  -23.9167  -23.4079
         -11.5875  -10.8305   -9.8974   -9.8786   -8.4048   -8.3941   -7.1906   -6.4815   -6.4180   -6.2999
   -5.8899   -5.4439   -5.3050   -5.1085   -4.0399   -2.9601    1.2927    2.8115    7.1634    7.6955
   10.9048   12.1483   13.2869   13.2917   13.5814   22.4324   23.0106   26.6592   27.9092   29.2708
   29.2743   29.9662   30.8241   32.7586   34.6520   35.4292   35.9251   35.9280   41.2383   47.6131
   50.0720   51.6513   55.3051   55.3066   63.0004   64.4066   64.9288   66.2100   66.9028   72.8983
   80.4703   84.3311   86.3841   87.1957
 184  1 -108.7174 -107.0580  -69.1708  -69.1666  -69.1485  -67.4336  -67.4315  -67.4187  -23.5641  -23.3609
         -11.6532  -11.3126   -9.9783   -9.7110   -9.1916   -8.8047   -7.0058   -6.5032   -6.2911   -6.1344
   -5.7219   -5.3707   -5.2554   -5.0385   -3.7215   -3.2340    2.4328    2.9835    6.6947    8.2802
    8.3652    9.4785   11.7299   12.7684   16.3809   20.6684   24.4605   27.1734   28.1261   29.5202
   31.4318   32.1519   33.5000   34.2235   35.5522   36.6526   36.8019   37.8136   46.1180   47.0999
   48.8323   50.5125   51.0018   55.4271   61.9107   63.7534   63.9924   66.4700   72.1905   77.7122
   80.4535   83.4176   84.2242   92.6120
 185  1 -108.7173 -107.0580  -69.1751  -69.1697  -69.1516  -67.4413  -67.4311  -67.4227  -23.2674  -23.2253
         -12.2775  -11.3039  -10.1229   -9.8826   -9.3901   -8.8810   -7.1267   -6.4158   -6.2373   -5.9153
   -5.7681   -5.3341   -5.1915   -5.1037   -3.2156   -3.0677    2.2113    3.3489    5.9635    6.6448
    8.6260    9.6561   11.5387   12.6999   15.4516   21.2869   24.5354   25.5522   27.6310   29.8571
   31.9229   33.8892   35.5307   35.6055   35.6992   39.5964   40.8645   41.4953   41.9633   44.0986
   45.5727   54.4295   55.4514   59.5073   59.6492   60.7456   67.9995   69.8718   70.1564   70.3429
   77.2872   82.8006   92.9567  154.9381
 186  1 -108.7163 -107.0571  -69.1721  -69.1693  -69.1592  -67.4379  -67.4310  -67.4309  -23.1875  -23.1343
         -11.8535  -10.9440  -10.6414  -10.2988   -9.8472   -9.3817   -6.6200   -6.3494   -6.2378   -5.9267
   -5.6167   -5.3334   -5.2008   -5.0975   -3.4653   -3.2096    3.6568    4.4003    5.6516    6.3557
    6.4872    7.9501   11.2406   12.0790   17.6477   22.3697   23.4090   28.3851   29.9222   30.4283
   30.9520   31.3453   33.2389   33.2731   35.4776   40.2814   40.8449   41.3010   42.2588   45.2812
   47.6272   53.4411   54.8500   55.1207   62.8446   67.1507   67.5967   67.7225   73.8739   74.7596
   76.1141   77.2628   86.6711  124.0246
 187  1 -108.7161 -107.0568  -69.1705  -69.1686  -69.1615  -67.4401  -67.4315  -67.4283  -23.1817  -23.1437
         -11.6554  -11.1310  -10.4262  -10.3436   -9.8193   -9.6580   -6.4980   -6.3227   -6.2490   -5.9339
   -5.7118   -5.4081   -5.1867   -5.1070   -3.5721   -3.1271    4.0580    4.6280    5.6755    6.0757
    7.0188    7.2269   10.8257   11.6602   19.6472   20.3646   26.2981   26.4520   28.7584   30.0029
   30.6243   31.1771   31.6511   36.2137   37.0670   38.6093   39.2398   42.1642   43.6065   45.7367
   47.7849   51.2830   55.3551   55.4853   64.8549   65.0126   68.1243   68.5252   70.3430   75.1111
   76.6487   80.2462   89.6238  126.7732
 188  1 -108.7171 -107.0578  -69.1726  -69.1695  -69.1541  -67.4438  -67.4311  -67.4201  -23.3406  -23.1576
         -12.1314  -11.1311  -10.0322   -9.9338   -9.5383   -9.4105   -6.8392   -6.4028   -6.1762   -5.9058
   -5.8438   -5.4435   -5.1528   -5.1033   -3.4610   -2.8357    2.0878    3.8343    6.2160    6.5206
    7.9688    9.6884   11.3222   11.7655   17.1658   22.7188   23.2324   25.5469   27.7638   30.3668
   31.0094   31.7745   32.9476   34.9982   37.5858   38.0903   42.6194   43.2630   43.2880   44.2317
   44.5451   50.9552   55.0221   56.4495   58.0805   64.9764   66.1472   68.5339   74.5611   76.0138
   76.4337   82.7792   83.5050  209.0486
 189  1 -108.7178 -107.0585  -69.1711  -69.1694  -69.1499  -67.4413  -67.4312  -67.4160  -23.5195  -23.2255
         -12.0108  -11.3025   -9.8500   -9.8164   -9.3525   -8.8665   -7.1826   -6.3534   -6.2086   -5.9115
   -5.8108   -5.4613   -5.1757   -5.1318   -3.1001   -3.0204    1.0879    3.3504    6.5958    6.6623
    8.6275   12.0558   12.0621   12.7055   15.4525   22.3641   22.6796   22.6808   27.6268   29.8557
   32.4109   32.8515   32.8531   35.5366   35.6982   40.8302   40.8445   40.8768   41.9628   44.0985
   45.5730   48.8313   52.2763   52.2787   59.6395   62.9033   67.9992   70.2671   71.5762   75.7445
   75.7467   82.8009   92.9575  154.9381
 190  1 -108.7177 -107.0583  -69.1705  -69.1657  -69.1497  -67.4349  -67.4315  -67.4172  -23.6123  -23.3120
         -11.5445  -11.3672   -9.8051   -9.6401   -9.4311   -9.1220   -6.8097   -6.5585   -6.2334   -6.0961
   -5.6996   -5.3556   -5.2386   -5.0445   -3.4447   -3.3439    1.6155    3.4132    7.0424    7.2462
    8.1347   10.8481   11.7292   12.3578   17.6710   19.6768   24.4171   27.0376   27.8145   28.2613
   29.9616   33.4203   33.7048   34.1257   35.9087   37.1936   38.2955   39.0842   43.4204   46.1325
   47.0916   51.0058   51.2227   56.1099   59.0685   62.2056   63.4783   67.6989   71.4853   76.6485
   80.6944   80.9367   85.8780  112.8327
 191  1 -108.7174 -107.0580  -69.1708  -69.1666  -69.1485  -67.4336  -67.4315  -67.4187  -23.5641  -23.3609
         -11.6532  -11.3126   -9.9783   -9.7110   -9.1916   -8.8047   -7.0058   -6.5032   -6.2911   -6.1344
   -5.7219   -5.3707   -5.2554   -5.0385   -3.7215   -3.2340    2.4328    2.9835    6.6947    8.2802
    8.3652    9.4785   11.7299   12.7684   16.3809   20.6684   24.4605   27.1734   28.1261   29.5202
   31.4318   32.1519   33.5000   34.2235   35.5522   36.6526   36.8019   37.8136   46.1180   47.0999
   48.8323   50.5125   51.0018   55.4271   61.9107   63.7534   63.9924   66.4700   72.1906   77.7122
   80.4535   83.4176   84.2242   92.6120
 192  1 -108.7175 -107.0582  -69.1729  -69.1698  -69.1477  -67.4388  -67.4316  -67.4184  -23.4034  -23.3403
         -12.1287  -11.4049   -9.9598   -9.8973   -8.5967   -8.5913   -7.4886   -6.4799   -6.3336   -6.0765
   -5.7993   -5.4011   -5.2100   -5.0699   -3.4554   -2.9119    2.0887    2.8079    6.2160    7.3543
    9.6871   11.6484   11.7640   12.9926   12.9953   22.7173   23.2313   25.5457   27.4079   29.1087
   31.7740   32.9449   34.2849   34.2908   35.0016   37.5839   40.0757   40.0766   44.5433   47.9754
   47.9774   50.9561   55.0214   56.4497   56.7455   64.6627   64.9798   66.1497   67.2004   76.0118
   76.4322   85.7261   88.6140  121.2235
 193  1 -108.7173 -107.0580  -69.1773  -69.1697  -69.1492  -67.4440  -67.4311  -67.4202  -23.2684  -23.2243
         -12.2780  -11.3042  -10.0929   -9.9282   -9.3750   -8.8646   -7.2005   -6.3938   -6.1732   -5.8522
   -5.7389   -5.5096   -5.1967   -5.0509   -3.1388   -3.1366    2.2108    3.3496    5.9641    6.6444
    8.6282    9.6531   11.5379   12.7009   15.4527   21.2876   24.5357   25.5526   27.6262   29.8586
   31.9248   33.8898   35.5198   35.6179   35.6971   39.5984   40.8616   41.4929   41.9655   44.0974
   45.5748   54.4296   55.4516   59.5074   59.6495   60.7451   67.9989   69.8666   70.2283   70.2764
   77.2869   82.8006   92.9566  154.9369
 194  1 -108.7171 -107.0578  -69.1751  -69.1695  -69.1517  -67.4415  -67.4309  -67.4227  -23.3407  -23.1576
         -12.1290  -11.1311  -10.0331   -9.9354   -9.5389   -9.4103   -6.8390   -6.4007   -6.1780   -5.9076
   -5.8428   -5.4417   -5.1534   -5.1032   -3.4621   -2.8375    2.0882    3.8343    6.2199    6.5206
    7.9688    9.6883   11.3222   11.7669   17.1658   22.7170   23.2321   25.5459   27.7637   30.3668
   31.0094   31.7743   32.9451   34.9985   37.5853   38.0904   42.6194   43.2630   43.2880   44.2317
   44.5464   50.9560   55.0207   56.4493   58.0805   64.9776   66.1491   68.5339   74.5611   76.0135
   76.4335   82.7792   83.5047  209.0485
 195  1 -108.7166 -107.0572  -69.1714  -69.1689  -69.1559  -67.4383  -67.4311  -67.4257  -23.3610  -23.1438
         -11.6419  -11.1289  -10.3739  -10.0060   -9.7510   -9.5403   -6.5262   -6.4358   -6.2497   -5.9478
   -5.7519   -5.3472   -5.2301   -5.0984   -3.6199   -3.1526    2.9820    4.6326    6.0686    6.7010
    7.0196    8.2934   10.8267   11.7286   19.6486   20.6688   24.4612   26.4370   28.7490   29.5223
   30.6186   31.4377   34.2220   35.5508   36.6543   37.0681   39.2405   42.1655   43.6052   46.1188
   47.7811   48.8324   55.4020   55.5080   61.9098   63.7533   68.5203   70.3467   72.1907   75.1094
   80.2478   80.4552   83.4192  126.7733
 196  1 -108.7168 -107.0574  -69.1728  -69.1695  -69.1539  -67.4431  -67.4314  -67.4207  -23.3123  -23.1871
         -11.8556  -11.3878  -10.2731   -9.8831   -9.4286   -9.3674   -6.8312   -6.3845   -6.2098   -5.8954
   -5.7904   -5.3937   -5.1792   -5.0734   -3.4524   -3.2823    3.4107    3.6571    5.6422    7.0605
    7.9477    8.1354   11.2419   11.7315   17.6710   22.3700   23.4108   27.8124   28.2549   29.9162
   30.9314   33.2702   33.7143   35.4789   35.9092   38.2966   39.0840   41.3026   42.2566   46.1329
   47.0915   53.4382   54.8493   59.0686   62.2045   62.8472   67.1518   67.5963   67.6988   73.8825
   80.6994   85.8760   86.6719  112.8334
 197  1 -108.7173 -107.0580  -69.1751  -69.1697  -69.1515  -67.4462  -67.4312  -67.4178  -23.2683  -23.2243
         -12.2802  -11.3045  -10.0924   -9.9263   -9.3767   -8.8615   -7.2014   -6.3960   -6.1724   -5.8494
   -5.7390   -5.5108   -5.1997   -5.0486   -3.1378   -3.1347    2.2112    3.3489    5.9594    6.6450
    8.6269    9.6531   11.5368   12.7019   15.4519   21.2889   24.5368   25.5543   27.6262   29.8589
   31.9248   33.8919   35.5183   35.6159   35.6989   39.5982   40.8640   41.4939   41.9634   44.0986
   45.5728   54.4285   55.4522   59.5080   59.6485   60.7441   67.9993   69.8667   70.2282   70.2770
   77.2857   82.8007   92.9576  154.9384
 198  1 -108.7171 -107.0578  -69.1732  -69.1695  -69.1537  -67.4434  -67.4311  -67.4206  -23.3406  -23.1576
         -12.1310  -11.1311  -10.0314   -9.9353   -9.5383   -9.4102   -6.8391   -6.4026   -6.1763   -5.9063
   -5.8431   -5.4431   -5.1544   -5.1023   -3.4609   -2.8370    2.0890    3.8343    6.2157    6.5206
    7.9688    9.6877   11.3222   11.7668   17.1658   22.7186   23.2329   25.5465   27.7638   30.3668
   31.0094   31.7736   32.9478   34.9973   37.5849   38.0904   42.6194   43.2630   43.2880   44.2318
   44.5461   50.9554   55.0210   56.4509   58.0805   64.9789   66.1475   68.5339   74.5611   76.0118
   76.4330   82.7792   83.5050  209.0486
 199  1 -108.7166 -107.0572  -69.1711  -69.1690  -69.1560  -67.4384  -67.4311  -67.4256  -23.3610  -23.1439
         -11.6432  -11.1270  -10.3734  -10.0065   -9.7519   -9.5403   -6.5264   -6.4368   -6.2473   -5.9468
   -5.7535   -5.3481   -5.2287   -5.0996   -3.6200   -3.1525    2.9823    4.6342    6.0685    6.6985
    7.0197    8.2933   10.8274   11.7290   19.6481   20.6689   24.4617   26.4359   28.7493   29.5217
   30.6193   31.4384   34.2244   35.5508   36.6527   37.0676   39.2388   42.1642   43.6053   46.1184
   47.7842   48.8326   55.4027   55.5090   61.9078   63.7538   68.5235   70.3416   72.1910   75.1132
   80.2441   80.4548   83.4194  126.7728
 200  1 -108.7168 -107.0574  -69.1747  -69.1697  -69.1519  -67.4412  -67.4311  -67.4229  -23.3123  -23.1871
         -11.8532  -11.3878  -10.2731   -9.8858   -9.4289   -9.3675   -6.8313   -6.3825   -6.2105   -5.8950
   -5.7917   -5.3931   -5.1770   -5.0757   -3.4532   -3.2838    3.4107    3.6569    5.6467    7.0605
    7.9463    8.1355   11.2435   11.7315   17.6710   22.3687   23.4093   27.8123   28.2549   29.9161
   30.9323   33.2693   33.7143   35.4779   35.9092   38.2966   39.0840   41.3011   42.2570   46.1329
   47.0915   53.4412   54.8502   59.0686   62.2045   62.8453   67.1517   67.5992   67.6988   73.8795
   80.6993   85.8758   86.6723  112.8335
 201  1 -108.7171 -107.0578  -69.1751  -69.1695  -69.1517  -67.4415  -67.4309  -67.4227  -23.3407  -23.1576
         -12.1290  -11.1311  -10.0331   -9.9354   -9.5389   -9.4103   -6.8390   -6.4007   -6.1780   -5.9076
   -5.8428   -5.4417   -5.1534   -5.1032   -3.4621   -2.8375    2.0882    3.8343    6.2199    6.5206
    7.9688    9.6883   11.3222   11.7669   17.1658   22.7170   23.2321   25.5459   27.7637   30.3668
   31.0094   31.7743   32.9451   34.9985   37.5853   38.0904   42.6194   43.2630   43.2880   44.2317
   44.5464   50.9560   55.0207   56.4493   58.0805   64.9776   66.1491   68.5339   74.5611   76.0135
   76.4335   82.7792   83.5047  209.0486
 202  1 -108.7178 -107.0585  -69.1732  -69.1695  -69.1476  -67.4391  -67.4311  -67.4183  -23.5195  -23.2255
         -12.0085  -11.3028   -9.8518   -9.8168   -9.3499   -8.8695   -7.1822   -6.3511   -6.2101   -5.9113
   -5.8125   -5.4604   -5.1732   -5.1338   -3.1019   -3.0215    1.0886    3.3501    6.5985    6.6639
    8.6282   12.0575   12.0626   12.7044   15.4523   22.3612   22.6790   22.6801   27.6275   29.8556
   32.4088   32.8517   32.8529   35.5380   35.6975   40.8304   40.8458   40.8763   41.9654   44.0960
   45.5744   48.8289   52.2768   52.2769   59.6401   62.9039   67.9990   70.2659   71.5775   75.7456
   75.7478   82.8010   92.9565  154.9365
 203  1 -108.7177 -107.0583  -69.1707  -69.1668  -69.1484  -67.4336  -67.4313  -67.4186  -23.6123  -23.3120
         -11.5429  -11.3680   -9.8054   -9.6399   -9.4313   -9.1223   -6.8108   -6.5580   -6.2325   -6.0965
   -5.7001   -5.3547   -5.2391   -5.0441   -3.4455   -3.3444    1.6163    3.4117    7.0441    7.2484
    8.1350   10.8483   11.7275   12.3585   17.6705   19.6768   24.4167   27.0352   27.8148   28.2627
   29.9612   33.4191   33.7047   34.1260   35.9092   37.1948   38.2970   39.0843   43.4202   46.1316
   47.0909   51.0048   51.2233   56.1093   59.0683   62.2044   63.4785   67.6995   71.4858   76.6500
   80.6918   80.9370   85.8800  112.8337
 204  1 -108.7174 -107.0580  -69.1707  -69.1655  -69.1497  -67.4347  -67.4318  -67.4173  -23.5641  -23.3609
         -11.6553  -11.3121   -9.9783   -9.7085   -9.1905   -8.8069   -7.0047   -6.5046   -6.2912   -6.1350
   -5.7204   -5.3706   -5.2571   -5.0377   -3.7212   -3.2328    2.4335    2.9821    6.6924    8.2817
    8.3653    9.4790   11.7281   12.7681   16.3818   20.6684   24.4619   27.1732   28.1258   29.5208
   31.4325   32.1494   33.5014   34.2250   35.5519   36.6532   36.8006   37.8146   46.1183   47.0994
   48.8300   50.5138   51.0012   55.4277   61.9077   63.7558   63.9928   66.4708   72.1877   77.7123
   80.4550   83.4188   84.2242   92.6110
 205  1 -108.7175 -107.0582  -69.1711  -69.1694  -69.1500  -67.4410  -67.4318  -67.4161  -23.4034  -23.3403
         -12.1312  -11.4049   -9.9578   -9.8964   -8.5944   -8.5936   -7.4886   -6.4807   -6.3329   -6.0783
   -5.7967   -5.4020   -5.2126   -5.0681   -3.4544   -2.9100    2.0883    2.8079    6.2122    7.3543
    9.6873   11.6484   11.7626   12.9917   12.9963   22.7191   23.2316   25.5467   27.4080   29.1087
   31.7743   32.9473   34.2865   34.2892   35.0014   37.5844   40.0750   40.0772   44.5420   47.9758
   47.9770   50.9553   55.0228   56.4499   56.7455   64.6627   64.9786   66.1478   67.2004   76.0121
   76.4324   85.7262   88.6144  121.2234
 206  1 -108.7173 -107.0580  -69.1726  -69.1697  -69.1541  -67.4437  -67.4313  -67.4201  -23.2674  -23.2253
         -12.2799  -11.3042  -10.1204   -9.8825   -9.3872   -8.8837   -7.1264   -6.4180   -6.2358   -5.9141
   -5.7679   -5.3354   -5.1932   -5.1025   -3.2140   -3.0670    2.2118    3.3485    5.9594    6.6456
    8.6267    9.6551   11.5385   12.6989   15.4514   21.2873   24.5363   25.5535   27.6317   29.8570
   31.9245   33.8920   35.5319   35.6042   35.6984   39.5972   40.8631   41.4935   41.9658   44.0961
   45.5741   54.4291   55.4518   59.5062   59.6497   60.7447   67.9992   69.8728   70.1559   70.3424
   77.2856   82.8007   92.9565  154.9368
 207  1 -108.7163 -107.0571  -69.1705  -69.1687  -69.1613  -67.4401  -67.4314  -67.4283  -23.1875  -23.1343
         -11.8559  -10.9442  -10.6392  -10.2970   -9.8465   -9.3837   -6.6197   -6.3519   -6.2355   -5.9250
   -5.6184   -5.3342   -5.1988   -5.0993   -3.4650   -3.2090    3.6580    4.4006    5.6479    6.3578
    6.4871    7.9494   11.2409   12.0785   17.6470   22.3704   23.4091   28.3863   29.9217   30.4276
   30.9526   31.3468   33.2381   33.2749   35.4794   40.2802   40.8425   41.3011   42.2574   45.2829
   47.6297   53.4396   54.8489   55.1214   62.8443   67.1501   67.5974   67.7244   73.8753   74.7597
   76.1114   77.2608   86.6702  124.0224
 208  1 -108.7161 -107.0568  -69.1720  -69.1692  -69.1594  -67.4379  -67.4312  -67.4309  -23.1817  -23.1437
         -11.6528  -11.1325  -10.4266  -10.3441   -9.8206   -9.6570   -6.4984   -6.3194   -6.2514   -5.9337
   -5.7125   -5.4063   -5.1882   -5.1066   -3.5723   -3.1282    4.0579    4.6280    5.6791    6.0757
    7.0167    7.2265   10.8265   11.6606   19.6475   20.3633   26.2983   26.4518   28.7578   30.0043
   30.6248   31.1768   31.6493   36.2119   37.0678   38.6079   39.2415   42.1646   43.6054   45.7380
   47.7830   51.2839   55.3576   55.4850   64.8549   65.0140   68.1237   68.5217   70.3458   75.1129
   76.6457   80.2464   89.6234  126.7737
 209  1 -108.7166 -107.0572  -69.1714  -69.1689  -69.1559  -67.4383  -67.4311  -67.4257  -23.3610  -23.1438
         -11.6419  -11.1289  -10.3739  -10.0060   -9.7510   -9.5403   -6.5262   -6.4358   -6.2497   -5.9478
   -5.7519   -5.3472   -5.2301   -5.0984   -3.6199   -3.1526    2.9820    4.6326    6.0686    6.7010
    7.0196    8.2934   10.8267   11.7286   19.6486   20.6688   24.4612   26.4370   28.7490   29.5223
   30.6186   31.4377   34.2220   35.5509   36.6543   37.0681   39.2405   42.1655   43.6052   46.1188
   47.7811   48.8325   55.4020   55.5080   61.9098   63.7534   68.5203   70.3467   72.1906   75.1094
   80.2478   80.4552   83.4193  126.7733
 210  1 -108.7177 -107.0583  -69.1707  -69.1668  -69.1484  -67.4336  -67.4313  -67.4186  -23.6123  -23.3120
         -11.5429  -11.3680   -9.8054   -9.6399   -9.4313   -9.1223   -6.8108   -6.5580   -6.2325   -6.0965
   -5.7001   -5.3547   -5.2391   -5.0441   -3.4455   -3.3444    1.6163    3.4117    7.0441    7.2484
    8.1350   10.8483   11.7275   12.3585   17.6705   19.6768   24.4167   27.0352   27.8148   28.2627
   29.9612   33.4191   33.7047   34.1260   35.9091   37.1948   38.2970   39.0843   43.4202   46.1316
   47.0909   51.0048   51.2233   56.1093   59.0683   62.2044   63.4785   67.6995   71.4858   76.6499
   80.6918   80.9370   85.8800  112.8337
 211  1 -108.7183 -107.0590  -69.1711  -69.1601  -69.1438  -67.4327  -67.4250  -67.4141  -23.7723  -23.5640
         -11.3708  -11.1039   -9.7102   -9.4042   -9.0679   -8.7928   -7.0784   -6.4299   -6.4104   -6.0597
   -5.7446   -5.5086   -5.1763   -5.1702   -3.7622   -3.1309    1.1415    2.4329    7.9090    8.3588
    9.4780   10.8129   12.7564   13.3234   16.3808   20.6506   23.0704   27.1743   27.6059   28.1254
   29.8811   31.8762   32.1491   32.9316   33.5028   35.9418   36.8039   37.8126   42.3121   47.0974
   50.5134   50.8292   50.9999   53.3135   57.8327   63.9894   64.4019   66.4714   70.8609   77.0038
   77.7121   83.8940   84.2242   92.6116
 212  1 -108.7184 -107.0592  -69.1714  -69.1549  -69.1438  -67.4330  -67.4210  -67.4125  -23.7535  -23.7519
         -11.2176  -10.9526   -9.6335   -9.1064   -9.0818   -9.0103   -6.7581   -6.6618   -6.4610   -6.0644
   -5.8479   -5.4653   -5.2794   -5.1499   -3.7192   -3.3406    1.6131    1.6434    8.9063    8.9231
    9.8021    9.8840   12.8961   13.0215   18.6775   18.6825   24.6741   24.6904   28.8731   28.9045
   31.1298   31.1952   31.5817   31.6440   34.2102   34.2634   35.5631   35.5965   43.7142   43.7302
   51.1075   51.1274   52.3967   52.4120   64.3658   64.4787   65.2997   65.3025   74.0226   74.0621
   82.4147   82.5132   88.2762   88.3035
 213  1 -108.7183 -107.0590  -69.1711  -69.1579  -69.1460  -67.4327  -67.4274  -67.4117  -23.7723  -23.5640
         -11.3707  -11.1059   -9.7083   -9.4048   -9.0694   -8.7903   -7.0781   -6.4332   -6.4095   -6.0588
   -5.7437   -5.5087   -5.1779   -5.1687   -3.7618   -3.1292    1.1397    2.4334    7.9082    8.3571
    9.4787   10.8128   12.7566   13.3218   16.3818   20.6495   23.0712   27.1742   27.6079   28.1242
   29.8830   31.8773   32.1499   32.9323   33.5012   35.9418   36.8033   37.8124   42.3116   47.0989
   50.5118   50.8282   51.0021   53.3123   57.8342   63.9907   64.4000   66.4700   70.8614   77.0024
   77.7126   83.8943   84.2242   92.6118
 214  1 -108.7177 -107.0583  -69.1703  -69.1643  -69.1511  -67.4358  -67.4318  -67.4160  -23.6123  -23.3120
         -11.5452  -11.3682   -9.8036   -9.6393   -9.4305   -9.1226   -6.8119   -6.5582   -6.2322   -6.0957
   -5.7002   -5.3565   -5.2373   -5.0445   -3.4448   -3.3429    1.6149    3.4117    7.0439    7.2471
    8.1350   10.8472   11.7275   12.3583   17.6705   19.6752   24.4173   27.0373   27.8149   28.2628
   29.9639   33.4212   33.7048   34.1265   35.9091   37.1934   38.2970   39.0843   43.4193   46.1316
   47.0909   51.0039   51.2242   56.1090   59.0683   62.2044   63.4767   67.6995   71.4858   76.6494
   80.6918   80.9366   85.8802  112.8336
 215  1 -108.7166 -107.0572  -69.1699  -69.1679  -69.1584  -67.4403  -67.4313  -67.4235  -23.3610  -23.1439
         -11.6444  -11.1295  -10.3709  -10.0046   -9.7511   -9.5412   -6.5295   -6.4349   -6.2474   -5.9465
   -5.7534   -5.3481   -5.2284   -5.0994   -3.6197   -3.1516    2.9807    4.6324    6.0717    6.7002
    7.0174    8.2932   10.8272   11.7279   19.6476   20.6676   24.4622   26.4369   28.7502   29.5241
   30.6183   31.4382   34.2243   35.5506   36.6554   37.0687   39.2401   42.1646   43.6040   46.1158
   47.7834   48.8332   55.4015   55.5080   61.9077   63.7537   68.5241   70.3422   72.1889   75.1101
   80.2467   80.4566   83.4204  126.7725
 216  1 -108.7160 -107.0566  -69.1704  -69.1686  -69.1617  -67.4401  -67.4314  -67.4285  -23.1680  -23.1609
         -11.3322  -11.2873  -10.4006  -10.3385   -9.9250   -9.8101   -6.3986   -6.3383   -6.1875   -5.9825
   -5.7539   -5.4771   -5.1645   -5.1471   -3.4891   -3.2557    4.7194    4.7708    5.8795    6.0021
    6.7124    6.7436   10.8890   10.9023   22.1586   22.2463   23.2657   23.3270   29.4388   29.7299
   30.3582   30.5375   35.7114   35.7219   38.1452   38.1778   38.9440   38.9672   46.5212   46.5731
   48.0414   48.0900   55.6466   55.6868   65.4532   65.5833   69.6851   69.7171   70.1241   70.1383
   79.1743   79.2521  105.4612  105.5151
 217  1 -108.7168 -107.0574  -69.1728  -69.1695  -69.1539  -67.4431  -67.4314  -67.4207  -23.3123  -23.1871
         -11.8556  -11.3878  -10.2731   -9.8831   -9.4286   -9.3674   -6.8312   -6.3845   -6.2098   -5.8954
   -5.7904   -5.3937   -5.1792   -5.0734   -3.4524   -3.2823    3.4107    3.6571    5.6422    7.0605
    7.9477    8.1354   11.2419   11.7315   17.6710   22.3700   23.4108   27.8124   28.2549   29.9162
   30.9314   33.2702   33.7143   35.4789   35.9092   38.2966   39.0840   41.3026   42.2566   46.1329
   47.0915   53.4382   54.8493   59.0686   62.2045   62.8472   67.1518   67.5963   67.6989   73.8825
   80.6993   85.8758   86.6719  112.8335
 218  1 -108.7174 -107.0580  -69.1707  -69.1655  -69.1497  -67.4347  -67.4318  -67.4173  -23.5641  -23.3609
         -11.6553  -11.3121   -9.9783   -9.7085   -9.1905   -8.8069   -7.0047   -6.5046   -6.2912   -6.1350
   -5.7204   -5.3706   -5.2571   -5.0377   -3.7212   -3.2328    2.4335    2.9821    6.6924    8.2817
    8.3653    9.4790   11.7281   12.7681   16.3818   20.6684   24.4619   27.1732   28.1258   29.5208
   31.4325   32.1494   33.5014   34.2250   35.5519   36.6532   36.8006   37.8146   46.1183   47.0994
   48.8300   50.5138   51.0012   55.4277   61.9077   63.7558   63.9928   66.4708   72.1877   77.7121
   80.4550   83.4188   84.2242   92.6111
 219  1 -108.7184 -107.0592  -69.1714  -69.1549  -69.1438  -67.4330  -67.4210  -67.4125  -23.7535  -23.7519
         -11.2176  -10.9526   -9.6335   -9.1064   -9.0818   -9.0103   -6.7581   -6.6618   -6.4610   -6.0644
   -5.8479   -5.4653   -5.2794   -5.1499   -3.7192   -3.3406    1.6131    1.6434    8.9063    8.9231
    9.8021    9.8840   12.8961   13.0215   18.6775   18.6825   24.6741   24.6904   28.8731   28.9045
   31.1298   31.1952   31.5817   31.6440   34.2102   34.2634   35.5631   35.5965   43.7142   43.7302
   51.1075   51.1274   52.3967   52.4120   64.3658   64.4787   65.2997   65.3025   74.0226   74.0621
   82.4147   82.5132   88.2763   88.3035
 220  1 -108.7195 -107.0606  -69.1721  -69.1467  -69.1400  -67.4337  -67.4106  -67.4100  -24.1126  -23.7723
         -11.1610  -10.3604   -9.7100   -9.2924   -8.7956   -8.5043   -6.9216   -6.6851   -6.1786   -6.0187
   -5.8966   -5.4937   -5.3870   -5.2078   -3.8092   -3.1479    0.2421    1.1416    7.9130   10.3763
   10.8109   13.2779   13.2951   13.6147   17.8061   20.6521   23.0712   23.8012   26.8746   27.6094
   28.5651   28.7939   29.8831   31.8761   32.9312   33.8024   35.3003   35.9398   38.1162   42.3112
   50.8288   53.3145   55.3216   56.7643   57.8311   60.5741   64.3994   65.0781   67.5176   70.8633
   77.0032   83.6036   83.9007   85.8170
 221  1 -108.7198 -107.0610  -69.1720  -69.1451  -69.1415  -67.4335  -67.4133  -67.4071  -24.2542  -23.6124
         -11.5315   -9.9743   -9.6109   -9.5596   -8.7232   -8.4249   -6.8576   -6.7058   -6.1659   -6.0218
   -5.8233   -5.7184   -5.3422   -5.0429   -3.4518   -3.4278   -0.4675    1.6151    7.2319   10.8379
   11.1467   12.3525   12.6688   15.6924   18.4204   19.6777   22.3398   24.4183   25.8272   27.0399
   27.8383   28.4124   29.9607   33.4193   33.8052   34.1213   34.2924   36.8690   37.2067   43.4195
   51.0059   51.2220   56.1092   56.8625   57.6594   60.1470   63.4789   64.3556   69.5121   71.4898
   76.6494   80.9301   84.1414   86.4909
 222  1 -108.7187 -107.0596  -69.1711  -69.1525  -69.1464  -67.4326  -67.4234  -67.4103  -24.1126  -23.3611
         -11.6433  -10.3703   -9.9797   -9.6806   -8.8245   -8.5408   -6.8169   -6.5733   -6.3302   -6.1400
   -5.7080   -5.5532   -5.2774   -5.1187   -3.7647   -3.2545    0.2430    2.9805    6.6956    8.2904
   10.3769   11.7275   13.2784   13.5985   17.8048   20.6692   23.7994   24.4628   26.8822   28.5623
   28.7809   29.5372   31.4339   33.7989   34.2233   35.3030   35.5491   36.6534   38.1168   46.1181
   48.8294   55.3195   55.4291   56.7648   60.5746   61.9084   63.7558   65.0766   67.5172   72.1883
   80.4543   83.4188   83.6124   85.8170
 223  1 -108.7172 -107.0579  -69.1701  -69.1641  -69.1512  -67.4358  -67.4314  -67.4161  -23.7526  -23.1645
         -11.3340  -11.0625  -10.3703   -9.9340   -9.2857   -9.0630   -6.7325   -6.4144   -6.1732   -6.1126
   -5.7954   -5.4966   -5.2612   -5.0815   -3.6027   -3.2981    1.6277    4.7455    5.9370    6.7278
    8.9154    9.8453   10.8968   12.9567   18.6790   22.2035   23.2961   24.6825   28.8659   29.6041
   30.4406   31.1639   31.6255   34.2365   35.5775   35.7196   38.1623   38.9540   43.7222   46.5466
   48.0648   51.1172   52.4035   55.6667   64.4213   65.3014   65.5186   69.7029   70.1291   74.0419
   79.2141   82.4638   88.2908  105.4883
 224  1 -108.7166 -107.0572  -69.1723  -69.1694  -69.1544  -67.4437  -67.4311  -67.4203  -23.3611  -23.1437
         -11.6443  -11.1317  -10.3790   -9.9027   -9.8816   -9.4966   -6.7070   -6.3633   -6.0357   -5.9047
   -5.7942   -5.5623   -5.1474   -5.0829   -3.6163   -3.1506    2.9804    4.6326    6.0724    6.6992
    7.0164    8.2921   10.8270   11.7292   19.6479   20.6698   24.4619   26.4359   28.7360   29.5446
   30.6083   31.4402   34.2245   35.5499   36.6543   37.0700   39.2405   42.1647   43.6040   46.1182
   47.7829   48.8301   55.4259   55.4846   61.9075   63.7551   68.5206   70.3451   72.1865   75.1149
   80.2378   80.4636   83.4208  126.7733
 225  1 -108.7173 -107.0580  -69.1751  -69.1697  -69.1515  -67.4462  -67.4312  -67.4178  -23.2683  -23.2243
         -12.2802  -11.3045  -10.0924   -9.9263   -9.3767   -8.8615   -7.2014   -6.3960   -6.1724   -5.8494
   -5.7390   -5.5108   -5.1997   -5.0486   -3.1378   -3.1347    2.2112    3.3489    5.9594    6.6450
    8.6269    9.6531   11.5368   12.7019   15.4519   21.2889   24.5368   25.5543   27.6262   29.8589
   31.9248   33.8919   35.5183   35.6159   35.6989   39.5982   40.8640   41.4939   41.9634   44.0986
   45.5728   54.4285   55.4522   59.5080   59.6485   60.7441   67.9993   69.8667   70.2282   70.2770
   77.2857   82.8007   92.9571  154.9383
 226  1 -108.7175 -107.0582  -69.1711  -69.1694  -69.1500  -67.4410  -67.4318  -67.4161  -23.4034  -23.3403
         -12.1312  -11.4049   -9.9578   -9.8964   -8.5944   -8.5936   -7.4886   -6.4807   -6.3329   -6.0783
   -5.7967   -5.4020   -5.2126   -5.0681   -3.4544   -2.9100    2.0883    2.8079    6.2122    7.3543
    9.6873   11.6484   11.7626   12.9917   12.9963   22.7191   23.2316   25.5467   27.4080   29.1087
   31.7743   32.9473   34.2865   34.2892   35.0014   37.5844   40.0750   40.0772   44.5420   47.9758
   47.9770   50.9553   55.0228   56.4499   56.7455   64.6627   64.9786   66.1478   67.2004   76.0121
   76.4324   85.7262   88.6139  121.2236
 227  1 -108.7183 -107.0590  -69.1711  -69.1579  -69.1460  -67.4327  -67.4274  -67.4117  -23.7723  -23.5640
         -11.3707  -11.1059   -9.7083   -9.4048   -9.0694   -8.7903   -7.0781   -6.4332   -6.4095   -6.0588
   -5.7437   -5.5087   -5.1779   -5.1687   -3.7618   -3.1292    1.1397    2.4334    7.9082    8.3571
    9.4787   10.8128   12.7566   13.3218   16.3818   20.6495   23.0712   27.1742   27.6079   28.1242
   29.8830   31.8773   32.1499   32.9323   33.5012   35.9418   36.8033   37.8124   42.3116   47.0989
   50.5118   50.8282   51.0021   53.3123   57.8342   63.9907   64.4000   66.4700   70.8614   77.0024
   77.7125   83.8943   84.2242   92.6119
 228  1 -108.7198 -107.0610  -69.1720  -69.1451  -69.1415  -67.4335  -67.4133  -67.4071  -24.2542  -23.6124
         -11.5315   -9.9743   -9.6109   -9.5596   -8.7232   -8.4249   -6.8576   -6.7058   -6.1659   -6.0218
   -5.8233   -5.7184   -5.3422   -5.0429   -3.4518   -3.4278   -0.4675    1.6151    7.2319   10.8379
   11.1467   12.3525   12.6688   15.6924   18.4204   19.6777   22.3398   24.4183   25.8272   27.0399
   27.8383   28.4124   29.9607   33.4193   33.8052   34.1213   34.2924   36.8690   37.2067   43.4195
   51.0060   51.2220   56.1092   56.8625   57.6594   60.1470   63.4789   64.3556   69.5121   71.4898
   76.6493   80.9301   84.1414   86.4909
 229  1 -108.7210 -107.0626  -69.1721  -69.1414  -69.1382  -67.4334  -67.4079  -67.4049  -24.5260  -23.5197
         -12.0094   -9.8494   -9.8471   -8.5857   -8.0886   -8.0853   -6.8605   -6.8565   -6.4706   -5.8395
   -5.8395   -5.5583   -5.5582   -5.4151   -3.1474   -3.1458   -1.7303    1.0878    6.6147   12.0601
   12.0620   13.2798   15.9722   15.9738   19.6967   19.6990   22.3573   22.6820   22.6822   22.7776
   26.0811   26.0814   32.4111   32.8494   32.8499   34.0091   35.1637   35.1663   40.8436   40.8440
   48.8303   52.2760   52.2783   57.3998   60.5043   60.5076   62.9029   63.3636   65.0796   71.5795
   75.7453   75.7455   86.7515   86.7515
 230  1 -108.7202 -107.0617  -69.1715  -69.1452  -69.1418  -67.4327  -67.4133  -67.4076  -24.4715  -23.3408
         -12.1299  -10.0126   -9.9645   -9.1037   -7.8878   -7.8837   -6.9323   -6.6550   -6.3729   -6.2988
   -6.0540   -5.5513   -5.4042   -5.2825   -3.6186   -2.9505   -1.2687    2.0860    6.2148    9.6869
   11.7641   14.8044   14.8053   15.9153   15.9293   22.7185   23.2261   23.3692   23.3742   24.6449
   25.5428   27.0780   31.7704   32.9474   34.8282   34.8294   34.9940   35.2625   37.5850   44.5408
   50.9548   55.0207   56.4500   57.8736   60.6420   60.6448   63.0208   64.9757   65.7978   66.1483
   76.0137   76.4323   86.1880   87.0939
 231  1 -108.7182 -107.0592  -69.1703  -69.1577  -69.1464  -67.4315  -67.4274  -67.4122  -24.1126  -23.1816
         -11.6552  -10.4683  -10.2544   -9.8868   -8.8055   -8.5511   -6.9064   -6.4154   -6.2857   -6.0165
   -5.7971   -5.5484   -5.2233   -5.1756   -3.7031   -3.2321    0.2434    4.0555    5.6741    7.2229
   10.3776   11.6573   13.2769   13.6009   17.8059   20.3648   23.7978   26.3149   26.8815   28.5490
   28.7981   30.0287   31.1725   31.6497   33.7990   35.3024   36.2126   38.1139   38.6098   45.7369
   51.2825   55.3252   55.3577   56.7623   60.5754   64.8559   65.0100   65.0779   67.5177   68.1274
   76.6461   83.6112   85.8170   89.6241
 232  1 -108.7173 -107.0580  -69.1709  -69.1690  -69.1501  -67.4411  -67.4310  -67.4163  -23.6123  -23.1342
         -11.5331  -10.9424  -10.6418   -9.7493   -9.7088   -9.0842   -6.9103   -6.3363   -6.0769   -5.8937
   -5.6790   -5.6267   -5.1036   -5.0648   -3.4570   -3.2603    1.6152    4.4052    6.3540    6.4869
    7.2340   10.8474   12.0631   12.3700   17.6482   19.6780   24.4172   27.0404   28.3804   29.9720
   30.4498   31.3455   33.2376   33.4223   34.1255   37.1933   40.2810   40.8431   43.4193   45.2813
   47.6278   51.0066   51.2224   55.1200   56.1101   63.4776   67.7212   71.4856   74.7524   76.1049
   76.6558   77.2652   80.9317  124.0243
 233  1 -108.7171 -107.0578  -69.1732  -69.1695  -69.1537  -67.4434  -67.4311  -67.4206  -23.3406  -23.1576
         -12.1310  -11.1311  -10.0314   -9.9353   -9.5383   -9.4102   -6.8391   -6.4026   -6.1763   -5.9063
   -5.8431   -5.4431   -5.1544   -5.1023   -3.4609   -2.8370    2.0890    3.8343    6.2157    6.5206
    7.9688    9.6877   11.3222   11.7668   17.1658   22.7186   23.2329   25.5465   27.7638   30.3668
   31.0094   31.7736   32.9478   34.9973   37.5849   38.0904   42.6194   43.2630   43.2880   44.2318
   44.5461   50.9554   55.0210   56.4509   58.0805   64.9789   66.1475   68.5339   74.5611   76.0118
   76.4330   82.7792   83.5046  209.0486
 234  1 -108.7173 -107.0580  -69.1726  -69.1697  -69.1541  -67.4437  -67.4313  -67.4201  -23.2674  -23.2253
         -12.2799  -11.3042  -10.1204   -9.8825   -9.3872   -8.8837   -7.1264   -6.4180   -6.2358   -5.9141
   -5.7679   -5.3354   -5.1932   -5.1025   -3.2140   -3.0670    2.2118    3.3485    5.9594    6.6456
    8.6267    9.6551   11.5385   12.6989   15.4514   21.2873   24.5363   25.5535   27.6317   29.8570
   31.9245   33.8920   35.5319   35.6042   35.6984   39.5972   40.8631   41.4935   41.9659   44.0961
   45.5741   54.4291   55.4518   59.5062   59.6497   60.7447   67.9992   69.8728   70.1559   70.3424
   77.2856   82.8007   92.9560  154.9366
 235  1 -108.7177 -107.0583  -69.1703  -69.1643  -69.1511  -67.4358  -67.4318  -67.4160  -23.6123  -23.3120
         -11.5452  -11.3682   -9.8036   -9.6393   -9.4305   -9.1226   -6.8119   -6.5582   -6.2322   -6.0957
   -5.7002   -5.3565   -5.2373   -5.0445   -3.4448   -3.3429    1.6149    3.4117    7.0439    7.2471
    8.1350   10.8472   11.7275   12.3583   17.6705   19.6752   24.4173   27.0373   27.8149   28.2628
   29.9639   33.4212   33.7048   34.1265   35.9092   37.1934   38.2970   39.0843   43.4193   46.1316
   47.0909   51.0039   51.2242   56.1090   59.0683   62.2044   63.4767   67.6995   71.4858   76.6495
   80.6917   80.9366   85.8800  112.8337
 236  1 -108.7187 -107.0596  -69.1711  -69.1525  -69.1464  -67.4326  -67.4234  -67.4103  -24.1126  -23.3611
         -11.6433  -10.3703   -9.9797   -9.6806   -8.8245   -8.5408   -6.8169   -6.5733   -6.3302   -6.1400
   -5.7080   -5.5532   -5.2774   -5.1187   -3.7647   -3.2545    0.2430    2.9805    6.6956    8.2904
   10.3769   11.7275   13.2784   13.5985   17.8048   20.6692   23.7994   24.4628   26.8822   28.5623
   28.7809   29.5372   31.4340   33.7989   34.2233   35.3030   35.5491   36.6534   38.1168   46.1181
   48.8294   55.3195   55.4291   56.7648   60.5746   61.9085   63.7559   65.0766   67.5172   72.1883
   80.4542   83.4189   83.6124   85.8170
 237  1 -108.7202 -107.0617  -69.1715  -69.1452  -69.1418  -67.4327  -67.4133  -67.4076  -24.4715  -23.3408
         -12.1299  -10.0126   -9.9645   -9.1037   -7.8878   -7.8837   -6.9323   -6.6550   -6.3729   -6.2988
   -6.0540   -5.5513   -5.4042   -5.2825   -3.6186   -2.9505   -1.2687    2.0860    6.2148    9.6869
   11.7641   14.8044   14.8053   15.9153   15.9293   22.7185   23.2261   23.3692   23.3742   24.6449
   25.5428   27.0780   31.7704   32.9474   34.8282   34.8294   34.9940   35.2625   37.5850   44.5408
   50.9548   55.0207   56.4500   57.8736   60.6420   60.6448   63.0208   64.9757   65.7978   66.1483
   76.0137   76.4323   86.1880   87.0939
 238  1 -108.7204 -107.0620  -69.1711  -69.1469  -69.1399  -67.4321  -67.4110  -67.4097  -24.5259  -23.2674
         -12.2786  -10.1277   -9.9191   -8.5845   -8.1378   -8.1322   -6.7961   -6.6575   -6.5184   -6.0867
   -5.9438   -5.5658   -5.3492   -5.2696   -3.2777   -3.1898   -1.7288    2.2094    5.9599    9.6511
   11.5391   13.2807   15.9725   15.9755   19.6958   19.6975   21.2890   22.7729   24.5330   25.5431
   26.0883   26.0907   31.9233   33.8915   34.0089   35.1606   35.1668   35.6015   39.5966   41.4923
   54.4293   55.4486   57.4019   59.5166   60.5074   60.5080   60.7453   63.3622   65.0777   69.8749
   70.2291   77.2874   86.7517   86.7517
 239  1 -108.7189 -107.0601  -69.1704  -69.1551  -69.1438  -67.4314  -67.4215  -67.4124  -24.2542  -23.1877
         -11.8546  -10.2827  -10.0273   -9.6442   -8.9161   -8.4238   -6.6857   -6.4205   -6.3413   -6.2390
   -5.7365   -5.5505   -5.2198   -5.1645   -3.4575   -3.3727   -0.4666    3.6554    5.6446    7.9457
   11.1161   11.2647   12.6710   15.6917   18.4211   22.3117   22.3952   23.4098   25.8296   27.8325
   28.4041   29.9218   30.9343   33.2726   33.8032   34.2928   35.4782   36.8840   41.3001   42.2559
   53.4398   54.8494   56.8634   57.6619   60.1484   62.8446   64.3526   67.1504   67.5992   69.5159
   73.8804   84.1412   86.4907   86.6713
 240  1 -108.7174 -107.0582  -69.1700  -69.1656  -69.1497  -67.4349  -67.4309  -67.4173  -23.7722  -23.1440
         -11.1800  -11.1069  -10.3699   -9.8106   -9.5658   -9.2148   -6.6457   -6.4267   -6.1788   -5.9804
   -5.7007   -5.5755   -5.2183   -5.0978   -3.6672   -3.0550    1.1406    4.6342    6.0706    7.0174
    7.9140   10.7779   10.8644   13.3118   19.6482   20.6521   23.0695   26.4357   27.6062   28.7504
   29.8857   30.6128   31.8856   32.9318   35.9419   37.0672   39.2398   42.1631   42.3117   43.6047
   47.7831   50.8293   53.3150   55.4832   57.8318   64.4004   68.5201   70.3441   70.8616   75.1149
   77.0013   80.2474   83.8940  126.7734
 241  1 -108.7166 -107.0572  -69.1711  -69.1690  -69.1560  -67.4384  -67.4311  -67.4256  -23.3610  -23.1439
         -11.6432  -11.1270  -10.3734  -10.0065   -9.7519   -9.5403   -6.5264   -6.4368   -6.2473   -5.9468
   -5.7535   -5.3481   -5.2287   -5.0996   -3.6200   -3.1525    2.9823    4.6342    6.0685    6.6985
    7.0197    8.2933   10.8274   11.7290   19.6481   20.6689   24.4617   26.4359   28.7493   29.5217
   30.6193   31.4384   34.2244   35.5508   36.6527   37.0676   39.2388   42.1642   43.6053   46.1184
   47.7842   48.8326   55.4027   55.5090   61.9078   63.7538   68.5235   70.3416   72.1910   75.1131
   80.2440   80.4548   83.4194  126.7728
 242  1 -108.7163 -107.0571  -69.1705  -69.1687  -69.1613  -67.4401  -67.4314  -67.4283  -23.1875  -23.1343
         -11.8559  -10.9442  -10.6392  -10.2970   -9.8465   -9.3837   -6.6197   -6.3519   -6.2355   -5.9250
   -5.6184   -5.3342   -5.1988   -5.0993   -3.4650   -3.2090    3.6580    4.4006    5.6479    6.3578
    6.4871    7.9494   11.2409   12.0785   17.6470   22.3704   23.4091   28.3863   29.9217   30.4276
   30.9526   31.3468   33.2381   33.2749   35.4794   40.2802   40.8425   41.3011   42.2574   45.2829
   47.6297   53.4396   54.8489   55.1214   62.8443   67.1501   67.5974   67.7244   73.8753   74.7597
   76.1114   77.2606   86.6703  124.0223
 243  1 -108.7166 -107.0572  -69.1699  -69.1679  -69.1584  -67.4403  -67.4313  -67.4235  -23.3610  -23.1439
         -11.6444  -11.1295  -10.3709  -10.0046   -9.7511   -9.5412   -6.5295   -6.4349   -6.2474   -5.9465
   -5.7534   -5.3481   -5.2284   -5.0994   -3.6197   -3.1516    2.9807    4.6324    6.0717    6.7002
    7.0174    8.2932   10.8272   11.7279   19.6476   20.6676   24.4622   26.4369   28.7502   29.5241
   30.6183   31.4382   34.2243   35.5506   36.6554   37.0687   39.2401   42.1646   43.6040   46.1158
   47.7834   48.8332   55.4015   55.5080   61.9077   63.7537   68.5241   70.3422   72.1890   75.1100
   80.2466   80.4566   83.4203  126.7724
 244  1 -108.7172 -107.0579  -69.1701  -69.1641  -69.1512  -67.4358  -67.4314  -67.4161  -23.7526  -23.1645
         -11.3340  -11.0625  -10.3703   -9.9340   -9.2857   -9.0630   -6.7325   -6.4144   -6.1732   -6.1126
   -5.7954   -5.4966   -5.2612   -5.0815   -3.6027   -3.2981    1.6277    4.7455    5.9370    6.7278
    8.9154    9.8453   10.8968   12.9567   18.6790   22.2035   23.2961   24.6825   28.8659   29.6041
   30.4406   31.1639   31.6255   34.2365   35.5775   35.7196   38.1623   38.9540   43.7222   46.5466
   48.0648   51.1172   52.4035   55.6666   64.4213   65.3014   65.5186   69.7029   70.1290   74.0419
   79.2141   82.4638   88.2908  105.4883
 245  1 -108.7182 -107.0592  -69.1703  -69.1577  -69.1464  -67.4315  -67.4274  -67.4122  -24.1126  -23.1816
         -11.6552  -10.4683  -10.2544   -9.8868   -8.8055   -8.5511   -6.9064   -6.4154   -6.2857   -6.0165
   -5.7971   -5.5484   -5.2233   -5.1756   -3.7031   -3.2321    0.2434    4.0555    5.6741    7.2229
   10.3776   11.6573   13.2769   13.6009   17.8059   20.3648   23.7978   26.3149   26.8815   28.5490
   28.7981   30.0287   31.1725   31.6497   33.7990   35.3024   36.2126   38.1139   38.6098   45.7369
   51.2825   55.3252   55.3577   56.7623   60.5754   64.8559   65.0100   65.0779   67.5176   68.1275
   76.6461   83.6112   85.8170   89.6241
 246  1 -108.7189 -107.0601  -69.1704  -69.1551  -69.1438  -67.4314  -67.4215  -67.4124  -24.2542  -23.1877
         -11.8546  -10.2827  -10.0273   -9.6442   -8.9161   -8.4238   -6.6857   -6.4205   -6.3413   -6.2390
   -5.7365   -5.5505   -5.2198   -5.1645   -3.4575   -3.3727   -0.4666    3.6554    5.6446    7.9457
   11.1161   11.2647   12.6710   15.6917   18.4211   22.3117   22.3952   23.4098   25.8296   27.8325
   28.4041   29.9218   30.9343   33.2726   33.8032   34.2928   35.4782   36.8840   41.3001   42.2559
   53.4398   54.8494   56.8634   57.6619   60.1484   62.8446   64.3526   67.1504   67.5992   69.5158
   73.8805   84.1412   86.4907   86.6713
 247  1 -108.7182 -107.0592  -69.1704  -69.1599  -69.1442  -67.4315  -67.4250  -67.4146  -24.1126  -23.1816
         -11.6545  -10.4674  -10.2531   -9.8888   -8.8046   -8.5535   -6.9060   -6.4133   -6.2873   -6.0154
   -5.7974   -5.5479   -5.2229   -5.1780   -3.7034   -3.2334    0.2442    4.0570    5.6747    7.2224
   10.3776   11.6577   13.2772   13.6016   17.8064   20.3636   23.7985   26.3159   26.8784   28.5483
   28.7988   30.0295   31.1715   31.6506   33.8000   35.3014   36.2124   38.1139   38.6066   45.7389
   51.2825   55.3244   55.3590   56.7639   60.5761   64.8565   65.0098   65.0770   67.5179   68.1289
   76.6424   83.6115   85.8173   89.6231
 248  1 -108.7172 -107.0579  -69.1703  -69.1666  -69.1485  -67.4337  -67.4309  -67.4187  -23.7526  -23.1645
         -11.3320  -11.0610  -10.3706   -9.9360   -9.2874   -9.0635   -6.7303   -6.4140   -6.1718   -6.1146
   -5.7955   -5.4958   -5.2618   -5.0830   -3.6034   -3.2993    1.6291    4.7479    5.9363    6.7275
    8.9148    9.8450   10.8976   12.9585   18.6801   22.2022   23.2968   24.6821   28.8641   29.6035
   30.4414   31.1632   31.6244   34.2364   35.5767   35.7196   38.1614   38.9515   43.7223   46.5480
   48.0657   51.1186   52.4049   55.6681   64.4226   65.2998   65.5188   69.7011   70.1324   74.0425
   79.2106   82.4647   88.2898  105.4872
 249  1 -108.7168 -107.0574  -69.1747  -69.1697  -69.1519  -67.4412  -67.4311  -67.4229  -23.3123  -23.1871
         -11.8532  -11.3878  -10.2731   -9.8858   -9.4289   -9.3675   -6.8313   -6.3825   -6.2105   -5.8950
   -5.7917   -5.3931   -5.1770   -5.0757   -3.4532   -3.2838    3.4107    3.6569    5.6467    7.0605
    7.9463    8.1355   11.2435   11.7315   17.6710   22.3687   23.4093   27.8123   28.2549   29.9161
   30.9323   33.2693   33.7143   35.4779   35.9092   38.2966   39.0840   41.3011   42.2570   46.1329
   47.0915   53.4412   54.8502   59.0686   62.2045   62.8453   67.1517   67.5992   67.6988   73.8795
   80.6993   85.8758   86.6723  112.8335
 250  1 -108.7161 -107.0568  -69.1720  -69.1692  -69.1594  -67.4379  -67.4312  -67.4309  -23.1817  -23.1437
         -11.6528  -11.1325  -10.4266  -10.3441   -9.8206   -9.6570   -6.4984   -6.3194   -6.2514   -5.9337
   -5.7125   -5.4063   -5.1882   -5.1066   -3.5723   -3.1282    4.0579    4.6280    5.6791    6.0757
    7.0167    7.2265   10.8265   11.6606   19.6475   20.3633   26.2983   26.4518   28.7578   30.0043
   30.6248   31.1768   31.6493   36.2119   37.0678   38.6079   39.2415   42.1646   43.6054   45.7380
   47.7830   51.2839   55.3576   55.4850   64.8549   65.0140   68.1236   68.5217   70.3458   75.1129
   76.6457   80.2464   89.6234  126.7737
 251  1 -108.7160 -107.0566  -69.1704  -69.1686  -69.1617  -67.4401  -67.4314  -67.4285  -23.1680  -23.1609
         -11.3322  -11.2873  -10.4006  -10.3385   -9.9250   -9.8101   -6.3986   -6.3383   -6.1875   -5.9825
   -5.7539   -5.4771   -5.1645   -5.1471   -3.4891   -3.2557    4.7194    4.7708    5.8795    6.0021
    6.7124    6.7436   10.8890   10.9023   22.1586   22.2463   23.2657   23.3270   29.4388   29.7299
   30.3582   30.5375   35.7114   35.7219   38.1452   38.1778   38.9440   38.9672   46.5212   46.5731
   48.0414   48.0900   55.6466   55.6868   65.4532   65.5833   69.6851   69.7171   70.1241   70.1383
   79.1743   79.2522  105.4611  105.5150
 252  1 -108.7166 -107.0572  -69.1723  -69.1694  -69.1544  -67.4437  -67.4311  -67.4203  -23.3611  -23.1437
         -11.6443  -11.1317  -10.3790   -9.9027   -9.8816   -9.4966   -6.7070   -6.3633   -6.0357   -5.9047
   -5.7942   -5.5623   -5.1474   -5.0829   -3.6163   -3.1506    2.9804    4.6326    6.0724    6.6992
    7.0164    8.2921   10.8270   11.7292   19.6479   20.6698   24.4619   26.4359   28.7360   29.5446
   30.6083   31.4402   34.2245   35.5499   36.6543   37.0700   39.2405   42.1647   43.6040   46.1182
   47.7829   48.8301   55.4259   55.4846   61.9075   63.7551   68.5206   70.3451   72.1866   75.1150
   80.2379   80.4636   83.4208  126.7733
 253  1 -108.7173 -107.0580  -69.1709  -69.1690  -69.1501  -67.4411  -67.4310  -67.4163  -23.6123  -23.1342
         -11.5331  -10.9424  -10.6418   -9.7493   -9.7088   -9.0842   -6.9103   -6.3363   -6.0769   -5.8937
   -5.6790   -5.6267   -5.1036   -5.0648   -3.4570   -3.2603    1.6152    4.4052    6.3540    6.4869
    7.2340   10.8474   12.0631   12.3700   17.6482   19.6780   24.4172   27.0404   28.3804   29.9720
   30.4498   31.3455   33.2376   33.4223   34.1255   37.1933   40.2810   40.8431   43.4193   45.2813
   47.6278   51.0066   51.2224   55.1200   56.1101   63.4776   67.7212   71.4856   74.7524   76.1049
   76.6558   77.2654   80.9317  124.0243
 254  1 -108.7174 -107.0582  -69.1700  -69.1656  -69.1497  -67.4349  -67.4309  -67.4173  -23.7722  -23.1440
         -11.1800  -11.1069  -10.3699   -9.8106   -9.5658   -9.2148   -6.6457   -6.4267   -6.1788   -5.9804
   -5.7007   -5.5755   -5.2183   -5.0978   -3.6672   -3.0550    1.1406    4.6342    6.0706    7.0174
    7.9140   10.7779   10.8644   13.3118   19.6482   20.6521   23.0695   26.4357   27.6062   28.7504
   29.8857   30.6128   31.8856   32.9318   35.9419   37.0672   39.2398   42.1631   42.3117   43.6047
   47.7831   50.8293   53.3150   55.4832   57.8318   64.4004   68.5201   70.3441   70.8616   75.1150
   77.0013   80.2474   83.8940  126.7734
 255  1 -108.7172 -107.0579  -69.1703  -69.1666  -69.1485  -67.4337  -67.4309  -67.4187  -23.7526  -23.1645
         -11.3320  -11.0610  -10.3706   -9.9360   -9.2874   -9.0635   -6.7303   -6.4140   -6.1718   -6.1146
   -5.7955   -5.4958   -5.2618   -5.0830   -3.6034   -3.2993    1.6291    4.7479    5.9363    6.7275
    8.9148    9.8450   10.8976   12.9585   18.6801   22.2022   23.2968   24.6821   28.8641   29.6035
   30.4414   31.1632   31.6244   34.2364   35.5767   35.7196   38.1614   38.9515   43.7223   46.5480
   48.0657   51.1186   52.4049   55.6681   64.4226   65.2998   65.5188   69.7011   70.1324   74.0425
   79.2107   82.4647   88.2898  105.4872
 256  1 -108.7170 -107.0576  -69.1726  -69.1698  -69.1479  -67.4388  -67.4313  -67.4187  -23.5641  -23.1814
         -11.6562  -11.3324  -10.3516   -9.8965   -9.1876   -8.8037   -7.1055   -6.4019   -6.1539   -5.9061
   -5.8097   -5.6015   -5.1758   -5.0221   -3.6639   -3.2083    2.4335    4.0573    5.6754    7.2229
    8.3570    9.4771   11.6566   12.7715   16.3816   20.3630   26.3093   27.1821   28.1163   30.0251
   31.1655   31.6474   32.1496   33.5079   36.2123   36.8015   37.8133   38.6063   45.7391   47.0988
   50.5135   50.9981   51.2869   55.3599   63.9922   64.8557   65.0151   66.4709   68.1256   76.6436
   77.7119   84.2239   89.6215   92.6129
   1  2 -108.7168 -107.0575  -69.1771  -69.1696  -69.1494  -67.4439  -67.4310  -67.4203  -23.2603  -23.2404
         -11.6118  -11.5174  -10.3243   -9.9171   -9.7921   -9.1274   -6.9746   -6.3398   -6.0057   -5.9549
   -5.5927   -5.3875   -5.2065   -5.0419   -3.4628   -3.4363    3.4901    3.5986    6.1576    6.2816
    7.8323    7.8415   11.9891   12.1152   18.2239   18.2892   27.3033   27.5097   28.7495   29.0685
   32.4052   32.4585   34.9323   35.0937   36.7651   36.7871   40.6015   40.6355   42.9477   43.0652
   49.2314   49.2385   58.6216   58.7357   62.2486   62.4590   65.1818   65.2075   76.6899   76.8660
   78.3659   78.4023   90.3877   90.4135
   2  2 -108.7166 -107.0572  -69.1748  -69.1695  -69.1519  -67.4413  -67.4309  -67.4229  -23.3612  -23.1437
         -11.6421  -11.1301  -10.3788   -9.9034   -9.8828   -9.4993   -6.7060   -6.3609   -6.0379   -5.9046
   -5.7938   -5.5625   -5.1457   -5.0851   -3.6172   -3.1520    2.9818    4.6326    6.0724    6.7015
    7.0186    8.2906   10.8262   11.7310   19.6475   20.6698   24.4605   26.4362   28.7364   29.5441
   30.6077   31.4396   34.2230   35.5502   36.6535   37.0694   39.2388   42.1643   43.6050   46.1178
   47.7847   48.8324   55.4253   55.4848   61.9106   63.7528   68.5241   70.3423   72.1893   75.1131
   80.2376   80.4620   83.4196  126.7728
   3  2 -108.7164 -107.0570  -69.1713  -69.1689  -69.1559  -67.4385  -67.4309  -67.4256  -23.4078  -23.1010
         -11.5783  -10.5308  -10.5296  -10.1641   -9.8745   -9.8670   -6.4219   -6.4129   -6.1136   -5.9626
   -5.9226   -5.5336   -5.2186   -5.1124   -3.7785   -2.8651    2.8116    5.1524    6.6913    6.6922
    7.1637    7.7008    9.4228   12.1524   22.4289   22.4875   22.4883   23.0121   28.8745   29.8587
   29.9820   30.8239   32.7599   34.6558   35.4295   39.9492   40.3721   44.0604   44.0608   45.1754
   47.6142   50.0724   51.6501   53.3211   64.4057   66.2089   66.9026   71.7853   73.1872   73.1902
   80.4711   81.7923   84.3326  187.8507
   4  2 -108.7166 -107.0572  -69.1729  -69.1694  -69.1539  -67.4433  -67.4311  -67.4208  -23.3612  -23.1437
         -11.6434  -11.1322  -10.3793   -9.9021   -9.8820   -9.4970   -6.7065   -6.3628   -6.0368   -5.9041
   -5.7944   -5.5617   -5.1480   -5.0827   -3.6163   -3.1515    2.9821    4.6310    6.0725    6.6990
    7.0185    8.2905   10.8254   11.7315   19.6480   20.6699   24.4611   26.4373   28.7361   29.5436
   30.6070   31.4403   34.2254   35.5501   36.6519   37.0699   39.2405   42.1656   43.6049   46.1174
   47.7816   48.8325   55.4261   55.4839   61.9086   63.7533   68.5209   70.3474   72.1897   75.1095
   80.2413   80.4618   83.4197  126.7733
   5  2 -108.7168 -107.0575  -69.1749  -69.1696  -69.1517  -67.4461  -67.4312  -67.4179  -23.2603  -23.2404
         -11.6134  -11.5195  -10.3246   -9.9167   -9.7903   -9.1245   -6.9754   -6.3426   -6.0072   -5.9513
   -5.5926   -5.3864   -5.2094   -5.0395   -3.4614   -3.4353    3.4896    3.5980    6.1555    6.2799
    7.8320    7.8409   11.9890   12.1156   18.2238   18.2895   27.3037   27.5108   28.7491   29.0679
   32.4076   32.4605   34.9313   35.0921   36.7673   36.7895   40.6002   40.6338   42.9491   43.0661
   49.2296   49.2367   58.6199   58.7341   62.2497   62.4602   65.1814   65.2072   76.6899   76.8662
   78.3676   78.4034   90.3876   90.4134
   6  2 -108.7166 -107.0572  -69.1729  -69.1694  -69.1539  -67.4433  -67.4311  -67.4208  -23.3612  -23.1437
         -11.6434  -11.1322  -10.3793   -9.9021   -9.8820   -9.4970   -6.7065   -6.3628   -6.0368   -5.9041
   -5.7944   -5.5617   -5.1480   -5.0827   -3.6163   -3.1515    2.9821    4.6310    6.0725    6.6990
    7.0185    8.2905   10.8254   11.7315   19.6480   20.6699   24.4611   26.4373   28.7361   29.5436
   30.6070   31.4403   34.2254   35.5501   36.6519   37.0699   39.2405   42.1656   43.6049   46.1174
   47.7816   48.8325   55.4261   55.4839   61.9086   63.7533   68.5209   70.3474   72.1897   75.1095
   80.2413   80.4618   83.4197  126.7733
   7  2 -108.7164 -107.0570  -69.1713  -69.1689  -69.1559  -67.4385  -67.4309  -67.4256  -23.4078  -23.1010
         -11.5783  -10.5308  -10.5296  -10.1641   -9.8745   -9.8670   -6.4219   -6.4129   -6.1136   -5.9626
   -5.9226   -5.5336   -5.2186   -5.1124   -3.7785   -2.8651    2.8116    5.1524    6.6913    6.6922
    7.1637    7.7008    9.4228   12.1524   22.4289   22.4875   22.4883   23.0121   28.8745   29.8587
   29.9820   30.8239   32.7599   34.6558   35.4295   39.9492   40.3721   44.0604   44.0608   45.1754
   47.6142   50.0724   51.6501   53.3211   64.4057   66.2089   66.9026   71.7853   73.1872   73.1902
   80.4711   81.7923   84.3326  187.8507
   8  2 -108.7166 -107.0572  -69.1748  -69.1695  -69.1519  -67.4413  -67.4309  -67.4229  -23.3612  -23.1437
         -11.6421  -11.1301  -10.3788   -9.9034   -9.8828   -9.4993   -6.7060   -6.3609   -6.0379   -5.9046
   -5.7938   -5.5625   -5.1457   -5.0851   -3.6172   -3.1520    2.9818    4.6326    6.0724    6.7015
    7.0186    8.2906   10.8262   11.7310   19.6475   20.6698   24.4605   26.4362   28.7364   29.5441
   30.6077   31.4396   34.2230   35.5502   36.6535   37.0694   39.2388   42.1643   43.6050   46.1178
   47.7847   48.8324   55.4253   55.4848   61.9106   63.7528   68.5241   70.3423   72.1893   75.1131
   80.2376   80.4620   83.4196  126.7728
   9  2 -108.7166 -107.0572  -69.1748  -69.1695  -69.1519  -67.4413  -67.4309  -67.4229  -23.3612  -23.1437
         -11.6421  -11.1301  -10.3788   -9.9034   -9.8828   -9.4993   -6.7060   -6.3609   -6.0379   -5.9046
   -5.7938   -5.5625   -5.1457   -5.0851   -3.6172   -3.1520    2.9818    4.6326    6.0724    6.7015
    7.0186    8.2906   10.8262   11.7310   19.6475   20.6698   24.4605   26.4362   28.7364   29.5441
   30.6077   31.4396   34.2230   35.5502   36.6535   37.0694   39.2388   42.1643   43.6050   46.1178
   47.7847   48.8324   55.4253   55.4848   61.9106   63.7528   68.5241   70.3423   72.1893   75.1131
   80.2376   80.4620   83.4196  126.7728
  10  2 -108.7173 -107.0580  -69.1728  -69.1693  -69.1478  -67.4389  -67.4308  -67.4186  -23.6123  -23.1342
         -11.5311  -10.9424  -10.6397   -9.7512   -9.7090   -9.0869   -6.9098   -6.3335   -6.0785   -5.8945
   -5.6786   -5.6261   -5.1059   -5.0639   -3.4583   -3.2611    1.6160    4.4055    6.3562    6.4867
    7.2362   10.8476   12.0627   12.3706   17.6475   19.6779   24.4168   27.0381   28.3815   29.9716
   30.4490   31.3469   33.2367   33.4211   34.1259   37.1945   40.2798   40.8407   43.4191   45.2830
   47.6303   51.0057   51.2231   55.1207   56.1095   63.4778   67.7231   71.4860   74.7525   76.1023
   76.6571   77.2631   80.9321  124.0221
  11  2 -108.7174 -107.0582  -69.1702  -69.1667  -69.1484  -67.4337  -67.4307  -67.4186  -23.7722  -23.1440
         -11.1796  -11.1071  -10.3672   -9.8117   -9.5663   -9.2163   -6.6461   -6.4247   -6.1808   -5.9797
   -5.7013   -5.5748   -5.2195   -5.0970   -3.6677   -3.0553    1.1410    4.6324    6.0738    7.0172
    7.9156   10.7779   10.8638   13.3120   19.6474   20.6518   23.0694   26.4370   27.6044   28.7518
   29.8859   30.6112   31.8857   32.9320   35.9420   37.0677   39.2395   42.1631   42.3123   43.6044
   47.7841   50.8290   53.3137   55.4826   57.8323   64.4007   68.5243   70.3419   70.8611   75.1100
   77.0023   80.2498   83.8946  126.7725
  12  2 -108.7172 -107.0579  -69.1702  -69.1655  -69.1497  -67.4347  -67.4312  -67.4173  -23.7526  -23.1645
         -11.3339  -11.0611  -10.3704   -9.9342   -9.2870   -9.0636   -6.7300   -6.4144   -6.1748   -6.1133
   -5.7950   -5.4950   -5.2628   -5.0819   -3.6029   -3.2988    1.6291    4.7455    5.9370    6.7278
    8.9148    9.8450   10.8968   12.9585   18.6801   22.2035   23.2961   24.6821   28.8642   29.6040
   30.4405   31.1632   31.6244   34.2364   35.5767   35.7196   38.1623   38.9540   43.7223   46.5466
   48.0648   51.1186   52.4049   55.6666   64.4226   65.2998   65.5186   69.7029   70.1290   74.0425
   79.2141   82.4647   88.2897  105.4883
  13  2 -108.7170 -107.0576  -69.1710  -69.1691  -69.1502  -67.4409  -67.4316  -67.4164  -23.5641  -23.1814
         -11.6588  -11.3332  -10.3507   -9.8945   -9.1888   -8.8009   -7.1063   -6.4040   -6.1546   -5.9028
   -5.8104   -5.6019   -5.1776   -5.0200   -3.6632   -3.2069    2.4328    4.0574    5.6717    7.2233
    8.3569    9.4765   11.6561   12.7718   16.3807   20.3643   26.3090   27.1823   28.1166   30.0237
   31.1658   31.6492   32.1520   33.5065   36.2141   36.8029   37.8124   38.6077   45.7378   47.0993
   50.5121   50.9986   51.2860   55.3575   63.9917   64.8557   65.0138   66.4702   68.1262   76.6466
   77.7120   84.2239   89.6220   92.6137
  14  2 -108.7168 -107.0574  -69.1723  -69.1696  -69.1543  -67.4435  -67.4313  -67.4204  -23.3123  -23.1871
         -11.8556  -11.3889  -10.2711   -9.8853   -9.4282   -9.3662   -6.8326   -6.3839   -6.2098   -5.8939
   -5.7913   -5.3929   -5.1793   -5.0738   -3.4522   -3.2829    3.4091    3.6581    5.6429    7.0621
    7.9456    8.1358   11.2438   11.7298   17.6705   22.3694   23.4094   27.8127   28.2563   29.9156
   30.9330   33.2712   33.7141   35.4797   35.9097   38.2980   39.0841   41.3013   42.2556   46.1320
   47.0908   53.4398   54.8492   59.0683   62.2034   62.8450   67.1512   67.5999   67.6995   73.8809
   80.6968   85.8783   86.6714  112.8344
  15  2 -108.7161 -107.0568  -69.1705  -69.1686  -69.1615  -67.4401  -67.4314  -67.4285  -23.1817  -23.1437
         -11.6548  -11.1336  -10.4243  -10.3421   -9.8202   -9.6584   -6.4999   -6.3201   -6.2492   -5.9329
   -5.7133   -5.4072   -5.1861   -5.1083   -3.5720   -3.1279    4.0595    4.6262    5.6762    6.0789
    7.0165    7.2265   10.8255   11.6605   19.6467   20.3634   26.2989   26.4532   28.7592   30.0035
   30.6234   31.1761   31.6519   36.2135   37.0682   38.6062   39.2411   42.1647   43.6051   45.7386
   47.7840   51.2830   55.3564   55.4844   64.8556   65.0125   68.1257   68.5258   70.3435   75.1080
   76.6450   80.2488   89.6229  126.7729
  16  2 -108.7160 -107.0566  -69.1719  -69.1691  -69.1596  -67.4378  -67.4313  -67.4309  -23.1680  -23.1609
         -11.3311  -11.2864  -10.4008  -10.3385   -9.9259   -9.8113   -6.3980   -6.3368   -6.1892   -5.9808
   -5.7554   -5.4766   -5.1629   -5.1495   -3.4895   -3.2563    4.7209    4.7717    5.8791    6.0019
    6.7124    6.7433   10.8893   10.9028   22.1582   22.2454   23.2660   23.3273   29.4384   29.7297
   30.3585   30.5381   35.7114   35.7220   38.1447   38.1775   38.9427   38.9660   46.5219   46.5738
   48.0419   48.0905   55.6473   55.6876   65.4534   65.5833   69.6843   69.7162   70.1259   70.1399
   79.1726   79.2504  105.4606  105.5145
  17  2 -108.7164 -107.0570  -69.1713  -69.1689  -69.1559  -67.4385  -67.4309  -67.4256  -23.4078  -23.1010
         -11.5783  -10.5308  -10.5296  -10.1641   -9.8745   -9.8670   -6.4219   -6.4129   -6.1136   -5.9626
   -5.9226   -5.5336   -5.2186   -5.1124   -3.7785   -2.8651    2.8116    5.1524    6.6913    6.6922
    7.1637    7.7008    9.4228   12.1524   22.4289   22.4875   22.4883   23.0121   28.8745   29.8587
   29.9820   30.8239   32.7599   34.6558   35.4296   39.9492   40.3721   44.0604   44.0608   45.1754
   47.6142   50.0724   51.6501   53.3211   64.4058   66.2089   66.9026   71.7853   73.1871   73.1902
   80.4711   81.7923   84.3326  187.8507
  18  2 -108.7174 -107.0582  -69.1702  -69.1667  -69.1484  -67.4337  -67.4307  -67.4186  -23.7722  -23.1440
         -11.1796  -11.1071  -10.3672   -9.8117   -9.5663   -9.2163   -6.6461   -6.4247   -6.1808   -5.9797
   -5.7013   -5.5748   -5.2195   -5.0970   -3.6677   -3.0553    1.1410    4.6324    6.0738    7.0172
    7.9156   10.7779   10.8638   13.3120   19.6474   20.6518   23.0694   26.4370   27.6044   28.7518
   29.8859   30.6112   31.8857   32.9320   35.9420   37.0677   39.2395   42.1631   42.3123   43.6044
   47.7841   50.8290   53.3137   55.4826   57.8323   64.4007   68.5243   70.3419   70.8611   75.1100
   77.0023   80.2498   83.8946  126.7725
  19  2 -108.7185 -107.0595  -69.1706  -69.1601  -69.1438  -67.4318  -67.4251  -67.4142  -24.0555  -23.2505
         -11.5665  -10.4900  -10.1909   -9.6828   -9.0694   -8.9262   -6.8347   -6.4494   -6.3131   -5.8069
   -5.7957   -5.4807   -5.1481   -5.0136   -3.4625   -3.4394    0.0105    3.5438    6.2181    7.8350
    8.7986   12.0486   13.8208   13.8258   18.2555   21.0100   21.0117   25.2004   27.4032   28.8850
   29.7109   29.7301   32.2266   32.4333   35.0103   36.7732   36.9229   36.9264   40.6179   43.0049
   49.2342   52.1932   55.5176   55.5179   58.6773   62.1751   62.3539   65.1941   66.3540   76.7779
   78.3840   83.5594   83.5596   90.4003
  20  2 -108.7187 -107.0596  -69.1712  -69.1551  -69.1438  -67.4326  -67.4213  -67.4124  -24.1126  -23.3611
         -11.6436  -10.3687   -9.9770   -9.6827   -8.8268   -8.5411   -6.8140   -6.5748   -6.3302   -6.1405
   -5.7074   -5.5520   -5.2793   -5.1195   -3.7653   -3.2548    0.2444    2.9805    6.6970    8.2886
   10.3763   11.7286   13.2795   13.5986   17.8069   20.6680   23.7991   24.4625   26.8798   28.5605
   28.7805   29.5385   31.4338   33.7985   34.2241   35.3035   35.5491   36.6538   38.1165   46.1147
   48.8324   55.3224   55.4281   56.7643   60.5750   61.9094   63.7539   65.0747   67.5180   72.1894
   80.4541   83.4187   83.6129   85.8174
  21  2 -108.7180 -107.0588  -69.1712  -69.1578  -69.1464  -67.4328  -67.4273  -67.4122  -23.9167  -23.4079
         -11.5894  -10.8306   -9.8955   -9.8781   -8.4024   -8.3966   -7.1905   -6.4818   -6.4174   -6.3029
   -5.8875   -5.4445   -5.3067   -5.1067   -4.0395   -2.9585    1.2927    2.8095    7.1639    7.6948
   10.9048   12.1472   13.2868   13.2917   13.5814   22.4335   23.0092   26.6592   27.9092   29.2722
   29.2729   29.9680   30.8246   32.7579   34.6545   35.4300   35.9260   35.9271   41.2383   47.6120
   50.0701   51.6510   55.3047   55.3069   63.0004   64.4090   64.9288   66.2084   66.8998   72.8983
   80.4704   84.3343   86.3841   87.1957
  22  2 -108.7174 -107.0580  -69.1706  -69.1641  -69.1512  -67.4357  -67.4321  -67.4161  -23.5641  -23.3609
         -11.6556  -11.3133   -9.9756   -9.7109   -9.1886   -8.8068   -7.0064   -6.5051   -6.2903   -6.1335
   -5.7215   -5.3718   -5.2557   -5.0374   -3.7209   -3.2328    2.4322    2.9822    6.6939    8.2803
    8.3666    9.4777   11.7292   12.7681   16.3799   20.6672   24.4615   27.1735   28.1274   29.5221
   31.4323   32.1511   33.5017   34.2258   35.5520   36.6536   36.8026   37.8139   46.1150   47.0984
   48.8330   50.5141   50.9995   55.4266   61.9086   63.7538   63.9911   66.4715   72.1888   77.7119
   80.4549   83.4187   84.2242   92.6117
  23  2 -108.7168 -107.0575  -69.1701  -69.1677  -69.1585  -67.4401  -67.4315  -67.4236  -23.2547  -23.2460
         -11.5807  -11.5544  -10.2542  -10.1154   -9.5537   -9.2595   -6.6569   -6.5742   -6.2380   -5.9117
   -5.5762   -5.1984   -5.1882   -5.1178   -3.4582   -3.4539    3.5035    3.5847    6.1537    6.2832
    7.8149    7.8603   12.0070   12.0961   18.2263   18.2836   27.3418   27.4631   28.8444   28.9842
   32.4184   32.4512   34.9798   35.0452   36.7639   36.7921   40.6138   40.6226   42.9809   43.0304
   49.2317   49.2367   58.6295   58.7238   62.3168   62.3906   65.1789   65.2107   76.7327   76.8235
   78.3762   78.3938   90.3637   90.4359
  24  2 -108.7161 -107.0568  -69.1705  -69.1686  -69.1615  -67.4401  -67.4314  -67.4285  -23.1817  -23.1437
         -11.6548  -11.1336  -10.4243  -10.3421   -9.8202   -9.6584   -6.4999   -6.3201   -6.2492   -5.9329
   -5.7133   -5.4072   -5.1861   -5.1083   -3.5720   -3.1279    4.0595    4.6262    5.6762    6.0789
    7.0165    7.2265   10.8255   11.6605   19.6467   20.3634   26.2989   26.4532   28.7592   30.0035
   30.6234   31.1761   31.6519   36.2135   37.0682   38.6062   39.2411   42.1647   43.6051   45.7386
   47.7840   51.2830   55.3564   55.4844   64.8556   65.0125   68.1258   68.5258   70.3435   75.1079
   76.6450   80.2488   89.6229  126.7728
  25  2 -108.7166 -107.0572  -69.1729  -69.1694  -69.1539  -67.4433  -67.4311  -67.4208  -23.3612  -23.1437
         -11.6434  -11.1322  -10.3793   -9.9021   -9.8820   -9.4970   -6.7065   -6.3628   -6.0368   -5.9041
   -5.7944   -5.5617   -5.1480   -5.0827   -3.6163   -3.1515    2.9821    4.6310    6.0725    6.6990
    7.0185    8.2905   10.8254   11.7315   19.6480   20.6699   24.4611   26.4373   28.7361   29.5436
   30.6070   31.4403   34.2254   35.5501   36.6519   37.0699   39.2405   42.1656   43.6049   46.1174
   47.7816   48.8325   55.4261   55.4839   61.9086   63.7533   68.5209   70.3474   72.1896   75.1094
   80.2413   80.4618   83.4197  126.7733
  26  2 -108.7172 -107.0579  -69.1702  -69.1655  -69.1497  -67.4347  -67.4312  -67.4173  -23.7526  -23.1645
         -11.3339  -11.0611  -10.3704   -9.9342   -9.2870   -9.0636   -6.7300   -6.4144   -6.1748   -6.1133
   -5.7950   -5.4950   -5.2628   -5.0819   -3.6029   -3.2988    1.6291    4.7455    5.9370    6.7278
    8.9148    9.8450   10.8968   12.9585   18.6801   22.2035   23.2961   24.6821   28.8642   29.6040
   30.4405   31.1632   31.6244   34.2364   35.5767   35.7196   38.1623   38.9540   43.7223   46.5466
   48.0648   51.1186   52.4049   55.6666   64.4226   65.2998   65.5186   69.7028   70.1290   74.0425
   79.2141   82.4647   88.2898  105.4883
  27  2 -108.7187 -107.0596  -69.1712  -69.1551  -69.1438  -67.4326  -67.4213  -67.4124  -24.1126  -23.3611
         -11.6436  -10.3687   -9.9770   -9.6827   -8.8268   -8.5411   -6.8140   -6.5748   -6.3302   -6.1405
   -5.7074   -5.5520   -5.2793   -5.1195   -3.7653   -3.2548    0.2444    2.9805    6.6970    8.2886
   10.3763   11.7286   13.2795   13.5986   17.8069   20.6680   23.7991   24.4625   26.8798   28.5605
   28.7805   29.5385   31.4338   33.7985   34.2241   35.3035   35.5491   36.6538   38.1165   46.1147
   48.8324   55.3224   55.4281   56.7643   60.5750   61.9094   63.7539   65.0747   67.5181   72.1893
   80.4541   83.4187   83.6129   85.8174
  28  2 -108.7198 -107.0610  -69.1720  -69.1469  -69.1397  -67.4335  -67.4108  -67.4096  -24.2542  -23.6124
         -11.5321   -9.9719   -9.6127   -9.5571   -8.7255   -8.4257   -6.8584   -6.7025   -6.1682   -6.0204
   -5.8228   -5.7183   -5.3436   -5.0441   -3.4527   -3.4270   -0.4661    1.6146    7.2328   10.8370
   11.1460   12.3532   12.6690   15.6941   18.4220   19.6761   22.3386   24.4185   25.8263   27.0396
   27.8375   28.4108   29.9629   33.4202   33.8051   34.1222   34.2932   36.8682   37.2065   43.4183
   51.0041   51.2235   56.1083   56.8637   57.6616   60.1470   63.4773   64.3532   69.5124   71.4902
   76.6503   80.9300   84.1417   86.4913
  29  2 -108.7195 -107.0606  -69.1721  -69.1451  -69.1417  -67.4337  -67.4132  -67.4074  -24.1127  -23.7723
         -11.1622  -10.3596   -9.7081   -9.2930   -8.7984   -8.5021   -6.9201   -6.6878   -6.1788   -6.0172
   -5.8963   -5.4947   -5.3876   -5.2071   -3.8096   -3.1465    0.2426    1.1401    7.9137   10.3757
   10.8111   13.2787   13.2935   13.6142   17.8077   20.6507   23.0719   23.8001   26.8754   27.6095
   28.5639   28.7930   29.8852   31.8772   32.9321   33.8010   35.3018   35.9398   38.1159   42.3113
   50.8276   53.3120   55.3253   56.7621   57.8331   60.5739   64.3979   65.0771   67.5182   70.8633
   77.0029   83.6037   83.9015   85.8172
  30  2 -108.7184 -107.0592  -69.1714  -69.1523  -69.1464  -67.4331  -67.4231  -67.4103  -23.7535  -23.7519
         -11.2183  -10.9533   -9.6330   -9.1060   -9.0796   -9.0113   -6.7618   -6.6596   -6.4614   -6.0632
   -5.8482   -5.4670   -5.2780   -5.1493   -3.7188   -3.3399    1.6124    1.6427    8.9067    8.9232
    9.8022    9.8842   12.8950   13.0208   18.6770   18.6819   24.6742   24.6907   28.8740   28.9055
   31.1303   31.1954   31.5823   31.6445   34.2102   34.2636   35.5636   35.5968   43.7141   43.7302
   51.1069   51.1265   52.3962   52.4112   64.3651   64.4781   65.3007   65.3030   74.0225   74.0616
   82.4143   82.5127   88.2768   88.3039
  31  2 -108.7174 -107.0580  -69.1706  -69.1641  -69.1512  -67.4357  -67.4321  -67.4161  -23.5641  -23.3609
         -11.6556  -11.3133   -9.9756   -9.7109   -9.1886   -8.8068   -7.0064   -6.5051   -6.2903   -6.1335
   -5.7215   -5.3718   -5.2557   -5.0374   -3.7209   -3.2328    2.4322    2.9822    6.6939    8.2803
    8.3666    9.4777   11.7292   12.7681   16.3799   20.6672   24.4615   27.1735   28.1274   29.5221
   31.4323   32.1511   33.5017   34.2258   35.5520   36.6536   36.8026   37.8139   46.1150   47.0984
   48.8330   50.5141   50.9995   55.4266   61.9086   63.7538   63.9911   66.4715   72.1889   77.7117
   80.4549   83.4187   84.2242   92.6118
  32  2 -108.7168 -107.0574  -69.1723  -69.1696  -69.1543  -67.4435  -67.4313  -67.4204  -23.3123  -23.1871
         -11.8556  -11.3889  -10.2711   -9.8853   -9.4282   -9.3662   -6.8326   -6.3839   -6.2098   -5.8939
   -5.7913   -5.3929   -5.1793   -5.0738   -3.4522   -3.2829    3.4091    3.6581    5.6429    7.0621
    7.9456    8.1358   11.2438   11.7298   17.6705   22.3694   23.4094   27.8127   28.2563   29.9156
   30.9330   33.2712   33.7141   35.4797   35.9097   38.2980   39.0841   41.3013   42.2556   46.1320
   47.0908   53.4398   54.8492   59.0683   62.2034   62.8450   67.1512   67.5999   67.6995   73.8809
   80.6967   85.8781   86.6714  112.8345
  33  2 -108.7168 -107.0575  -69.1749  -69.1696  -69.1517  -67.4461  -67.4312  -67.4179  -23.2603  -23.2404
         -11.6134  -11.5195  -10.3246   -9.9167   -9.7903   -9.1245   -6.9754   -6.3426   -6.0072   -5.9513
   -5.5926   -5.3864   -5.2094   -5.0395   -3.4614   -3.4353    3.4896    3.5980    6.1555    6.2799
    7.8320    7.8409   11.9890   12.1156   18.2238   18.2895   27.3037   27.5108   28.7491   29.0679
   32.4076   32.4605   34.9313   35.0921   36.7673   36.7895   40.6002   40.6338   42.9491   43.0661
   49.2296   49.2367   58.6199   58.7341   62.2497   62.4602   65.1814   65.2072   76.6899   76.8662
   78.3675   78.4033   90.3876   90.4134
  34  2 -108.7170 -107.0576  -69.1710  -69.1691  -69.1502  -67.4409  -67.4316  -67.4164  -23.5641  -23.1814
         -11.6588  -11.3332  -10.3507   -9.8945   -9.1888   -8.8009   -7.1063   -6.4040   -6.1546   -5.9028
   -5.8104   -5.6019   -5.1776   -5.0200   -3.6632   -3.2069    2.4328    4.0574    5.6717    7.2233
    8.3569    9.4765   11.6561   12.7718   16.3807   20.3643   26.3090   27.1823   28.1166   30.0237
   31.1658   31.6492   32.1520   33.5065   36.2141   36.8029   37.8124   38.6077   45.7378   47.0993
   50.5121   50.9986   51.2860   55.3575   63.9917   64.8557   65.0138   66.4702   68.1262   76.6466
   77.7118   84.2239   89.6219   92.6138
  35  2 -108.7180 -107.0588  -69.1712  -69.1578  -69.1464  -67.4328  -67.4273  -67.4122  -23.9167  -23.4079
         -11.5894  -10.8306   -9.8955   -9.8781   -8.4024   -8.3966   -7.1905   -6.4818   -6.4174   -6.3029
   -5.8875   -5.4445   -5.3067   -5.1067   -4.0395   -2.9585    1.2927    2.8095    7.1639    7.6948
   10.9048   12.1472   13.2868   13.2917   13.5814   22.4335   23.0092   26.6592   27.9092   29.2722
   29.2729   29.9680   30.8246   32.7579   34.6545   35.4300   35.9260   35.9271   41.2383   47.6120
   50.0701   51.6510   55.3047   55.3069   63.0004   64.4090   64.9288   66.2084   66.8998   72.8983
   80.4704   84.3343   86.3841   87.1957
  36  2 -108.7195 -107.0606  -69.1721  -69.1451  -69.1417  -67.4337  -67.4132  -67.4074  -24.1127  -23.7723
         -11.1622  -10.3596   -9.7081   -9.2930   -8.7984   -8.5021   -6.9201   -6.6878   -6.1788   -6.0172
   -5.8963   -5.4947   -5.3876   -5.2071   -3.8096   -3.1465    0.2426    1.1401    7.9137   10.3757
   10.8111   13.2787   13.2935   13.6142   17.8077   20.6507   23.0719   23.8001   26.8754   27.6095
   28.5639   28.7930   29.8852   31.8772   32.9321   33.8010   35.3019   35.9398   38.1159   42.3113
   50.8276   53.3120   55.3253   56.7621   57.8331   60.5739   64.3979   65.0771   67.5182   70.8633
   77.0029   83.6037   83.9016   85.8172
  37  2 -108.7203 -107.0615  -69.1726  -69.1415  -69.1383  -67.4343  -67.4080  -67.4050  -24.0582  -24.0530
         -10.5105  -10.4719   -9.5471   -9.5448   -8.6989   -8.6958   -6.8001   -6.7959   -6.3521   -5.7367
   -5.7349   -5.5809   -5.1484   -5.1457   -3.4414   -3.4402   -0.0581    0.0766    8.7843    8.8070
   13.7545   13.7564   13.8840   13.8855   20.9617   20.9631   21.0608   21.0630   25.1354   25.2682
   29.6019   29.6029   29.8077   29.8091   32.1915   32.2657   36.8491   36.8500   36.9913   36.9925
   52.1533   52.2354   55.5004   55.5036   55.5299   55.5331   62.1707   62.1784   66.2515   66.4592
   83.5117   83.5121   83.6043   83.6045
  38  2 -108.7195 -107.0606  -69.1721  -69.1451  -69.1417  -67.4337  -67.4132  -67.4074  -24.1127  -23.7723
         -11.1622  -10.3596   -9.7081   -9.2930   -8.7984   -8.5021   -6.9201   -6.6878   -6.1788   -6.0172
   -5.8963   -5.4947   -5.3876   -5.2071   -3.8096   -3.1465    0.2426    1.1401    7.9137   10.3757
   10.8111   13.2787   13.2935   13.6142   17.8077   20.6507   23.0719   23.8001   26.8754   27.6095
   28.5639   28.7930   29.8852   31.8772   32.9321   33.8010   35.3019   35.9398   38.1159   42.3113
   50.8276   53.3120   55.3253   56.7621   57.8331   60.5739   64.3979   65.0771   67.5182   70.8633
   77.0029   83.6037   83.9016   85.8172
  39  2 -108.7180 -107.0588  -69.1712  -69.1578  -69.1464  -67.4328  -67.4273  -67.4122  -23.9167  -23.4079
         -11.5894  -10.8306   -9.8955   -9.8781   -8.4024   -8.3966   -7.1905   -6.4818   -6.4174   -6.3029
   -5.8875   -5.4445   -5.3067   -5.1067   -4.0395   -2.9585    1.2927    2.8095    7.1639    7.6948
   10.9048   12.1472   13.2868   13.2917   13.5814   22.4335   23.0092   26.6592   27.9092   29.2722
   29.2729   29.9680   30.8246   32.7579   34.6545   35.4300   35.9260   35.9271   41.2383   47.6120
   50.0701   51.6510   55.3047   55.3069   63.0004   64.4090   64.9288   66.2084   66.8998   72.8983
   80.4704   84.3343   86.3841   87.1957
  40  2 -108.7170 -107.0576  -69.1710  -69.1691  -69.1502  -67.4409  -67.4316  -67.4164  -23.5641  -23.1814
         -11.6588  -11.3332  -10.3507   -9.8945   -9.1888   -8.8009   -7.1063   -6.4040   -6.1546   -5.9028
   -5.8104   -5.6019   -5.1776   -5.0200   -3.6632   -3.2069    2.4328    4.0574    5.6717    7.2233
    8.3569    9.4765   11.6561   12.7718   16.3807   20.3643   26.3090   27.1823   28.1166   30.0237
   31.1658   31.6492   32.1520   33.5065   36.2141   36.8029   37.8124   38.6077   45.7378   47.0993
   50.5121   50.9986   51.2860   55.3575   63.9917   64.8557   65.0138   66.4702   68.1262   76.6466
   77.7118   84.2239   89.6219   92.6138
  41  2 -108.7166 -107.0572  -69.1729  -69.1694  -69.1539  -67.4433  -67.4311  -67.4208  -23.3612  -23.1437
         -11.6434  -11.1322  -10.3793   -9.9021   -9.8820   -9.4970   -6.7065   -6.3628   -6.0368   -5.9041
   -5.7944   -5.5617   -5.1480   -5.0827   -3.6163   -3.1515    2.9821    4.6310    6.0725    6.6990
    7.0185    8.2905   10.8254   11.7315   19.6480   20.6699   24.4611   26.4373   28.7361   29.5436
   30.6070   31.4403   34.2254   35.5501   36.6519   37.0699   39.2405   42.1656   43.6049   46.1174
   47.7816   48.8325   55.4261   55.4839   61.9086   63.7533   68.5209   70.3474   72.1896   75.1094
   80.2413   80.4618   83.4197  126.7733
  42  2 -108.7168 -107.0574  -69.1723  -69.1696  -69.1543  -67.4435  -67.4313  -67.4204  -23.3123  -23.1871
         -11.8556  -11.3889  -10.2711   -9.8853   -9.4282   -9.3662   -6.8326   -6.3839   -6.2098   -5.8939
   -5.7913   -5.3929   -5.1793   -5.0738   -3.4522   -3.2829    3.4091    3.6581    5.6429    7.0621
    7.9456    8.1358   11.2438   11.7298   17.6705   22.3694   23.4094   27.8127   28.2563   29.9156
   30.9330   33.2712   33.7141   35.4797   35.9097   38.2980   39.0841   41.3013   42.2556   46.1320
   47.0908   53.4398   54.8492   59.0683   62.2034   62.8450   67.1512   67.5999   67.6995   73.8809
   80.6967   85.8781   86.6714  112.8345
  43  2 -108.7174 -107.0580  -69.1706  -69.1641  -69.1512  -67.4357  -67.4321  -67.4161  -23.5641  -23.3609
         -11.6556  -11.3133   -9.9756   -9.7109   -9.1886   -8.8068   -7.0064   -6.5051   -6.2903   -6.1335
   -5.7215   -5.3718   -5.2557   -5.0374   -3.7209   -3.2328    2.4322    2.9822    6.6939    8.2803
    8.3666    9.4777   11.7292   12.7681   16.3799   20.6672   24.4615   27.1735   28.1274   29.5221
   31.4323   32.1511   33.5017   34.2258   35.5520   36.6536   36.8026   37.8139   46.1150   47.0984
   48.8330   50.5141   50.9995   55.4266   61.9086   63.7538   63.9911   66.4715   72.1889   77.7117
   80.4549   83.4187   84.2242   92.6118
  44  2 -108.7184 -107.0592  -69.1714  -69.1523  -69.1464  -67.4331  -67.4231  -67.4103  -23.7535  -23.7519
         -11.2183  -10.9533   -9.6330   -9.1060   -9.0796   -9.0113   -6.7618   -6.6596   -6.4614   -6.0632
   -5.8482   -5.4670   -5.2780   -5.1493   -3.7188   -3.3399    1.6124    1.6427    8.9067    8.9232
    9.8022    9.8842   12.8950   13.0208   18.6770   18.6819   24.6742   24.6907   28.8740   28.9055
   31.1303   31.1954   31.5823   31.6445   34.2102   34.2636   35.5636   35.5968   43.7141   43.7302
   51.1069   51.1265   52.3962   52.4112   64.3651   64.4781   65.3007   65.3030   74.0225   74.0616
   82.4143   82.5127   88.2768   88.3039
  45  2 -108.7195 -107.0606  -69.1721  -69.1451  -69.1417  -67.4337  -67.4132  -67.4074  -24.1127  -23.7723
         -11.1622  -10.3596   -9.7081   -9.2930   -8.7984   -8.5021   -6.9201   -6.6878   -6.1788   -6.0172
   -5.8963   -5.4947   -5.3876   -5.2071   -3.8096   -3.1465    0.2426    1.1401    7.9137   10.3757
   10.8111   13.2787   13.2935   13.6142   17.8077   20.6507   23.0719   23.8001   26.8754   27.6095
   28.5639   28.7930   29.8852   31.8772   32.9321   33.8010   35.3018   35.9398   38.1159   42.3113
   50.8276   53.3120   55.3253   56.7621   57.8331   60.5739   64.3979   65.0771   67.5182   70.8633
   77.0029   83.6037   83.9015   85.8172
  46  2 -108.7198 -107.0610  -69.1720  -69.1469  -69.1397  -67.4335  -67.4108  -67.4096  -24.2542  -23.6124
         -11.5321   -9.9719   -9.6127   -9.5571   -8.7255   -8.4257   -6.8584   -6.7025   -6.1682   -6.0204
   -5.8228   -5.7183   -5.3436   -5.0441   -3.4527   -3.4270   -0.4661    1.6146    7.2328   10.8370
   11.1460   12.3532   12.6690   15.6941   18.4220   19.6761   22.3386   24.4185   25.8263   27.0396
   27.8375   28.4108   29.9629   33.4202   33.8051   34.1222   34.2932   36.8682   37.2065   43.4183
   51.0041   51.2235   56.1083   56.8637   57.6616   60.1470   63.4773   64.3532   69.5124   71.4902
   76.6503   80.9300   84.1417   86.4913
  47  2 -108.7187 -107.0596  -69.1712  -69.1551  -69.1438  -67.4326  -67.4213  -67.4124  -24.1126  -23.3611
         -11.6436  -10.3687   -9.9770   -9.6827   -8.8268   -8.5411   -6.8140   -6.5748   -6.3302   -6.1405
   -5.7074   -5.5520   -5.2793   -5.1195   -3.7653   -3.2548    0.2444    2.9805    6.6970    8.2886
   10.3763   11.7286   13.2795   13.5986   17.8069   20.6680   23.7991   24.4625   26.8798   28.5605
   28.7805   29.5385   31.4338   33.7985   34.2241   35.3035   35.5491   36.6538   38.1165   46.1147
   48.8324   55.3224   55.4281   56.7643   60.5750   61.9094   63.7539   65.0747   67.5181   72.1893
   80.4541   83.4187   83.6129   85.8174
  48  2 -108.7172 -107.0579  -69.1702  -69.1655  -69.1497  -67.4347  -67.4312  -67.4173  -23.7526  -23.1645
         -11.3339  -11.0611  -10.3704   -9.9342   -9.2870   -9.0636   -6.7300   -6.4144   -6.1748   -6.1133
   -5.7950   -5.4950   -5.2628   -5.0819   -3.6029   -3.2988    1.6291    4.7455    5.9370    6.7278
    8.9148    9.8450   10.8968   12.9585   18.6801   22.2035   23.2961   24.6821   28.8642   29.6040
   30.4405   31.1632   31.6244   34.2364   35.5767   35.7196   38.1623   38.9540   43.7223   46.5466
   48.0648   51.1186   52.4049   55.6666   64.4226   65.2998   65.5186   69.7028   70.1290   74.0425
   79.2141   82.4647   88.2898  105.4883
  49  2 -108.7164 -107.0570  -69.1713  -69.1689  -69.1559  -67.4385  -67.4309  -67.4256  -23.4078  -23.1010
         -11.5783  -10.5308  -10.5296  -10.1641   -9.8745   -9.8670   -6.4219   -6.4129   -6.1136   -5.9626
   -5.9226   -5.5336   -5.2186   -5.1124   -3.7785   -2.8651    2.8116    5.1524    6.6913    6.6922
    7.1637    7.7008    9.4228   12.1524   22.4289   22.4875   22.4883   23.0121   28.8745   29.8587
   29.9820   30.8239   32.7599   34.6558   35.4296   39.9492   40.3721   44.0604   44.0608   45.1754
   47.6142   50.0724   51.6501   53.3211   64.4058   66.2089   66.9026   71.7853   73.1871   73.1902
   80.4711   81.7923   84.3326  187.8507
  50  2 -108.7161 -107.0568  -69.1705  -69.1686  -69.1615  -67.4401  -67.4314  -67.4285  -23.1817  -23.1437
         -11.6548  -11.1336  -10.4243  -10.3421   -9.8202   -9.6584   -6.4999   -6.3201   -6.2492   -5.9329
   -5.7133   -5.4072   -5.1861   -5.1083   -3.5720   -3.1279    4.0595    4.6262    5.6762    6.0789
    7.0165    7.2265   10.8255   11.6605   19.6467   20.3634   26.2989   26.4532   28.7592   30.0035
   30.6234   31.1761   31.6519   36.2135   37.0682   38.6062   39.2411   42.1647   43.6051   45.7386
   47.7840   51.2830   55.3564   55.4844   64.8556   65.0125   68.1258   68.5258   70.3435   75.1079
   76.6450   80.2488   89.6229  126.7728
  51  2 -108.7168 -107.0575  -69.1701  -69.1677  -69.1585  -67.4401  -67.4315  -67.4236  -23.2547  -23.2460
         -11.5807  -11.5544  -10.2542  -10.1154   -9.5537   -9.2595   -6.6569   -6.5742   -6.2380   -5.9117
   -5.5762   -5.1984   -5.1882   -5.1178   -3.4582   -3.4539    3.5035    3.5847    6.1537    6.2832
    7.8149    7.8603   12.0070   12.0961   18.2263   18.2836   27.3418   27.4631   28.8444   28.9842
   32.4184   32.4512   34.9798   35.0452   36.7639   36.7921   40.6138   40.6226   42.9809   43.0304
   49.2317   49.2367   58.6295   58.7238   62.3168   62.3906   65.1789   65.2107   76.7327   76.8235
   78.3762   78.3938   90.3637   90.4359
  52  2 -108.7174 -107.0580  -69.1706  -69.1641  -69.1512  -67.4357  -67.4321  -67.4161  -23.5641  -23.3609
         -11.6556  -11.3133   -9.9756   -9.7109   -9.1886   -8.8068   -7.0064   -6.5051   -6.2903   -6.1335
   -5.7215   -5.3718   -5.2557   -5.0374   -3.7209   -3.2328    2.4322    2.9822    6.6939    8.2803
    8.3666    9.4777   11.7292   12.7681   16.3799   20.6672   24.4615   27.1735   28.1274   29.5221
   31.4323   32.1511   33.5017   34.2258   35.5520   36.6536   36.8026   37.8139   46.1150   47.0984
   48.8330   50.5141   50.9995   55.4266   61.9086   63.7538   63.9911   66.4715   72.1888   77.7119
   80.4549   83.4187   84.2242   92.6117
  53  2 -108.7180 -107.0588  -69.1712  -69.1578  -69.1464  -67.4328  -67.4273  -67.4122  -23.9167  -23.4079
         -11.5894  -10.8306   -9.8955   -9.8781   -8.4024   -8.3966   -7.1905   -6.4818   -6.4174   -6.3029
   -5.8875   -5.4445   -5.3067   -5.1067   -4.0395   -2.9585    1.2927    2.8095    7.1639    7.6948
   10.9048   12.1472   13.2868   13.2917   13.5814   22.4335   23.0092   26.6592   27.9092   29.2722
   29.2729   29.9680   30.8246   32.7579   34.6545   35.4300   35.9260   35.9271   41.2383   47.6120
   50.0701   51.6510   55.3047   55.3069   63.0004   64.4090   64.9288   66.2084   66.8998   72.8983
   80.4704   84.3343   86.3841   87.1957
  54  2 -108.7187 -107.0596  -69.1712  -69.1551  -69.1438  -67.4326  -67.4213  -67.4124  -24.1126  -23.3611
         -11.6436  -10.3687   -9.9770   -9.6827   -8.8268   -8.5411   -6.8140   -6.5748   -6.3302   -6.1405
   -5.7074   -5.5520   -5.2793   -5.1195   -3.7653   -3.2548    0.2444    2.9805    6.6970    8.2886
   10.3763   11.7286   13.2795   13.5986   17.8069   20.6680   23.7991   24.4625   26.8798   28.5605
   28.7805   29.5385   31.4338   33.7985   34.2241   35.3035   35.5491   36.6538   38.1165   46.1147
   48.8324   55.3224   55.4281   56.7643   60.5750   61.9094   63.7539   65.0747   67.5180   72.1894
   80.4541   83.4187   83.6129   85.8174
  55  2 -108.7185 -107.0595  -69.1706  -69.1601  -69.1438  -67.4318  -67.4251  -67.4142  -24.0555  -23.2505
         -11.5665  -10.4900  -10.1909   -9.6828   -9.0694   -8.9262   -6.8347   -6.4494   -6.3131   -5.8069
   -5.7957   -5.4807   -5.1481   -5.0136   -3.4625   -3.4394    0.0105    3.5438    6.2181    7.8350
    8.7986   12.0486   13.8208   13.8258   18.2555   21.0100   21.0117   25.2004   27.4032   28.8850
   29.7109   29.7301   32.2266   32.4333   35.0103   36.7732   36.9229   36.9264   40.6179   43.0049
   49.2342   52.1932   55.5176   55.5179   58.6773   62.1751   62.3539   65.1941   66.3540   76.7779
   78.3840   83.5594   83.5596   90.4003
  56  2 -108.7174 -107.0582  -69.1702  -69.1667  -69.1484  -67.4337  -67.4307  -67.4186  -23.7722  -23.1440
         -11.1796  -11.1071  -10.3672   -9.8117   -9.5663   -9.2163   -6.6461   -6.4247   -6.1808   -5.9797
   -5.7013   -5.5748   -5.2195   -5.0970   -3.6677   -3.0553    1.1410    4.6324    6.0738    7.0172
    7.9156   10.7779   10.8638   13.3120   19.6474   20.6518   23.0694   26.4370   27.6044   28.7518
   29.8859   30.6112   31.8857   32.9320   35.9420   37.0677   39.2395   42.1631   42.3123   43.6044
   47.7841   50.8290   53.3137   55.4826   57.8323   64.4007   68.5243   70.3419   70.8611   75.1100
   77.0023   80.2498   83.8946  126.7725
  57  2 -108.7166 -107.0572  -69.1748  -69.1695  -69.1519  -67.4413  -67.4309  -67.4229  -23.3612  -23.1437
         -11.6421  -11.1301  -10.3788   -9.9034   -9.8828   -9.4993   -6.7060   -6.3609   -6.0379   -5.9046
   -5.7938   -5.5625   -5.1457   -5.0851   -3.6172   -3.1520    2.9818    4.6326    6.0724    6.7015
    7.0186    8.2906   10.8262   11.7310   19.6475   20.6698   24.4605   26.4362   28.7364   29.5441
   30.6077   31.4396   34.2230   35.5502   36.6535   37.0694   39.2388   42.1643   43.6050   46.1178
   47.7847   48.8324   55.4253   55.4848   61.9106   63.7528   68.5241   70.3423   72.1893   75.1131
   80.2376   80.4620   83.4196  126.7728
  58  2 -108.7160 -107.0566  -69.1719  -69.1691  -69.1596  -67.4378  -67.4313  -67.4309  -23.1680  -23.1609
         -11.3311  -11.2864  -10.4008  -10.3385   -9.9259   -9.8113   -6.3980   -6.3368   -6.1892   -5.9808
   -5.7554   -5.4766   -5.1629   -5.1495   -3.4895   -3.2563    4.7209    4.7717    5.8791    6.0019
    6.7124    6.7433   10.8893   10.9028   22.1582   22.2454   23.2660   23.3273   29.4384   29.7297
   30.3585   30.5381   35.7114   35.7220   38.1447   38.1775   38.9427   38.9660   46.5219   46.5738
   48.0419   48.0905   55.6473   55.6876   65.4534   65.5833   69.6843   69.7162   70.1259   70.1399
   79.1726   79.2504  105.4606  105.5145
  59  2 -108.7161 -107.0568  -69.1705  -69.1686  -69.1615  -67.4401  -67.4314  -67.4285  -23.1817  -23.1437
         -11.6548  -11.1336  -10.4243  -10.3421   -9.8202   -9.6584   -6.4999   -6.3201   -6.2492   -5.9329
   -5.7133   -5.4072   -5.1861   -5.1083   -3.5720   -3.1279    4.0595    4.6262    5.6762    6.0789
    7.0165    7.2265   10.8255   11.6605   19.6467   20.3634   26.2989   26.4532   28.7592   30.0035
   30.6234   31.1761   31.6519   36.2135   37.0682   38.6062   39.2411   42.1647   43.6051   45.7386
   47.7840   51.2830   55.3564   55.4844   64.8556   65.0125   68.1257   68.5258   70.3435   75.1080
   76.6450   80.2488   89.6229  126.7729
  60  2 -108.7168 -107.0574  -69.1723  -69.1696  -69.1543  -67.4435  -67.4313  -67.4204  -23.3123  -23.1871
         -11.8556  -11.3889  -10.2711   -9.8853   -9.4282   -9.3662   -6.8326   -6.3839   -6.2098   -5.8939
   -5.7913   -5.3929   -5.1793   -5.0738   -3.4522   -3.2829    3.4091    3.6581    5.6429    7.0621
    7.9456    8.1358   11.2438   11.7298   17.6705   22.3694   23.4094   27.8127   28.2563   29.9156
   30.9330   33.2712   33.7141   35.4797   35.9097   38.2980   39.0841   41.3013   42.2556   46.1320
   47.0908   53.4398   54.8492   59.0683   62.2034   62.8450   67.1512   67.5999   67.6995   73.8809
   80.6968   85.8783   86.6714  112.8344
  61  2 -108.7170 -107.0576  -69.1710  -69.1691  -69.1502  -67.4409  -67.4316  -67.4164  -23.5641  -23.1814
         -11.6588  -11.3332  -10.3507   -9.8945   -9.1888   -8.8009   -7.1063   -6.4040   -6.1546   -5.9028
   -5.8104   -5.6019   -5.1776   -5.0200   -3.6632   -3.2069    2.4328    4.0574    5.6717    7.2233
    8.3569    9.4765   11.6561   12.7718   16.3807   20.3643   26.3090   27.1823   28.1166   30.0237
   31.1658   31.6492   32.1520   33.5065   36.2141   36.8029   37.8124   38.6077   45.7378   47.0993
   50.5121   50.9986   51.2860   55.3575   63.9917   64.8557   65.0138   66.4702   68.1262   76.6466
   77.7120   84.2239   89.6220   92.6137
  62  2 -108.7172 -107.0579  -69.1702  -69.1655  -69.1497  -67.4347  -67.4312  -67.4173  -23.7526  -23.1645
         -11.3339  -11.0611  -10.3704   -9.9342   -9.2870   -9.0636   -6.7300   -6.4144   -6.1748   -6.1133
   -5.7950   -5.4950   -5.2628   -5.0819   -3.6029   -3.2988    1.6291    4.7455    5.9370    6.7278
    8.9148    9.8450   10.8968   12.9585   18.6801   22.2035   23.2961   24.6821   28.8642   29.6040
   30.4405   31.1632   31.6244   34.2364   35.5767   35.7196   38.1623   38.9540   43.7223   46.5466
   48.0648   51.1186   52.4049   55.6666   64.4226   65.2998   65.5186   69.7029   70.1290   74.0425
   79.2141   82.4647   88.2897  105.4883
  63  2 -108.7174 -107.0582  -69.1702  -69.1667  -69.1484  -67.4337  -67.4307  -67.4186  -23.7722  -23.1440
         -11.1796  -11.1071  -10.3672   -9.8117   -9.5663   -9.2163   -6.6461   -6.4247   -6.1808   -5.9797
   -5.7013   -5.5748   -5.2195   -5.0970   -3.6677   -3.0553    1.1410    4.6324    6.0738    7.0172
    7.9156   10.7779   10.8638   13.3120   19.6474   20.6518   23.0694   26.4370   27.6044   28.7518
   29.8859   30.6112   31.8857   32.9320   35.9420   37.0677   39.2395   42.1631   42.3123   43.6044
   47.7841   50.8290   53.3137   55.4826   57.8323   64.4007   68.5243   70.3419   70.8611   75.1100
   77.0023   80.2498   83.8946  126.7725
  64  2 -108.7173 -107.0580  -69.1728  -69.1693  -69.1478  -67.4389  -67.4308  -67.4186  -23.6123  -23.1342
         -11.5311  -10.9424  -10.6397   -9.7512   -9.7090   -9.0869   -6.9098   -6.3335   -6.0785   -5.8945
   -5.6786   -5.6261   -5.1059   -5.0639   -3.4583   -3.2611    1.6160    4.4055    6.3562    6.4867
    7.2362   10.8476   12.0627   12.3706   17.6475   19.6779   24.4168   27.0381   28.3815   29.9716
   30.4490   31.3469   33.2367   33.4211   34.1259   37.1945   40.2798   40.8407   43.4191   45.2830
   47.6303   51.0057   51.2231   55.1207   56.1095   63.4778   67.7231   71.4860   74.7525   76.1023
   76.6571   77.2631   80.9321  124.0221
  65  2 -108.7173 -107.0580  -69.1773  -69.1697  -69.1492  -67.4440  -67.4311  -67.4202  -23.2684  -23.2243
         -12.2780  -11.3042  -10.0929   -9.9282   -9.3750   -8.8646   -7.2005   -6.3938   -6.1732   -5.8522
   -5.7389   -5.5096   -5.1968   -5.0509   -3.1388   -3.1366    2.2108    3.3496    5.9641    6.6444
    8.6282    9.6531   11.5379   12.7009   15.4527   21.2876   24.5357   25.5526   27.6262   29.8586
   31.9248   33.8898   35.5198   35.6179   35.6971   39.5984   40.8616   41.4929   41.9655   44.0974
   45.5748   54.4296   55.4516   59.5074   59.6495   60.7451   67.9989   69.8666   70.2283   70.2764
   77.2869   82.8006   92.9566  154.9369
  66  2 -108.7168 -107.0574  -69.1747  -69.1697  -69.1519  -67.4412  -67.4311  -67.4229  -23.3123  -23.1871
         -11.8532  -11.3878  -10.2731   -9.8858   -9.4289   -9.3675   -6.8313   -6.3825   -6.2105   -5.8950
   -5.7917   -5.3931   -5.1770   -5.0757   -3.4532   -3.2838    3.4107    3.6569    5.6467    7.0605
    7.9463    8.1355   11.2435   11.7315   17.6710   22.3687   23.4093   27.8123   28.2549   29.9161
   30.9323   33.2693   33.7143   35.4779   35.9092   38.2966   39.0840   41.3011   42.2570   46.1329
   47.0915   53.4412   54.8502   59.0686   62.2045   62.8453   67.1517   67.5992   67.6988   73.8795
   80.6993   85.8758   86.6723  112.8335
  67  2 -108.7166 -107.0572  -69.1711  -69.1690  -69.1560  -67.4384  -67.4311  -67.4256  -23.3610  -23.1439
         -11.6432  -11.1270  -10.3734  -10.0065   -9.7519   -9.5403   -6.5264   -6.4368   -6.2473   -5.9468
   -5.7535   -5.3481   -5.2287   -5.0996   -3.6200   -3.1525    2.9823    4.6342    6.0685    6.6985
    7.0197    8.2933   10.8274   11.7290   19.6481   20.6689   24.4617   26.4359   28.7493   29.5217
   30.6193   31.4384   34.2244   35.5508   36.6527   37.0676   39.2388   42.1642   43.6053   46.1184
   47.7842   48.8326   55.4027   55.5090   61.9078   63.7538   68.5235   70.3416   72.1910   75.1132
   80.2441   80.4548   83.4194  126.7728
  68  2 -108.7171 -107.0578  -69.1731  -69.1695  -69.1537  -67.4434  -67.4311  -67.4206  -23.3406  -23.1576
         -12.1310  -11.1311  -10.0314   -9.9353   -9.5383   -9.4102   -6.8391   -6.4026   -6.1763   -5.9063
   -5.8431   -5.4431   -5.1544   -5.1023   -3.4609   -2.8370    2.0890    3.8343    6.2157    6.5206
    7.9688    9.6877   11.3222   11.7668   17.1658   22.7186   23.2329   25.5465   27.7638   30.3668
   31.0094   31.7736   32.9478   34.9973   37.5849   38.0904   42.6194   43.2630   43.2880   44.2318
   44.5461   50.9554   55.0210   56.4509   58.0805   64.9789   66.1475   68.5339   74.5611   76.0118
   76.4330   82.7792   83.5050  209.0486
  69  2 -108.7173 -107.0580  -69.1751  -69.1697  -69.1515  -67.4462  -67.4312  -67.4178  -23.2683  -23.2243
         -12.2802  -11.3045  -10.0924   -9.9263   -9.3767   -8.8615   -7.2014   -6.3960   -6.1724   -5.8494
   -5.7390   -5.5108   -5.1997   -5.0486   -3.1378   -3.1347    2.2112    3.3489    5.9594    6.6450
    8.6269    9.6531   11.5368   12.7019   15.4519   21.2889   24.5368   25.5543   27.6262   29.8589
   31.9248   33.8919   35.5183   35.6159   35.6989   39.5982   40.8640   41.4939   41.9634   44.0986
   45.5728   54.4285   55.4522   59.5080   59.6485   60.7441   67.9993   69.8667   70.2282   70.2770
   77.2857   82.8007   92.9576  154.9384
  70  2 -108.7168 -107.0574  -69.1728  -69.1695  -69.1539  -67.4431  -67.4314  -67.4207  -23.3123  -23.1871
         -11.8556  -11.3878  -10.2731   -9.8831   -9.4286   -9.3674   -6.8312   -6.3845   -6.2098   -5.8954
   -5.7904   -5.3937   -5.1792   -5.0734   -3.4524   -3.2823    3.4107    3.6571    5.6422    7.0605
    7.9477    8.1354   11.2419   11.7315   17.6710   22.3700   23.4108   27.8124   28.2549   29.9162
   30.9314   33.2702   33.7143   35.4789   35.9092   38.2966   39.0840   41.3026   42.2566   46.1329
   47.0915   53.4382   54.8493   59.0686   62.2045   62.8472   67.1518   67.5963   67.6988   73.8825
   80.6994   85.8760   86.6719  112.8334
  71  2 -108.7166 -107.0572  -69.1714  -69.1689  -69.1559  -67.4383  -67.4311  -67.4257  -23.3610  -23.1438
         -11.6419  -11.1289  -10.3739  -10.0060   -9.7510   -9.5403   -6.5262   -6.4358   -6.2497   -5.9478
   -5.7519   -5.3472   -5.2301   -5.0984   -3.6199   -3.1526    2.9820    4.6326    6.0686    6.7010
    7.0196    8.2934   10.8267   11.7286   19.6486   20.6688   24.4612   26.4370   28.7490   29.5223
   30.6186   31.4377   34.2220   35.5508   36.6543   37.0681   39.2405   42.1655   43.6052   46.1188
   47.7811   48.8324   55.4020   55.5080   61.9098   63.7533   68.5203   70.3467   72.1907   75.1094
   80.2478   80.4552   83.4192  126.7733
  72  2 -108.7171 -107.0578  -69.1751  -69.1695  -69.1517  -67.4415  -67.4309  -67.4227  -23.3407  -23.1576
         -12.1290  -11.1311  -10.0331   -9.9354   -9.5389   -9.4103   -6.8390   -6.4007   -6.1780   -5.9076
   -5.8428   -5.4417   -5.1534   -5.1032   -3.4621   -2.8375    2.0882    3.8343    6.2199    6.5206
    7.9688    9.6883   11.3222   11.7669   17.1658   22.7170   23.2321   25.5459   27.7637   30.3668
   31.0094   31.7743   32.9451   34.9985   37.5853   38.0904   42.6194   43.2630   43.2880   44.2317
   44.5464   50.9560   55.0207   56.4493   58.0805   64.9776   66.1491   68.5339   74.5611   76.0135
   76.4335   82.7792   83.5047  209.0485
  73  2 -108.7168 -107.0574  -69.1747  -69.1697  -69.1519  -67.4412  -67.4311  -67.4229  -23.3123  -23.1871
         -11.8532  -11.3878  -10.2731   -9.8858   -9.4289   -9.3675   -6.8313   -6.3825   -6.2105   -5.8950
   -5.7917   -5.3931   -5.1770   -5.0757   -3.4532   -3.2838    3.4107    3.6569    5.6467    7.0605
    7.9463    8.1355   11.2435   11.7315   17.6710   22.3687   23.4093   27.8123   28.2549   29.9161
   30.9323   33.2693   33.7143   35.4779   35.9092   38.2966   39.0840   41.3011   42.2570   46.1329
   47.0915   53.4412   54.8502   59.0686   62.2045   62.8453   67.1517   67.5992   67.6988   73.8795
   80.6993   85.8758   86.6723  112.8335
  74  2 -108.7170 -107.0576  -69.1726  -69.1698  -69.1479  -67.4388  -67.4313  -67.4187  -23.5641  -23.1814
         -11.6562  -11.3324  -10.3516   -9.8965   -9.1876   -8.8037   -7.1055   -6.4019   -6.1539   -5.9061
   -5.8097   -5.6015   -5.1758   -5.0221   -3.6639   -3.2083    2.4335    4.0573    5.6754    7.2229
    8.3570    9.4771   11.6566   12.7715   16.3816   20.3630   26.3093   27.1821   28.1163   30.0251
   31.1655   31.6474   32.1496   33.5079   36.2123   36.8015   37.8133   38.6063   45.7391   47.0988
   50.5135   50.9981   51.2869   55.3599   63.9922   64.8557   65.0151   66.4709   68.1256   76.6436
   77.7119   84.2239   89.6215   92.6129
  75  2 -108.7172 -107.0579  -69.1703  -69.1666  -69.1485  -67.4337  -67.4309  -67.4187  -23.7526  -23.1645
         -11.3320  -11.0610  -10.3706   -9.9360   -9.2874   -9.0635   -6.7303   -6.4140   -6.1718   -6.1146
   -5.7955   -5.4958   -5.2618   -5.0830   -3.6034   -3.2993    1.6291    4.7479    5.9363    6.7275
    8.9148    9.8450   10.8976   12.9585   18.6801   22.2022   23.2968   24.6821   28.8641   29.6035
   30.4414   31.1632   31.6244   34.2364   35.5767   35.7196   38.1614   38.9515   43.7223   46.5480
   48.0657   51.1186   52.4049   55.6681   64.4226   65.2998   65.5188   69.7011   70.1324   74.0425
   79.2107   82.4647   88.2898  105.4872
  76  2 -108.7174 -107.0582  -69.1700  -69.1656  -69.1497  -67.4349  -67.4309  -67.4173  -23.7722  -23.1440
         -11.1800  -11.1069  -10.3699   -9.8106   -9.5658   -9.2148   -6.6457   -6.4267   -6.1788   -5.9804
   -5.7007   -5.5755   -5.2183   -5.0978   -3.6672   -3.0550    1.1406    4.6342    6.0706    7.0174
    7.9140   10.7779   10.8644   13.3118   19.6482   20.6521   23.0695   26.4357   27.6062   28.7504
   29.8857   30.6128   31.8856   32.9318   35.9419   37.0672   39.2398   42.1631   42.3117   43.6047
   47.7831   50.8293   53.3150   55.4832   57.8318   64.4004   68.5201   70.3441   70.8616   75.1150
   77.0013   80.2474   83.8940  126.7734
  77  2 -108.7173 -107.0580  -69.1709  -69.1690  -69.1501  -67.4411  -67.4310  -67.4163  -23.6123  -23.1342
         -11.5331  -10.9424  -10.6418   -9.7493   -9.7088   -9.0842   -6.9103   -6.3363   -6.0769   -5.8937
   -5.6790   -5.6267   -5.1036   -5.0648   -3.4570   -3.2603    1.6152    4.4052    6.3540    6.4869
    7.2340   10.8474   12.0631   12.3700   17.6482   19.6780   24.4172   27.0404   28.3804   29.9720
   30.4498   31.3455   33.2376   33.4223   34.1255   37.1933   40.2810   40.8431   43.4193   45.2813
   47.6278   51.0066   51.2224   55.1200   56.1101   63.4776   67.7212   71.4856   74.7524   76.1049
   76.6558   77.2654   80.9317  124.0243
  78  2 -108.7166 -107.0572  -69.1723  -69.1694  -69.1544  -67.4437  -67.4311  -67.4203  -23.3611  -23.1437
         -11.6443  -11.1317  -10.3790   -9.9027   -9.8816   -9.4966   -6.7070   -6.3633   -6.0357   -5.9047
   -5.7942   -5.5623   -5.1474   -5.0829   -3.6163   -3.1506    2.9804    4.6326    6.0724    6.6992
    7.0164    8.2921   10.8270   11.7292   19.6479   20.6698   24.4619   26.4359   28.7360   29.5446
   30.6083   31.4402   34.2245   35.5499   36.6543   37.0700   39.2405   42.1647   43.6040   46.1182
   47.7829   48.8301   55.4259   55.4846   61.9075   63.7551   68.5206   70.3451   72.1866   75.1150
   80.2379   80.4636   83.4208  126.7733
  79  2 -108.7160 -107.0566  -69.1704  -69.1686  -69.1617  -67.4401  -67.4314  -67.4285  -23.1680  -23.1609
         -11.3322  -11.2873  -10.4006  -10.3385   -9.9250   -9.8101   -6.3986   -6.3383   -6.1875   -5.9825
   -5.7539   -5.4771   -5.1645   -5.1471   -3.4891   -3.2557    4.7194    4.7708    5.8795    6.0021
    6.7124    6.7436   10.8890   10.9023   22.1586   22.2463   23.2657   23.3270   29.4388   29.7299
   30.3582   30.5375   35.7114   35.7219   38.1452   38.1778   38.9440   38.9672   46.5212   46.5731
   48.0414   48.0900   55.6466   55.6868   65.4532   65.5833   69.6851   69.7171   70.1241   70.1383
   79.1743   79.2522  105.4611  105.5150
  80  2 -108.7161 -107.0568  -69.1720  -69.1692  -69.1594  -67.4379  -67.4312  -67.4309  -23.1817  -23.1437
         -11.6528  -11.1325  -10.4266  -10.3441   -9.8206   -9.6570   -6.4984   -6.3194   -6.2514   -5.9337
   -5.7125   -5.4063   -5.1882   -5.1066   -3.5723   -3.1282    4.0579    4.6280    5.6791    6.0757
    7.0167    7.2265   10.8265   11.6606   19.6475   20.3633   26.2983   26.4518   28.7578   30.0043
   30.6248   31.1768   31.6493   36.2119   37.0678   38.6079   39.2415   42.1646   43.6054   45.7380
   47.7830   51.2839   55.3576   55.4850   64.8549   65.0140   68.1236   68.5217   70.3458   75.1129
   76.6457   80.2464   89.6234  126.7737
  81  2 -108.7166 -107.0572  -69.1711  -69.1690  -69.1560  -67.4384  -67.4311  -67.4256  -23.3610  -23.1439
         -11.6432  -11.1270  -10.3734  -10.0065   -9.7519   -9.5403   -6.5264   -6.4368   -6.2473   -5.9468
   -5.7535   -5.3481   -5.2287   -5.0996   -3.6200   -3.1525    2.9823    4.6342    6.0685    6.6985
    7.0197    8.2933   10.8274   11.7290   19.6481   20.6689   24.4617   26.4359   28.7493   29.5217
   30.6193   31.4384   34.2244   35.5508   36.6527   37.0676   39.2388   42.1642   43.6053   46.1184
   47.7842   48.8326   55.4027   55.5090   61.9078   63.7538   68.5235   70.3416   72.1910   75.1131
   80.2440   80.4548   83.4194  126.7728
  82  2 -108.7172 -107.0579  -69.1703  -69.1666  -69.1485  -67.4337  -67.4309  -67.4187  -23.7526  -23.1645
         -11.3320  -11.0610  -10.3706   -9.9360   -9.2874   -9.0635   -6.7303   -6.4140   -6.1718   -6.1146
   -5.7955   -5.4958   -5.2618   -5.0830   -3.6034   -3.2993    1.6291    4.7479    5.9363    6.7275
    8.9148    9.8450   10.8976   12.9585   18.6801   22.2022   23.2968   24.6821   28.8641   29.6035
   30.4414   31.1632   31.6244   34.2364   35.5767   35.7196   38.1614   38.9515   43.7223   46.5480
   48.0657   51.1186   52.4049   55.6681   64.4226   65.2998   65.5188   69.7011   70.1324   74.0425
   79.2106   82.4647   88.2898  105.4872
  83  2 -108.7182 -107.0592  -69.1704  -69.1599  -69.1442  -67.4315  -67.4250  -67.4146  -24.1126  -23.1816
         -11.6545  -10.4674  -10.2531   -9.8888   -8.8046   -8.5535   -6.9060   -6.4133   -6.2873   -6.0154
   -5.7974   -5.5479   -5.2229   -5.1780   -3.7034   -3.2334    0.2442    4.0570    5.6747    7.2224
   10.3776   11.6577   13.2772   13.6016   17.8064   20.3636   23.7985   26.3159   26.8784   28.5483
   28.7988   30.0295   31.1715   31.6506   33.8000   35.3014   36.2124   38.1139   38.6066   45.7389
   51.2825   55.3244   55.3590   56.7639   60.5761   64.8565   65.0098   65.0770   67.5179   68.1289
   76.6424   83.6115   85.8173   89.6231
  84  2 -108.7189 -107.0601  -69.1704  -69.1551  -69.1438  -67.4315  -67.4215  -67.4124  -24.2542  -23.1877
         -11.8546  -10.2827  -10.0273   -9.6442   -8.9161   -8.4238   -6.6857   -6.4205   -6.3413   -6.2390
   -5.7365   -5.5505   -5.2198   -5.1645   -3.4575   -3.3727   -0.4666    3.6554    5.6446    7.9457
   11.1161   11.2647   12.6710   15.6917   18.4211   22.3117   22.3952   23.4098   25.8296   27.8325
   28.4041   29.9218   30.9343   33.2726   33.8032   34.2928   35.4782   36.8840   41.3001   42.2559
   53.4398   54.8494   56.8634   57.6619   60.1484   62.8446   64.3526   67.1504   67.5992   69.5158
   73.8805   84.1412   86.4907   86.6713
  85  2 -108.7182 -107.0592  -69.1703  -69.1577  -69.1464  -67.4315  -67.4274  -67.4122  -24.1126  -23.1816
         -11.6552  -10.4683  -10.2544   -9.8868   -8.8055   -8.5511   -6.9064   -6.4154   -6.2857   -6.0165
   -5.7971   -5.5484   -5.2233   -5.1757   -3.7031   -3.2321    0.2434    4.0555    5.6741    7.2229
   10.3776   11.6573   13.2769   13.6009   17.8059   20.3648   23.7978   26.3149   26.8815   28.5490
   28.7981   30.0287   31.1725   31.6497   33.7990   35.3024   36.2126   38.1139   38.6098   45.7369
   51.2825   55.3252   55.3577   56.7623   60.5754   64.8559   65.0100   65.0779   67.5176   68.1275
   76.6461   83.6112   85.8170   89.6241
  86  2 -108.7172 -107.0579  -69.1701  -69.1641  -69.1512  -67.4358  -67.4314  -67.4161  -23.7526  -23.1645
         -11.3340  -11.0625  -10.3703   -9.9340   -9.2857   -9.0630   -6.7325   -6.4144   -6.1732   -6.1126
   -5.7954   -5.4966   -5.2612   -5.0815   -3.6027   -3.2981    1.6277    4.7455    5.9370    6.7278
    8.9154    9.8453   10.8968   12.9567   18.6790   22.2035   23.2961   24.6825   28.8659   29.6041
   30.4406   31.1639   31.6255   34.2365   35.5775   35.7196   38.1623   38.9540   43.7222   46.5466
   48.0648   51.1172   52.4035   55.6666   64.4213   65.3014   65.5186   69.7029   70.1290   74.0419
   79.2141   82.4638   88.2908  105.4883
  87  2 -108.7166 -107.0572  -69.1699  -69.1679  -69.1584  -67.4403  -67.4313  -67.4235  -23.3610  -23.1439
         -11.6444  -11.1295  -10.3709  -10.0046   -9.7511   -9.5412   -6.5295   -6.4349   -6.2474   -5.9465
   -5.7534   -5.3481   -5.2284   -5.0995   -3.6197   -3.1516    2.9807    4.6324    6.0717    6.7002
    7.0174    8.2932   10.8272   11.7279   19.6476   20.6676   24.4622   26.4369   28.7502   29.5241
   30.6183   31.4382   34.2243   35.5506   36.6554   37.0687   39.2401   42.1646   43.6040   46.1158
   47.7834   48.8332   55.4015   55.5080   61.9077   63.7537   68.5241   70.3422   72.1890   75.1100
   80.2466   80.4566   83.4203  126.7724
  88  2 -108.7163 -107.0571  -69.1705  -69.1687  -69.1613  -67.4401  -67.4314  -67.4283  -23.1875  -23.1343
         -11.8559  -10.9442  -10.6392  -10.2970   -9.8465   -9.3837   -6.6197   -6.3519   -6.2355   -5.9250
   -5.6184   -5.3342   -5.1988   -5.0993   -3.4650   -3.2090    3.6580    4.4006    5.6479    6.3578
    6.4871    7.9494   11.2409   12.0785   17.6470   22.3704   23.4091   28.3863   29.9217   30.4276
   30.9526   31.3468   33.2381   33.2749   35.4794   40.2802   40.8425   41.3011   42.2574   45.2829
   47.6297   53.4396   54.8489   55.1214   62.8443   67.1501   67.5974   67.7244   73.8753   74.7597
   76.1114   77.2606   86.6703  124.0223
  89  2 -108.7171 -107.0578  -69.1731  -69.1695  -69.1537  -67.4434  -67.4311  -67.4206  -23.3406  -23.1576
         -12.1310  -11.1311  -10.0314   -9.9353   -9.5383   -9.4102   -6.8391   -6.4026   -6.1763   -5.9063
   -5.8431   -5.4431   -5.1544   -5.1023   -3.4609   -2.8370    2.0890    3.8343    6.2157    6.5206
    7.9688    9.6877   11.3222   11.7668   17.1658   22.7186   23.2329   25.5465   27.7638   30.3668
   31.0094   31.7736   32.9478   34.9973   37.5849   38.0904   42.6194   43.2630   43.2880   44.2318
   44.5461   50.9554   55.0210   56.4509   58.0805   64.9789   66.1475   68.5339   74.5611   76.0118
   76.4330   82.7792   83.5046  209.0486
  90  2 -108.7174 -107.0582  -69.1700  -69.1656  -69.1497  -67.4349  -67.4309  -67.4173  -23.7722  -23.1440
         -11.1800  -11.1069  -10.3699   -9.8106   -9.5658   -9.2148   -6.6457   -6.4267   -6.1788   -5.9804
   -5.7007   -5.5755   -5.2183   -5.0978   -3.6672   -3.0550    1.1406    4.6342    6.0706    7.0174
    7.9140   10.7779   10.8644   13.3118   19.6482   20.6521   23.0695   26.4357   27.6062   28.7504
   29.8857   30.6128   31.8856   32.9318   35.9419   37.0672   39.2398   42.1631   42.3117   43.6047
   47.7831   50.8293   53.3150   55.4832   57.8318   64.4004   68.5201   70.3441   70.8616   75.1149
   77.0013   80.2474   83.8940  126.7734
  91  2 -108.7189 -107.0601  -69.1704  -69.1551  -69.1438  -67.4315  -67.4215  -67.4124  -24.2542  -23.1877
         -11.8546  -10.2827  -10.0273   -9.6442   -8.9161   -8.4238   -6.6857   -6.4205   -6.3413   -6.2390
   -5.7365   -5.5505   -5.2198   -5.1645   -3.4575   -3.3727   -0.4666    3.6554    5.6446    7.9457
   11.1161   11.2647   12.6710   15.6917   18.4211   22.3117   22.3952   23.4098   25.8296   27.8325
   28.4041   29.9218   30.9343   33.2726   33.8032   34.2928   35.4782   36.8840   41.3001   42.2559
   53.4398   54.8494   56.8634   57.6619   60.1484   62.8446   64.3526   67.1504   67.5992   69.5159
   73.8804   84.1412   86.4907   86.6713
  92  2 -108.7204 -107.0620  -69.1711  -69.1469  -69.1399  -67.4321  -67.4110  -67.4097  -24.5259  -23.2674
         -12.2786  -10.1277   -9.9191   -8.5845   -8.1378   -8.1322   -6.7961   -6.6575   -6.5184   -6.0867
   -5.9438   -5.5658   -5.3492   -5.2696   -3.2777   -3.1898   -1.7288    2.2094    5.9599    9.6511
   11.5391   13.2807   15.9725   15.9755   19.6958   19.6975   21.2890   22.7729   24.5330   25.5431
   26.0883   26.0907   31.9233   33.8915   34.0089   35.1606   35.1668   35.6015   39.5966   41.4923
   54.4293   55.4486   57.4019   59.5166   60.5074   60.5080   60.7453   63.3622   65.0777   69.8749
   70.2291   77.2874   86.7517   86.7517
  93  2 -108.7202 -107.0617  -69.1715  -69.1452  -69.1418  -67.4327  -67.4133  -67.4076  -24.4715  -23.3408
         -12.1299  -10.0126   -9.9645   -9.1037   -7.8878   -7.8837   -6.9323   -6.6550   -6.3729   -6.2988
   -6.0540   -5.5513   -5.4042   -5.2825   -3.6186   -2.9505   -1.2687    2.0860    6.2148    9.6869
   11.7641   14.8044   14.8053   15.9153   15.9293   22.7185   23.2261   23.3692   23.3742   24.6449
   25.5428   27.0780   31.7704   32.9474   34.8282   34.8294   34.9940   35.2625   37.5850   44.5408
   50.9548   55.0207   56.4500   57.8736   60.6420   60.6448   63.0208   64.9757   65.7978   66.1483
   76.0137   76.4323   86.1880   87.0939
  94  2 -108.7187 -107.0596  -69.1711  -69.1525  -69.1464  -67.4326  -67.4234  -67.4103  -24.1126  -23.3611
         -11.6433  -10.3703   -9.9797   -9.6806   -8.8245   -8.5408   -6.8169   -6.5733   -6.3302   -6.1400
   -5.7080   -5.5532   -5.2774   -5.1187   -3.7647   -3.2545    0.2430    2.9805    6.6956    8.2904
   10.3769   11.7275   13.2784   13.5985   17.8048   20.6692   23.7994   24.4628   26.8822   28.5623
   28.7809   29.5372   31.4340   33.7989   34.2233   35.3030   35.5491   36.6534   38.1168   46.1181
   48.8294   55.3195   55.4291   56.7648   60.5746   61.9085   63.7559   65.0766   67.5172   72.1883
   80.4542   83.4189   83.6124   85.8170
  95  2 -108.7177 -107.0583  -69.1703  -69.1643  -69.1511  -67.4358  -67.4318  -67.4160  -23.6123  -23.3120
         -11.5452  -11.3682   -9.8036   -9.6393   -9.4305   -9.1226   -6.8119   -6.5582   -6.2322   -6.0957
   -5.7002   -5.3565   -5.2373   -5.0445   -3.4448   -3.3429    1.6149    3.4117    7.0439    7.2471
    8.1350   10.8472   11.7275   12.3583   17.6705   19.6752   24.4173   27.0373   27.8149   28.2628
   29.9639   33.4212   33.7048   34.1265   35.9092   37.1934   38.2970   39.0843   43.4193   46.1316
   47.0909   51.0039   51.2242   56.1090   59.0683   62.2044   63.4767   67.6995   71.4858   76.6495
   80.6917   80.9366   85.8800  112.8337
  96  2 -108.7173 -107.0580  -69.1726  -69.1697  -69.1541  -67.4437  -67.4313  -67.4201  -23.2674  -23.2253
         -12.2799  -11.3042  -10.1204   -9.8825   -9.3872   -8.8837   -7.1264   -6.4180   -6.2358   -5.9141
   -5.7679   -5.3354   -5.1932   -5.1025   -3.2140   -3.0670    2.2118    3.3485    5.9594    6.6456
    8.6267    9.6551   11.5385   12.6989   15.4514   21.2873   24.5363   25.5535   27.6317   29.8570
   31.9245   33.8920   35.5319   35.6042   35.6984   39.5972   40.8631   41.4935   41.9659   44.0961
   45.5741   54.4291   55.4518   59.5062   59.6497   60.7447   67.9992   69.8728   70.1559   70.3424
   77.2856   82.8007   92.9560  154.9366
  97  2 -108.7173 -107.0580  -69.1751  -69.1697  -69.1515  -67.4462  -67.4312  -67.4178  -23.2683  -23.2243
         -12.2802  -11.3045  -10.0924   -9.9263   -9.3767   -8.8615   -7.2014   -6.3960   -6.1724   -5.8494
   -5.7390   -5.5108   -5.1997   -5.0486   -3.1378   -3.1347    2.2112    3.3489    5.9594    6.6450
    8.6269    9.6531   11.5368   12.7019   15.4519   21.2889   24.5368   25.5543   27.6262   29.8589
   31.9248   33.8919   35.5183   35.6159   35.6989   39.5982   40.8640   41.4939   41.9634   44.0986
   45.5728   54.4285   55.4522   59.5080   59.6485   60.7441   67.9993   69.8667   70.2282   70.2770
   77.2857   82.8007   92.9571  154.9383
  98  2 -108.7173 -107.0580  -69.1709  -69.1690  -69.1501  -67.4411  -67.4310  -67.4163  -23.6123  -23.1342
         -11.5331  -10.9424  -10.6418   -9.7493   -9.7088   -9.0842   -6.9103   -6.3363   -6.0769   -5.8937
   -5.6790   -5.6267   -5.1036   -5.0648   -3.4570   -3.2603    1.6152    4.4052    6.3540    6.4869
    7.2340   10.8474   12.0631   12.3700   17.6482   19.6780   24.4172   27.0404   28.3804   29.9720
   30.4498   31.3455   33.2376   33.4223   34.1255   37.1933   40.2810   40.8431   43.4193   45.2813
   47.6278   51.0066   51.2224   55.1200   56.1101   63.4776   67.7212   71.4856   74.7524   76.1049
   76.6558   77.2652   80.9317  124.0243
  99  2 -108.7182 -107.0592  -69.1703  -69.1577  -69.1464  -67.4315  -67.4274  -67.4122  -24.1126  -23.1816
         -11.6552  -10.4683  -10.2544   -9.8868   -8.8055   -8.5511   -6.9064   -6.4154   -6.2857   -6.0165
   -5.7971   -5.5484   -5.2233   -5.1757   -3.7031   -3.2321    0.2434    4.0555    5.6741    7.2229
   10.3776   11.6573   13.2769   13.6009   17.8059   20.3648   23.7978   26.3149   26.8815   28.5490
   28.7981   30.0287   31.1725   31.6497   33.7990   35.3024   36.2126   38.1139   38.6098   45.7369
   51.2825   55.3252   55.3577   56.7623   60.5754   64.8559   65.0100   65.0779   67.5177   68.1274
   76.6461   83.6112   85.8170   89.6241
 100  2 -108.7202 -107.0617  -69.1715  -69.1452  -69.1418  -67.4327  -67.4133  -67.4076  -24.4715  -23.3408
         -12.1299  -10.0126   -9.9645   -9.1037   -7.8878   -7.8837   -6.9323   -6.6550   -6.3729   -6.2988
   -6.0540   -5.5513   -5.4042   -5.2825   -3.6186   -2.9505   -1.2687    2.0860    6.2148    9.6869
   11.7641   14.8044   14.8053   15.9153   15.9293   22.7185   23.2261   23.3692   23.3742   24.6449
   25.5428   27.0780   31.7704   32.9474   34.8282   34.8294   34.9940   35.2625   37.5850   44.5408
   50.9548   55.0207   56.4500   57.8736   60.6420   60.6448   63.0208   64.9757   65.7978   66.1483
   76.0137   76.4323   86.1880   87.0939
 101  2 -108.7210 -107.0626  -69.1721  -69.1414  -69.1382  -67.4334  -67.4079  -67.4049  -24.5260  -23.5197
         -12.0094   -9.8494   -9.8471   -8.5857   -8.0886   -8.0853   -6.8605   -6.8565   -6.4706   -5.8395
   -5.8395   -5.5583   -5.5582   -5.4151   -3.1474   -3.1458   -1.7303    1.0878    6.6147   12.0601
   12.0620   13.2798   15.9722   15.9738   19.6967   19.6990   22.3573   22.6820   22.6822   22.7776
   26.0811   26.0814   32.4111   32.8494   32.8499   34.0091   35.1637   35.1663   40.8436   40.8440
   48.8303   52.2760   52.2783   57.3998   60.5043   60.5076   62.9029   63.3636   65.0796   71.5795
   75.7453   75.7455   86.7515   86.7515
 102  2 -108.7198 -107.0610  -69.1720  -69.1451  -69.1415  -67.4335  -67.4133  -67.4071  -24.2542  -23.6124
         -11.5315   -9.9743   -9.6109   -9.5596   -8.7232   -8.4249   -6.8576   -6.7058   -6.1659   -6.0218
   -5.8233   -5.7184   -5.3422   -5.0429   -3.4518   -3.4278   -0.4675    1.6151    7.2319   10.8379
   11.1467   12.3525   12.6688   15.6924   18.4204   19.6777   22.3398   24.4183   25.8272   27.0399
   27.8383   28.4124   29.9607   33.4193   33.8052   34.1213   34.2924   36.8690   37.2067   43.4195
   51.0060   51.2220   56.1092   56.8625   57.6594   60.1470   63.4789   64.3556   69.5121   71.4898
   76.6493   80.9301   84.1414   86.4909
 103  2 -108.7183 -107.0590  -69.1711  -69.1579  -69.1460  -67.4327  -67.4274  -67.4117  -23.7723  -23.5640
         -11.3707  -11.1059   -9.7083   -9.4048   -9.0694   -8.7903   -7.0781   -6.4332   -6.4095   -6.0588
   -5.7437   -5.5087   -5.1779   -5.1687   -3.7618   -3.1292    1.1397    2.4334    7.9082    8.3571
    9.4787   10.8128   12.7566   13.3218   16.3818   20.6495   23.0712   27.1742   27.6079   28.1242
   29.8830   31.8773   32.1499   32.9323   33.5012   35.9418   36.8033   37.8124   42.3116   47.0989
   50.5118   50.8282   51.0021   53.3123   57.8342   63.9907   64.4000   66.4700   70.8614   77.0024
   77.7125   83.8943   84.2242   92.6119
 104  2 -108.7175 -107.0582  -69.1711  -69.1694  -69.1500  -67.4410  -67.4318  -67.4161  -23.4034  -23.3403
         -12.1312  -11.4049   -9.9578   -9.8964   -8.5944   -8.5936   -7.4886   -6.4807   -6.3329   -6.0783
   -5.7967   -5.4020   -5.2126   -5.0681   -3.4544   -2.9100    2.0883    2.8079    6.2122    7.3543
    9.6873   11.6484   11.7626   12.9917   12.9963   22.7191   23.2316   25.5467   27.4080   29.1087
   31.7743   32.9473   34.2865   34.2892   35.0014   37.5844   40.0750   40.0772   44.5420   47.9758
   47.9770   50.9553   55.0228   56.4499   56.7455   64.6627   64.9786   66.1478   67.2004   76.0121
   76.4324   85.7262   88.6139  121.2236
 105  2 -108.7168 -107.0574  -69.1728  -69.1695  -69.1539  -67.4431  -67.4314  -67.4207  -23.3123  -23.1871
         -11.8556  -11.3878  -10.2731   -9.8831   -9.4286   -9.3674   -6.8312   -6.3845   -6.2098   -5.8954
   -5.7904   -5.3937   -5.1792   -5.0734   -3.4524   -3.2823    3.4107    3.6571    5.6422    7.0605
    7.9477    8.1354   11.2419   11.7315   17.6710   22.3700   23.4108   27.8124   28.2549   29.9162
   30.9314   33.2702   33.7143   35.4789   35.9092   38.2966   39.0840   41.3026   42.2566   46.1329
   47.0915   53.4382   54.8493   59.0686   62.2045   62.8472   67.1518   67.5963   67.6989   73.8825
   80.6993   85.8758   86.6719  112.8335
 106  2 -108.7166 -107.0572  -69.1723  -69.1694  -69.1544  -67.4437  -67.4311  -67.4203  -23.3611  -23.1437
         -11.6443  -11.1317  -10.3790   -9.9027   -9.8816   -9.4966   -6.7070   -6.3633   -6.0357   -5.9047
   -5.7942   -5.5623   -5.1474   -5.0829   -3.6163   -3.1506    2.9804    4.6326    6.0724    6.6992
    7.0164    8.2921   10.8270   11.7292   19.6479   20.6698   24.4619   26.4359   28.7360   29.5446
   30.6083   31.4402   34.2245   35.5499   36.6543   37.0700   39.2405   42.1647   43.6040   46.1182
   47.7829   48.8301   55.4259   55.4846   61.9075   63.7551   68.5206   70.3451   72.1865   75.1149
   80.2378   80.4636   83.4208  126.7733
 107  2 -108.7172 -107.0579  -69.1701  -69.1641  -69.1512  -67.4358  -67.4314  -67.4161  -23.7526  -23.1645
         -11.3340  -11.0625  -10.3703   -9.9340   -9.2857   -9.0630   -6.7325   -6.4144   -6.1732   -6.1126
   -5.7954   -5.4966   -5.2612   -5.0815   -3.6027   -3.2981    1.6277    4.7455    5.9370    6.7278
    8.9154    9.8453   10.8968   12.9567   18.6790   22.2035   23.2961   24.6825   28.8659   29.6041
   30.4406   31.1639   31.6255   34.2365   35.5775   35.7196   38.1623   38.9540   43.7222   46.5466
   48.0648   51.1172   52.4035   55.6667   64.4213   65.3014   65.5186   69.7029   70.1291   74.0419
   79.2141   82.4638   88.2908  105.4883
 108  2 -108.7187 -107.0596  -69.1711  -69.1525  -69.1464  -67.4326  -67.4234  -67.4103  -24.1126  -23.3611
         -11.6433  -10.3703   -9.9797   -9.6806   -8.8245   -8.5408   -6.8169   -6.5733   -6.3302   -6.1400
   -5.7080   -5.5532   -5.2774   -5.1187   -3.7647   -3.2545    0.2430    2.9805    6.6956    8.2904
   10.3769   11.7275   13.2784   13.5985   17.8048   20.6692   23.7994   24.4628   26.8822   28.5623
   28.7809   29.5372   31.4339   33.7989   34.2233   35.3030   35.5491   36.6534   38.1168   46.1181
   48.8294   55.3195   55.4291   56.7648   60.5746   61.9084   63.7558   65.0766   67.5172   72.1883
   80.4543   83.4188   83.6124   85.8170
 109  2 -108.7198 -107.0610  -69.1720  -69.1451  -69.1415  -67.4335  -67.4133  -67.4071  -24.2542  -23.6124
         -11.5315   -9.9743   -9.6109   -9.5596   -8.7232   -8.4249   -6.8576   -6.7058   -6.1659   -6.0218
   -5.8233   -5.7184   -5.3422   -5.0429   -3.4518   -3.4278   -0.4675    1.6151    7.2319   10.8379
   11.1467   12.3525   12.6688   15.6924   18.4204   19.6777   22.3398   24.4183   25.8272   27.0399
   27.8383   28.4124   29.9607   33.4193   33.8052   34.1213   34.2924   36.8690   37.2067   43.4195
   51.0059   51.2220   56.1092   56.8625   57.6594   60.1470   63.4789   64.3556   69.5121   71.4898
   76.6494   80.9301   84.1414   86.4909
 110  2 -108.7195 -107.0606  -69.1721  -69.1467  -69.1400  -67.4337  -67.4106  -67.4100  -24.1126  -23.7723
         -11.1610  -10.3604   -9.7100   -9.2924   -8.7956   -8.5043   -6.9216   -6.6851   -6.1786   -6.0187
   -5.8966   -5.4937   -5.3870   -5.2078   -3.8092   -3.1479    0.2421    1.1416    7.9130   10.3763
   10.8109   13.2779   13.2951   13.6147   17.8061   20.6521   23.0712   23.8012   26.8746   27.6094
   28.5651   28.7939   29.8831   31.8761   32.9312   33.8024   35.3003   35.9398   38.1162   42.3112
   50.8288   53.3145   55.3216   56.7643   57.8311   60.5741   64.3994   65.0781   67.5176   70.8633
   77.0032   83.6036   83.9007   85.8170
 111  2 -108.7184 -107.0592  -69.1714  -69.1549  -69.1438  -67.4330  -67.4210  -67.4125  -23.7535  -23.7519
         -11.2176  -10.9526   -9.6335   -9.1064   -9.0818   -9.0103   -6.7581   -6.6618   -6.4610   -6.0644
   -5.8479   -5.4653   -5.2794   -5.1499   -3.7192   -3.3406    1.6131    1.6434    8.9063    8.9231
    9.8021    9.8840   12.8961   13.0215   18.6775   18.6825   24.6741   24.6904   28.8731   28.9045
   31.1298   31.1952   31.5817   31.6440   34.2102   34.2634   35.5631   35.5965   43.7142   43.7302
   51.1075   51.1274   52.3967   52.4120   64.3658   64.4787   65.2997   65.3025   74.0226   74.0621
   82.4147   82.5132   88.2763   88.3035
 112  2 -108.7174 -107.0580  -69.1707  -69.1655  -69.1497  -67.4347  -67.4319  -67.4173  -23.5641  -23.3609
         -11.6553  -11.3121   -9.9783   -9.7085   -9.1905   -8.8069   -7.0047   -6.5046   -6.2912   -6.1350
   -5.7204   -5.3706   -5.2571   -5.0377   -3.7212   -3.2328    2.4335    2.9821    6.6924    8.2817
    8.3653    9.4790   11.7281   12.7681   16.3818   20.6684   24.4619   27.1732   28.1258   29.5208
   31.4325   32.1494   33.5014   34.2250   35.5519   36.6532   36.8006   37.8146   46.1183   47.0994
   48.8300   50.5138   51.0012   55.4277   61.9077   63.7558   63.9928   66.4708   72.1877   77.7121
   80.4550   83.4188   84.2242   92.6111
 113  2 -108.7166 -107.0572  -69.1714  -69.1689  -69.1559  -67.4383  -67.4311  -67.4257  -23.3610  -23.1438
         -11.6419  -11.1289  -10.3739  -10.0060   -9.7510   -9.5403   -6.5262   -6.4358   -6.2497   -5.9478
   -5.7519   -5.3472   -5.2301   -5.0984   -3.6199   -3.1526    2.9820    4.6326    6.0686    6.7010
    7.0196    8.2934   10.8267   11.7286   19.6486   20.6688   24.4612   26.4370   28.7490   29.5223
   30.6186   31.4377   34.2220   35.5509   36.6543   37.0681   39.2405   42.1655   43.6052   46.1188
   47.7811   48.8325   55.4020   55.5080   61.9098   63.7534   68.5203   70.3467   72.1906   75.1094
   80.2478   80.4552   83.4193  126.7733
 114  2 -108.7160 -107.0566  -69.1704  -69.1686  -69.1617  -67.4401  -67.4314  -67.4285  -23.1680  -23.1609
         -11.3322  -11.2873  -10.4006  -10.3385   -9.9250   -9.8101   -6.3986   -6.3383   -6.1875   -5.9825
   -5.7539   -5.4771   -5.1645   -5.1471   -3.4891   -3.2557    4.7194    4.7708    5.8795    6.0021
    6.7124    6.7436   10.8890   10.9023   22.1586   22.2463   23.2657   23.3270   29.4388   29.7299
   30.3582   30.5375   35.7114   35.7219   38.1452   38.1778   38.9440   38.9672   46.5212   46.5731
   48.0414   48.0900   55.6466   55.6868   65.4532   65.5833   69.6851   69.7171   70.1241   70.1383
   79.1743   79.2521  105.4612  105.5151
 115  2 -108.7166 -107.0572  -69.1699  -69.1679  -69.1584  -67.4403  -67.4313  -67.4235  -23.3610  -23.1439
         -11.6444  -11.1295  -10.3709  -10.0046   -9.7511   -9.5412   -6.5295   -6.4349   -6.2474   -5.9465
   -5.7534   -5.3481   -5.2284   -5.0995   -3.6197   -3.1516    2.9807    4.6324    6.0717    6.7002
    7.0174    8.2932   10.8272   11.7279   19.6476   20.6676   24.4622   26.4369   28.7502   29.5241
   30.6183   31.4382   34.2243   35.5506   36.6554   37.0687   39.2401   42.1646   43.6040   46.1158
   47.7834   48.8332   55.4015   55.5080   61.9077   63.7537   68.5241   70.3422   72.1889   75.1101
   80.2467   80.4566   83.4204  126.7725
 116  2 -108.7177 -107.0583  -69.1703  -69.1643  -69.1511  -67.4358  -67.4318  -67.4160  -23.6123  -23.3120
         -11.5452  -11.3682   -9.8036   -9.6393   -9.4305   -9.1226   -6.8119   -6.5582   -6.2322   -6.0957
   -5.7002   -5.3565   -5.2373   -5.0445   -3.4448   -3.3429    1.6149    3.4117    7.0439    7.2471
    8.1350   10.8472   11.7275   12.3583   17.6705   19.6752   24.4173   27.0373   27.8149   28.2628
   29.9639   33.4212   33.7048   34.1265   35.9091   37.1934   38.2970   39.0843   43.4193   46.1316
   47.0909   51.0039   51.2242   56.1090   59.0683   62.2044   63.4767   67.6995   71.4858   76.6494
   80.6918   80.9366   85.8802  112.8336
 117  2 -108.7183 -107.0590  -69.1711  -69.1579  -69.1460  -67.4327  -67.4274  -67.4117  -23.7723  -23.5640
         -11.3707  -11.1059   -9.7083   -9.4048   -9.0694   -8.7903   -7.0781   -6.4332   -6.4095   -6.0588
   -5.7437   -5.5087   -5.1779   -5.1687   -3.7618   -3.1292    1.1397    2.4334    7.9082    8.3571
    9.4787   10.8128   12.7566   13.3218   16.3818   20.6495   23.0712   27.1742   27.6079   28.1242
   29.8830   31.8773   32.1499   32.9323   33.5012   35.9418   36.8033   37.8124   42.3116   47.0989
   50.5118   50.8282   51.0021   53.3123   57.8342   63.9907   64.4000   66.4700   70.8614   77.0024
   77.7126   83.8943   84.2242   92.6118
 118  2 -108.7184 -107.0592  -69.1714  -69.1549  -69.1438  -67.4330  -67.4210  -67.4125  -23.7535  -23.7519
         -11.2176  -10.9526   -9.6335   -9.1064   -9.0818   -9.0103   -6.7581   -6.6618   -6.4610   -6.0644
   -5.8479   -5.4653   -5.2794   -5.1499   -3.7192   -3.3406    1.6131    1.6434    8.9063    8.9231
    9.8021    9.8840   12.8961   13.0215   18.6775   18.6825   24.6741   24.6904   28.8731   28.9045
   31.1298   31.1952   31.5817   31.6440   34.2102   34.2634   35.5631   35.5965   43.7142   43.7302
   51.1075   51.1274   52.3967   52.4120   64.3658   64.4787   65.2997   65.3025   74.0226   74.0621
   82.4147   82.5132   88.2762   88.3035
 119  2 -108.7183 -107.0590  -69.1711  -69.1601  -69.1438  -67.4327  -67.4250  -67.4141  -23.7723  -23.5640
         -11.3708  -11.1039   -9.7102   -9.4042   -9.0679   -8.7928   -7.0784   -6.4299   -6.4104   -6.0597
   -5.7446   -5.5086   -5.1763   -5.1702   -3.7622   -3.1309    1.1415    2.4329    7.9090    8.3588
    9.4780   10.8129   12.7564   13.3234   16.3808   20.6506   23.0704   27.1743   27.6059   28.1254
   29.8811   31.8762   32.1491   32.9316   33.5028   35.9418   36.8039   37.8126   42.3121   47.0974
   50.5134   50.8292   50.9999   53.3135   57.8327   63.9894   64.4019   66.4714   70.8609   77.0038
   77.7121   83.8940   84.2242   92.6116
 120  2 -108.7177 -107.0583  -69.1707  -69.1668  -69.1484  -67.4336  -67.4313  -67.4186  -23.6123  -23.3120
         -11.5429  -11.3680   -9.8054   -9.6399   -9.4313   -9.1224   -6.8108   -6.5580   -6.2325   -6.0965
   -5.7001   -5.3547   -5.2391   -5.0441   -3.4455   -3.3444    1.6163    3.4117    7.0441    7.2484
    8.1350   10.8483   11.7275   12.3585   17.6705   19.6768   24.4167   27.0352   27.8148   28.2627
   29.9612   33.4191   33.7047   34.1260   35.9091   37.1948   38.2970   39.0843   43.4202   46.1316
   47.0909   51.0048   51.2233   56.1093   59.0683   62.2044   63.4785   67.6995   71.4858   76.6499
   80.6918   80.9370   85.8800  112.8337
 121  2 -108.7171 -107.0578  -69.1751  -69.1695  -69.1517  -67.4415  -67.4309  -67.4227  -23.3407  -23.1576
         -12.1290  -11.1311  -10.0331   -9.9354   -9.5389   -9.4103   -6.8390   -6.4007   -6.1780   -5.9076
   -5.8428   -5.4417   -5.1534   -5.1032   -3.4621   -2.8375    2.0882    3.8343    6.2199    6.5206
    7.9688    9.6883   11.3222   11.7669   17.1658   22.7170   23.2321   25.5459   27.7637   30.3668
   31.0094   31.7743   32.9451   34.9985   37.5853   38.0904   42.6194   43.2630   43.2880   44.2317
   44.5464   50.9560   55.0207   56.4493   58.0805   64.9776   66.1491   68.5339   74.5611   76.0135
   76.4335   82.7792   83.5047  209.0486
 122  2 -108.7161 -107.0568  -69.1720  -69.1692  -69.1594  -67.4379  -67.4312  -67.4309  -23.1817  -23.1437
         -11.6528  -11.1325  -10.4266  -10.3441   -9.8206   -9.6570   -6.4984   -6.3194   -6.2514   -5.9337
   -5.7125   -5.4063   -5.1882   -5.1066   -3.5723   -3.1282    4.0579    4.6280    5.6791    6.0757
    7.0167    7.2265   10.8265   11.6606   19.6475   20.3633   26.2983   26.4518   28.7578   30.0043
   30.6248   31.1768   31.6493   36.2119   37.0678   38.6079   39.2415   42.1646   43.6054   45.7380
   47.7830   51.2839   55.3576   55.4850   64.8549   65.0140   68.1237   68.5217   70.3458   75.1129
   76.6457   80.2464   89.6234  126.7737
 123  2 -108.7163 -107.0571  -69.1705  -69.1687  -69.1613  -67.4401  -67.4314  -67.4283  -23.1875  -23.1343
         -11.8559  -10.9442  -10.6392  -10.2970   -9.8465   -9.3837   -6.6197   -6.3519   -6.2355   -5.9250
   -5.6184   -5.3342   -5.1988   -5.0993   -3.4650   -3.2090    3.6580    4.4006    5.6479    6.3578
    6.4871    7.9494   11.2409   12.0785   17.6470   22.3704   23.4091   28.3863   29.9217   30.4276
   30.9526   31.3468   33.2381   33.2749   35.4794   40.2802   40.8425   41.3011   42.2574   45.2829
   47.6297   53.4396   54.8489   55.1214   62.8443   67.1501   67.5974   67.7244   73.8753   74.7597
   76.1114   77.2608   86.6702  124.0224
 124  2 -108.7173 -107.0580  -69.1726  -69.1697  -69.1541  -67.4437  -67.4313  -67.4201  -23.2674  -23.2253
         -12.2799  -11.3042  -10.1204   -9.8825   -9.3872   -8.8837   -7.1264   -6.4180   -6.2358   -5.9141
   -5.7679   -5.3354   -5.1932   -5.1025   -3.2140   -3.0670    2.2118    3.3485    5.9594    6.6456
    8.6267    9.6551   11.5385   12.6989   15.4514   21.2873   24.5363   25.5535   27.6317   29.8570
   31.9245   33.8920   35.5319   35.6042   35.6984   39.5972   40.8631   41.4935   41.9658   44.0961
   45.5741   54.4291   55.4518   59.5062   59.6497   60.7447   67.9992   69.8728   70.1559   70.3424
   77.2856   82.8007   92.9565  154.9368
 125  2 -108.7175 -107.0582  -69.1711  -69.1694  -69.1500  -67.4410  -67.4318  -67.4161  -23.4034  -23.3403
         -12.1312  -11.4049   -9.9578   -9.8964   -8.5944   -8.5936   -7.4886   -6.4807   -6.3329   -6.0783
   -5.7967   -5.4020   -5.2126   -5.0681   -3.4544   -2.9100    2.0883    2.8079    6.2122    7.3543
    9.6873   11.6484   11.7626   12.9917   12.9963   22.7191   23.2316   25.5467   27.4080   29.1087
   31.7743   32.9473   34.2865   34.2892   35.0014   37.5844   40.0750   40.0772   44.5420   47.9758
   47.9770   50.9553   55.0228   56.4499   56.7455   64.6627   64.9786   66.1478   67.2004   76.0121
   76.4324   85.7262   88.6144  121.2234
 126  2 -108.7174 -107.0580  -69.1707  -69.1655  -69.1497  -67.4347  -67.4319  -67.4173  -23.5641  -23.3609
         -11.6553  -11.3121   -9.9783   -9.7085   -9.1905   -8.8069   -7.0047   -6.5046   -6.2912   -6.1350
   -5.7204   -5.3706   -5.2571   -5.0377   -3.7212   -3.2328    2.4335    2.9821    6.6924    8.2817
    8.3653    9.4790   11.7281   12.7681   16.3818   20.6684   24.4619   27.1732   28.1258   29.5208
   31.4325   32.1494   33.5014   34.2250   35.5519   36.6532   36.8006   37.8146   46.1183   47.0994
   48.8300   50.5138   51.0012   55.4277   61.9077   63.7558   63.9928   66.4708   72.1877   77.7123
   80.4550   83.4188   84.2242   92.6110
 127  2 -108.7177 -107.0583  -69.1707  -69.1668  -69.1484  -67.4336  -67.4313  -67.4186  -23.6123  -23.3120
         -11.5429  -11.3680   -9.8054   -9.6399   -9.4313   -9.1224   -6.8108   -6.5580   -6.2325   -6.0965
   -5.7001   -5.3547   -5.2391   -5.0441   -3.4455   -3.3444    1.6163    3.4117    7.0441    7.2484
    8.1350   10.8483   11.7275   12.3585   17.6705   19.6768   24.4167   27.0352   27.8148   28.2627
   29.9612   33.4191   33.7047   34.1260   35.9092   37.1948   38.2970   39.0843   43.4202   46.1316
   47.0909   51.0048   51.2233   56.1093   59.0683   62.2044   63.4785   67.6995   71.4858   76.6500
   80.6918   80.9370   85.8800  112.8337
 128  2 -108.7178 -107.0585  -69.1732  -69.1695  -69.1476  -67.4391  -67.4311  -67.4183  -23.5195  -23.2255
         -12.0085  -11.3028   -9.8518   -9.8168   -9.3499   -8.8695   -7.1822   -6.3511   -6.2101   -5.9113
   -5.8125   -5.4604   -5.1732   -5.1338   -3.1019   -3.0215    1.0886    3.3501    6.5985    6.6639
    8.6282   12.0575   12.0626   12.7044   15.4523   22.3612   22.6790   22.6801   27.6275   29.8556
   32.4088   32.8517   32.8529   35.5380   35.6975   40.8304   40.8458   40.8763   41.9654   44.0960
   45.5744   48.8289   52.2768   52.2769   59.6401   62.9039   67.9990   70.2659   71.5775   75.7456
   75.7478   82.8010   92.9565  154.9365
 129  2 -108.7177 -107.0585  -69.1778  -69.1698  -69.1491  -67.4442  -67.4311  -67.4200  -23.2719  -23.2127
         -12.5980  -11.3295  -10.0211   -9.9945   -8.6171   -8.6125   -7.6220   -6.5121   -6.2204   -5.9870
   -5.8528   -5.4147   -5.1900   -5.0615   -2.8738   -2.7918    1.2885    2.9244    6.0180    6.5784
   10.9483   11.3903   11.3912   12.9965   12.9968   21.2730   23.3397   23.3397   27.3254   30.2826
   32.8369   35.7256   35.7257   37.3313   37.3326   39.4047   39.4078   42.1377   42.1403   43.7695
   43.7712   51.1972   59.6108   59.6117   60.5528   63.4490   65.2884   65.2887   68.2610   74.7720
   78.6865   85.4679   94.1239  241.7001
 130  2 -108.7173 -107.0580  -69.1751  -69.1697  -69.1516  -67.4413  -67.4311  -67.4227  -23.2674  -23.2253
         -12.2775  -11.3039  -10.1229   -9.8826   -9.3901   -8.8810   -7.1267   -6.4158   -6.2373   -5.9153
   -5.7681   -5.3341   -5.1915   -5.1037   -3.2156   -3.0677    2.2113    3.3489    5.9635    6.6448
    8.6260    9.6561   11.5387   12.6999   15.4516   21.2869   24.5354   25.5522   27.6310   29.8571
   31.9229   33.8892   35.5307   35.6055   35.6992   39.5964   40.8645   41.4953   41.9633   44.0986
   45.5727   54.4294   55.4514   59.5073   59.6492   60.7456   67.9995   69.8718   70.1564   70.3429
   77.2872   82.8006   92.9567  154.9381
 131  2 -108.7168 -107.0575  -69.1712  -69.1690  -69.1560  -67.4381  -67.4313  -67.4257  -23.2547  -23.2460
         -11.5791  -11.5526  -10.2571  -10.1175   -9.5536   -9.2584   -6.6542   -6.5754   -6.2390   -5.9130
   -5.5751   -5.1980   -5.1893   -5.1169   -3.4585   -3.4543    3.5046    3.5855    6.1516    6.2816
    7.8163    7.8614   12.0071   12.0962   18.2274   18.2850   27.3419   27.4624   28.8429   28.9825
   32.4174   32.4505   34.9797   35.0456   36.7624   36.7907   40.6122   40.6214   42.9838   43.0332
   49.2314   49.2367   58.6306   58.7249   62.3181   62.3919   65.1784   65.2103   76.7323   76.8230
   78.3761   78.3936   90.3644   90.4368
 132  2 -108.7173 -107.0580  -69.1731  -69.1696  -69.1537  -67.4433  -67.4313  -67.4205  -23.2674  -23.2253
         -12.2797  -11.3035  -10.1222   -9.8808   -9.3883   -8.8837   -7.1258   -6.4178   -6.2360   -5.9152
   -5.7670   -5.3355   -5.1942   -5.1017   -3.2143   -3.0664    2.2117    3.3495    5.9588    6.6441
    8.6274    9.6560   11.5376   12.6989   15.4523   21.2882   24.5366   25.5538   27.6311   29.8568
   31.9229   33.8913   35.5320   35.6039   35.6973   39.5962   40.8621   41.4962   41.9653   44.0974
   45.5747   54.4283   55.4520   59.5080   59.6503   60.7446   67.9991   69.8719   70.1558   70.3426
   77.2860   82.8005   92.9565  154.9369
 133  2 -108.7177 -107.0585  -69.1756  -69.1697  -69.1514  -67.4464  -67.4312  -67.4176  -23.2719  -23.2127
         -12.6003  -11.3296  -10.0193   -9.9937   -8.6160   -8.6137   -7.6220   -6.5131   -6.2191   -5.9888
   -5.8500   -5.4163   -5.1930   -5.0591   -2.8717   -2.7906    1.2888    2.9244    6.0129    6.5784
   10.9483   11.3887   11.3905   12.9954   12.9979   21.2758   23.3407   23.3413   27.3255   30.2826
   32.8400   35.7228   35.7241   37.3311   37.3328   39.4054   39.4084   42.1377   42.1402   43.7696
   43.7711   51.1994   59.6105   59.6121   60.5528   63.4489   65.2876   65.2879   68.2610   74.7703
   78.6865   85.4679   94.1247  241.7001
 134  2 -108.7173 -107.0580  -69.1731  -69.1696  -69.1537  -67.4433  -67.4313  -67.4205  -23.2674  -23.2253
         -12.2797  -11.3035  -10.1222   -9.8808   -9.3883   -8.8837   -7.1258   -6.4178   -6.2360   -5.9152
   -5.7670   -5.3355   -5.1942   -5.1017   -3.2143   -3.0664    2.2117    3.3495    5.9588    6.6441
    8.6274    9.6560   11.5376   12.6989   15.4523   21.2882   24.5366   25.5538   27.6311   29.8568
   31.9229   33.8913   35.5320   35.6039   35.6973   39.5962   40.8621   41.4962   41.9653   44.0974
   45.5747   54.4283   55.4520   59.5080   59.6503   60.7446   67.9991   69.8719   70.1558   70.3426
   77.2860   82.8005   92.9565  154.9369
 135  2 -108.7168 -107.0575  -69.1712  -69.1690  -69.1560  -67.4381  -67.4313  -67.4257  -23.2547  -23.2460
         -11.5791  -11.5526  -10.2571  -10.1175   -9.5536   -9.2584   -6.6542   -6.5754   -6.2390   -5.9130
   -5.5751   -5.1980   -5.1893   -5.1169   -3.4585   -3.4543    3.5046    3.5855    6.1516    6.2816
    7.8163    7.8614   12.0071   12.0962   18.2274   18.2850   27.3419   27.4624   28.8429   28.9825
   32.4174   32.4505   34.9797   35.0456   36.7624   36.7907   40.6122   40.6214   42.9838   43.0332
   49.2314   49.2367   58.6306   58.7249   62.3181   62.3919   65.1784   65.2103   76.7323   76.8230
   78.3761   78.3936   90.3644   90.4368
 136  2 -108.7173 -107.0580  -69.1751  -69.1697  -69.1516  -67.4413  -67.4311  -67.4227  -23.2674  -23.2253
         -12.2775  -11.3039  -10.1229   -9.8826   -9.3901   -8.8810   -7.1267   -6.4158   -6.2373   -5.9153
   -5.7681   -5.3341   -5.1915   -5.1037   -3.2156   -3.0677    2.2113    3.3489    5.9635    6.6448
    8.6260    9.6561   11.5387   12.6999   15.4516   21.2869   24.5354   25.5522   27.6310   29.8571
   31.9229   33.8892   35.5307   35.6055   35.6992   39.5964   40.8645   41.4953   41.9633   44.0986
   45.5727   54.4294   55.4514   59.5073   59.6492   60.7456   67.9995   69.8718   70.1564   70.3429
   77.2872   82.8006   92.9567  154.9381
 137  2 -108.7173 -107.0580  -69.1751  -69.1697  -69.1516  -67.4413  -67.4311  -67.4227  -23.2674  -23.2253
         -12.2775  -11.3039  -10.1229   -9.8826   -9.3901   -8.8810   -7.1267   -6.4158   -6.2373   -5.9153
   -5.7681   -5.3341   -5.1915   -5.1037   -3.2156   -3.0677    2.2113    3.3489    5.9635    6.6448
    8.6260    9.6561   11.5387   12.6999   15.4516   21.2869   24.5354   25.5522   27.6310   29.8571
   31.9229   33.8892   35.5307   35.6055   35.6992   39.5964   40.8645   41.4953   41.9633   44.0986
   45.5727   54.4295   55.4514   59.5073   59.6492   60.7456   67.9995   69.8718   70.1564   70.3429
   77.2872   82.8006   92.9567  154.9381
 138  2 -108.7175 -107.0582  -69.1729  -69.1698  -69.1477  -67.4388  -67.4316  -67.4184  -23.4034  -23.3403
         -12.1287  -11.4049   -9.9598   -9.8973   -8.5967   -8.5913   -7.4886   -6.4799   -6.3336   -6.0764
   -5.7992   -5.4011   -5.2100   -5.0699   -3.4554   -2.9119    2.0887    2.8079    6.2160    7.3543
    9.6871   11.6484   11.7640   12.9926   12.9953   22.7173   23.2313   25.5457   27.4079   29.1087
   31.7740   32.9449   34.2849   34.2908   35.0016   37.5839   40.0757   40.0766   44.5433   47.9754
   47.9774   50.9561   55.0214   56.4497   56.7455   64.6627   64.9798   66.1497   67.2004   76.0118
   76.4322   85.7261   88.6140  121.2235
 139  2 -108.7174 -107.0580  -69.1708  -69.1666  -69.1485  -67.4336  -67.4315  -67.4187  -23.5641  -23.3609
         -11.6532  -11.3126   -9.9783   -9.7110   -9.1916   -8.8047   -7.0058   -6.5032   -6.2911   -6.1344
   -5.7219   -5.3707   -5.2554   -5.0385   -3.7215   -3.2340    2.4328    2.9835    6.6947    8.2802
    8.3652    9.4785   11.7299   12.7684   16.3809   20.6684   24.4605   27.1734   28.1261   29.5202
   31.4318   32.1519   33.5000   34.2235   35.5522   36.6526   36.8019   37.8136   46.1180   47.0999
   48.8323   50.5125   51.0018   55.4271   61.9107   63.7534   63.9924   66.4700   72.1906   77.7122
   80.4535   83.4176   84.2242   92.6120
 140  2 -108.7177 -107.0583  -69.1705  -69.1657  -69.1497  -67.4349  -67.4315  -67.4172  -23.6123  -23.3120
         -11.5445  -11.3672   -9.8051   -9.6401   -9.4311   -9.1220   -6.8097   -6.5585   -6.2334   -6.0961
   -5.6996   -5.3556   -5.2386   -5.0445   -3.4447   -3.3439    1.6155    3.4132    7.0424    7.2462
    8.1347   10.8481   11.7292   12.3578   17.6710   19.6768   24.4171   27.0376   27.8145   28.2613
   29.9616   33.4203   33.7048   34.1257   35.9087   37.1936   38.2955   39.0842   43.4204   46.1325
   47.0916   51.0058   51.2227   56.1099   59.0685   62.2056   63.4783   67.6989   71.4853   76.6485
   80.6944   80.9367   85.8780  112.8327
 141  2 -108.7178 -107.0585  -69.1711  -69.1694  -69.1499  -67.4413  -67.4312  -67.4160  -23.5195  -23.2255
         -12.0108  -11.3025   -9.8500   -9.8164   -9.3525   -8.8665   -7.1826   -6.3534   -6.2086   -5.9115
   -5.8108   -5.4613   -5.1757   -5.1318   -3.1001   -3.0204    1.0879    3.3504    6.5958    6.6623
    8.6275   12.0558   12.0621   12.7055   15.4525   22.3641   22.6796   22.6808   27.6268   29.8557
   32.4109   32.8515   32.8531   35.5366   35.6982   40.8302   40.8445   40.8768   41.9628   44.0985
   45.5730   48.8313   52.2763   52.2787   59.6395   62.9033   67.9992   70.2671   71.5762   75.7445
   75.7467   82.8009   92.9575  154.9381
 142  2 -108.7171 -107.0578  -69.1726  -69.1695  -69.1541  -67.4438  -67.4311  -67.4201  -23.3406  -23.1576
         -12.1314  -11.1311  -10.0322   -9.9338   -9.5383   -9.4105   -6.8392   -6.4028   -6.1762   -5.9057
   -5.8438   -5.4435   -5.1528   -5.1033   -3.4610   -2.8357    2.0878    3.8343    6.2160    6.5206
    7.9688    9.6884   11.3222   11.7655   17.1658   22.7188   23.2324   25.5469   27.7638   30.3668
   31.0094   31.7745   32.9476   34.9982   37.5858   38.0903   42.6194   43.2630   43.2880   44.2317
   44.5451   50.9552   55.0221   56.4495   58.0805   64.9764   66.1472   68.5339   74.5611   76.0138
   76.4337   82.7792   83.5050  209.0486
 143  2 -108.7161 -107.0568  -69.1704  -69.1686  -69.1615  -67.4401  -67.4315  -67.4283  -23.1817  -23.1437
         -11.6554  -11.1310  -10.4262  -10.3436   -9.8193   -9.6580   -6.4980   -6.3227   -6.2490   -5.9339
   -5.7118   -5.4081   -5.1867   -5.1070   -3.5721   -3.1271    4.0580    4.6280    5.6755    6.0757
    7.0188    7.2269   10.8257   11.6602   19.6472   20.3646   26.2981   26.4520   28.7584   30.0029
   30.6243   31.1771   31.6511   36.2137   37.0670   38.6093   39.2398   42.1642   43.6065   45.7367
   47.7849   51.2830   55.3551   55.4853   64.8549   65.0126   68.1243   68.5252   70.3430   75.1111
   76.6487   80.2462   89.6238  126.7732
 144  2 -108.7163 -107.0571  -69.1721  -69.1693  -69.1592  -67.4379  -67.4310  -67.4309  -23.1875  -23.1343
         -11.8535  -10.9440  -10.6414  -10.2988   -9.8472   -9.3817   -6.6200   -6.3494   -6.2378   -5.9267
   -5.6167   -5.3334   -5.2008   -5.0975   -3.4653   -3.2097    3.6568    4.4003    5.6516    6.3557
    6.4872    7.9501   11.2406   12.0790   17.6477   22.3697   23.4090   28.3851   29.9222   30.4283
   30.9520   31.3453   33.2389   33.2731   35.4776   40.2814   40.8449   41.3010   42.2588   45.2812
   47.6272   53.4411   54.8500   55.1207   62.8446   67.1507   67.5967   67.7225   73.8739   74.7596
   76.1141   77.2628   86.6711  124.0246
 145  2 -108.7168 -107.0575  -69.1712  -69.1690  -69.1560  -67.4381  -67.4313  -67.4257  -23.2547  -23.2460
         -11.5791  -11.5526  -10.2571  -10.1175   -9.5536   -9.2584   -6.6542   -6.5754   -6.2390   -5.9130
   -5.5751   -5.1980   -5.1893   -5.1169   -3.4585   -3.4543    3.5046    3.5855    6.1516    6.2816
    7.8163    7.8614   12.0071   12.0962   18.2274   18.2850   27.3419   27.4624   28.8429   28.9825
   32.4174   32.4505   34.9797   35.0456   36.7624   36.7907   40.6122   40.6214   42.9838   43.0332
   49.2314   49.2367   58.6306   58.7249   62.3181   62.3919   65.1784   65.2103   76.7323   76.8230
   78.3760   78.3935   90.3644   90.4368
 146  2 -108.7174 -107.0580  -69.1708  -69.1666  -69.1485  -67.4336  -67.4315  -67.4187  -23.5641  -23.3609
         -11.6532  -11.3126   -9.9783   -9.7110   -9.1916   -8.8047   -7.0058   -6.5032   -6.2911   -6.1344
   -5.7219   -5.3707   -5.2554   -5.0385   -3.7215   -3.2340    2.4328    2.9835    6.6947    8.2802
    8.3652    9.4785   11.7299   12.7684   16.3809   20.6684   24.4605   27.1734   28.1261   29.5202
   31.4318   32.1519   33.5000   34.2235   35.5522   36.6526   36.8019   37.8136   46.1180   47.0999
   48.8323   50.5125   51.0018   55.4271   61.9107   63.7534   63.9924   66.4700   72.1905   77.7122
   80.4535   83.4176   84.2242   92.6120
 147  2 -108.7180 -107.0588  -69.1713  -69.1599  -69.1442  -67.4328  -67.4250  -67.4146  -23.9167  -23.4079
         -11.5875  -10.8305   -9.8973   -9.8786   -8.4048   -8.3941   -7.1906   -6.4815   -6.4180   -6.2999
   -5.8899   -5.4439   -5.3050   -5.1085   -4.0399   -2.9601    1.2927    2.8115    7.1634    7.6955
   10.9048   12.1483   13.2869   13.2917   13.5814   22.4324   23.0106   26.6592   27.9092   29.2708
   29.2743   29.9662   30.8241   32.7586   34.6520   35.4292   35.9251   35.9280   41.2383   47.6131
   50.0720   51.6513   55.3051   55.3066   63.0004   64.4066   64.9288   66.2100   66.9028   72.8983
   80.4703   84.3311   86.3841   87.1957
 148  2 -108.7187 -107.0596  -69.1712  -69.1550  -69.1438  -67.4326  -67.4214  -67.4124  -24.1126  -23.3611
         -11.6424  -10.3696   -9.9797   -9.6815   -8.8275   -8.5390   -6.8146   -6.5754   -6.3285   -6.1408
   -5.7083   -5.5512   -5.2780   -5.1203   -3.7651   -3.2555    0.2436    2.9822    6.6953    8.2887
   10.3763   11.7297   13.2792   13.5979   17.8064   20.6693   23.7983   24.4620   26.8829   28.5611
   28.7799   29.5361   31.4340   33.7975   34.2242   35.3045   35.5493   36.6511   38.1164   46.1173
   48.8318   55.3231   55.4295   56.7626   60.5743   61.9095   63.7540   65.0756   67.5178   72.1914
   80.4523   83.4177   83.6126   85.8171
 149  2 -108.7185 -107.0595  -69.1705  -69.1579  -69.1461  -67.4319  -67.4275  -67.4118  -24.0555  -23.2505
         -11.5658  -10.4926  -10.1936   -9.6809   -9.0688   -8.9237   -6.8349   -6.4525   -6.3105   -5.8075
   -5.7961   -5.4807   -5.1465   -5.0135   -3.4614   -3.4388    0.0088    3.5444    6.2153    7.8361
    8.7980   12.0488   13.8199   13.8244   18.2568   21.0089   21.0119   25.2040   27.4032   28.8833
   29.7120   29.7305   32.2262   32.4335   35.0098   36.7728   36.9230   36.9261   40.6158   43.0083
   49.2332   52.1946   55.5155   55.5189   58.6776   62.1740   62.3558   65.1935   66.3544   76.7775
   78.3846   83.5585   83.5587   90.4011
 150  2 -108.7174 -107.0582  -69.1698  -69.1643  -69.1512  -67.4359  -67.4311  -67.4160  -23.7722  -23.1440
         -11.1812  -11.1074  -10.3702   -9.8091   -9.5646   -9.2150   -6.6479   -6.4258   -6.1784   -5.9804
   -5.7016   -5.5760   -5.2171   -5.0971   -3.6670   -3.0537    1.1392    4.6327    6.0707    7.0195
    7.9148   10.7774   10.8636   13.3103   19.6484   20.6507   23.0702   26.4370   27.6064   28.7507
   29.8878   30.6117   31.8866   32.9327   35.9420   37.0671   39.2398   42.1640   42.3118   43.6057
   47.7818   50.8281   53.3124   55.4825   57.8338   64.3988   68.5205   70.3464   70.8616   75.1095
   77.0009   80.2511   83.8949  126.7734
 151  2 -108.7164 -107.0570  -69.1697  -69.1680  -69.1584  -67.4405  -67.4311  -67.4234  -23.4078  -23.1010
         -11.5803  -10.5330  -10.5274  -10.1641   -9.8728   -9.8662   -6.4247   -6.4134   -6.1110   -5.9630
   -5.9220   -5.5355   -5.2167   -5.1127   -3.7782   -2.8636    2.8096    5.1524    6.6896    6.6939
    7.1642    7.7001    9.4229   12.1513   22.4300   22.4873   22.4885   23.0107   28.8745   29.8587
   29.9838   30.8245   32.7592   34.6584   35.4303   39.9492   40.3721   44.0601   44.0612   45.1754
   47.6130   50.0705   51.6499   53.3211   64.4081   66.2073   66.8996   71.7853   73.1878   73.1896
   80.4711   81.7923   84.3358  187.8507
 152  2 -108.7161 -107.0568  -69.1704  -69.1686  -69.1615  -67.4401  -67.4315  -67.4283  -23.1817  -23.1437
         -11.6554  -11.1310  -10.4262  -10.3436   -9.8193   -9.6580   -6.4980   -6.3227   -6.2490   -5.9339
   -5.7118   -5.4081   -5.1867   -5.1070   -3.5721   -3.1271    4.0580    4.6280    5.6755    6.0757
    7.0188    7.2269   10.8257   11.6602   19.6472   20.3646   26.2981   26.4520   28.7584   30.0029
   30.6243   31.1771   31.6511   36.2137   37.0671   38.6093   39.2398   42.1642   43.6065   45.7367
   47.7849   51.2830   55.3551   55.4853   64.8549   65.0126   68.1243   68.5252   70.3430   75.1111
   76.6487   80.2462   89.6238  126.7732
 153  2 -108.7173 -107.0580  -69.1731  -69.1696  -69.1537  -67.4433  -67.4313  -67.4205  -23.2674  -23.2253
         -12.2797  -11.3035  -10.1222   -9.8808   -9.3883   -8.8837   -7.1258   -6.4178   -6.2360   -5.9152
   -5.7670   -5.3355   -5.1942   -5.1017   -3.2143   -3.0664    2.2117    3.3495    5.9588    6.6441
    8.6274    9.6560   11.5376   12.6989   15.4523   21.2882   24.5366   25.5538   27.6311   29.8568
   31.9229   33.8913   35.5320   35.6039   35.6973   39.5962   40.8621   41.4962   41.9653   44.0974
   45.5747   54.4283   55.4520   59.5080   59.6503   60.7446   67.9991   69.8719   70.1558   70.3426
   77.2860   82.8005   92.9560  154.9368
 154  2 -108.7177 -107.0583  -69.1705  -69.1657  -69.1497  -67.4349  -67.4315  -67.4172  -23.6123  -23.3120
         -11.5445  -11.3672   -9.8051   -9.6401   -9.4311   -9.1220   -6.8097   -6.5585   -6.2334   -6.0961
   -5.6996   -5.3556   -5.2386   -5.0445   -3.4447   -3.3439    1.6155    3.4132    7.0424    7.2462
    8.1347   10.8481   11.7292   12.3578   17.6710   19.6768   24.4171   27.0376   27.8145   28.2613
   29.9616   33.4203   33.7048   34.1257   35.9087   37.1936   38.2955   39.0842   43.4204   46.1326
   47.0916   51.0058   51.2227   56.1099   59.0685   62.2056   63.4783   67.6989   71.4853   76.6485
   80.6943   80.9367   85.8777  112.8328
 155  2 -108.7187 -107.0596  -69.1712  -69.1550  -69.1438  -67.4326  -67.4214  -67.4124  -24.1126  -23.3611
         -11.6424  -10.3696   -9.9797   -9.6815   -8.8275   -8.5390   -6.8146   -6.5754   -6.3285   -6.1408
   -5.7083   -5.5512   -5.2780   -5.1203   -3.7651   -3.2555    0.2436    2.9822    6.6953    8.2887
   10.3763   11.7297   13.2792   13.5979   17.8064   20.6693   23.7983   24.4620   26.8829   28.5611
   28.7799   29.5361   31.4340   33.7975   34.2242   35.3045   35.5493   36.6511   38.1164   46.1173
   48.8318   55.3231   55.4295   56.7626   60.5743   61.9095   63.7540   65.0756   67.5178   72.1914
   80.4523   83.4177   83.6126   85.8171
 156  2 -108.7202 -107.0617  -69.1715  -69.1468  -69.1402  -67.4326  -67.4108  -67.4101  -24.4715  -23.3408
         -12.1295  -10.0114   -9.9664   -9.1035   -7.8900   -7.8816   -6.9327   -6.6545   -6.3734   -6.2975
   -6.0553   -5.5502   -5.4029   -5.2842   -3.6182   -2.9519   -1.2687    2.0871    6.2145    9.6861
   11.7654   14.8035   14.8062   15.9153   15.9293   22.7183   23.2266   23.3673   23.3761   24.6449
   25.5424   27.0780   31.7695   32.9476   34.8274   34.8302   34.9931   35.2625   37.5841   44.5419
   50.9549   55.0196   56.4514   57.8736   60.6425   60.6443   63.0208   64.9782   65.7978   66.1486
   76.0117   76.4316   86.1880   87.0939
 157  2 -108.7204 -107.0620  -69.1711  -69.1452  -69.1416  -67.4321  -67.4135  -67.4072  -24.5259  -23.2674
         -12.2785  -10.1298   -9.9172   -8.5875   -8.1357   -8.1311   -6.7967   -6.6604   -6.5155   -6.0867
   -5.9430   -5.5671   -5.3491   -5.2678   -3.2783   -3.1887   -1.7299    2.2092    5.9594    9.6521
   11.5381   13.2817   15.9717   15.9742   19.6947   19.6968   21.2899   22.7761   24.5333   25.5435
   26.0885   26.0908   31.9217   33.8907   34.0067   35.1621   35.1676   35.6011   39.5955   41.4949
   54.4285   55.4489   57.4016   59.5185   60.5045   60.5082   60.7452   63.3627   65.0798   69.8740
   70.2287   77.2878   86.7514   86.7515
 158  2 -108.7189 -107.0601  -69.1703  -69.1525  -69.1464  -67.4314  -67.4236  -67.4102  -24.2542  -23.1877
         -11.8546  -10.2846  -10.0269   -9.6447   -8.9140   -8.4232   -6.6893   -6.4207   -6.3383   -6.2394
   -5.7360   -5.5532   -5.2181   -5.1630   -3.4567   -3.3720   -0.4680    3.6544    5.6438    7.9478
   11.1164   11.2632   12.6707   15.6900   18.4196   22.3124   22.3961   23.4113   25.8305   27.8333
   28.4057   29.9224   30.9328   33.2716   33.8033   34.2921   35.4775   36.8848   41.3015   42.2569
   53.4382   54.8494   56.8623   57.6597   60.1484   62.8468   64.3550   67.1510   67.5956   69.5156
   73.8820   84.1408   86.4903   86.6718
 159  2 -108.7174 -107.0582  -69.1698  -69.1643  -69.1511  -67.4359  -67.4311  -67.4160  -23.7722  -23.1440
         -11.1812  -11.1074  -10.3702   -9.8091   -9.5646   -9.2150   -6.6479   -6.4258   -6.1784   -5.9804
   -5.7016   -5.5760   -5.2171   -5.0971   -3.6670   -3.0537    1.1392    4.6327    6.0707    7.0195
    7.9148   10.7774   10.8636   13.3103   19.6484   20.6507   23.0702   26.4370   27.6064   28.7507
   29.8878   30.6117   31.8866   32.9327   35.9420   37.0671   39.2398   42.1640   42.3118   43.6057
   47.7818   50.8281   53.3124   55.4825   57.8338   64.3988   68.5205   70.3464   70.8616   75.1094
   77.0009   80.2510   83.8949  126.7734
 160  2 -108.7171 -107.0578  -69.1726  -69.1695  -69.1541  -67.4438  -67.4311  -67.4201  -23.3406  -23.1576
         -12.1314  -11.1311  -10.0322   -9.9338   -9.5383   -9.4105   -6.8392   -6.4028   -6.1762   -5.9057
   -5.8438   -5.4435   -5.1528   -5.1033   -3.4610   -2.8357    2.0878    3.8343    6.2160    6.5206
    7.9688    9.6884   11.3222   11.7655   17.1658   22.7188   23.2324   25.5469   27.7638   30.3668
   31.0094   31.7745   32.9476   34.9982   37.5858   38.0903   42.6194   43.2630   43.2880   44.2318
   44.5451   50.9552   55.0221   56.4495   58.0805   64.9764   66.1472   68.5339   74.5611   76.0138
   76.4337   82.7792   83.5046  209.0485
 161  2 -108.7177 -107.0585  -69.1756  -69.1697  -69.1514  -67.4464  -67.4312  -67.4176  -23.2719  -23.2127
         -12.6003  -11.3296  -10.0193   -9.9937   -8.6160   -8.6137   -7.6220   -6.5131   -6.2191   -5.9888
   -5.8500   -5.4163   -5.1930   -5.0591   -2.8717   -2.7906    1.2888    2.9244    6.0129    6.5784
   10.9483   11.3887   11.3905   12.9954   12.9979   21.2758   23.3407   23.3413   27.3255   30.2826
   32.8400   35.7228   35.7241   37.3311   37.3328   39.4054   39.4084   42.1378   42.1402   43.7696
   43.7711   51.1994   59.6105   59.6121   60.5528   63.4489   65.2876   65.2879   68.2610   74.7703
   78.6865   85.4679   94.1238  241.7001
 162  2 -108.7178 -107.0585  -69.1711  -69.1694  -69.1499  -67.4413  -67.4312  -67.4160  -23.5195  -23.2255
         -12.0108  -11.3025   -9.8500   -9.8164   -9.3525   -8.8665   -7.1826   -6.3534   -6.2086   -5.9115
   -5.8108   -5.4613   -5.1757   -5.1318   -3.1001   -3.0204    1.0879    3.3504    6.5958    6.6623
    8.6275   12.0558   12.0621   12.7055   15.4525   22.3641   22.6796   22.6808   27.6268   29.8557
   32.4109   32.8515   32.8531   35.5366   35.6982   40.8302   40.8445   40.8768   41.9629   44.0985
   45.5730   48.8313   52.2763   52.2787   59.6395   62.9033   67.9992   70.2671   71.5762   75.7445
   75.7467   82.8009   92.9570  154.9379
 163  2 -108.7185 -107.0595  -69.1705  -69.1579  -69.1461  -67.4319  -67.4275  -67.4118  -24.0555  -23.2505
         -11.5658  -10.4926  -10.1936   -9.6809   -9.0688   -8.9237   -6.8349   -6.4525   -6.3105   -5.8075
   -5.7961   -5.4807   -5.1465   -5.0135   -3.4614   -3.4388    0.0088    3.5444    6.2153    7.8361
    8.7980   12.0488   13.8199   13.8244   18.2568   21.0089   21.0119   25.2040   27.4032   28.8833
   29.7120   29.7305   32.2262   32.4335   35.0098   36.7728   36.9230   36.9261   40.6158   43.0083
   49.2332   52.1946   55.5155   55.5189   58.6776   62.1740   62.3558   65.1935   66.3544   76.7775
   78.3845   83.5585   83.5587   90.4010
 164  2 -108.7204 -107.0620  -69.1711  -69.1452  -69.1416  -67.4321  -67.4135  -67.4072  -24.5259  -23.2674
         -12.2785  -10.1298   -9.9172   -8.5875   -8.1357   -8.1311   -6.7967   -6.6604   -6.5155   -6.0867
   -5.9430   -5.5671   -5.3491   -5.2678   -3.2783   -3.1887   -1.7299    2.2092    5.9594    9.6521
   11.5381   13.2817   15.9717   15.9742   19.6947   19.6968   21.2899   22.7761   24.5333   25.5435
   26.0885   26.0908   31.9217   33.8907   34.0067   35.1621   35.1676   35.6011   39.5955   41.4949
   54.4285   55.4489   57.4016   59.5185   60.5045   60.5082   60.7452   63.3627   65.0798   69.8740
   70.2287   77.2878   86.7514   86.7515
 165  2 -108.7215 -107.0634  -69.1713  -69.1413  -69.1381  -67.4321  -67.4078  -67.4048  -24.7059  -23.2721
         -12.5990  -10.0299  -10.0275   -7.2823   -7.2805   -7.2758   -6.9201   -6.9167   -6.7869   -6.5985
   -6.5972   -5.5592   -5.5577   -5.2639   -2.9283   -2.9265   -2.7598    1.2865    6.0127   11.3896
   11.3916   17.0477   17.0493   17.0504   19.6193   19.6219   19.6236   21.2722   23.3253   23.3261
   23.9234   23.9236   32.8400   35.0406   35.0431   35.0456   35.7246   35.7257   39.4047   39.4051
   51.1970   57.0641   59.6109   59.6127   62.3260   62.3297   62.3303   63.2551   63.4498   65.2880
   65.2884   74.7730   87.4042   87.4042
 166  2 -108.7204 -107.0620  -69.1711  -69.1452  -69.1416  -67.4321  -67.4135  -67.4072  -24.5259  -23.2674
         -12.2785  -10.1298   -9.9172   -8.5875   -8.1357   -8.1311   -6.7967   -6.6604   -6.5155   -6.0867
   -5.9430   -5.5671   -5.3491   -5.2678   -3.2783   -3.1887   -1.7299    2.2092    5.9594    9.6521
   11.5381   13.2817   15.9717   15.9742   19.6947   19.6968   21.2899   22.7761   24.5333   25.5435
   26.0885   26.0908   31.9217   33.8907   34.0067   35.1621   35.1676   35.6011   39.5955   41.4949
   54.4285   55.4489   57.4016   59.5185   60.5045   60.5082   60.7452   63.3627   65.0798   69.8740
   70.2287   77.2878   86.7514   86.7515
 167  2 -108.7185 -107.0595  -69.1705  -69.1579  -69.1461  -67.4319  -67.4275  -67.4118  -24.0555  -23.2505
         -11.5658  -10.4926  -10.1936   -9.6809   -9.0688   -8.9237   -6.8349   -6.4525   -6.3105   -5.8075
   -5.7961   -5.4807   -5.1465   -5.0135   -3.4614   -3.4388    0.0088    3.5444    6.2153    7.8361
    8.7980   12.0488   13.8199   13.8244   18.2568   21.0089   21.0119   25.2040   27.4032   28.8833
   29.7120   29.7305   32.2262   32.4335   35.0098   36.7728   36.9230   36.9261   40.6158   43.0083
   49.2332   52.1946   55.5155   55.5189   58.6776   62.1740   62.3558   65.1935   66.3544   76.7775
   78.3845   83.5585   83.5587   90.4010
 168  2 -108.7178 -107.0585  -69.1711  -69.1694  -69.1499  -67.4413  -67.4312  -67.4160  -23.5195  -23.2255
         -12.0108  -11.3025   -9.8500   -9.8164   -9.3525   -8.8665   -7.1826   -6.3534   -6.2086   -5.9115
   -5.8108   -5.4613   -5.1757   -5.1318   -3.1001   -3.0204    1.0879    3.3504    6.5958    6.6623
    8.6275   12.0558   12.0621   12.7055   15.4525   22.3641   22.6796   22.6808   27.6268   29.8557
   32.4109   32.8515   32.8531   35.5366   35.6982   40.8302   40.8445   40.8768   41.9629   44.0985
   45.5730   48.8313   52.2763   52.2787   59.6395   62.9033   67.9992   70.2671   71.5762   75.7445
   75.7467   82.8009   92.9570  154.9379
 169  2 -108.7173 -107.0580  -69.1731  -69.1696  -69.1537  -67.4433  -67.4313  -67.4205  -23.2674  -23.2253
         -12.2797  -11.3035  -10.1222   -9.8808   -9.3883   -8.8837   -7.1258   -6.4178   -6.2360   -5.9152
   -5.7670   -5.3355   -5.1942   -5.1017   -3.2143   -3.0664    2.2117    3.3495    5.9588    6.6441
    8.6274    9.6560   11.5376   12.6989   15.4523   21.2882   24.5366   25.5538   27.6311   29.8568
   31.9229   33.8913   35.5320   35.6039   35.6973   39.5962   40.8621   41.4962   41.9653   44.0974
   45.5747   54.4283   55.4520   59.5080   59.6503   60.7446   67.9991   69.8719   70.1558   70.3426
   77.2860   82.8005   92.9560  154.9368
 170  2 -108.7171 -107.0578  -69.1726  -69.1695  -69.1541  -67.4438  -67.4311  -67.4201  -23.3406  -23.1576
         -12.1314  -11.1311  -10.0322   -9.9338   -9.5383   -9.4105   -6.8392   -6.4028   -6.1762   -5.9057
   -5.8438   -5.4435   -5.1528   -5.1033   -3.4610   -2.8357    2.0878    3.8343    6.2160    6.5206
    7.9688    9.6884   11.3222   11.7655   17.1658   22.7188   23.2324   25.5469   27.7638   30.3668
   31.0094   31.7745   32.9476   34.9982   37.5858   38.0903   42.6194   43.2630   43.2880   44.2318
   44.5451   50.9552   55.0221   56.4495   58.0805   64.9764   66.1472   68.5339   74.5611   76.0138
   76.4337   82.7792   83.5046  209.0485
 171  2 -108.7174 -107.0582  -69.1698  -69.1643  -69.1511  -67.4359  -67.4311  -67.4160  -23.7722  -23.1440
         -11.1812  -11.1074  -10.3702   -9.8091   -9.5646   -9.2150   -6.6479   -6.4258   -6.1784   -5.9804
   -5.7016   -5.5760   -5.2171   -5.0971   -3.6670   -3.0537    1.1392    4.6327    6.0707    7.0195
    7.9148   10.7774   10.8636   13.3103   19.6484   20.6507   23.0702   26.4370   27.6064   28.7507
   29.8878   30.6117   31.8866   32.9327   35.9420   37.0671   39.2398   42.1640   42.3118   43.6057
   47.7818   50.8281   53.3124   55.4825   57.8338   64.3988   68.5205   70.3464   70.8616   75.1094
   77.0009   80.2510   83.8949  126.7734
 172  2 -108.7189 -107.0601  -69.1703  -69.1525  -69.1464  -67.4314  -67.4236  -67.4102  -24.2542  -23.1877
         -11.8546  -10.2846  -10.0269   -9.6447   -8.9140   -8.4232   -6.6893   -6.4207   -6.3383   -6.2394
   -5.7360   -5.5532   -5.2181   -5.1630   -3.4567   -3.3720   -0.4680    3.6544    5.6438    7.9478
   11.1164   11.2632   12.6707   15.6900   18.4196   22.3124   22.3961   23.4113   25.8305   27.8333
   28.4057   29.9224   30.9328   33.2716   33.8033   34.2921   35.4775   36.8848   41.3015   42.2569
   53.4382   54.8494   56.8623   57.6597   60.1484   62.8468   64.3550   67.1510   67.5956   69.5156
   73.8820   84.1408   86.4903   86.6718
 173  2 -108.7204 -107.0620  -69.1711  -69.1452  -69.1416  -67.4321  -67.4135  -67.4072  -24.5259  -23.2674
         -12.2785  -10.1298   -9.9172   -8.5875   -8.1357   -8.1311   -6.7967   -6.6604   -6.5155   -6.0867
   -5.9430   -5.5671   -5.3491   -5.2678   -3.2783   -3.1887   -1.7299    2.2092    5.9594    9.6521
   11.5381   13.2817   15.9717   15.9742   19.6947   19.6968   21.2899   22.7761   24.5333   25.5435
   26.0885   26.0908   31.9217   33.8907   34.0067   35.1621   35.1676   35.6011   39.5955   41.4949
   54.4285   55.4489   57.4016   59.5185   60.5045   60.5082   60.7452   63.3627   65.0798   69.8740
   70.2287   77.2878   86.7514   86.7515
 174  2 -108.7202 -107.0617  -69.1715  -69.1468  -69.1402  -67.4326  -67.4108  -67.4101  -24.4715  -23.3408
         -12.1295  -10.0114   -9.9664   -9.1035   -7.8900   -7.8816   -6.9327   -6.6545   -6.3734   -6.2975
   -6.0553   -5.5502   -5.4029   -5.2842   -3.6182   -2.9519   -1.2687    2.0871    6.2145    9.6861
   11.7654   14.8035   14.8062   15.9153   15.9293   22.7183   23.2266   23.3673   23.3761   24.6449
   25.5424   27.0780   31.7695   32.9476   34.8274   34.8302   34.9931   35.2625   37.5841   44.5419
   50.9549   55.0196   56.4514   57.8736   60.6425   60.6443   63.0208   64.9782   65.7978   66.1486
   76.0117   76.4316   86.1880   87.0939
 175  2 -108.7187 -107.0596  -69.1712  -69.1550  -69.1438  -67.4326  -67.4214  -67.4124  -24.1126  -23.3611
         -11.6424  -10.3696   -9.9797   -9.6815   -8.8275   -8.5390   -6.8146   -6.5754   -6.3285   -6.1408
   -5.7083   -5.5512   -5.2780   -5.1203   -3.7651   -3.2555    0.2436    2.9822    6.6953    8.2887
   10.3763   11.7297   13.2792   13.5979   17.8064   20.6693   23.7983   24.4620   26.8829   28.5611
   28.7799   29.5361   31.4340   33.7975   34.2242   35.3045   35.5493   36.6511   38.1164   46.1173
   48.8318   55.3231   55.4295   56.7626   60.5743   61.9095   63.7540   65.0756   67.5178   72.1914
   80.4523   83.4177   83.6126   85.8171
 176  2 -108.7177 -107.0583  -69.1705  -69.1657  -69.1497  -67.4349  -67.4315  -67.4172  -23.6123  -23.3120
         -11.5445  -11.3672   -9.8051   -9.6401   -9.4311   -9.1220   -6.8097   -6.5585   -6.2334   -6.0961
   -5.6996   -5.3556   -5.2386   -5.0445   -3.4447   -3.3439    1.6155    3.4132    7.0424    7.2462
    8.1347   10.8481   11.7292   12.3578   17.6710   19.6768   24.4171   27.0376   27.8145   28.2613
   29.9616   33.4203   33.7048   34.1257   35.9087   37.1936   38.2955   39.0842   43.4204   46.1326
   47.0916   51.0058   51.2227   56.1099   59.0685   62.2056   63.4783   67.6989   71.4853   76.6485
   80.6943   80.9367   85.8777  112.8328
 177  2 -108.7168 -107.0575  -69.1712  -69.1690  -69.1560  -67.4381  -67.4313  -67.4257  -23.2547  -23.2460
         -11.5791  -11.5526  -10.2571  -10.1175   -9.5536   -9.2584   -6.6542   -6.5754   -6.2390   -5.9130
   -5.5751   -5.1980   -5.1893   -5.1169   -3.4585   -3.4543    3.5046    3.5855    6.1516    6.2816
    7.8163    7.8614   12.0071   12.0962   18.2274   18.2850   27.3419   27.4624   28.8429   28.9825
   32.4174   32.4505   34.9797   35.0456   36.7624   36.7907   40.6122   40.6214   42.9838   43.0332
   49.2314   49.2367   58.6306   58.7249   62.3181   62.3919   65.1784   65.2103   76.7323   76.8230
   78.3760   78.3935   90.3644   90.4368
 178  2 -108.7161 -107.0568  -69.1704  -69.1686  -69.1615  -67.4401  -67.4315  -67.4283  -23.1817  -23.1437
         -11.6554  -11.1310  -10.4262  -10.3436   -9.8193   -9.6580   -6.4980   -6.3227   -6.2490   -5.9339
   -5.7118   -5.4081   -5.1867   -5.1070   -3.5721   -3.1271    4.0580    4.6280    5.6755    6.0757
    7.0188    7.2269   10.8257   11.6602   19.6472   20.3646   26.2981   26.4520   28.7584   30.0029
   30.6243   31.1771   31.6511   36.2137   37.0671   38.6093   39.2398   42.1642   43.6065   45.7367
   47.7849   51.2830   55.3551   55.4853   64.8549   65.0126   68.1243   68.5252   70.3430   75.1111
   76.6487   80.2462   89.6238  126.7732
 179  2 -108.7164 -107.0570  -69.1697  -69.1680  -69.1584  -67.4405  -67.4311  -67.4234  -23.4078  -23.1010
         -11.5803  -10.5330  -10.5274  -10.1641   -9.8728   -9.8662   -6.4247   -6.4134   -6.1110   -5.9630
   -5.9220   -5.5355   -5.2167   -5.1127   -3.7782   -2.8636    2.8096    5.1524    6.6896    6.6939
    7.1642    7.7001    9.4229   12.1513   22.4300   22.4873   22.4885   23.0107   28.8745   29.8587
   29.9838   30.8245   32.7592   34.6584   35.4303   39.9492   40.3721   44.0601   44.0612   45.1754
   47.6130   50.0705   51.6499   53.3211   64.4081   66.2073   66.8996   71.7853   73.1878   73.1896
   80.4711   81.7923   84.3358  187.8507
 180  2 -108.7174 -107.0582  -69.1698  -69.1643  -69.1512  -67.4359  -67.4311  -67.4160  -23.7722  -23.1440
         -11.1812  -11.1074  -10.3702   -9.8091   -9.5646   -9.2150   -6.6479   -6.4258   -6.1784   -5.9804
   -5.7016   -5.5760   -5.2171   -5.0971   -3.6670   -3.0537    1.1392    4.6327    6.0707    7.0195
    7.9148   10.7774   10.8636   13.3103   19.6484   20.6507   23.0702   26.4370   27.6064   28.7507
   29.8878   30.6117   31.8866   32.9327   35.9420   37.0671   39.2398   42.1640   42.3118   43.6057
   47.7818   50.8281   53.3124   55.4825   57.8338   64.3988   68.5205   70.3464   70.8616   75.1095
   77.0009   80.2511   83.8949  126.7734
 181  2 -108.7185 -107.0595  -69.1705  -69.1579  -69.1461  -67.4319  -67.4275  -67.4118  -24.0555  -23.2505
         -11.5658  -10.4926  -10.1936   -9.6809   -9.0688   -8.9237   -6.8349   -6.4525   -6.3105   -5.8075
   -5.7961   -5.4807   -5.1465   -5.0135   -3.4614   -3.4388    0.0088    3.5444    6.2153    7.8361
    8.7980   12.0488   13.8199   13.8244   18.2568   21.0089   21.0119   25.2040   27.4032   28.8833
   29.7120   29.7305   32.2262   32.4335   35.0098   36.7728   36.9230   36.9261   40.6158   43.0083
   49.2332   52.1946   55.5155   55.5189   58.6776   62.1740   62.3558   65.1935   66.3544   76.7775
   78.3846   83.5585   83.5587   90.4011
 182  2 -108.7187 -107.0596  -69.1712  -69.1550  -69.1438  -67.4326  -67.4214  -67.4124  -24.1126  -23.3611
         -11.6424  -10.3696   -9.9797   -9.6815   -8.8275   -8.5390   -6.8146   -6.5754   -6.3285   -6.1408
   -5.7083   -5.5512   -5.2780   -5.1203   -3.7651   -3.2555    0.2436    2.9822    6.6953    8.2887
   10.3763   11.7297   13.2792   13.5979   17.8064   20.6693   23.7983   24.4620   26.8829   28.5611
   28.7799   29.5361   31.4340   33.7975   34.2242   35.3045   35.5493   36.6511   38.1164   46.1173
   48.8318   55.3231   55.4295   56.7626   60.5743   61.9095   63.7540   65.0756   67.5178   72.1914
   80.4523   83.4177   83.6126   85.8171
 183  2 -108.7180 -107.0588  -69.1713  -69.1599  -69.1442  -67.4328  -67.4250  -67.4146  -23.9167  -23.4079
         -11.5875  -10.8305   -9.8973   -9.8786   -8.4048   -8.3941   -7.1906   -6.4815   -6.4180   -6.2999
   -5.8899   -5.4439   -5.3050   -5.1085   -4.0399   -2.9601    1.2927    2.8115    7.1634    7.6955
   10.9048   12.1483   13.2869   13.2917   13.5814   22.4324   23.0106   26.6592   27.9092   29.2708
   29.2743   29.9662   30.8241   32.7586   34.6520   35.4292   35.9251   35.9280   41.2383   47.6131
   50.0720   51.6513   55.3051   55.3066   63.0004   64.4066   64.9288   66.2100   66.9028   72.8983
   80.4703   84.3311   86.3841   87.1957
 184  2 -108.7174 -107.0580  -69.1708  -69.1666  -69.1485  -67.4336  -67.4315  -67.4187  -23.5641  -23.3609
         -11.6532  -11.3126   -9.9783   -9.7110   -9.1916   -8.8047   -7.0058   -6.5032   -6.2911   -6.1344
   -5.7219   -5.3707   -5.2554   -5.0385   -3.7215   -3.2340    2.4328    2.9835    6.6947    8.2802
    8.3652    9.4785   11.7299   12.7684   16.3809   20.6684   24.4605   27.1734   28.1261   29.5202
   31.4318   32.1519   33.5000   34.2235   35.5522   36.6526   36.8019   37.8136   46.1180   47.0999
   48.8323   50.5125   51.0018   55.4271   61.9107   63.7534   63.9924   66.4700   72.1905   77.7122
   80.4535   83.4176   84.2242   92.6120
 185  2 -108.7173 -107.0580  -69.1751  -69.1697  -69.1516  -67.4413  -67.4311  -67.4227  -23.2674  -23.2253
         -12.2775  -11.3039  -10.1229   -9.8826   -9.3901   -8.8810   -7.1267   -6.4158   -6.2373   -5.9153
   -5.7681   -5.3341   -5.1915   -5.1037   -3.2156   -3.0677    2.2113    3.3489    5.9635    6.6448
    8.6260    9.6561   11.5387   12.6999   15.4516   21.2869   24.5354   25.5522   27.6310   29.8571
   31.9229   33.8892   35.5307   35.6055   35.6992   39.5964   40.8645   41.4953   41.9633   44.0986
   45.5727   54.4295   55.4514   59.5073   59.6492   60.7456   67.9995   69.8718   70.1564   70.3429
   77.2872   82.8006   92.9567  154.9381
 186  2 -108.7163 -107.0571  -69.1721  -69.1693  -69.1592  -67.4379  -67.4310  -67.4309  -23.1875  -23.1343
         -11.8535  -10.9440  -10.6414  -10.2988   -9.8472   -9.3817   -6.6200   -6.3494   -6.2378   -5.9267
   -5.6167   -5.3334   -5.2008   -5.0975   -3.4653   -3.2097    3.6568    4.4003    5.6516    6.3557
    6.4872    7.9501   11.2406   12.0790   17.6477   22.3697   23.4090   28.3851   29.9222   30.4283
   30.9520   31.3453   33.2389   33.2731   35.4776   40.2814   40.8449   41.3010   42.2588   45.2812
   47.6272   53.4411   54.8500   55.1207   62.8446   67.1507   67.5967   67.7225   73.8739   74.7596
   76.1141   77.2628   86.6711  124.0246
 187  2 -108.7161 -107.0568  -69.1704  -69.1686  -69.1615  -67.4401  -67.4315  -67.4283  -23.1817  -23.1437
         -11.6554  -11.1310  -10.4262  -10.3436   -9.8193   -9.6580   -6.4980   -6.3227   -6.2490   -5.9339
   -5.7118   -5.4081   -5.1867   -5.1070   -3.5721   -3.1271    4.0580    4.6280    5.6755    6.0757
    7.0188    7.2269   10.8257   11.6602   19.6472   20.3646   26.2981   26.4520   28.7584   30.0029
   30.6243   31.1771   31.6511   36.2137   37.0670   38.6093   39.2398   42.1642   43.6065   45.7367
   47.7849   51.2830   55.3551   55.4853   64.8549   65.0126   68.1243   68.5252   70.3430   75.1111
   76.6487   80.2462   89.6238  126.7732
 188  2 -108.7171 -107.0578  -69.1726  -69.1695  -69.1541  -67.4438  -67.4311  -67.4201  -23.3406  -23.1576
         -12.1314  -11.1311  -10.0322   -9.9338   -9.5383   -9.4105   -6.8392   -6.4028   -6.1762   -5.9057
   -5.8438   -5.4435   -5.1528   -5.1033   -3.4610   -2.8357    2.0878    3.8343    6.2160    6.5206
    7.9688    9.6884   11.3222   11.7655   17.1658   22.7188   23.2324   25.5469   27.7638   30.3668
   31.0094   31.7745   32.9476   34.9982   37.5858   38.0903   42.6194   43.2630   43.2880   44.2317
   44.5451   50.9552   55.0221   56.4495   58.0805   64.9764   66.1472   68.5339   74.5611   76.0138
   76.4337   82.7792   83.5050  209.0486
 189  2 -108.7178 -107.0585  -69.1711  -69.1694  -69.1499  -67.4413  -67.4312  -67.4160  -23.5195  -23.2255
         -12.0108  -11.3025   -9.8500   -9.8164   -9.3525   -8.8665   -7.1826   -6.3534   -6.2086   -5.9115
   -5.8108   -5.4613   -5.1757   -5.1318   -3.1001   -3.0204    1.0879    3.3504    6.5958    6.6623
    8.6275   12.0558   12.0621   12.7055   15.4525   22.3641   22.6796   22.6808   27.6268   29.8557
   32.4109   32.8515   32.8531   35.5366   35.6982   40.8302   40.8445   40.8768   41.9628   44.0985
   45.5730   48.8313   52.2763   52.2787   59.6395   62.9033   67.9992   70.2671   71.5762   75.7445
   75.7467   82.8009   92.9575  154.9381
 190  2 -108.7177 -107.0583  -69.1705  -69.1657  -69.1497  -67.4349  -67.4315  -67.4172  -23.6123  -23.3120
         -11.5445  -11.3672   -9.8051   -9.6401   -9.4311   -9.1220   -6.8097   -6.5585   -6.2334   -6.0961
   -5.6996   -5.3556   -5.2386   -5.0445   -3.4447   -3.3439    1.6155    3.4132    7.0424    7.2462
    8.1347   10.8481   11.7292   12.3578   17.6710   19.6768   24.4171   27.0376   27.8145   28.2613
   29.9616   33.4203   33.7048   34.1257   35.9087   37.1936   38.2955   39.0842   43.4204   46.1325
   47.0916   51.0058   51.2227   56.1099   59.0685   62.2056   63.4783   67.6989   71.4853   76.6485
   80.6944   80.9367   85.8780  112.8327
 191  2 -108.7174 -107.0580  -69.1708  -69.1666  -69.1485  -67.4336  -67.4315  -67.4187  -23.5641  -23.3609
         -11.6532  -11.3126   -9.9783   -9.7110   -9.1916   -8.8047   -7.0058   -6.5032   -6.2911   -6.1344
   -5.7219   -5.3707   -5.2554   -5.0385   -3.7215   -3.2340    2.4328    2.9835    6.6947    8.2802
    8.3652    9.4785   11.7299   12.7684   16.3809   20.6684   24.4605   27.1734   28.1261   29.5202
   31.4318   32.1519   33.5000   34.2235   35.5522   36.6526   36.8019   37.8136   46.1180   47.0999
   48.8323   50.5125   51.0018   55.4271   61.9107   63.7534   63.9924   66.4700   72.1906   77.7122
   80.4535   83.4176   84.2242   92.6120
 192  2 -108.7175 -107.0582  -69.1729  -69.1698  -69.1477  -67.4388  -67.4316  -67.4184  -23.4034  -23.3403
         -12.1287  -11.4049   -9.9598   -9.8973   -8.5967   -8.5913   -7.4886   -6.4799   -6.3336   -6.0764
   -5.7992   -5.4011   -5.2100   -5.0699   -3.4554   -2.9119    2.0887    2.8079    6.2160    7.3543
    9.6871   11.6484   11.7640   12.9926   12.9953   22.7173   23.2313   25.5457   27.4079   29.1087
   31.7740   32.9449   34.2849   34.2908   35.0016   37.5839   40.0757   40.0766   44.5433   47.9754
   47.9774   50.9561   55.0214   56.4497   56.7455   64.6627   64.9798   66.1497   67.2004   76.0118
   76.4322   85.7261   88.6140  121.2235
 193  2 -108.7173 -107.0580  -69.1773  -69.1697  -69.1492  -67.4440  -67.4311  -67.4202  -23.2684  -23.2243
         -12.2780  -11.3042  -10.0929   -9.9282   -9.3750   -8.8646   -7.2005   -6.3938   -6.1732   -5.8522
   -5.7389   -5.5096   -5.1968   -5.0509   -3.1388   -3.1366    2.2108    3.3496    5.9641    6.6444
    8.6282    9.6531   11.5379   12.7009   15.4527   21.2876   24.5357   25.5526   27.6262   29.8586
   31.9248   33.8898   35.5198   35.6179   35.6971   39.5984   40.8616   41.4929   41.9655   44.0974
   45.5748   54.4296   55.4516   59.5074   59.6495   60.7451   67.9989   69.8666   70.2283   70.2764
   77.2869   82.8006   92.9566  154.9369
 194  2 -108.7171 -107.0578  -69.1751  -69.1695  -69.1517  -67.4415  -67.4309  -67.4227  -23.3407  -23.1576
         -12.1290  -11.1311  -10.0331   -9.9354   -9.5389   -9.4103   -6.8390   -6.4007   -6.1780   -5.9076
   -5.8428   -5.4417   -5.1534   -5.1032   -3.4621   -2.8375    2.0882    3.8343    6.2199    6.5206
    7.9688    9.6883   11.3222   11.7669   17.1658   22.7170   23.2321   25.5459   27.7637   30.3668
   31.0094   31.7743   32.9451   34.9985   37.5853   38.0904   42.6194   43.2630   43.2880   44.2317
   44.5464   50.9560   55.0207   56.4493   58.0805   64.9776   66.1491   68.5339   74.5611   76.0135
   76.4335   82.7792   83.5047  209.0485
 195  2 -108.7166 -107.0572  -69.1714  -69.1689  -69.1559  -67.4383  -67.4311  -67.4257  -23.3610  -23.1438
         -11.6419  -11.1289  -10.3739  -10.0060   -9.7510   -9.5403   -6.5262   -6.4358   -6.2497   -5.9478
   -5.7519   -5.3472   -5.2301   -5.0984   -3.6199   -3.1526    2.9820    4.6326    6.0686    6.7010
    7.0196    8.2934   10.8267   11.7286   19.6486   20.6688   24.4612   26.4370   28.7490   29.5223
   30.6186   31.4377   34.2220   35.5508   36.6543   37.0681   39.2405   42.1655   43.6052   46.1188
   47.7811   48.8324   55.4020   55.5080   61.9098   63.7533   68.5203   70.3467   72.1907   75.1094
   80.2478   80.4552   83.4192  126.7733
 196  2 -108.7168 -107.0574  -69.1728  -69.1695  -69.1539  -67.4431  -67.4314  -67.4207  -23.3123  -23.1871
         -11.8556  -11.3878  -10.2731   -9.8831   -9.4286   -9.3674   -6.8312   -6.3845   -6.2098   -5.8954
   -5.7904   -5.3937   -5.1792   -5.0734   -3.4524   -3.2823    3.4107    3.6571    5.6422    7.0605
    7.9477    8.1354   11.2419   11.7315   17.6710   22.3700   23.4108   27.8124   28.2549   29.9162
   30.9314   33.2702   33.7143   35.4789   35.9092   38.2966   39.0840   41.3026   42.2566   46.1329
   47.0915   53.4382   54.8493   59.0686   62.2045   62.8472   67.1518   67.5963   67.6988   73.8825
   80.6994   85.8760   86.6719  112.8334
 197  2 -108.7173 -107.0580  -69.1751  -69.1697  -69.1515  -67.4462  -67.4312  -67.4178  -23.2683  -23.2243
         -12.2802  -11.3045  -10.0924   -9.9263   -9.3767   -8.8615   -7.2014   -6.3960   -6.1724   -5.8494
   -5.7390   -5.5108   -5.1997   -5.0486   -3.1378   -3.1347    2.2112    3.3489    5.9594    6.6450
    8.6269    9.6531   11.5368   12.7019   15.4519   21.2889   24.5368   25.5543   27.6262   29.8589
   31.9248   33.8919   35.5183   35.6159   35.6989   39.5982   40.8640   41.4939   41.9634   44.0986
   45.5728   54.4285   55.4522   59.5080   59.6485   60.7441   67.9993   69.8667   70.2282   70.2770
   77.2857   82.8007   92.9576  154.9384
 198  2 -108.7171 -107.0578  -69.1731  -69.1695  -69.1537  -67.4434  -67.4311  -67.4206  -23.3406  -23.1576
         -12.1310  -11.1311  -10.0314   -9.9353   -9.5383   -9.4102   -6.8391   -6.4026   -6.1763   -5.9063
   -5.8431   -5.4431   -5.1544   -5.1023   -3.4609   -2.8370    2.0890    3.8343    6.2157    6.5206
    7.9688    9.6877   11.3222   11.7668   17.1658   22.7186   23.2329   25.5465   27.7638   30.3668
   31.0094   31.7736   32.9478   34.9973   37.5849   38.0904   42.6194   43.2630   43.2880   44.2318
   44.5461   50.9554   55.0210   56.4509   58.0805   64.9789   66.1475   68.5339   74.5611   76.0118
   76.4330   82.7792   83.5050  209.0486
 199  2 -108.7166 -107.0572  -69.1711  -69.1690  -69.1560  -67.4384  -67.4311  -67.4256  -23.3610  -23.1439
         -11.6432  -11.1270  -10.3734  -10.0065   -9.7519   -9.5403   -6.5264   -6.4368   -6.2473   -5.9468
   -5.7535   -5.3481   -5.2287   -5.0996   -3.6200   -3.1525    2.9823    4.6342    6.0685    6.6985
    7.0197    8.2933   10.8274   11.7290   19.6481   20.6689   24.4617   26.4359   28.7493   29.5217
   30.6193   31.4384   34.2244   35.5508   36.6527   37.0676   39.2388   42.1642   43.6053   46.1184
   47.7842   48.8326   55.4027   55.5090   61.9078   63.7538   68.5235   70.3416   72.1910   75.1132
   80.2441   80.4548   83.4194  126.7728
 200  2 -108.7168 -107.0574  -69.1747  -69.1697  -69.1519  -67.4412  -67.4311  -67.4229  -23.3123  -23.1871
         -11.8532  -11.3878  -10.2731   -9.8858   -9.4289   -9.3675   -6.8313   -6.3825   -6.2105   -5.8950
   -5.7917   -5.3931   -5.1770   -5.0757   -3.4532   -3.2838    3.4107    3.6569    5.6467    7.0605
    7.9463    8.1355   11.2435   11.7315   17.6710   22.3687   23.4093   27.8123   28.2549   29.9161
   30.9323   33.2693   33.7143   35.4779   35.9092   38.2966   39.0840   41.3011   42.2570   46.1329
   47.0915   53.4412   54.8502   59.0686   62.2045   62.8453   67.1517   67.5992   67.6988   73.8795
   80.6993   85.8758   86.6723  112.8335
 201  2 -108.7171 -107.0578  -69.1751  -69.1695  -69.1517  -67.4415  -67.4309  -67.4227  -23.3407  -23.1576
         -12.1290  -11.1311  -10.0331   -9.9354   -9.5389   -9.4103   -6.8390   -6.4007   -6.1780   -5.9076
   -5.8428   -5.4417   -5.1534   -5.1032   -3.4621   -2.8375    2.0882    3.8343    6.2199    6.5206
    7.9688    9.6883   11.3222   11.7669   17.1658   22.7170   23.2321   25.5459   27.7637   30.3668
   31.0094   31.7743   32.9451   34.9985   37.5853   38.0904   42.6194   43.2630   43.2880   44.2317
   44.5464   50.9560   55.0207   56.4493   58.0805   64.9776   66.1491   68.5339   74.5611   76.0135
   76.4335   82.7792   83.5047  209.0486
 202  2 -108.7178 -107.0585  -69.1732  -69.1695  -69.1476  -67.4391  -67.4311  -67.4183  -23.5195  -23.2255
         -12.0085  -11.3028   -9.8518   -9.8168   -9.3499   -8.8695   -7.1822   -6.3511   -6.2101   -5.9113
   -5.8125   -5.4604   -5.1732   -5.1338   -3.1019   -3.0215    1.0886    3.3501    6.5985    6.6639
    8.6282   12.0575   12.0626   12.7044   15.4523   22.3612   22.6790   22.6801   27.6275   29.8556
   32.4088   32.8517   32.8529   35.5380   35.6975   40.8304   40.8458   40.8763   41.9654   44.0960
   45.5744   48.8289   52.2768   52.2769   59.6401   62.9039   67.9990   70.2659   71.5775   75.7456
   75.7478   82.8010   92.9565  154.9365
 203  2 -108.7177 -107.0583  -69.1707  -69.1668  -69.1484  -67.4336  -67.4313  -67.4186  -23.6123  -23.3120
         -11.5429  -11.3680   -9.8054   -9.6399   -9.4313   -9.1224   -6.8108   -6.5580   -6.2325   -6.0965
   -5.7001   -5.3547   -5.2391   -5.0441   -3.4455   -3.3444    1.6163    3.4117    7.0441    7.2484
    8.1350   10.8483   11.7275   12.3585   17.6705   19.6768   24.4167   27.0352   27.8148   28.2627
   29.9612   33.4191   33.7047   34.1260   35.9092   37.1948   38.2970   39.0843   43.4202   46.1316
   47.0909   51.0048   51.2233   56.1093   59.0683   62.2044   63.4785   67.6995   71.4858   76.6500
   80.6918   80.9370   85.8800  112.8337
 204  2 -108.7174 -107.0580  -69.1707  -69.1655  -69.1497  -67.4347  -67.4319  -67.4173  -23.5641  -23.3609
         -11.6553  -11.3121   -9.9783   -9.7085   -9.1905   -8.8069   -7.0047   -6.5046   -6.2912   -6.1350
   -5.7204   -5.3706   -5.2571   -5.0377   -3.7212   -3.2328    2.4335    2.9821    6.6924    8.2817
    8.3653    9.4790   11.7281   12.7681   16.3818   20.6684   24.4619   27.1732   28.1258   29.5208
   31.4325   32.1494   33.5014   34.2250   35.5519   36.6532   36.8006   37.8146   46.1183   47.0994
   48.8300   50.5138   51.0012   55.4277   61.9077   63.7558   63.9928   66.4708   72.1877   77.7123
   80.4550   83.4188   84.2242   92.6110
 205  2 -108.7175 -107.0582  -69.1711  -69.1694  -69.1500  -67.4410  -67.4318  -67.4161  -23.4034  -23.3403
         -12.1312  -11.4049   -9.9578   -9.8964   -8.5944   -8.5936   -7.4886   -6.4807   -6.3329   -6.0783
   -5.7967   -5.4020   -5.2126   -5.0681   -3.4544   -2.9100    2.0883    2.8079    6.2122    7.3543
    9.6873   11.6484   11.7626   12.9917   12.9963   22.7191   23.2316   25.5467   27.4080   29.1087
   31.7743   32.9473   34.2865   34.2892   35.0014   37.5844   40.0750   40.0772   44.5420   47.9758
   47.9770   50.9553   55.0228   56.4499   56.7455   64.6627   64.9786   66.1478   67.2004   76.0121
   76.4324   85.7262   88.6144  121.2234
 206  2 -108.7173 -107.0580  -69.1726  -69.1697  -69.1541  -67.4437  -67.4313  -67.4201  -23.2674  -23.2253
         -12.2799  -11.3042  -10.1204   -9.8825   -9.3872   -8.8837   -7.1264   -6.4180   -6.2358   -5.9141
   -5.7679   -5.3354   -5.1932   -5.1025   -3.2140   -3.0670    2.2118    3.3485    5.9594    6.6456
    8.6267    9.6551   11.5385   12.6989   15.4514   21.2873   24.5363   25.5535   27.6317   29.8570
   31.9245   33.8920   35.5319   35.6042   35.6984   39.5972   40.8631   41.4935   41.9658   44.0961
   45.5741   54.4291   55.4518   59.5062   59.6497   60.7447   67.9992   69.8728   70.1559   70.3424
   77.2856   82.8007   92.9565  154.9368
 207  2 -108.7163 -107.0571  -69.1705  -69.1687  -69.1613  -67.4401  -67.4314  -67.4283  -23.1875  -23.1343
         -11.8559  -10.9442  -10.6392  -10.2970   -9.8465   -9.3837   -6.6197   -6.3519   -6.2355   -5.9250
   -5.6184   -5.3342   -5.1988   -5.0993   -3.4650   -3.2090    3.6580    4.4006    5.6479    6.3578
    6.4871    7.9494   11.2409   12.0785   17.6470   22.3704   23.4091   28.3863   29.9217   30.4276
   30.9526   31.3468   33.2381   33.2749   35.4794   40.2802   40.8425   41.3011   42.2574   45.2829
   47.6297   53.4396   54.8489   55.1214   62.8443   67.1501   67.5974   67.7244   73.8753   74.7597
   76.1114   77.2608   86.6702  124.0224
 208  2 -108.7161 -107.0568  -69.1720  -69.1692  -69.1594  -67.4379  -67.4312  -67.4309  -23.1817  -23.1437
         -11.6528  -11.1325  -10.4266  -10.3441   -9.8206   -9.6570   -6.4984   -6.3194   -6.2514   -5.9337
   -5.7125   -5.4063   -5.1882   -5.1066   -3.5723   -3.1282    4.0579    4.6280    5.6791    6.0757
    7.0167    7.2265   10.8265   11.6606   19.6475   20.3633   26.2983   26.4518   28.7578   30.0043
   30.6248   31.1768   31.6493   36.2119   37.0678   38.6079   39.2415   42.1646   43.6054   45.7380
   47.7830   51.2839   55.3576   55.4850   64.8549   65.0140   68.1237   68.5217   70.3458   75.1129
   76.6457   80.2464   89.6234  126.7737
 209  2 -108.7166 -107.0572  -69.1714  -69.1689  -69.1559  -67.4383  -67.4311  -67.4257  -23.3610  -23.1438
         -11.6419  -11.1289  -10.3739  -10.0060   -9.7510   -9.5403   -6.5262   -6.4358   -6.2497   -5.9478
   -5.7519   -5.3472   -5.2301   -5.0984   -3.6199   -3.1526    2.9820    4.6326    6.0686    6.7010
    7.0196    8.2934   10.8267   11.7286   19.6486   20.6688   24.4612   26.4370   28.7490   29.5223
   30.6186   31.4377   34.2220   35.5509   36.6543   37.0681   39.2405   42.1655   43.6052   46.1188
   47.7811   48.8325   55.4020   55.5080   61.9098   63.7534   68.5203   70.3467   72.1906   75.1094
   80.2478   80.4552   83.4193  126.7733
 210  2 -108.7177 -107.0583  -69.1707  -69.1668  -69.1484  -67.4336  -67.4313  -67.4186  -23.6123  -23.3120
         -11.5429  -11.3680   -9.8054   -9.6399   -9.4313   -9.1224   -6.8108   -6.5580   -6.2325   -6.0965
   -5.7001   -5.3547   -5.2391   -5.0441   -3.4455   -3.3444    1.6163    3.4117    7.0441    7.2484
    8.1350   10.8483   11.7275   12.3585   17.6705   19.6768   24.4167   27.0352   27.8148   28.2627
   29.9612   33.4191   33.7047   34.1260   35.9091   37.1948   38.2970   39.0843   43.4202   46.1316
   47.0909   51.0048   51.2233   56.1093   59.0683   62.2044   63.4785   67.6995   71.4858   76.6499
   80.6918   80.9370   85.8800  112.8337
 211  2 -108.7183 -107.0590  -69.1711  -69.1601  -69.1438  -67.4327  -67.4250  -67.4141  -23.7723  -23.5640
         -11.3708  -11.1039   -9.7102   -9.4042   -9.0679   -8.7928   -7.0784   -6.4299   -6.4104   -6.0597
   -5.7446   -5.5086   -5.1763   -5.1702   -3.7622   -3.1309    1.1415    2.4329    7.9090    8.3588
    9.4780   10.8129   12.7564   13.3234   16.3808   20.6506   23.0704   27.1743   27.6059   28.1254
   29.8811   31.8762   32.1491   32.9316   33.5028   35.9418   36.8039   37.8126   42.3121   47.0974
   50.5134   50.8292   50.9999   53.3135   57.8327   63.9894   64.4019   66.4714   70.8609   77.0038
   77.7121   83.8940   84.2242   92.6116
 212  2 -108.7184 -107.0592  -69.1714  -69.1549  -69.1438  -67.4330  -67.4210  -67.4125  -23.7535  -23.7519
         -11.2176  -10.9526   -9.6335   -9.1064   -9.0818   -9.0103   -6.7581   -6.6618   -6.4610   -6.0644
   -5.8479   -5.4653   -5.2794   -5.1499   -3.7192   -3.3406    1.6131    1.6434    8.9063    8.9231
    9.8021    9.8840   12.8961   13.0215   18.6775   18.6825   24.6741   24.6904   28.8731   28.9045
   31.1298   31.1952   31.5817   31.6440   34.2102   34.2634   35.5631   35.5965   43.7142   43.7302
   51.1075   51.1274   52.3967   52.4120   64.3658   64.4787   65.2997   65.3025   74.0226   74.0621
   82.4147   82.5132   88.2762   88.3035
 213  2 -108.7183 -107.0590  -69.1711  -69.1579  -69.1460  -67.4327  -67.4274  -67.4117  -23.7723  -23.5640
         -11.3707  -11.1059   -9.7083   -9.4048   -9.0694   -8.7903   -7.0781   -6.4332   -6.4095   -6.0588
   -5.7437   -5.5087   -5.1779   -5.1687   -3.7618   -3.1292    1.1397    2.4334    7.9082    8.3571
    9.4787   10.8128   12.7566   13.3218   16.3818   20.6495   23.0712   27.1742   27.6079   28.1242
   29.8830   31.8773   32.1499   32.9323   33.5012   35.9418   36.8033   37.8124   42.3116   47.0989
   50.5118   50.8282   51.0021   53.3123   57.8342   63.9907   64.4000   66.4700   70.8614   77.0024
   77.7126   83.8943   84.2242   92.6118
 214  2 -108.7177 -107.0583  -69.1703  -69.1643  -69.1511  -67.4358  -67.4318  -67.4160  -23.6123  -23.3120
         -11.5452  -11.3682   -9.8036   -9.6393   -9.4305   -9.1226   -6.8119   -6.5582   -6.2322   -6.0957
   -5.7002   -5.3565   -5.2373   -5.0445   -3.4448   -3.3429    1.6149    3.4117    7.0439    7.2471
    8.1350   10.8472   11.7275   12.3583   17.6705   19.6752   24.4173   27.0373   27.8149   28.2628
   29.9639   33.4212   33.7048   34.1265   35.9091   37.1934   38.2970   39.0843   43.4193   46.1316
   47.0909   51.0039   51.2242   56.1090   59.0683   62.2044   63.4767   67.6995   71.4858   76.6494
   80.6918   80.9366   85.8802  112.8336
 215  2 -108.7166 -107.0572  -69.1699  -69.1679  -69.1584  -67.4403  -67.4313  -67.4235  -23.3610  -23.1439
         -11.6444  -11.1295  -10.3709  -10.0046   -9.7511   -9.5412   -6.5295   -6.4349   -6.2474   -5.9465
   -5.7534   -5.3481   -5.2284   -5.0995   -3.6197   -3.1516    2.9807    4.6324    6.0717    6.7002
    7.0174    8.2932   10.8272   11.7279   19.6476   20.6676   24.4622   26.4369   28.7502   29.5241
   30.6183   31.4382   34.2243   35.5506   36.6554   37.0687   39.2401   42.1646   43.6040   46.1158
   47.7834   48.8332   55.4015   55.5080   61.9077   63.7537   68.5241   70.3422   72.1889   75.1101
   80.2467   80.4566   83.4204  126.7725
 216  2 -108.7160 -107.0566  -69.1704  -69.1686  -69.1617  -67.4401  -67.4314  -67.4285  -23.1680  -23.1609
         -11.3322  -11.2873  -10.4006  -10.3385   -9.9250   -9.8101   -6.3986   -6.3383   -6.1875   -5.9825
   -5.7539   -5.4771   -5.1645   -5.1471   -3.4891   -3.2557    4.7194    4.7708    5.8795    6.0021
    6.7124    6.7436   10.8890   10.9023   22.1586   22.2463   23.2657   23.3270   29.4388   29.7299
   30.3582   30.5375   35.7114   35.7219   38.1452   38.1778   38.9440   38.9672   46.5212   46.5731
   48.0414   48.0900   55.6466   55.6868   65.4532   65.5833   69.6851   69.7171   70.1241   70.1383
   79.1743   79.2521  105.4612  105.5151
 217  2 -108.7168 -107.0574  -69.1728  -69.1695  -69.1539  -67.4431  -67.4314  -67.4207  -23.3123  -23.1871
         -11.8556  -11.3878  -10.2731   -9.8831   -9.4286   -9.3674   -6.8312   -6.3845   -6.2098   -5.8954
   -5.7904   -5.3937   -5.1792   -5.0734   -3.4524   -3.2823    3.4107    3.6571    5.6422    7.0605
    7.9477    8.1354   11.2419   11.7315   17.6710   22.3700   23.4108   27.8124   28.2549   29.9162
   30.9314   33.2702   33.7143   35.4789   35.9092   38.2966   39.0840   41.3026   42.2566   46.1329
   47.0915   53.4382   54.8493   59.0686   62.2045   62.8472   67.1518   67.5963   67.6989   73.8825
   80.6993   85.8758   86.6719  112.8335
 218  2 -108.7174 -107.0580  -69.1707  -69.1655  -69.1497  -67.4347  -67.4319  -67.4173  -23.5641  -23.3609
         -11.6553  -11.3121   -9.9783   -9.7085   -9.1905   -8.8069   -7.0047   -6.5046   -6.2912   -6.1350
   -5.7204   -5.3706   -5.2571   -5.0377   -3.7212   -3.2328    2.4335    2.9821    6.6924    8.2817
    8.3653    9.4790   11.7281   12.7681   16.3818   20.6684   24.4619   27.1732   28.1258   29.5208
   31.4325   32.1494   33.5014   34.2250   35.5519   36.6532   36.8006   37.8146   46.1183   47.0994
   48.8300   50.5138   51.0012   55.4277   61.9077   63.7558   63.9928   66.4708   72.1877   77.7121
   80.4550   83.4188   84.2242   92.6111
 219  2 -108.7184 -107.0592  -69.1714  -69.1549  -69.1438  -67.4330  -67.4210  -67.4125  -23.7535  -23.7519
         -11.2176  -10.9526   -9.6335   -9.1064   -9.0818   -9.0103   -6.7581   -6.6618   -6.4610   -6.0644
   -5.8479   -5.4653   -5.2794   -5.1499   -3.7192   -3.3406    1.6131    1.6434    8.9063    8.9231
    9.8021    9.8840   12.8961   13.0215   18.6775   18.6825   24.6741   24.6904   28.8731   28.9045
   31.1298   31.1952   31.5817   31.6440   34.2102   34.2634   35.5631   35.5965   43.7142   43.7302
   51.1075   51.1274   52.3967   52.4120   64.3658   64.4787   65.2997   65.3025   74.0226   74.0621
   82.4147   82.5132   88.2763   88.3035
 220  2 -108.7195 -107.0606  -69.1721  -69.1467  -69.1400  -67.4337  -67.4106  -67.4100  -24.1126  -23.7723
         -11.1610  -10.3604   -9.7100   -9.2924   -8.7956   -8.5043   -6.9216   -6.6851   -6.1786   -6.0187
   -5.8966   -5.4937   -5.3870   -5.2078   -3.8092   -3.1479    0.2421    1.1416    7.9130   10.3763
   10.8109   13.2779   13.2951   13.6147   17.8061   20.6521   23.0712   23.8012   26.8746   27.6094
   28.5651   28.7939   29.8831   31.8761   32.9312   33.8024   35.3003   35.9398   38.1162   42.3112
   50.8288   53.3145   55.3216   56.7643   57.8311   60.5741   64.3994   65.0781   67.5176   70.8633
   77.0032   83.6036   83.9007   85.8170
 221  2 -108.7198 -107.0610  -69.1720  -69.1451  -69.1415  -67.4335  -67.4133  -67.4071  -24.2542  -23.6124
         -11.5315   -9.9743   -9.6109   -9.5596   -8.7232   -8.4249   -6.8576   -6.7058   -6.1659   -6.0218
   -5.8233   -5.7184   -5.3422   -5.0429   -3.4518   -3.4278   -0.4675    1.6151    7.2319   10.8379
   11.1467   12.3525   12.6688   15.6924   18.4204   19.6777   22.3398   24.4183   25.8272   27.0399
   27.8383   28.4124   29.9607   33.4193   33.8052   34.1213   34.2924   36.8690   37.2067   43.4195
   51.0059   51.2220   56.1092   56.8625   57.6594   60.1470   63.4789   64.3556   69.5121   71.4898
   76.6494   80.9301   84.1414   86.4909
 222  2 -108.7187 -107.0596  -69.1711  -69.1525  -69.1464  -67.4326  -67.4234  -67.4103  -24.1126  -23.3611
         -11.6433  -10.3703   -9.9797   -9.6806   -8.8245   -8.5408   -6.8169   -6.5733   -6.3302   -6.1400
   -5.7080   -5.5532   -5.2774   -5.1187   -3.7647   -3.2545    0.2430    2.9805    6.6956    8.2904
   10.3769   11.7275   13.2784   13.5985   17.8048   20.6692   23.7994   24.4628   26.8822   28.5623
   28.7809   29.5372   31.4339   33.7989   34.2233   35.3030   35.5491   36.6534   38.1168   46.1181
   48.8294   55.3195   55.4291   56.7648   60.5746   61.9084   63.7558   65.0766   67.5172   72.1883
   80.4543   83.4188   83.6124   85.8170
 223  2 -108.7172 -107.0579  -69.1701  -69.1641  -69.1512  -67.4358  -67.4314  -67.4161  -23.7526  -23.1645
         -11.3340  -11.0625  -10.3703   -9.9340   -9.2857   -9.0630   -6.7325   -6.4144   -6.1732   -6.1126
   -5.7954   -5.4966   -5.2612   -5.0815   -3.6027   -3.2981    1.6277    4.7455    5.9370    6.7278
    8.9154    9.8453   10.8968   12.9567   18.6790   22.2035   23.2961   24.6825   28.8659   29.6041
   30.4406   31.1639   31.6255   34.2365   35.5775   35.7196   38.1623   38.9540   43.7222   46.5466
   48.0648   51.1172   52.4035   55.6667   64.4213   65.3014   65.5186   69.7029   70.1291   74.0419
   79.2141   82.4638   88.2908  105.4883
 224  2 -108.7166 -107.0572  -69.1723  -69.1694  -69.1544  -67.4437  -67.4311  -67.4203  -23.3611  -23.1437
         -11.6443  -11.1317  -10.3790   -9.9027   -9.8816   -9.4966   -6.7070   -6.3633   -6.0357   -5.9047
   -5.7942   -5.5623   -5.1474   -5.0829   -3.6163   -3.1506    2.9804    4.6326    6.0724    6.6992
    7.0164    8.2921   10.8270   11.7292   19.6479   20.6698   24.4619   26.4359   28.7360   29.5446
   30.6083   31.4402   34.2245   35.5499   36.6543   37.0700   39.2405   42.1647   43.6040   46.1182
   47.7829   48.8301   55.4259   55.4846   61.9075   63.7551   68.5206   70.3451   72.1865   75.1149
   80.2378   80.4636   83.4208  126.7733
 225  2 -108.7173 -107.0580  -69.1751  -69.1697  -69.1515  -67.4462  -67.4312  -67.4178  -23.2683  -23.2243
         -12.2802  -11.3045  -10.0924   -9.9263   -9.3767   -8.8615   -7.2014   -6.3960   -6.1724   -5.8494
   -5.7390   -5.5108   -5.1997   -5.0486   -3.1378   -3.1347    2.2112    3.3489    5.9594    6.6450
    8.6269    9.6531   11.5368   12.7019   15.4519   21.2889   24.5368   25.5543   27.6262   29.8589
   31.9248   33.8919   35.5183   35.6159   35.6989   39.5982   40.8640   41.4939   41.9634   44.0986
   45.5728   54.4285   55.4522   59.5080   59.6485   60.7441   67.9993   69.8667   70.2282   70.2770
   77.2857   82.8007   92.9571  154.9383
 226  2 -108.7175 -107.0582  -69.1711  -69.1694  -69.1500  -67.4410  -67.4318  -67.4161  -23.4034  -23.3403
         -12.1312  -11.4049   -9.9578   -9.8964   -8.5944   -8.5936   -7.4886   -6.4807   -6.3329   -6.0783
   -5.7967   -5.4020   -5.2126   -5.0681   -3.4544   -2.9100    2.0883    2.8079    6.2122    7.3543
    9.6873   11.6484   11.7626   12.9917   12.9963   22.7191   23.2316   25.5467   27.4080   29.1087
   31.7743   32.9473   34.2865   34.2892   35.0014   37.5844   40.0750   40.0772   44.5420   47.9758
   47.9770   50.9553   55.0228   56.4499   56.7455   64.6627   64.9786   66.1478   67.2004   76.0121
   76.4324   85.7262   88.6139  121.2236
 227  2 -108.7183 -107.0590  -69.1711  -69.1579  -69.1460  -67.4327  -67.4274  -67.4117  -23.7723  -23.5640
         -11.3707  -11.1059   -9.7083   -9.4048   -9.0694   -8.7903   -7.0781   -6.4332   -6.4095   -6.0588
   -5.7437   -5.5087   -5.1779   -5.1687   -3.7618   -3.1292    1.1397    2.4334    7.9082    8.3571
    9.4787   10.8128   12.7566   13.3218   16.3818   20.6495   23.0712   27.1742   27.6079   28.1242
   29.8830   31.8773   32.1499   32.9323   33.5012   35.9418   36.8033   37.8124   42.3116   47.0989
   50.5118   50.8282   51.0021   53.3123   57.8342   63.9907   64.4000   66.4700   70.8614   77.0024
   77.7125   83.8943   84.2242   92.6119
 228  2 -108.7198 -107.0610  -69.1720  -69.1451  -69.1415  -67.4335  -67.4133  -67.4071  -24.2542  -23.6124
         -11.5315   -9.9743   -9.6109   -9.5596   -8.7232   -8.4249   -6.8576   -6.7058   -6.1659   -6.0218
   -5.8233   -5.7184   -5.3422   -5.0429   -3.4518   -3.4278   -0.4675    1.6151    7.2319   10.8379
   11.1467   12.3525   12.6688   15.6924   18.4204   19.6777   22.3398   24.4183   25.8272   27.0399
   27.8383   28.4124   29.9607   33.4193   33.8052   34.1213   34.2924   36.8690   37.2067   43.4195
   51.0060   51.2220   56.1092   56.8625   57.6594   60.1470   63.4789   64.3556   69.5121   71.4898
   76.6493   80.9301   84.1414   86.4909
 229  2 -108.7210 -107.0626  -69.1721  -69.1414  -69.1382  -67.4334  -67.4079  -67.4049  -24.5260  -23.5197
         -12.0094   -9.8494   -9.8471   -8.5857   -8.0886   -8.0853   -6.8605   -6.8565   -6.4706   -5.8395
   -5.8395   -5.5583   -5.5582   -5.4151   -3.1474   -3.1458   -1.7303    1.0878    6.6147   12.0601
   12.0620   13.2798   15.9722   15.9738   19.6967   19.6990   22.3573   22.6820   22.6822   22.7776
   26.0811   26.0814   32.4111   32.8494   32.8499   34.0091   35.1637   35.1663   40.8436   40.8440
   48.8303   52.2760   52.2783   57.3998   60.5043   60.5076   62.9029   63.3636   65.0796   71.5795
   75.7453   75.7455   86.7515   86.7515
 230  2 -108.7202 -107.0617  -69.1715  -69.1452  -69.1418  -67.4327  -67.4133  -67.4076  -24.4715  -23.3408
         -12.1299  -10.0126   -9.9645   -9.1037   -7.8878   -7.8837   -6.9323   -6.6550   -6.3729   -6.2988
   -6.0540   -5.5513   -5.4042   -5.2825   -3.6186   -2.9505   -1.2687    2.0860    6.2148    9.6869
   11.7641   14.8044   14.8053   15.9153   15.9293   22.7185   23.2261   23.3692   23.3742   24.6449
   25.5428   27.0780   31.7704   32.9474   34.8282   34.8294   34.9940   35.2625   37.5850   44.5408
   50.9548   55.0207   56.4500   57.8736   60.6420   60.6448   63.0208   64.9757   65.7978   66.1483
   76.0137   76.4323   86.1880   87.0939
 231  2 -108.7182 -107.0592  -69.1703  -69.1577  -69.1464  -67.4315  -67.4274  -67.4122  -24.1126  -23.1816
         -11.6552  -10.4683  -10.2544   -9.8868   -8.8055   -8.5511   -6.9064   -6.4154   -6.2857   -6.0165
   -5.7971   -5.5484   -5.2233   -5.1757   -3.7031   -3.2321    0.2434    4.0555    5.6741    7.2229
   10.3776   11.6573   13.2769   13.6009   17.8059   20.3648   23.7978   26.3149   26.8815   28.5490
   28.7981   30.0287   31.1725   31.6497   33.7990   35.3024   36.2126   38.1139   38.6098   45.7369
   51.2825   55.3252   55.3577   56.7623   60.5754   64.8559   65.0100   65.0779   67.5177   68.1274
   76.6461   83.6112   85.8170   89.6241
 232  2 -108.7173 -107.0580  -69.1709  -69.1690  -69.1501  -67.4411  -67.4310  -67.4163  -23.6123  -23.1342
         -11.5331  -10.9424  -10.6418   -9.7493   -9.7088   -9.0842   -6.9103   -6.3363   -6.0769   -5.8937
   -5.6790   -5.6267   -5.1036   -5.0648   -3.4570   -3.2603    1.6152    4.4052    6.3540    6.4869
    7.2340   10.8474   12.0631   12.3700   17.6482   19.6780   24.4172   27.0404   28.3804   29.9720
   30.4498   31.3455   33.2376   33.4223   34.1255   37.1933   40.2810   40.8431   43.4193   45.2813
   47.6278   51.0066   51.2224   55.1200   56.1101   63.4776   67.7212   71.4856   74.7524   76.1049
   76.6558   77.2652   80.9317  124.0243
 233  2 -108.7171 -107.0578  -69.1731  -69.1695  -69.1537  -67.4434  -67.4311  -67.4206  -23.3406  -23.1576
         -12.1310  -11.1311  -10.0314   -9.9353   -9.5383   -9.4102   -6.8391   -6.4026   -6.1763   -5.9063
   -5.8431   -5.4431   -5.1544   -5.1023   -3.4609   -2.8370    2.0890    3.8343    6.2157    6.5206
    7.9688    9.6877   11.3222   11.7668   17.1658   22.7186   23.2329   25.5465   27.7638   30.3668
   31.0094   31.7736   32.9478   34.9973   37.5849   38.0904   42.6194   43.2630   43.2880   44.2318
   44.5461   50.9554   55.0210   56.4509   58.0805   64.9789   66.1475   68.5339   74.5611   76.0118
   76.4330   82.7792   83.5046  209.0486
 234  2 -108.7173 -107.0580  -69.1726  -69.1697  -69.1541  -67.4437  -67.4313  -67.4201  -23.2674  -23.2253
         -12.2799  -11.3042  -10.1204   -9.8825   -9.3872   -8.8837   -7.1264   -6.4180   -6.2358   -5.9141
   -5.7679   -5.3354   -5.1932   -5.1025   -3.2140   -3.0670    2.2118    3.3485    5.9594    6.6456
    8.6267    9.6551   11.5385   12.6989   15.4514   21.2873   24.5363   25.5535   27.6317   29.8570
   31.9245   33.8920   35.5319   35.6042   35.6984   39.5972   40.8631   41.4935   41.9659   44.0961
   45.5741   54.4291   55.4518   59.5062   59.6497   60.7447   67.9992   69.8728   70.1559   70.3424
   77.2856   82.8007   92.9560  154.9366
 235  2 -108.7177 -107.0583  -69.1703  -69.1643  -69.1511  -67.4358  -67.4318  -67.4160  -23.6123  -23.3120
         -11.5452  -11.3682   -9.8036   -9.6393   -9.4305   -9.1226   -6.8119   -6.5582   -6.2322   -6.0957
   -5.7002   -5.3565   -5.2373   -5.0445   -3.4448   -3.3429    1.6149    3.4117    7.0439    7.2471
    8.1350   10.8472   11.7275   12.3583   17.6705   19.6752   24.4173   27.0373   27.8149   28.2628
   29.9639   33.4212   33.7048   34.1265   35.9092   37.1934   38.2970   39.0843   43.4193   46.1316
   47.0909   51.0039   51.2242   56.1090   59.0683   62.2044   63.4767   67.6995   71.4858   76.6495
   80.6917   80.9366   85.8800  112.8337
 236  2 -108.7187 -107.0596  -69.1711  -69.1525  -69.1464  -67.4326  -67.4234  -67.4103  -24.1126  -23.3611
         -11.6433  -10.3703   -9.9797   -9.6806   -8.8245   -8.5408   -6.8169   -6.5733   -6.3302   -6.1400
   -5.7080   -5.5532   -5.2774   -5.1187   -3.7647   -3.2545    0.2430    2.9805    6.6956    8.2904
   10.3769   11.7275   13.2784   13.5985   17.8048   20.6692   23.7994   24.4628   26.8822   28.5623
   28.7809   29.5372   31.4340   33.7989   34.2233   35.3030   35.5491   36.6534   38.1168   46.1181
   48.8294   55.3195   55.4291   56.7648   60.5746   61.9085   63.7559   65.0766   67.5172   72.1883
   80.4542   83.4189   83.6124   85.8170
 237  2 -108.7202 -107.0617  -69.1715  -69.1452  -69.1418  -67.4327  -67.4133  -67.4076  -24.4715  -23.3408
         -12.1299  -10.0126   -9.9645   -9.1037   -7.8878   -7.8837   -6.9323   -6.6550   -6.3729   -6.2988
   -6.0540   -5.5513   -5.4042   -5.2825   -3.6186   -2.9505   -1.2687    2.0860    6.2148    9.6869
   11.7641   14.8044   14.8053   15.9153   15.9293   22.7185   23.2261   23.3692   23.3742   24.6449
   25.5428   27.0780   31.7704   32.9474   34.8282   34.8294   34.9940   35.2625   37.5850   44.5408
   50.9548   55.0207   56.4500   57.8736   60.6420   60.6448   63.0208   64.9757   65.7978   66.1483
   76.0137   76.4323   86.1880   87.0939
 238  2 -108.7204 -107.0620  -69.1711  -69.1469  -69.1399  -67.4321  -67.4110  -67.4097  -24.5259  -23.2674
         -12.2786  -10.1277   -9.9191   -8.5845   -8.1378   -8.1322   -6.7961   -6.6575   -6.5184   -6.0867
   -5.9438   -5.5658   -5.3492   -5.2696   -3.2777   -3.1898   -1.7288    2.2094    5.9599    9.6511
   11.5391   13.2807   15.9725   15.9755   19.6958   19.6975   21.2890   22.7729   24.5330   25.5431
   26.0883   26.0907   31.9233   33.8915   34.0089   35.1606   35.1668   35.6015   39.5966   41.4923
   54.4293   55.4486   57.4019   59.5166   60.5074   60.5080   60.7453   63.3622   65.0777   69.8749
   70.2291   77.2874   86.7517   86.7517
 239  2 -108.7189 -107.0601  -69.1704  -69.1551  -69.1438  -67.4315  -67.4215  -67.4124  -24.2542  -23.1877
         -11.8546  -10.2827  -10.0273   -9.6442   -8.9161   -8.4238   -6.6857   -6.4205   -6.3413   -6.2390
   -5.7365   -5.5505   -5.2198   -5.1645   -3.4575   -3.3727   -0.4666    3.6554    5.6446    7.9457
   11.1161   11.2647   12.6710   15.6917   18.4211   22.3117   22.3952   23.4098   25.8296   27.8325
   28.4041   29.9218   30.9343   33.2726   33.8032   34.2928   35.4782   36.8840   41.3001   42.2559
   53.4398   54.8494   56.8634   57.6619   60.1484   62.8446   64.3526   67.1504   67.5992   69.5159
   73.8804   84.1412   86.4907   86.6713
 240  2 -108.7174 -107.0582  -69.1700  -69.1656  -69.1497  -67.4349  -67.4309  -67.4173  -23.7722  -23.1440
         -11.1800  -11.1069  -10.3699   -9.8106   -9.5658   -9.2148   -6.6457   -6.4267   -6.1788   -5.9804
   -5.7007   -5.5755   -5.2183   -5.0978   -3.6672   -3.0550    1.1406    4.6342    6.0706    7.0174
    7.9140   10.7779   10.8644   13.3118   19.6482   20.6521   23.0695   26.4357   27.6062   28.7504
   29.8857   30.6128   31.8856   32.9318   35.9419   37.0672   39.2398   42.1631   42.3117   43.6047
   47.7831   50.8293   53.3150   55.4832   57.8318   64.4004   68.5201   70.3441   70.8616   75.1149
   77.0013   80.2474   83.8940  126.7734
 241  2 -108.7166 -107.0572  -69.1711  -69.1690  -69.1560  -67.4384  -67.4311  -67.4256  -23.3610  -23.1439
         -11.6432  -11.1270  -10.3734  -10.0065   -9.7519   -9.5403   -6.5264   -6.4368   -6.2473   -5.9468
   -5.7535   -5.3481   -5.2287   -5.0996   -3.6200   -3.1525    2.9823    4.6342    6.0685    6.6985
    7.0197    8.2933   10.8274   11.7290   19.6481   20.6689   24.4617   26.4359   28.7493   29.5217
   30.6193   31.4384   34.2244   35.5508   36.6527   37.0676   39.2388   42.1642   43.6053   46.1184
   47.7842   48.8326   55.4027   55.5090   61.9078   63.7538   68.5235   70.3416   72.1910   75.1131
   80.2440   80.4548   83.4194  126.7728
 242  2 -108.7163 -107.0571  -69.1705  -69.1687  -69.1613  -67.4401  -67.4314  -67.4283  -23.1875  -23.1343
         -11.8559  -10.9442  -10.6392  -10.2970   -9.8465   -9.3837   -6.6197   -6.3519   -6.2355   -5.9250
   -5.6184   -5.3342   -5.1988   -5.0993   -3.4650   -3.2090    3.6580    4.4006    5.6479    6.3578
    6.4871    7.9494   11.2409   12.0785   17.6470   22.3704   23.4091   28.3863   29.9217   30.4276
   30.9526   31.3468   33.2381   33.2749   35.4794   40.2802   40.8425   41.3011   42.2574   45.2829
   47.6297   53.4396   54.8489   55.1214   62.8443   67.1501   67.5974   67.7244   73.8753   74.7597
   76.1114   77.2606   86.6703  124.0223
 243  2 -108.7166 -107.0572  -69.1699  -69.1679  -69.1584  -67.4403  -67.4313  -67.4235  -23.3610  -23.1439
         -11.6444  -11.1295  -10.3709  -10.0046   -9.7511   -9.5412   -6.5295   -6.4349   -6.2474   -5.9465
   -5.7534   -5.3481   -5.2284   -5.0995   -3.6197   -3.1516    2.9807    4.6324    6.0717    6.7002
    7.0174    8.2932   10.8272   11.7279   19.6476   20.6676   24.4622   26.4369   28.7502   29.5241
   30.6183   31.4382   34.2243   35.5506   36.6554   37.0687   39.2401   42.1646   43.6040   46.1158
   47.7834   48.8332   55.4015   55.5080   61.9077   63.7537   68.5241   70.3422   72.1890   75.1100
   80.2466   80.4566   83.4203  126.7724
 244  2 -108.7172 -107.0579  -69.1701  -69.1641  -69.1512  -67.4358  -67.4314  -67.4161  -23.7526  -23.1645
         -11.3340  -11.0625  -10.3703   -9.9340   -9.2857   -9.0630   -6.7325   -6.4144   -6.1732   -6.1126
   -5.7954   -5.4966   -5.2612   -5.0815   -3.6027   -3.2981    1.6277    4.7455    5.9370    6.7278
    8.9154    9.8453   10.8968   12.9567   18.6790   22.2035   23.2961   24.6825   28.8659   29.6041
   30.4406   31.1639   31.6255   34.2365   35.5775   35.7196   38.1623   38.9540   43.7222   46.5466
   48.0648   51.1172   52.4035   55.6666   64.4213   65.3014   65.5186   69.7029   70.1290   74.0419
   79.2141   82.4638   88.2908  105.4883
 245  2 -108.7182 -107.0592  -69.1703  -69.1577  -69.1464  -67.4315  -67.4274  -67.4122  -24.1126  -23.1816
         -11.6552  -10.4683  -10.2544   -9.8868   -8.8055   -8.5511   -6.9064   -6.4154   -6.2857   -6.0165
   -5.7971   -5.5484   -5.2233   -5.1757   -3.7031   -3.2321    0.2434    4.0555    5.6741    7.2229
   10.3776   11.6573   13.2769   13.6009   17.8059   20.3648   23.7978   26.3149   26.8815   28.5490
   28.7981   30.0287   31.1725   31.6497   33.7990   35.3024   36.2126   38.1139   38.6098   45.7369
   51.2825   55.3252   55.3577   56.7623   60.5754   64.8559   65.0100   65.0779   67.5176   68.1275
   76.6461   83.6112   85.8170   89.6241
 246  2 -108.7189 -107.0601  -69.1704  -69.1551  -69.1438  -67.4315  -67.4215  -67.4124  -24.2542  -23.1877
         -11.8546  -10.2827  -10.0273   -9.6442   -8.9161   -8.4238   -6.6857   -6.4205   -6.3413   -6.2390
   -5.7365   -5.5505   -5.2198   -5.1645   -3.4575   -3.3727   -0.4666    3.6554    5.6446    7.9457
   11.1161   11.2647   12.6710   15.6917   18.4211   22.3117   22.3952   23.4098   25.8296   27.8325
   28.4041   29.9218   30.9343   33.2726   33.8032   34.2928   35.4782   36.8840   41.3001   42.2559
   53.4398   54.8494   56.8634   57.6619   60.1484   62.8446   64.3526   67.1504   67.5992   69.5158
   73.8805   84.1412   86.4907   86.6713
 247  2 -108.7182 -107.0592  -69.1704  -69.1599  -69.1442  -67.4315  -67.4250  -67.4146  -24.1126  -23.1816
         -11.6545  -10.4674  -10.2531   -9.8888   -8.8046   -8.5535   -6.9060   -6.4133   -6.2873   -6.0154
   -5.7974   -5.5479   -5.2229   -5.1780   -3.7034   -3.2334    0.2442    4.0570    5.6747    7.2224
   10.3776   11.6577   13.2772   13.6016   17.8064   20.3636   23.7985   26.3159   26.8784   28.5483
   28.7988   30.0295   31.1715   31.6506   33.8000   35.3014   36.2124   38.1139   38.6066   45.7389
   51.2825   55.3244   55.3590   56.7639   60.5761   64.8565   65.0098   65.0770   67.5179   68.1289
   76.6424   83.6115   85.8173   89.6231
 248  2 -108.7172 -107.0579  -69.1703  -69.1666  -69.1485  -67.4337  -67.4309  -67.4187  -23.7526  -23.1645
         -11.3320  -11.0610  -10.3706   -9.9360   -9.2874   -9.0635   -6.7303   -6.4140   -6.1718   -6.1146
   -5.7955   -5.4958   -5.2618   -5.0830   -3.6034   -3.2993    1.6291    4.7479    5.9363    6.7275
    8.9148    9.8450   10.8976   12.9585   18.6801   22.2022   23.2968   24.6821   28.8641   29.6035
   30.4414   31.1632   31.6244   34.2364   35.5767   35.7196   38.1614   38.9515   43.7223   46.5480
   48.0657   51.1186   52.4049   55.6681   64.4226   65.2998   65.5188   69.7011   70.1324   74.0425
   79.2106   82.4647   88.2898  105.4872
 249  2 -108.7168 -107.0574  -69.1747  -69.1697  -69.1519  -67.4412  -67.4311  -67.4229  -23.3123  -23.1871
         -11.8532  -11.3878  -10.2731   -9.8858   -9.4289   -9.3675   -6.8313   -6.3825   -6.2105   -5.8950
   -5.7917   -5.3931   -5.1770   -5.0757   -3.4532   -3.2838    3.4107    3.6569    5.6467    7.0605
    7.9463    8.1355   11.2435   11.7315   17.6710   22.3687   23.4093   27.8123   28.2549   29.9161
   30.9323   33.2693   33.7143   35.4779   35.9092   38.2966   39.0840   41.3011   42.2570   46.1329
   47.0915   53.4412   54.8502   59.0686   62.2045   62.8453   67.1517   67.5992   67.6988   73.8795
   80.6993   85.8758   86.6723  112.8335
 250  2 -108.7161 -107.0568  -69.1720  -69.1692  -69.1594  -67.4379  -67.4312  -67.4309  -23.1817  -23.1437
         -11.6528  -11.1325  -10.4266  -10.3441   -9.8206   -9.6570   -6.4984   -6.3194   -6.2514   -5.9337
   -5.7125   -5.4063   -5.1882   -5.1066   -3.5723   -3.1282    4.0579    4.6280    5.6791    6.0757
    7.0167    7.2265   10.8265   11.6606   19.6475   20.3633   26.2983   26.4518   28.7578   30.0043
   30.6248   31.1768   31.6493   36.2119   37.0678   38.6079   39.2415   42.1646   43.6054   45.7380
   47.7830   51.2839   55.3576   55.4850   64.8549   65.0140   68.1236   68.5217   70.3458   75.1129
   76.6457   80.2464   89.6234  126.7737
 251  2 -108.7160 -107.0566  -69.1704  -69.1686  -69.1617  -67.4401  -67.4314  -67.4285  -23.1680  -23.1609
         -11.3322  -11.2873  -10.4006  -10.3385   -9.9250   -9.8101   -6.3986   -6.3383   -6.1875   -5.9825
   -5.7539   -5.4771   -5.1645   -5.1471   -3.4891   -3.2557    4.7194    4.7708    5.8795    6.0021
    6.7124    6.7436   10.8890   10.9023   22.1586   22.2463   23.2657   23.3270   29.4388   29.7299
   30.3582   30.5375   35.7114   35.7219   38.1452   38.1778   38.9440   38.9672   46.5212   46.5731
   48.0414   48.0900   55.6466   55.6868   65.4532   65.5833   69.6851   69.7171   70.1241   70.1383
   79.1743   79.2522  105.4611  105.5150
 252  2 -108.7166 -107.0572  -69.1723  -69.1694  -69.1544  -67.4437  -67.4311  -67.4203  -23.3611  -23.1437
         -11.6443  -11.1317  -10.3790   -9.9027   -9.8816   -9.4966   -6.7070   -6.3633   -6.0357   -5.9047
   -5.7942   -5.5623   -5.1474   -5.0829   -3.6163   -3.1506    2.9804    4.6326    6.0724    6.6992
    7.0164    8.2921   10.8270   11.7292   19.6479   20.6698   24.4619   26.4359   28.7360   29.5446
   30.6083   31.4402   34.2245   35.5499   36.6543   37.0700   39.2405   42.1647   43.6040   46.1182
   47.7829   48.8301   55.4259   55.4846   61.9075   63.7551   68.5206   70.3451   72.1866   75.1150
   80.2379   80.4636   83.4208  126.7733
 253  2 -108.7173 -107.0580  -69.1709  -69.1690  -69.1501  -67.4411  -67.4310  -67.4163  -23.6123  -23.1342
         -11.5331  -10.9424  -10.6418   -9.7493   -9.7088   -9.0842   -6.9103   -6.3363   -6.0769   -5.8937
   -5.6790   -5.6267   -5.1036   -5.0648   -3.4570   -3.2603    1.6152    4.4052    6.3540    6.4869
    7.2340   10.8474   12.0631   12.3700   17.6482   19.6780   24.4172   27.0404   28.3804   29.9720
   30.4498   31.3455   33.2376   33.4223   34.1255   37.1933   40.2810   40.8431   43.4193   45.2813
   47.6278   51.0066   51.2224   55.1200   56.1101   63.4776   67.7212   71.4856   74.7524   76.1049
   76.6558   77.2654   80.9317  124.0243
 254  2 -108.7174 -107.0582  -69.1700  -69.1656  -69.1497  -67.4349  -67.4309  -67.4173  -23.7722  -23.1440
         -11.1800  -11.1069  -10.3699   -9.8106   -9.5658   -9.2148   -6.6457   -6.4267   -6.1788   -5.9804
   -5.7007   -5.5755   -5.2183   -5.0978   -3.6672   -3.0550    1.1406    4.6342    6.0706    7.0174
    7.9140   10.7779   10.8644   13.3118   19.6482   20.6521   23.0695   26.4357   27.6062   28.7504
   29.8857   30.6128   31.8856   32.9318   35.9419   37.0672   39.2398   42.1631   42.3117   43.6047
   47.7831   50.8293   53.3150   55.4832   57.8318   64.4004   68.5201   70.3441   70.8616   75.1150
   77.0013   80.2474   83.8940  126.7734
 255  2 -108.7172 -107.0579  -69.1703  -69.1666  -69.1485  -67.4337  -67.4309  -67.4187  -23.7526  -23.1645
         -11.3320  -11.0610  -10.3706   -9.9360   -9.2874   -9.0635   -6.7303   -6.4140   -6.1718   -6.1146
   -5.7955   -5.4958   -5.2618   -5.0830   -3.6034   -3.2993    1.6291    4.7479    5.9363    6.7275
    8.9148    9.8450   10.8976   12.9585   18.6801   22.2022   23.2968   24.6821   28.8641   29.6035
   30.4414   31.1632   31.6244   34.2364   35.5767   35.7196   38.1614   38.9515   43.7223   46.5480
   48.0657   51.1186   52.4049   55.6681   64.4226   65.2998   65.5188   69.7011   70.1324   74.0425
   79.2107   82.4647   88.2898  105.4872
 256  2 -108.7170 -107.0576  -69.1726  -69.1698  -69.1479  -67.4388  -67.4313  -67.4187  -23.5641  -23.1814
         -11.6562  -11.3324  -10.3516   -9.8965   -9.1876   -8.8037   -7.1055   -6.4019   -6.1539   -5.9061
   -5.8097   -5.6015   -5.1758   -5.0221   -3.6639   -3.2083    2.4335    4.0573    5.6754    7.2229
    8.3570    9.4771   11.6566   12.7715   16.3816   20.3630   26.3093   27.1821   28.1163   30.0251
   31.1655   31.6474   32.1496   33.5079   36.2123   36.8015   37.8133   38.6063   45.7391   47.0988
   50.5135   50.9981   51.2869   55.3599   63.9922   64.8557   65.0151   66.4709   68.1256   76.6436
   77.7119   84.2239   89.6215   92.6129

siesta: Program's energy decomposition (eV):
siesta: Ebs     =     -1560.798948
siesta: Eions   =     12987.661313
siesta: Ena     =       890.726099
siesta: Ekin    =      5075.854677
siesta: Enl     =     -1685.128544
siesta: Eso     =         0.000000
siesta: Edftu   =         0.000000
siesta: DEna    =        18.945180
siesta: DUscf   =         1.755479
siesta: DUext   =         0.000000
siesta: Ex      =     -1347.409337
siesta: Ec      =       -74.284615
siesta: Exc     =     -1421.693952
siesta: EbV     =         0.000000
siesta: eta*DQ  =         0.000000
siesta: Emadel  =         0.000000
siesta: Emeta   =         0.000000
siesta: Emolmec =         0.000000
siesta: Ekinion =         0.000000
siesta: Eharris =    -10107.202374
siesta: Etot    =    -10107.202374
siesta: FreeEng =    -10107.202374

siesta: Final energy (eV):
siesta:  Band Struct. =   -1560.798948
siesta:       Kinetic =    5075.854677
siesta:       Hartree =    3013.148392
siesta:         Edftu =       0.000000
siesta:       Eso     =       0.000000
siesta:    Ext. field =       0.000000
siesta:         Exch. =   -1347.409337
siesta:         Corr. =     -74.284615
siesta:     Bulk bias =       0.000000
siesta:   Exch.-corr. =   -1421.693952
siesta:  Ion-electron =  -11185.149763
siesta:       Ion-ion =   -5589.361727
siesta:       Ekinion =       0.000000
siesta: D3 dispersion =       0.000000
siesta:         Total =  -10107.202374
siesta:         Fermi =      -4.523249

siesta: Stress tensor (static) (eV/Ang**3):
siesta:    -0.030349   -0.003254   -0.003254
siesta:    -0.003254   -0.030342    0.000022
siesta:    -0.003254    0.000022   -0.030342

siesta: Cell volume =         36.255857 Ang**3

siesta: Pressure (static):
siesta:                Solid            Molecule  Units
siesta:           0.00033049          0.00033049  Ry/Bohr**3
siesta:           0.03034430          0.03034434  eV/Ang**3
siesta:          48.61693406         48.61700011  kBar

Basis Enthalpy Calculation:
    Basis Pressure for species 1(NiLR0) :      0.2000000 GPa
    Basis Pressure for species 2(NiLR1) :      0.2000000 GPa
    Basis Pressure for species 3(O) :      0.2000000 GPa

    Orbital volume contribution        =           1.815507 eV
    (Free)E + p_basis*V_orbitals       =      -10105.386867 eV
    (Free)Eharris+ p_basis*V_orbitals  =      -10105.386867 eV
WARNING: BASIS_ENTHALPY and BASIS_HARRIS_ENTHALPY files are deprecated. They will be removed in future releases.
Please use system_label.BASIS_ENTHALPY in your scripts instead.

mulliken: Atomic and Orbital Populations:

mulliken: Spin UP 

Species: NiLR0               
Atom  Qatom  Qorb
               3s      4s      4s      3py     3pz     3px     4py     4pz     
               4px     3dxy    3dyz    3dz2    3dxz    3dx2-y2 3dxy    3dyz    
               3dz2    3dxz    3dx2-y2 
   1  9.322   0.995   0.258  -0.082   1.001   1.001   1.001   0.084   0.084
              0.084   1.029   1.029   0.966   1.029   0.966  -0.045  -0.045

              0.008  -0.045   0.008

Species: NiLR1               
Atom  Qatom  Qorb
               3s      4s      4s      3py     3pz     3px     4py     4pz     
               4px     3dxy    3dyz    3dz2    3dxz    3dx2-y2 3dxy    3dyz    
               3dz2    3dxz    3dx2-y2 
   2  7.896   0.999   0.280  -0.095   1.002   1.002   1.002   0.087   0.087
              0.087   1.066   1.066   0.276   1.066   0.276  -0.089  -0.089

             -0.020  -0.089  -0.020

Species: O                   
Atom  Qatom  Qorb
               2s      2s      2py     2pz     2px     2py     2pz     2px     
               3Pdxy   3Pdyz   3Pdz2   3Pdxz   3Pdx2-y2
   3  3.391   0.902  -0.008   0.974   0.974   0.974  -0.151  -0.151  -0.151
              0.007   0.007   0.004   0.007   0.004
   4  3.391   0.902  -0.008   0.974   0.974   0.974  -0.151  -0.151  -0.151
              0.007   0.007   0.004   0.007   0.004

mulliken: Qtot =       24.000

mulliken: Spin DOWN 

Species: NiLR0               
Atom  Qatom  Qorb
               3s      4s      4s      3py     3pz     3px     4py     4pz     
               4px     3dxy    3dyz    3dz2    3dxz    3dx2-y2 3dxy    3dyz    
               3dz2    3dxz    3dx2-y2 
   1  7.896   0.999   0.280  -0.095   1.002   1.002   1.002   0.087   0.087
              0.087   1.066   1.066   0.276   1.066   0.276  -0.089  -0.089

             -0.020  -0.089  -0.020

Species: NiLR1               
Atom  Qatom  Qorb
               3s      4s      4s      3py     3pz     3px     4py     4pz     
               4px     3dxy    3dyz    3dz2    3dxz    3dx2-y2 3dxy    3dyz    
               3dz2    3dxz    3dx2-y2 
   2  9.322   0.995   0.258  -0.082   1.001   1.001   1.001   0.084   0.084
              0.084   1.029   1.029   0.966   1.029   0.966  -0.045  -0.045

              0.008  -0.045   0.008

Species: O                   
Atom  Qatom  Qorb
               2s      2s      2py     2pz     2px     2py     2pz     2px     
               3Pdxy   3Pdyz   3Pdz2   3Pdxz   3Pdx2-y2
   3  3.391   0.902  -0.008   0.974   0.974   0.974  -0.151  -0.151  -0.151
              0.007   0.007   0.004   0.007   0.004
   4  3.391   0.902  -0.008   0.974   0.974   0.974  -0.151  -0.151  -0.151
              0.007   0.007   0.004   0.007   0.004

mulliken: Qtot =       24.000

Mulliken Atomic Populations:
Atom #   charge [q] valence [e]      Sz [e]  Species
     1     0.781583   17.218417    1.426543  NiLR0
     2     0.781583   17.218417   -1.426543  NiLR1
     3    -0.781583    6.781583    0.000000  O
     4    -0.781583    6.781583    0.000000  O
-------------------------------------------
 Total     0.000000               -0.000000

cite: Please indicate the Siesta version in published work: 5.4.2
cite: This calculation has made use of features in the following articles
cite: which we encourage you to cite in published work.
cite: (Please see "NIO_PBE_REFERENCE.bib" for a BibTeX file.)
        Primary SIESTA paper
          DOI: www.doi.org/10.1088/0953-8984/14/11/302
        LDA+U implementation
          DOI: www.doi.org/10.1103/PhysRevB.57.1505
        PSML pseudopotential format
          DOI: www.doi.org/10.1016/j.cpc.2018.02.011


>> End of run:   1-OCT-2026   3:19:53
Job completed
