Executable      : /home/jmc/.local/siesta-5.4.2-openmpi/bin/siesta
Version         : 5.4.2
Architecture    : x86_64
Compiler version: GNU-13.3.0
Compiler flags  : -fallow-argument-mismatch -O3 -march=native
Parallelisations: MPI
Lua support
ELSI support. Solvers:
   ELPA (internal) 
   NTPoly
   OMM
DFT-D3 support

Runtime information:
* Directory : /home/jmc/.local/state/siestaflow/stage-u-b-v6-20260930/observables/nio-bands-dft_lru-prepared
* Running on 4 nodes in parallel.
>> Start of run:   1-OCT-2026   3:11:07

                           *********************** 
                           *  WELCOME TO SIESTA  * 
                           *********************** 

 NOTE: Siesta V5 introduces some new defaults for basis-set generation
 NOTE: which might lead to slightly different numerical results.
 NOTE: Please see the manual for full details and compatibility measures.


reinit: Reading from standard input
reinit: Dumping input in INPUT_TMP.54807
************************** Dump of input data file ****************************
SystemName          NiO AFM-II PBE seven-point reference
SystemLabel         NIO_PBE_REFERENCE
NumberOfAtoms       4
NumberOfSpecies     3
%block ChemicalSpeciesLabel
  1  28  NiLR0
  2  28  NiLR1
  3   8  O
%endblock ChemicalSpeciesLabel
LatticeConstant     4.17 Ang
%block LatticeVectors
  0.0  1.0  1.0
  0.5  0.0  0.5
  0.5  0.5  0.0
%endblock LatticeVectors
AtomicCoordinatesFormat Fractional
%block AtomicCoordinatesAndAtomicSpecies
  0.00  0.00  0.00  1  # NiLR0
  0.50  0.00  0.00  2  # NiLR1
  0.25  0.50  0.50  3  # O
  0.75  0.50  0.50  3  # O
%endblock AtomicCoordinatesAndAtomicSpecies
XC.Functional GGA
XC.Authors PBE
PAO.BasisSize       DZP
PAO.EnergyShift     0.005 Ry
PAO.SplitNorm       0.15
PAO.BasisType       split
MeshCutoff          200 Ry
%block kgrid_Monkhorst_Pack
  2 0 0 0.0
  0 4 0 0.0
  0 0 4 0.0
%endblock kgrid_Monkhorst_Pack
MaxSCFIterations    300
DM.MixingWeight     0.05
DM.NumberPulay      5
Spin polarized
%block DM.InitSpin
  1 +2.0
  2 -2.0
  3  0.0
  4  0.0
%endblock DM.InitSpin
DFTU.ProjectorGenerationMethod 2
DFTU.PotentialShift false
DFTU.FirstIteration true
DM.UseSaveDM true
WriteMullikenPop 1
WriteForces true
WriteDM true
MD.NumCGsteps 0
%block DFTU.proj
  NiLR0  1
  3 2
  6.864267700049239  0.000000000000000
  3.0000 0.0500
  NiLR1  1
  3 2
  6.864387475210124  0.000000000000000
  3.0000 0.0500
%endblock DFTU.proj
SCF.MustConverge true
SCF.Mix Hamiltonian
SCF.Mixer.Method Pulay
SCF.Mixer.Weight 0.05
SCF.Mixer.History 8
SCF.DM.Converge true
SCF.H.Converge true
SCF.DM.Tolerance 1.0e-5
SCF.H.Tolerance 1.0e-4 eV
WriteKbands true
WriteBands true
BandLinesScale ReciprocalLatticeVectors
%block BandLines
  1  0.0000000000  0.0000000000  0.0000000000 GAMMA
 40  0.5000000000  0.0000000000  0.0000000000 T
 40  1.1250000000  0.3125000000  0.6250000000 H_2
  1  0.8750000000  0.3750000000  0.6875000000 H_0
 40  0.5000000000  0.0000000000  0.5000000000 L
 40  0.0000000000  0.0000000000  0.0000000000 GAMMA
 40  0.6875000000  0.3437500000  0.6875000000 S_0
  1  1.0000000000  0.3437500000  0.6562500000 S_2
 40  1.0000000000  0.5000000000  0.5000000000 F
 40  0.0000000000  0.0000000000  0.0000000000 GAMMA
%endblock BandLines
************************** End of input data file *****************************

reinit: -----------------------------------------------------------------------
reinit: System Name: NiO AFM-II PBE seven-point reference
reinit: -----------------------------------------------------------------------
reinit: System Label: NIO_PBE_REFERENCE
reinit: -----------------------------------------------------------------------

NOTE on units for spin output: 
{S} is the spin magnetic moment, in units of the Bohr magneton,
assuming a g-factor for the electron spin of exactly 2.
The spin magnetic moment is then numerically equal to the charge inbalance,
in units of electrons, between the spin-up and -down channels.


initatom: Reading input for the pseudopotentials and atomic orbitals ----------
Species number:   1 Atomic number:   28 Label: NiLR0
Species number:   2 Atomic number:   28 Label: NiLR1
Species number:   3 Atomic number:    8 Label: O

Ground state valence configuration (from tables):   4s02  4p00  3d08  4f00
Ground state valence configuration (from tables):   4s02  4p00  3d08  4f00
Ground state valence configuration (from tables):   2s02  2p04  3d00  4f00

---- Processing specs for species: NiLR0
Reading pseudopotential information in PSML from:
  NiLR0.psml
PSML file version: 1.1
Using libxc ids:  101 130
GGA--PBE XC_GGA_X_PBE--XC_GGA_C_PBE pb
PSML uuid: 2e63c660-be63-11e7-4f57-6a7697ffcf75
Semicore shell(s) with  8 electrons included in the valence for NiLR0

---- Processing specs for species: NiLR1
Reading pseudopotential information in PSML from:
  NiLR1.psml
PSML file version: 1.1
Using libxc ids:  101 130
GGA--PBE XC_GGA_X_PBE--XC_GGA_C_PBE pb
PSML uuid: 2e63c660-be63-11e7-4f57-6a7697ffcf75
Semicore shell(s) with  8 electrons included in the valence for NiLR1

---- Processing specs for species: O
Reading pseudopotential information in PSML from:
  O.psml
PSML file version: 1.1
Using libxc ids:  101 130
GGA--PBE XC_GGA_X_PBE--XC_GGA_C_PBE pb
PSML uuid: 66518360-be62-11e7-6a04-293bfbad3b21

---- Pseudopotential check for Ni

Pseudized shells:
3s( 2.00) rc: 1.20
3p( 6.00) rc: 1.26
3d( 8.00) rc: 1.56
Valence configuration for ps generation: 3s:3p:3d:4s: Total charge:  18.000000
Semicore shell(s): 3s 3p
Fallback to non-perturbative polarization scheme for NiLR0
Please see the manual if this is not desired in principle

---- Pseudopotential check for Ni

Pseudized shells:
3s( 2.00) rc: 1.20
3p( 6.00) rc: 1.26
3d( 8.00) rc: 1.56
Valence configuration for ps generation: 3s:3p:3d:4s: Total charge:  18.000000
Semicore shell(s): 3s 3p
Fallback to non-perturbative polarization scheme for NiLR1
Please see the manual if this is not desired in principle

---- Pseudopotential check for O 

Pseudized shells:
2s( 2.00) rc: 1.26
2p( 4.00) rc: 1.36
3d( 0.00) rc: 1.26
Valence configuration for ps generation: 2s:2p: Total charge:   6.000000
For NiLR0, standard SIESTA heuristics set lmxkb to 3
 (one more than the basis l, including polarization orbitals).
Use PS.lmax or PS.KBprojectors blocks to override.
For NiLR1, standard SIESTA heuristics set lmxkb to 3
 (one more than the basis l, including polarization orbitals).
Use PS.lmax or PS.KBprojectors blocks to override.
For O, standard SIESTA heuristics set lmxkb to 3
 (one more than the basis l, including polarization orbitals).
Use PS.lmax or PS.KBprojectors blocks to override.
NiLR0 pseudopotential only contains V_ls up to l=2 -- lmxkb reset.
NiLR1 pseudopotential only contains V_ls up to l=2 -- lmxkb reset.
O pseudopotential only contains V_ls up to l=2 -- lmxkb reset.

<basis_specs>
===============================================================================
NiLR0                Z=  28    Mass=  58.693        Charge= 0.17977+309
Lmxo=2 Lmxkb= 2    BasisType=split      Semic=T
L=0  Nsemic=1  Cnfigmx=4
          i=1  nzeta=1  polorb=0  (3s)  (semicore shell)
            splnorm:   0.15000    
               vcte:    40.000    
               rinn:  -0.90000    
               qcoe:    0.0000    
               qyuk:    0.0000    
               qwid:   0.10000E-01
                rcs:    0.0000    
            lambdas:    1.0000    
          i=2  nzeta=2  polorb=0  (4s)  (to be polarized non-perturbatively)
            splnorm:   0.15000    
               vcte:    40.000    
               rinn:  -0.90000    
               qcoe:    0.0000    
               qyuk:    0.0000    
               qwid:   0.10000E-01
                rcs:    0.0000      0.0000    
            lambdas:    1.0000      1.0000    
L=1  Nsemic=1  Cnfigmx=4
          i=1  nzeta=1  polorb=0  (3p)  (semicore shell)
            splnorm:   0.15000    
               vcte:    40.000    
               rinn:  -0.90000    
               qcoe:    0.0000    
               qyuk:    0.0000    
               qwid:   0.10000E-01
                rcs:    0.0000    
            lambdas:    1.0000    
          i=2  nzeta=1  polorb=0  (4p)  (non-perturbative polarization shell)
            splnorm:   0.15000    
               vcte:    40.000    
               rinn:  -0.90000    
               qcoe:    0.0000    
               qyuk:    0.0000    
               qwid:   0.10000E-01
                rcs:    0.0000    
            lambdas:    1.0000    
L=2  Nsemic=0  Cnfigmx=3
          i=1  nzeta=2  polorb=0  (3d)
            splnorm:   0.15000    
               vcte:    40.000    
               rinn:  -0.90000    
               qcoe:    0.0000    
               qyuk:    0.0000    
               qwid:   0.10000E-01
                rcs:    0.0000      0.0000    
            lambdas:    1.0000      1.0000    
-------------------------------------------------------------------------------
L=0  Nkbl=2  erefs: 0.17977+309 0.17977+309
L=1  Nkbl=2  erefs: 0.17977+309 0.17977+309
L=2  Nkbl=1  erefs: 0.17977+309
-------------------------------------------------------------------------------
L=2  n=3
                  U:   0.50451    
                  J:    0.0000    
               rinn:  -0.90000    
               vcte:    40.000    
             lambda:    1.0000    
              width:   0.50000E-01
                 rc:    3.0000    
            dnrm_rc:   0.90000    
===============================================================================
</basis_specs>

Using PAO.SplitTailNorm
atom: Called for NiLR0                 (Z =  28)
Maximum radius (at nrval) set to   50.00000 8518

read_vps: Pseudopotential generation method:
read_vps: ONCVPSP-3.Hamann's oncvpsp                        
Valence charge in pseudo generation:   18.00000

read_vps: Pseudopotential includes a core correction:
read_vps: Pseudo-core for xc-correction

xc_check: Exchange-correlation functional:
xc_check: GGA Perdew, Burke & Ernzerhof 1996
Got Vlocal (oncv-fit) from psml data
Choosing vlocal chloc cutoff:  3.106872
qtot up to nchloc:   18.00031927
atom: Maximum radius for chlocal:    3.10687
atom: Maximum radius for r*vlocal+2*Zval:    3.10687
Reading KB projs from NiLR0 psml data
Using scalar-relativistic projectors in PSML file

PSML: Kleinman-Bylander projectors: 
   l= 0   rc=  1.217316   Ekb= 15.328968
   l= 0   rc=  1.217316   Ekb= -0.627593
   l= 1   rc=  1.276377   Ekb= -5.908692
   l= 1   rc=  1.276377   Ekb= -0.600290
   l= 2   rc=  1.583336   Ekb=-16.270198
   l= 2   rc=  1.583336   Ekb= -5.478811

PSML: Total number of  Kleinman-Bylander projectors:  18
atom: -------------------------------------------------------------------------

atom: SANKEY-TYPE ORBITALS:
atom: Selected multiple-zeta basis: split     

SPLIT: Orbitals with angular momentum L= 0

SPLIT: Basis orbitals for state 3s

SPLIT: PAO cut-off radius determined from an
SPLIT: energy shift=  0.005000 Ry
Split based on tail norm

   izeta = 1
                 lambda =    1.000000
                     rc =    2.336277
                 energy =   -8.157202
                kinetic =    3.816551
    potential(screened) =  -11.973753
       potential(ionic) =  -45.996239

SPLIT: Basis orbitals for state 4s

SPLIT: PAO cut-off radius determined from an
SPLIT: energy shift=  0.005000 Ry
Split based on tail norm

   izeta = 1
                 lambda =    1.000000
                     rc =    6.843982
                 energy =   -0.478021
                kinetic =    1.295684
    potential(screened) =   -1.773705
       potential(ionic) =  -17.421257

   izeta = 2
                 rmatch =    4.762307
              splitnorm =    0.150000
                 energy =   -0.343160
                kinetic =    2.311049
    potential(screened) =   -2.654209
       potential(ionic) =  -21.426817

SPLIT: Orbitals with angular momentum L= 1

SPLIT: Basis orbitals for state 3p

SPLIT: PAO cut-off radius determined from an
SPLIT: energy shift=  0.005000 Ry
Split based on tail norm

   izeta = 1
                 lambda =    1.000000
                     rc =    2.598642
                 energy =   -5.241409
                kinetic =    9.417617
    potential(screened) =  -14.659026
       potential(ionic) =  -47.755676

SPLIT: Basis orbitals for state 4p
SPLIT: Non-perturbative polarization orbs for state 4s
SPLIT: rc(1st zeta) (re)set to: 6.8440 (expansion factor: 1.0000)
Split based on tail norm

   izeta = 1
                 lambda =    1.000000
                     rc =    6.843982
                 energy =   -0.029978
                kinetic =    1.036675
    potential(screened) =   -1.066653
       potential(ionic) =  -13.103791

SPLIT: Orbitals with angular momentum L= 2

SPLIT: Basis orbitals for state 3d

SPLIT: PAO cut-off radius determined from an
SPLIT: energy shift=  0.005000 Ry
Split based on tail norm

   izeta = 1
                 lambda =    1.000000
                     rc =    4.172168
                 energy =   -0.646725
                kinetic =   12.196588
    potential(screened) =  -12.843313
       potential(ionic) =  -42.054249

   izeta = 2
                 rmatch =    2.424715
              splitnorm =    0.150000
                 energy =   -0.470579
                kinetic =   14.728620
    potential(screened) =  -15.199198
       potential(ionic) =  -46.513355
atom: Total number of Sankey-type orbitals: 19

atm_pop: Valence configuration (for local Pseudopot. screening):
 3s( 2.00) 4s( 2.00)                                                  
 3p( 6.00) 4p( 0.00)                                                  
 3d( 8.00)                                                            
Vna: chval, zval:   18.00000  18.00000

Vna:  Cut-off radius for the neutral-atom potential:   6.843982
comcore: Pseudo-core radius Rcore=  1.806351

atom: _________________________________________________________________________
Maximum radius (at nrval) set to   50.00000 8518

DFTUprojs with principal quantum number n =  3
DFTUprojs with angular momentum l =  2
DFTUprojs with U        =      0.50451
DFTUprojs with J        =      0.00000
DFTUprojs with lambda   =      1.00000
DFTUprojs with rc       =      3.00000
DFTUprojs with nnodes   =     1
DFTUprojs with nprin    =     3
DFTUprojs with nrval    =  8517
DFTUprojs with nrwf     =  8517
DFTUprojs with nrmax    = 20000
DFTUprojs with zval     =     18.00000
DFTUprojs with a        =      0.00100
DFTUprojs with b        =      0.01000
dftu_proj_gen: updating the rc to     17.344117775761 Bohr

<basis_specs>
===============================================================================
NiLR1                Z=  28    Mass=  58.693        Charge= 0.17977+309
Lmxo=2 Lmxkb= 2    BasisType=split      Semic=T
L=0  Nsemic=1  Cnfigmx=4
          i=1  nzeta=1  polorb=0  (3s)  (semicore shell)
            splnorm:   0.15000    
               vcte:    40.000    
               rinn:  -0.90000    
               qcoe:    0.0000    
               qyuk:    0.0000    
               qwid:   0.10000E-01
                rcs:    0.0000    
            lambdas:    1.0000    
          i=2  nzeta=2  polorb=0  (4s)  (to be polarized non-perturbatively)
            splnorm:   0.15000    
               vcte:    40.000    
               rinn:  -0.90000    
               qcoe:    0.0000    
               qyuk:    0.0000    
               qwid:   0.10000E-01
                rcs:    0.0000      0.0000    
            lambdas:    1.0000      1.0000    
L=1  Nsemic=1  Cnfigmx=4
          i=1  nzeta=1  polorb=0  (3p)  (semicore shell)
            splnorm:   0.15000    
               vcte:    40.000    
               rinn:  -0.90000    
               qcoe:    0.0000    
               qyuk:    0.0000    
               qwid:   0.10000E-01
                rcs:    0.0000    
            lambdas:    1.0000    
          i=2  nzeta=1  polorb=0  (4p)  (non-perturbative polarization shell)
            splnorm:   0.15000    
               vcte:    40.000    
               rinn:  -0.90000    
               qcoe:    0.0000    
               qyuk:    0.0000    
               qwid:   0.10000E-01
                rcs:    0.0000    
            lambdas:    1.0000    
L=2  Nsemic=0  Cnfigmx=3
          i=1  nzeta=2  polorb=0  (3d)
            splnorm:   0.15000    
               vcte:    40.000    
               rinn:  -0.90000    
               qcoe:    0.0000    
               qyuk:    0.0000    
               qwid:   0.10000E-01
                rcs:    0.0000      0.0000    
            lambdas:    1.0000      1.0000    
-------------------------------------------------------------------------------
L=0  Nkbl=2  erefs: 0.17977+309 0.17977+309
L=1  Nkbl=2  erefs: 0.17977+309 0.17977+309
L=2  Nkbl=1  erefs: 0.17977+309
-------------------------------------------------------------------------------
L=2  n=3
                  U:   0.50452    
                  J:    0.0000    
               rinn:  -0.90000    
               vcte:    40.000    
             lambda:    1.0000    
              width:   0.50000E-01
                 rc:    3.0000    
            dnrm_rc:   0.90000    
===============================================================================
</basis_specs>

Using PAO.SplitTailNorm
atom: Called for NiLR1                 (Z =  28)
Maximum radius (at nrval) set to   50.00000 8518

read_vps: Pseudopotential generation method:
read_vps: ONCVPSP-3.Hamann's oncvpsp                        
Valence charge in pseudo generation:   18.00000

read_vps: Pseudopotential includes a core correction:
read_vps: Pseudo-core for xc-correction

xc_check: Exchange-correlation functional:
xc_check: GGA Perdew, Burke & Ernzerhof 1996
Got Vlocal (oncv-fit) from psml data
Choosing vlocal chloc cutoff:  3.106872
qtot up to nchloc:   18.00031927
atom: Maximum radius for chlocal:    3.10687
atom: Maximum radius for r*vlocal+2*Zval:    3.10687
Reading KB projs from NiLR1 psml data
Using scalar-relativistic projectors in PSML file

PSML: Kleinman-Bylander projectors: 
   l= 0   rc=  1.217316   Ekb= 15.328968
   l= 0   rc=  1.217316   Ekb= -0.627593
   l= 1   rc=  1.276377   Ekb= -5.908692
   l= 1   rc=  1.276377   Ekb= -0.600290
   l= 2   rc=  1.583336   Ekb=-16.270198
   l= 2   rc=  1.583336   Ekb= -5.478811

PSML: Total number of  Kleinman-Bylander projectors:  18
atom: -------------------------------------------------------------------------

atom: SANKEY-TYPE ORBITALS:
atom: Selected multiple-zeta basis: split     

SPLIT: Orbitals with angular momentum L= 0

SPLIT: Basis orbitals for state 3s

SPLIT: PAO cut-off radius determined from an
SPLIT: energy shift=  0.005000 Ry
Split based on tail norm

   izeta = 1
                 lambda =    1.000000
                     rc =    2.336277
                 energy =   -8.157202
                kinetic =    3.816551
    potential(screened) =  -11.973753
       potential(ionic) =  -45.996239

SPLIT: Basis orbitals for state 4s

SPLIT: PAO cut-off radius determined from an
SPLIT: energy shift=  0.005000 Ry
Split based on tail norm

   izeta = 1
                 lambda =    1.000000
                     rc =    6.843982
                 energy =   -0.478021
                kinetic =    1.295684
    potential(screened) =   -1.773705
       potential(ionic) =  -17.421257

   izeta = 2
                 rmatch =    4.762307
              splitnorm =    0.150000
                 energy =   -0.343160
                kinetic =    2.311049
    potential(screened) =   -2.654209
       potential(ionic) =  -21.426817

SPLIT: Orbitals with angular momentum L= 1

SPLIT: Basis orbitals for state 3p

SPLIT: PAO cut-off radius determined from an
SPLIT: energy shift=  0.005000 Ry
Split based on tail norm

   izeta = 1
                 lambda =    1.000000
                     rc =    2.598642
                 energy =   -5.241409
                kinetic =    9.417617
    potential(screened) =  -14.659026
       potential(ionic) =  -47.755676

SPLIT: Basis orbitals for state 4p
SPLIT: Non-perturbative polarization orbs for state 4s
SPLIT: rc(1st zeta) (re)set to: 6.8440 (expansion factor: 1.0000)
Split based on tail norm

   izeta = 1
                 lambda =    1.000000
                     rc =    6.843982
                 energy =   -0.029978
                kinetic =    1.036675
    potential(screened) =   -1.066653
       potential(ionic) =  -13.103791

SPLIT: Orbitals with angular momentum L= 2

SPLIT: Basis orbitals for state 3d

SPLIT: PAO cut-off radius determined from an
SPLIT: energy shift=  0.005000 Ry
Split based on tail norm

   izeta = 1
                 lambda =    1.000000
                     rc =    4.172168
                 energy =   -0.646725
                kinetic =   12.196588
    potential(screened) =  -12.843313
       potential(ionic) =  -42.054249

   izeta = 2
                 rmatch =    2.424715
              splitnorm =    0.150000
                 energy =   -0.470579
                kinetic =   14.728620
    potential(screened) =  -15.199198
       potential(ionic) =  -46.513355
atom: Total number of Sankey-type orbitals: 19

atm_pop: Valence configuration (for local Pseudopot. screening):
 3s( 2.00) 4s( 2.00)                                                  
 3p( 6.00) 4p( 0.00)                                                  
 3d( 8.00)                                                            
Vna: chval, zval:   18.00000  18.00000

Vna:  Cut-off radius for the neutral-atom potential:   6.843982
comcore: Pseudo-core radius Rcore=  1.806351

atom: _________________________________________________________________________
Maximum radius (at nrval) set to   50.00000 8518

DFTUprojs with principal quantum number n =  3
DFTUprojs with angular momentum l =  2
DFTUprojs with U        =      0.50452
DFTUprojs with J        =      0.00000
DFTUprojs with lambda   =      1.00000
DFTUprojs with rc       =      3.00000
DFTUprojs with nnodes   =     1
DFTUprojs with nprin    =     3
DFTUprojs with nrval    =  8517
DFTUprojs with nrwf     =  8517
DFTUprojs with nrmax    = 20000
DFTUprojs with zval     =     18.00000
DFTUprojs with a        =      0.00100
DFTUprojs with b        =      0.01000
dftu_proj_gen: updating the rc to     17.344117775761 Bohr

<basis_specs>
===============================================================================
O                    Z=   8    Mass=  15.999        Charge= 0.17977+309
Lmxo=2 Lmxkb= 2    BasisType=split      Semic=F
L=0  Nsemic=0  Cnfigmx=2
          i=1  nzeta=2  polorb=0  (2s)
            splnorm:   0.15000    
               vcte:    40.000    
               rinn:  -0.90000    
               qcoe:    0.0000    
               qyuk:    0.0000    
               qwid:   0.10000E-01
                rcs:    0.0000      0.0000    
            lambdas:    1.0000      1.0000    
L=1  Nsemic=0  Cnfigmx=2
          i=1  nzeta=2  polorb=1  (2p)  (to be polarized perturbatively)
            splnorm:   0.15000    
               vcte:    40.000    
               rinn:  -0.90000    
               qcoe:    0.0000    
               qyuk:    0.0000    
               qwid:   0.10000E-01
                rcs:    0.0000      0.0000    
            lambdas:    1.0000      1.0000    
L=2  Nsemic=0  Cnfigmx=3
          i=1  nzeta=0  polorb=0  (3d)  (perturbative polarization orbital) (from 2p)
-------------------------------------------------------------------------------
L=0  Nkbl=1  erefs: 0.17977+309
L=1  Nkbl=1  erefs: 0.17977+309
L=2  Nkbl=1  erefs: 0.17977+309
===============================================================================
</basis_specs>

Using PAO.SplitTailNorm
atom: Called for O                     (Z =   8)
Maximum radius (at nrval) set to   50.00000 8518

read_vps: Pseudopotential generation method:
read_vps: ONCVPSP-3.Hamann's oncvpsp                        
Valence charge in pseudo generation:    6.00000

read_vps: Pseudopotential includes a core correction:
read_vps: Pseudo-core for xc-correction

xc_check: Exchange-correlation functional:
xc_check: GGA Perdew, Burke & Ernzerhof 1996
Got Vlocal (oncv-fit) from psml data
Choosing vlocal chloc cutoff:  6.020499
qtot up to nchloc:    6.00003129
atom: Maximum radius for chlocal:    6.02050
atom: Maximum radius for r*vlocal+2*Zval:    6.02050
Reading KB projs from O psml data
Using scalar-relativistic projectors in PSML file

PSML: Kleinman-Bylander projectors: 
   l= 0   rc=  1.277664   Ekb= 14.473397
   l= 0   rc=  1.277664   Ekb=  1.995377
   l= 1   rc=  1.372412   Ekb=-10.453761
   l= 1   rc=  1.372412   Ekb= -2.576064
   l= 2   rc=  1.277664   Ekb= -2.663910

PSML: Total number of  Kleinman-Bylander projectors:  13
atom: -------------------------------------------------------------------------

atom: SANKEY-TYPE ORBITALS:
atom: Selected multiple-zeta basis: split     

SPLIT: Orbitals with angular momentum L= 0

SPLIT: Basis orbitals for state 2s

SPLIT: PAO cut-off radius determined from an
SPLIT: energy shift=  0.005000 Ry
Split based on tail norm

   izeta = 1
                 lambda =    1.000000
                     rc =    3.812214
                 energy =   -1.755509
                kinetic =    1.576067
    potential(screened) =   -3.331576
       potential(ionic) =  -11.208688

   izeta = 2
                 rmatch =    2.355122
              splitnorm =    0.150000
                 energy =   -1.382031
                kinetic =    2.664133
    potential(screened) =   -4.046164
       potential(ionic) =  -12.621034

SPLIT: Orbitals with angular momentum L= 1

SPLIT: Basis orbitals for state 2p

SPLIT: PAO cut-off radius determined from an
SPLIT: energy shift=  0.005000 Ry
Split based on tail norm

   izeta = 1
                 lambda =    1.000000
                     rc =    4.733759
                 energy =   -0.658130
                kinetic =    4.621980
    potential(screened) =   -5.280110
       potential(ionic) =  -12.890403

   izeta = 2
                 rmatch =    2.907800
              splitnorm =    0.150000
                 energy =   -0.493298
                kinetic =    6.332989
    potential(screened) =   -6.826287
       potential(ionic) =  -15.169895

POLgen: Perturbative polarization orbital with L=  2

POLgen: Polarization orbital for state 2p
Split based on tail norm

   izeta = 1
                     rc =    4.733759
                 energy =    2.083265
                kinetic =    3.904063
    potential(screened) =   -1.820798
       potential(ionic) =   -7.777872
atom: Total number of Sankey-type orbitals: 13

atm_pop: Valence configuration (for local Pseudopot. screening):
 2s( 2.00)                                                            
 2p( 4.00)                                                            
 3d( 0.00)                                                            
Vna: chval, zval:    6.00000   6.00000

Vna:  Cut-off radius for the neutral-atom potential:   4.733759
comcore: Pseudo-core radius Rcore=  1.340979

atom: _________________________________________________________________________

prinput: Basis input 

PAO.BasisType split     

%block ChemicalSpeciesLabel
    1   28 NiLR0                   # Species index, atomic number, species label
    2   28 NiLR1                   # Species index, atomic number, species label
    3    8 O                       # Species index, atomic number, species label
%endblock ChemicalSpeciesLabel

%block PAO.Basis                 # Define Basis set
# WARNING: This information might be incomplete!
NiLR0                 5                    # Species label, number of l-shells
 n=3   0   1                         # n, l, Nzeta 
   2.336   
   1.000   
 n=4   0   2                         # n, l, Nzeta 
   6.844      4.762   
   1.000      1.000   
 n=3   1   1                         # n, l, Nzeta 
   2.599   
   1.000   
 n=4   1   1                         # n, l, Nzeta 
   6.844   
   1.000   
 n=3   2   2                         # n, l, Nzeta 
   4.172      2.425   
   1.000      1.000   
NiLR1                 5                    # Species label, number of l-shells
 n=3   0   1                         # n, l, Nzeta 
   2.336   
   1.000   
 n=4   0   2                         # n, l, Nzeta 
   6.844      4.762   
   1.000      1.000   
 n=3   1   1                         # n, l, Nzeta 
   2.599   
   1.000   
 n=4   1   1                         # n, l, Nzeta 
   6.844   
   1.000   
 n=3   2   2                         # n, l, Nzeta 
   4.172      2.425   
   1.000      1.000   
O                     2                    # Species label, number of l-shells
 n=2   0   2                         # n, l, Nzeta 
   3.812      2.355   
   1.000      1.000   
 n=2   1   2 P   1                   # n, l, Nzeta, Polarization, NzetaPol
   4.734      2.908   
   1.000      1.000   
%endblock PAO.Basis

prinput: ----------------------------------------------------------------------

coor:   Atomic-coordinates input format  =     Fractional

siesta: Atomic coordinates (Bohr) and species
siesta:      0.00000   0.00000   0.00000  1        1
siesta:      0.00000   3.94008   3.94008  2        2
siesta:      3.94008   3.94008   3.94008  3        3
siesta:      3.94008   7.88016   7.88016  3        4

siesta: System type = bulk      

initatomlists: Number of atoms, orbitals, and projectors:      4    64    62

siesta: ******************** Simulation parameters ****************************
siesta:
siesta: The following are some of the parameters of the simulation.
siesta: A complete list of the parameters used, including default values,
siesta: can be found in file out.fdf
siesta:
redata: Spin configuration                          = collinear
redata: Number of spin components                   = 2
redata: Time-Reversal Symmetry                      = T
redata: Spin spiral                                 = F
redata: Long output                                 =   F
redata: Number of Atomic Species                    =        3
redata: Charge density info will appear in .RHO file
redata: Write Mulliken charges (when)               = geometry+end
redata: Write Mulliken Pop.                         = Atomic and Orbital charges
redata: Write Hirshfeld charges (when)              = none
redata: Write Voronoi charges (when)                = none
redata: Write spin charge (when)                    = scf
redata: Matel table size (NRTAB)                    =     1024
redata: Mesh Cutoff                                 =   200.0000 Ry
redata: Net charge of the system                    =     0.0000 |e|
redata: Min. number of SCF Iter                     =        0
redata: Max. number of SCF Iter                     =      300
redata: SCF convergence failure will abort job
redata: SCF mix quantity                            = Hamiltonian
redata: Mix DM or H after convergence               =   F
redata: Recompute H after scf cycle                 =   F
redata: Mix DM in first SCF step                    =   T
redata: Write Pulay info on disk                    =   F
redata: New DM Occupancy tolerance                  = 0.000000000001
redata: No kicks to SCF
redata: DM Mixing Weight for Kicks                  =     0.5000
redata: Require Harris convergence for SCF          =   F
redata: Harris energy tolerance for SCF             =     0.000100 eV
redata: Require DM convergence for SCF              =   T
redata: DM tolerance for SCF                        =     0.000010
redata: Require EDM convergence for SCF             =   F
redata: EDM tolerance for SCF                       =     0.001000 eV
redata: Require H convergence for SCF               =   T
redata: Hamiltonian tolerance for SCF               =     0.000100 eV
redata: Require (free) Energy convergence for SCF   =   F
redata: (free) Energy tolerance for SCF             =     0.000100 eV
redata: Antiferro initial spin density              =   F
redata: Using DFT-D3 dispersion                     =   F
redata: Using Saved Data (generic)                  =   F
redata: Use continuation files for DM               =   T
redata: Neglect nonoverlap interactions             =   F
redata: Method of Calculation                       = Diagonalization
redata: Electronic Temperature                      =   300.0000 K
redata: Fix the spin of the system                  =   F
redata: Max. number of TDED Iter                    =        1
redata: Number of TDED substeps                     =        3
redata: Dynamics option                             = Single-point calculation
mix.SCF: Pulay mixing                            = Pulay
mix.SCF:    Variant                              = stable
mix.SCF:    History steps                        = 8
mix.SCF:    Linear mixing weight                 =     0.050000
mix.SCF:    Mixing weight                        =     0.050000
mix.SCF:    SVD condition                        = 0.1000E-07
mix.SCF: Spin-component mixing                   all
redata: ***********************************************************************

%block SCF.Mixers
  Pulay
%endblock SCF.Mixers

%block SCF.Mixer.Pulay
  # Mixing method
  method pulay
  variant stable

  # Mixing options
  weight 0.0500
  weight.linear 0.0500
  history 8
%endblock SCF.Mixer.Pulay

DM_history_depth set to one: no extrapolation allowed by default for geometry relaxation
Size of DM history Fstack: 1
Total number of electrons:    48.000000
Total ionic charge:    48.000000

* ProcessorY, Blocksize:    2  17


* Orbital distribution balance (max,min):    17    13

k-point displ. along   1 input, could be:     0.00    0.50
k-point displ. along   2 input, could be:     0.00    0.50
k-point displ. along   3 input, could be:     0.00    0.50
 Kpoints in:           24 . Kpoints trimmed:           23

siesta: k-grid: Number of k-points = 23
siesta: k-points from Monkhorst-Pack grid
siesta: k-cutoff (effective) =     5.897 Ang
siesta: k-point supercell and displacements
siesta: k-grid:     2     0     0      0.000
siesta: k-grid:     0     4     0      0.000
siesta: k-grid:     0     0     4      0.000

diag: Algorithm                                     = D&C
diag: Parallel over k                               =   F
diag: Use parallel 2D distribution                  =   T
diag: Parallel block-size                           = 17
diag: Parallel distribution                         =     2 x     2
diag: Used triangular part                          = Lower
diag: Absolute tolerance                            =  0.100E-15
diag: Orthogonalization factor                      =  0.100E-05
diag: Memory factor                                 =  1.0000
Using current reciprocal lattice vectors for BandLinesScale
Beware any cell changes by the end of the run.
Using current reciprocal lattice vectors for BandLinesScale
Beware any cell changes by the end of the run.

superc: Internal auxiliary supercell:     5 x     9 x     9  =     405
superc: Number of atoms, orbitals, and projectors:   1620  25920  25110


ts: **************************************************************
ts: Save H and S matrices                           =    F
ts: Save TSHS files in MD/FC simulation             =    F
ts: Save DM and EDM matrices                        =    F
ts: Only save the overlap matrix S                  =    F
ts: **************************************************************

************************ Begin: TS CHECKS AND WARNINGS ************************
************************ End: TS CHECKS AND WARNINGS **************************


                     ====================================
                        Single-point calculation
                     ====================================

superc: Internal auxiliary supercell:     5 x     9 x     9  =     405
superc: Number of atoms, orbitals, and projectors:   1620  25920  25110

outcell: Unit cell vectors (Ang):
        0.000000    4.170000    4.170000
        2.085000    0.000000    2.085000
        2.085000    2.085000    0.000000

outcell: Cell vector modules (Ang)   :    5.897271    2.948635    2.948635
outcell: Cell angles (23,13,12) (deg):     60.0000     60.0000     60.0000
outcell: Cell volume (Ang**3)        :     36.2559
<dSpData1D:S at geom step 0
  <sparsity:sparsity for geom step 0
    nrows_g=64 nrows=17 sparsity=10.8108 nnzs=44281, refcount: 8>
  <dData1D:(new from dSpData1D) n=44281, refcount: 1>
refcount: 1>
new_DM -- step:     1
Initializing Density Matrix...

Attempting to read DM from file... Succeeded...
DM from file:
<dSpData2D:IO-DM: NIO_PBE_REFERENCE.DM
  <sparsity:IO-DM: NIO_PBE_REFERENCE.DM
    nrows_g=64 nrows=17 sparsity=10.8108 nnzs=44281, refcount: 1>
  <dData2D:(new from dSpData2D) n=44281 m=2, refcount: 1>
refcount: 1>
DM to be used:
<dSpData2D:Re-structured SpM
  <sparsity:sparsity for geom step 0
    nrows_g=64 nrows=17 sparsity=10.8108 nnzs=44281, refcount: 9>
  <dData2D:(new in restruct) n=44281 m=2, refcount: 1>
refcount: 1>
No. of atoms with KB's overlaping orbs in proc 0. Max # of overlaps:      33     235

InitMesh: MESH = 48 x 24 x 24 = 27648
InitMesh: Mesh cutoff (required, used) =   200.000   274.646 Ry
New grid distribution [1]: sub = 2
New grid distribution [2]: sub = 2
New grid distribution [3]: sub = 2
Setting up quadratic distribution...
hubbard_term: recalculating local occupations    1
hubbard_term: maximum change in local occup.    0.993966
hubbard_term: recalculating Hamiltonian

stepf: Fermi-Dirac step function
hubbard_term: recalculating local occupations    1
hubbard_term: maximum change in local occup.    0.000696
hubbard_term: recalculating Hamiltonian

siesta: Program's energy decomposition (eV):
siesta: Ebs     =     -1625.662442
siesta: Eions   =     12987.661313
siesta: Ena     =       890.726099
siesta: Ekin    =      5074.827617
siesta: Enl     =     -1685.219752
siesta: Eso     =         0.000000
siesta: Edftu   =         2.375333
siesta: DEna    =        20.739964
siesta: DUscf   =         2.569993
siesta: DUext   =         0.000000
siesta: Ex      =     -1348.343385
siesta: Ec      =       -74.166824
siesta: Exc     =     -1422.510209
siesta: EbV     =         0.000000
siesta: eta*DQ  =         0.000000
siesta: Emadel  =         0.000000
siesta: Emeta   =         0.000000
siesta: Emolmec =         0.000000
siesta: Ekinion =         0.000000
siesta: Eharris =    -10104.152335
siesta: Etot    =    -10104.152267
siesta: FreeEng =    -10104.152267

        iscf     Eharris(eV)        E_KS(eV)     FreeEng(eV)     dDmax    Ef(eV) dHmax(eV)
   scf:    1   -10104.152335   -10104.152267   -10104.152267  0.000856 -4.014251  0.004312
     spin moment: {S} , |S| = {        0.0        0.0   -0.00000 }    -0.00000
timer: Routine,Calls,Time,% = IterSCF        1      11.044  77.32
hubbard_term: recalculating local occupations    2
hubbard_term: maximum change in local occup.    0.000719
   scf:    2   -10104.152267   -10104.152266   -10104.152266  0.000029 -4.014267  0.004086
     spin moment: {S} , |S| = {        0.0        0.0   -0.00000 }    -0.00000
hubbard_term: recalculating local occupations    3
hubbard_term: maximum change in local occup.    0.001147
hubbard_term: recalculating Hamiltonian
   scf:    3   -10104.152317   -10104.152289   -10104.152289  0.000540 -4.014539  0.003013
     spin moment: {S} , |S| = {        0.0        0.0   -0.00000 }    -0.00000
hubbard_term: recalculating local occupations    4
hubbard_term: maximum change in local occup.    0.000126
   scf:    4   -10104.152288   -10104.152284   -10104.152284  0.000159 -4.014605  0.001787
     spin moment: {S} , |S| = {        0.0        0.0   -0.00000 }    -0.00000
hubbard_term: recalculating local occupations    5
hubbard_term: maximum change in local occup.    0.000558
   scf:    5   -10104.152326   -10104.152328   -10104.152328  0.000546 -4.014480  0.002405
     spin moment: {S} , |S| = {        0.0        0.0   -0.00000 }    -0.00000
hubbard_term: recalculating local occupations    6
hubbard_term: maximum change in local occup.    0.000307
   scf:    6   -10104.152343   -10104.152339   -10104.152339  0.000315 -4.014333  0.000324
     spin moment: {S} , |S| = {        0.0        0.0   -0.00000 }    -0.00000
hubbard_term: recalculating local occupations    7
hubbard_term: maximum change in local occup.    0.000278
   scf:    7   -10104.152326   -10104.152326   -10104.152326  0.000036 -4.014378  0.000334
     spin moment: {S} , |S| = {        0.0        0.0   -0.00000 }    -0.00000
hubbard_term: recalculating local occupations    8
hubbard_term: maximum change in local occup.    0.000293
   scf:    8   -10104.152325   -10104.152325   -10104.152325  0.000017 -4.014390  0.000196
     spin moment: {S} , |S| = {        0.0        0.0   -0.00000 }    -0.00000
hubbard_term: recalculating local occupations    9
hubbard_term: maximum change in local occup.    0.000305
   scf:    9   -10104.152324   -10104.152324   -10104.152324  0.000015 -4.014396  0.000075
     spin moment: {S} , |S| = {        0.0        0.0   -0.00000 }    -0.00000
hubbard_term: recalculating local occupations   10
hubbard_term: maximum change in local occup.    0.000306
   scf:   10   -10104.152324   -10104.152324   -10104.152324  0.000001 -4.014396  0.000063
     spin moment: {S} , |S| = {        0.0        0.0   -0.00000 }    -0.00000

SCF Convergence by DM+H criterion
max |DM_out - DM_in|         :     0.0000014818
max |H_out - H_in|      (eV) :     0.0000634759
DFT+U population converged by dTol_pop criteria:
max |pop(DFT+U)_i - pop(DFT+U)_j|:     0.0003062400
SCF cycle converged after 10 iterations

Using DM_out to compute the final energy and forces
No. of atoms with KB's overlaping orbs in proc 0. Max # of overlaps:      33     235
hubbard_term: recalculating local occupations   11
hubbard_term: maximum change in local occup.    0.000306
hubbard_term: recalculating Hamiltonian and forces

siesta: E_KS(eV) =           -10104.1523

siesta: E_KS - E_eggbox =    -10104.1523

siesta: Atomic forces (eV/Ang):
     1   -0.000000    0.000000   -0.000000
     2   -0.000000   -0.000000   -0.000000
     3    0.000003   -0.000003   -0.000003
     4   -0.000003    0.000003    0.000003
----------------------------------------
   Tot   -0.000000    0.000000   -0.000000
----------------------------------------
   Max    0.000003
   Res    0.000002    sqrt( Sum f_i^2 / 3N )
----------------------------------------
   Max    0.000003    constrained

Stress tensor Voigt[x,y,z,yz,xz,xy] (kbar):     -152.90     -152.90     -152.90       -2.06       -3.36       -3.36
(Free)E + p*V (eV/cell)   -10100.6922
Target enthalpy (eV/cell)   -10104.1523

mulliken: Atomic and Orbital Populations:

mulliken: Spin UP 

Species: NiLR0               
Atom  Qatom  Qorb
               3s      4s      4s      3py     3pz     3px     4py     4pz     
               4px     3dxy    3dyz    3dz2    3dxz    3dx2-y2 3dxy    3dyz    
               3dz2    3dxz    3dx2-y2 
   1  9.432   0.994   0.296  -0.100   1.000   1.000   1.000   0.090   0.090
              0.090   1.014   1.014   0.973   1.014   0.973  -0.022  -0.022

              0.025  -0.022   0.025

Species: NiLR1               
Atom  Qatom  Qorb
               3s      4s      4s      3py     3pz     3px     4py     4pz     
               4px     3dxy    3dyz    3dz2    3dxz    3dx2-y2 3dxy    3dyz    
               3dz2    3dxz    3dx2-y2 
   2  7.684   0.999   0.295  -0.103   1.001   1.001   1.001   0.089   0.089
              0.089   1.055   1.055   0.136   1.055   0.136  -0.066  -0.066

             -0.009  -0.066  -0.009

Species: O                   
Atom  Qatom  Qorb
               2s      2s      2py     2pz     2px     2py     2pz     2px     
               3Pdxy   3Pdyz   3Pdz2   3Pdxz   3Pdx2-y2
   3  3.442   0.905  -0.016   1.019   1.019   1.019  -0.175  -0.175  -0.175
              0.005   0.005   0.004   0.005   0.004
   4  3.442   0.905  -0.016   1.019   1.019   1.019  -0.175  -0.175  -0.175
              0.005   0.005   0.004   0.005   0.004

mulliken: Qtot =       24.000

mulliken: Spin DOWN 

Species: NiLR0               
Atom  Qatom  Qorb
               3s      4s      4s      3py     3pz     3px     4py     4pz     
               4px     3dxy    3dyz    3dz2    3dxz    3dx2-y2 3dxy    3dyz    
               3dz2    3dxz    3dx2-y2 
   1  7.684   0.999   0.295  -0.103   1.001   1.001   1.001   0.089   0.089
              0.089   1.055   1.055   0.136   1.055   0.136  -0.066  -0.066

             -0.009  -0.066  -0.009

Species: NiLR1               
Atom  Qatom  Qorb
               3s      4s      4s      3py     3pz     3px     4py     4pz     
               4px     3dxy    3dyz    3dz2    3dxz    3dx2-y2 3dxy    3dyz    
               3dz2    3dxz    3dx2-y2 
   2  9.432   0.994   0.296  -0.100   1.000   1.000   1.000   0.090   0.090
              0.090   1.014   1.014   0.973   1.014   0.973  -0.022  -0.022

              0.025  -0.022   0.025

Species: O                   
Atom  Qatom  Qorb
               2s      2s      2py     2pz     2px     2py     2pz     2px     
               3Pdxy   3Pdyz   3Pdz2   3Pdxz   3Pdx2-y2
   3  3.442   0.905  -0.016   1.019   1.019   1.019  -0.175  -0.175  -0.175
              0.005   0.005   0.004   0.005   0.004
   4  3.442   0.905  -0.016   1.019   1.019   1.019  -0.175  -0.175  -0.175
              0.005   0.005   0.004   0.005   0.004

mulliken: Qtot =       24.000

Mulliken Atomic Populations:
Atom #   charge [q] valence [e]      Sz [e]  Species
     1     0.884503   17.115497    1.748427  NiLR0
     2     0.884504   17.115496   -1.748431  NiLR1
     3    -0.884504    6.884504    0.000002  O
     4    -0.884504    6.884504    0.000002  O
-------------------------------------------
 Total     0.000000               -0.000000
Computing bands...

diag: Algorithm                                     = D&C
diag: Parallel over k                               =   F
diag: Use parallel 2D distribution                  =   T
diag: Parallel block-size                           = 17
diag: Parallel distribution                         =     2 x     2
diag: Used triangular part                          = Lower
diag: Absolute tolerance                            =  0.100E-15
diag: Orthogonalization factor                      =  0.100E-05
diag: Memory factor                                 =  1.0000

siesta: Band k vectors (Bohr**-1):
  ik            k
   1     0.000000     0.000000     0.000000
   2    -0.004983     0.004983     0.004983
   3    -0.009967     0.009967     0.009967
   4    -0.014950     0.014950     0.014950
   5    -0.019934     0.019934     0.019934
   6    -0.024917     0.024917     0.024917
   7    -0.029900     0.029900     0.029900
   8    -0.034884     0.034884     0.034884
   9    -0.039867     0.039867     0.039867
  10    -0.044851     0.044851     0.044851
  11    -0.049834     0.049834     0.049834
  12    -0.054817     0.054817     0.054817
  13    -0.059801     0.059801     0.059801
  14    -0.064784     0.064784     0.064784
  15    -0.069767     0.069767     0.069767
  16    -0.074751     0.074751     0.074751
  17    -0.079734     0.079734     0.079734
  18    -0.084718     0.084718     0.084718
  19    -0.089701     0.089701     0.089701
  20    -0.094684     0.094684     0.094684
  21    -0.099668     0.099668     0.099668
  22    -0.104651     0.104651     0.104651
  23    -0.109635     0.109635     0.109635
  24    -0.114618     0.114618     0.114618
  25    -0.119601     0.119601     0.119601
  26    -0.124585     0.124585     0.124585
  27    -0.129568     0.129568     0.129568
  28    -0.134552     0.134552     0.134552
  29    -0.139535     0.139535     0.139535
  30    -0.144518     0.144518     0.144518
  31    -0.149502     0.149502     0.149502
  32    -0.154485     0.154485     0.154485
  33    -0.159469     0.159469     0.159469
  34    -0.164452     0.164452     0.164452
  35    -0.169435     0.169435     0.169435
  36    -0.174419     0.174419     0.174419
  37    -0.179402     0.179402     0.179402
  38    -0.184385     0.184385     0.184385
  39    -0.189369     0.189369     0.189369
  40    -0.194352     0.194352     0.194352
  41    -0.199336     0.199336     0.199336
  42    -0.186877     0.211794     0.199336
  43    -0.174419     0.224253     0.199336
  44    -0.161960     0.236711     0.199336
  45    -0.149502     0.249170     0.199336
  46    -0.137043     0.261628     0.199336
  47    -0.124585     0.274087     0.199336
  48    -0.112126     0.286545     0.199336
  49    -0.099668     0.299003     0.199336
  50    -0.087209     0.311462     0.199336
  51    -0.074751     0.323920     0.199336
  52    -0.062292     0.336379     0.199336
  53    -0.049834     0.348837     0.199336
  54    -0.037375     0.361296     0.199336
  55    -0.024917     0.373754     0.199336
  56    -0.012458     0.386213     0.199336
  57     0.000000     0.398671     0.199336
  58     0.012458     0.411130     0.199336
  59     0.024917     0.423588     0.199336
  60     0.037375     0.436047     0.199336
  61     0.049834     0.448505     0.199336
  62     0.062292     0.460964     0.199336
  63     0.074751     0.473422     0.199336
  64     0.087209     0.485881     0.199336
  65     0.099668     0.498339     0.199336
  66     0.112126     0.510798     0.199336
  67     0.124585     0.523256     0.199336
  68     0.137043     0.535715     0.199336
  69     0.149502     0.548173     0.199336
  70     0.161960     0.560631     0.199336
  71     0.174419     0.573090     0.199336
  72     0.186877     0.585548     0.199336
  73     0.199336     0.598007     0.199336
  74     0.211794     0.610465     0.199336
  75     0.224253     0.622924     0.199336
  76     0.236711     0.635382     0.199336
  77     0.249170     0.647841     0.199336
  78     0.261628     0.660299     0.199336
  79     0.274087     0.672758     0.199336
  80     0.286545     0.685216     0.199336
  81     0.299003     0.697675     0.199336
  82     0.498339     0.598007     0.099668
  83     0.490864     0.598007     0.092193
  84     0.483389     0.598007     0.084718
  85     0.475914     0.598007     0.077243
  86     0.468439     0.598007     0.069767
  87     0.460964     0.598007     0.062292
  88     0.453489     0.598007     0.054817
  89     0.446013     0.598007     0.047342
  90     0.438538     0.598007     0.039867
  91     0.431063     0.598007     0.032392
  92     0.423588     0.598007     0.024917
  93     0.416113     0.598007     0.017442
  94     0.408638     0.598007     0.009967
  95     0.401163     0.598007     0.002492
  96     0.393688     0.598007    -0.004983
  97     0.386213     0.598007    -0.012458
  98     0.378738     0.598007    -0.019934
  99     0.371263     0.598007    -0.027409
 100     0.363788     0.598007    -0.034884
 101     0.356312     0.598007    -0.042359
 102     0.348837     0.598007    -0.049834
 103     0.341362     0.598007    -0.057309
 104     0.333887     0.598007    -0.064784
 105     0.326412     0.598007    -0.072259
 106     0.318937     0.598007    -0.079734
 107     0.311462     0.598007    -0.087209
 108     0.303987     0.598007    -0.094684
 109     0.296512     0.598007    -0.102160
 110     0.289037     0.598007    -0.109635
 111     0.281562     0.598007    -0.117110
 112     0.274087     0.598007    -0.124585
 113     0.266611     0.598007    -0.132060
 114     0.259136     0.598007    -0.139535
 115     0.251661     0.598007    -0.147010
 116     0.244186     0.598007    -0.154485
 117     0.236711     0.598007    -0.161960
 118     0.229236     0.598007    -0.169435
 119     0.221761     0.598007    -0.176910
 120     0.214286     0.598007    -0.184385
 121     0.206811     0.598007    -0.191861
 122     0.199336     0.598007    -0.199336
 123     0.194352     0.583057    -0.194352
 124     0.189369     0.568107    -0.189369
 125     0.184385     0.553156    -0.184385
 126     0.179402     0.538206    -0.179402
 127     0.174419     0.523256    -0.174419
 128     0.169435     0.508306    -0.169435
 129     0.164452     0.493356    -0.164452
 130     0.159469     0.478406    -0.159469
 131     0.154485     0.463455    -0.154485
 132     0.149502     0.448505    -0.149502
 133     0.144518     0.433555    -0.144518
 134     0.139535     0.418605    -0.139535
 135     0.134552     0.403655    -0.134552
 136     0.129568     0.388704    -0.129568
 137     0.124585     0.373754    -0.124585
 138     0.119601     0.358804    -0.119601
 139     0.114618     0.343854    -0.114618
 140     0.109635     0.328904    -0.109635
 141     0.104651     0.313954    -0.104651
 142     0.099668     0.299003    -0.099668
 143     0.094684     0.284053    -0.094684
 144     0.089701     0.269103    -0.089701
 145     0.084718     0.254153    -0.084718
 146     0.079734     0.239203    -0.079734
 147     0.074751     0.224253    -0.074751
 148     0.069767     0.209302    -0.069767
 149     0.064784     0.194352    -0.064784
 150     0.059801     0.179402    -0.059801
 151     0.054817     0.164452    -0.054817
 152     0.049834     0.149502    -0.049834
 153     0.044851     0.134552    -0.044851
 154     0.039867     0.119601    -0.039867
 155     0.034884     0.104651    -0.034884
 156     0.029900     0.089701    -0.029900
 157     0.024917     0.074751    -0.024917
 158     0.019934     0.059801    -0.019934
 159     0.014950     0.044851    -0.014950
 160     0.009967     0.029900    -0.009967
 161     0.004983     0.014950    -0.004983
 162     0.000000     0.000000     0.000000
 163     0.013704     0.013704     0.000000
 164     0.027409     0.027409     0.000000
 165     0.041113     0.041113     0.000000
 166     0.054817     0.054817     0.000000
 167     0.068522     0.068522     0.000000
 168     0.082226     0.082226     0.000000
 169     0.095930     0.095930     0.000000
 170     0.109635     0.109635     0.000000
 171     0.123339     0.123339     0.000000
 172     0.137043     0.137043     0.000000
 173     0.150748     0.150748     0.000000
 174     0.164452     0.164452     0.000000
 175     0.178156     0.178156     0.000000
 176     0.191861     0.191861     0.000000
 177     0.205565     0.205565     0.000000
 178     0.219269     0.219269     0.000000
 179     0.232974     0.232974     0.000000
 180     0.246678     0.246678     0.000000
 181     0.260382     0.260382     0.000000
 182     0.274087     0.274087     0.000000
 183     0.287791     0.287791     0.000000
 184     0.301495     0.301495     0.000000
 185     0.315199     0.315199     0.000000
 186     0.328904     0.328904     0.000000
 187     0.342608     0.342608     0.000000
 188     0.356312     0.356312     0.000000
 189     0.370017     0.370017     0.000000
 190     0.383721     0.383721     0.000000
 191     0.397425     0.397425     0.000000
 192     0.411130     0.411130     0.000000
 193     0.424834     0.424834     0.000000
 194     0.438538     0.438538     0.000000
 195     0.452243     0.452243     0.000000
 196     0.465947     0.465947     0.000000
 197     0.479651     0.479651     0.000000
 198     0.493356     0.493356     0.000000
 199     0.507060     0.507060     0.000000
 200     0.520764     0.520764     0.000000
 201     0.534469     0.534469     0.000000
 202     0.548173     0.548173     0.000000
 203     0.398671     0.647841     0.149502
 204     0.398671     0.641612     0.155731
 205     0.398671     0.635382     0.161960
 206     0.398671     0.629153     0.168189
 207     0.398671     0.622924     0.174419
 208     0.398671     0.616695     0.180648
 209     0.398671     0.610465     0.186877
 210     0.398671     0.604236     0.193106
 211     0.398671     0.598007     0.199336
 212     0.398671     0.591778     0.205565
 213     0.398671     0.585548     0.211794
 214     0.398671     0.579319     0.218023
 215     0.398671     0.573090     0.224253
 216     0.398671     0.566861     0.230482
 217     0.398671     0.560631     0.236711
 218     0.398671     0.554402     0.242940
 219     0.398671     0.548173     0.249170
 220     0.398671     0.541944     0.255399
 221     0.398671     0.535715     0.261628
 222     0.398671     0.529485     0.267857
 223     0.398671     0.523256     0.274087
 224     0.398671     0.517027     0.280316
 225     0.398671     0.510798     0.286545
 226     0.398671     0.504568     0.292774
 227     0.398671     0.498339     0.299003
 228     0.398671     0.492110     0.305233
 229     0.398671     0.485881     0.311462
 230     0.398671     0.479651     0.317691
 231     0.398671     0.473422     0.323920
 232     0.398671     0.467193     0.330150
 233     0.398671     0.460964     0.336379
 234     0.398671     0.454734     0.342608
 235     0.398671     0.448505     0.348837
 236     0.398671     0.442276     0.355067
 237     0.398671     0.436047     0.361296
 238     0.398671     0.429817     0.367525
 239     0.398671     0.423588     0.373754
 240     0.398671     0.417359     0.379984
 241     0.398671     0.411130     0.386213
 242     0.398671     0.404901     0.392442
 243     0.398671     0.398671     0.398671
 244     0.388704     0.388704     0.388704
 245     0.378738     0.378738     0.378738
 246     0.368771     0.368771     0.368771
 247     0.358804     0.358804     0.358804
 248     0.348837     0.348837     0.348837
 249     0.338871     0.338871     0.338871
 250     0.328904     0.328904     0.328904
 251     0.318937     0.318937     0.318937
 252     0.308970     0.308970     0.308970
 253     0.299003     0.299003     0.299003
 254     0.289037     0.289037     0.289037
 255     0.279070     0.279070     0.279070
 256     0.269103     0.269103     0.269103
 257     0.259136     0.259136     0.259136
 258     0.249170     0.249170     0.249170
 259     0.239203     0.239203     0.239203
 260     0.229236     0.229236     0.229236
 261     0.219269     0.219269     0.219269
 262     0.209302     0.209302     0.209302
 263     0.199336     0.199336     0.199336
 264     0.189369     0.189369     0.189369
 265     0.179402     0.179402     0.179402
 266     0.169435     0.169435     0.169435
 267     0.159469     0.159469     0.159469
 268     0.149502     0.149502     0.149502
 269     0.139535     0.139535     0.139535
 270     0.129568     0.129568     0.129568
 271     0.119601     0.119601     0.119601
 272     0.109635     0.109635     0.109635
 273     0.099668     0.099668     0.099668
 274     0.089701     0.089701     0.089701
 275     0.079734     0.079734     0.079734
 276     0.069767     0.069767     0.069767
 277     0.059801     0.059801     0.059801
 278     0.049834     0.049834     0.049834
 279     0.039867     0.039867     0.039867
 280     0.029900     0.029900     0.029900
 281     0.019934     0.019934     0.019934
 282     0.009967     0.009967     0.009967
 283     0.000000     0.000000     0.000000

siesta: Band energies (eV):
  ik is       eps
   1  1 -109.5354 -107.5447  -69.9697  -69.9480  -69.9437  -67.8832  -67.8610  -67.8567  -24.3053  -22.8012
         -13.3509  -12.6729  -12.6723  -10.8292  -10.8241  -10.5584   -9.6830   -9.6795   -8.1723   -6.7997
   -6.7967   -6.7927   -6.6177   -6.6126   -2.6401   -1.5945   -1.5936    1.3311    6.2489   11.3178
   11.3199   16.9469   16.9485   16.9493   19.5135   19.5174   19.5192   21.1217   23.3297   23.3308
   23.9190   23.9193   33.1017   35.2018   35.2040   35.2063   35.9947   35.9957   39.3416   39.3421
   51.1410   56.9061   59.9093   59.9111   62.5949   62.5985   62.6001   63.2922   63.7466   65.3134
   65.3138   74.5375   87.7808   87.7808
   2  1 -109.5354 -107.5447  -69.9697  -69.9480  -69.9437  -67.8832  -67.8610  -67.8567  -24.3048  -22.8019
         -13.3495  -12.6728  -12.6722  -10.8291  -10.8240  -10.5588   -9.6833   -9.6798   -8.1727   -6.8043
   -6.8004   -6.7965   -6.6128   -6.6077   -2.6366   -1.5948   -1.5939    1.3310    6.2501   11.3195
   11.3217   16.9299   16.9446   16.9465   19.5159   19.5180   19.5298   21.1241   23.3287   23.3298
   23.9254   23.9257   33.1005   35.2018   35.2023   35.2054   35.9775   35.9785   39.3581   39.3586
   51.1317   56.9069   59.8243   59.8260   62.5905   62.5939   62.6041   63.2972   63.7449   65.4037
   65.4041   74.5279   87.7795   87.7795
   3  1 -109.5354 -107.5447  -69.9698  -69.9480  -69.9437  -67.8832  -67.8610  -67.8567  -24.3034  -22.8041
         -13.3455  -12.6725  -12.6719  -10.8288  -10.8238  -10.5599   -9.6842   -9.6808   -8.1737   -6.8169
   -6.8120   -6.8057   -6.5993   -6.5941   -2.6262   -1.5957   -1.5948    1.3306    6.2534   11.3247
   11.3268   16.8766   16.9364   16.9384   19.5123   19.5143   19.5772   21.1312   23.3255   23.3266
   23.9447   23.9449   33.0967   35.1951   35.2018   35.2051   35.9271   35.9281   39.4062   39.4067
   51.1041   56.9092   59.5851   59.5868   62.5769   62.5802   62.6167   63.3120   63.7399   65.6587
   65.6590   74.4992   87.7755   87.7755
   4  1 -109.5354 -107.5447  -69.9698  -69.9480  -69.9437  -67.8833  -67.8610  -67.8567  -24.3010  -22.8077
         -13.3387  -12.6719  -12.6713  -10.8284  -10.8233  -10.5619   -9.6857   -9.6823   -8.1753   -6.8349
   -6.8297   -6.8198   -6.5797   -6.5746   -2.6088   -1.5972   -1.5963    1.3299    6.2590   11.3333
   11.3355   16.7912   16.9228   16.9248   19.5064   19.5084   19.6526   21.1430   23.3199   23.3210
   23.9768   23.9771   33.0905   35.1824   35.2018   35.2050   35.8467   35.8475   39.4826   39.4832
   51.0584   56.9131   59.2286   59.2303   62.5541   62.5574   62.6373   63.3374   63.7314   66.0418
   66.0420   74.4516   87.7689   87.7689
   5  1 -109.5354 -107.5447  -69.9698  -69.9480  -69.9437  -67.8833  -67.8610  -67.8567  -24.2976  -22.8127
         -13.3292  -12.6712  -12.6705  -10.8278  -10.8227  -10.5646   -9.6879   -9.6844   -8.1777   -6.8560
   -6.8508   -6.8389   -6.5563   -6.5512   -2.5848   -1.5992   -1.5983    1.3289    6.2669   11.3454
   11.3475   16.6780   16.9038   16.9057   19.4989   19.5009   19.7520   21.1597   23.3115   23.3125
   24.0219   24.0221   33.0817   35.1646   35.2019   35.2051   35.7403   35.7411   39.5828   39.5834
   50.9955   56.9187   58.7932   58.7948   62.5221   62.5254   62.6653   63.3738   63.7197   66.5149
   66.5150   74.3854   87.7595   87.7595
   6  1 -109.5354 -107.5446  -69.9698  -69.9480  -69.9437  -67.8833  -67.8610  -67.8567  -24.2933  -22.8191
         -13.3170  -12.6702  -12.6696  -10.8270  -10.8219  -10.5681   -9.6906   -9.6872   -8.1806   -6.8789
   -6.8737   -6.8629   -6.5306   -6.5255   -2.5544   -1.6018   -1.6010    1.3275    6.2771   11.3608
   11.3630   16.5413   16.8791   16.8811   19.4901   19.4921   19.8712   21.1813   23.2998   23.3008
   24.0797   24.0799   33.0703   35.1416   35.2021   35.2053   35.6127   35.6135   39.7014   39.7021
   50.9161   56.9261   58.3094   58.3110   62.4809   62.4842   62.6997   63.4224   63.7046   67.0480
   67.0482   74.3010   87.7473   87.7473
   7  1 -109.5354 -107.5446  -69.9698  -69.9480  -69.9437  -67.8834  -67.8610  -67.8567  -24.2880  -22.8269
         -13.3022  -12.6690  -12.6684  -10.8260  -10.8210  -10.5725   -9.6939   -9.6905   -8.1843   -6.9028
   -6.8977   -6.8913   -6.5034   -6.4983   -2.5177   -1.6050   -1.6041    1.3256    6.2896   11.3797
   11.3819   16.3849   16.8489   16.8509   19.4807   19.4828   20.0064   21.2079   23.2846   23.2855
   24.1499   24.1501   33.0565   35.1132   35.2024   35.2056   35.4685   35.4691   39.8334   39.8340
   50.8213   56.9354   57.7989   57.8004   62.4306   62.4339   62.7394   63.4839   63.6865   67.6204
   67.6205   74.1990   87.7322   87.7322
   8  1 -109.5354 -107.5446  -69.9699  -69.9480  -69.9437  -67.8835  -67.8610  -67.8567  -24.2818  -22.8361
         -13.2847  -12.6676  -12.6670  -10.8249  -10.8198  -10.5777   -9.6978   -9.6943   -8.1885   -6.9270
   -6.9255   -6.9207   -6.4752   -6.4701   -2.4753   -1.6087   -1.6079    1.3232    6.3045   11.4020
   11.4042   16.2121   16.8131   16.8150   19.4715   19.4736   20.1547   21.2398   23.2657   23.2665
   24.2320   24.2322   33.0400   35.0795   35.2028   35.2059   35.3116   35.3122   39.9737   39.9744
   50.7126   56.9468   57.2767   57.2782   62.3710   62.3743   62.7834   63.5591   63.6655   68.2177
   68.2178   74.0801   87.7141   87.7141
   9  1 -109.5353 -107.5445  -69.9699  -69.9480  -69.9437  -67.8835  -67.8610  -67.8567  -24.2746  -22.8466
         -13.2647  -12.6660  -12.6654  -10.8236  -10.8185  -10.5839   -9.7022   -9.6988   -8.1934   -6.9620
   -6.9512   -6.9455   -6.4464   -6.4413   -2.4273   -1.6129   -1.6121    1.3202    6.3218   11.4277
   11.4298   16.0254   16.7717   16.7736   19.4631   19.4652   20.3136   21.2769   23.2429   23.2437
   24.3254   24.3255   33.0211   35.0403   35.1426   35.1431   35.2060   35.2091   40.1181   40.1189
   50.5914   56.7536   56.7552   56.9604   62.3022   62.3055   62.8304   63.6316   63.6590   68.8302
   68.8303   73.9450   87.6927   87.6928
  10  1 -109.5353 -107.5445  -69.9700  -69.9480  -69.9437  -67.8836  -67.8610  -67.8568  -24.2665  -22.8585
         -13.2422  -12.6643  -12.6636  -10.8222  -10.8171  -10.5910   -9.7071   -9.7037   -8.1989   -7.0023
   -6.9753   -6.9697   -6.4172   -6.4122   -2.3742   -1.6177   -1.6168    1.3164    6.3416   11.4567
   11.4588   15.8268   16.7247   16.7265   19.4561   19.4582   20.4813   21.3197   23.2163   23.2171
   24.4293   24.4294   32.9995   34.9697   34.9701   34.9958   35.2068   35.2099   40.2626   40.2633
   50.4595   56.2378   56.2394   56.9763   62.2242   62.2275   62.8798   63.6105   63.7577   69.4511
   69.4512   73.7944   87.6681   87.6681
  11  1 -109.5353 -107.5445  -69.9700  -69.9480  -69.9437  -67.8837  -67.8610  -67.8568  -24.2575  -22.8716
         -13.2171  -12.6623  -12.6617  -10.8206  -10.8155  -10.5990   -9.7125   -9.7091   -8.2051   -7.0458
   -6.9992   -6.9935   -6.3878   -6.3828   -2.3164   -1.6228   -1.6220    1.3118    6.3640   11.4890
   11.4911   15.6180   16.6721   16.6739   19.4513   19.4534   20.6564   21.3683   23.1859   23.1865
   24.5431   24.5431   32.9755   34.7911   34.7914   34.9457   35.2090   35.2121   40.4033   40.4041
   50.3187   55.7358   55.7374   56.9945   62.1369   62.1401   62.9307   63.5803   63.8770   70.0755
   70.0756   73.6293   87.6399   87.6399
  12  1 -109.5352 -107.5444  -69.9701  -69.9480  -69.9437  -67.8837  -67.8610  -67.8568  -24.2475  -22.8859
         -13.1897  -12.6602  -12.6596  -10.8188  -10.8138  -10.6081   -9.7184   -9.7150   -8.2118   -7.0920
   -7.0226   -7.0169   -6.3584   -6.3534   -2.2542   -1.6285   -1.6276    1.3061    6.3890   11.5245
   11.5267   15.4003   16.6142   16.6159   19.4491   19.4512   20.8377   21.4230   23.1516   23.1522
   24.6658   24.6659   32.9489   34.6093   34.6095   34.8903   35.2122   35.2153   40.5368   40.5376
   50.1710   55.2529   55.2546   57.0150   62.0403   62.0435   62.9831   63.5469   64.0095   70.6996
   70.6997   73.4505   87.6080   87.6080
  13  1 -109.5352 -107.5444  -69.9701  -69.9480  -69.9437  -67.8838  -67.8610  -67.8568  -24.2367  -22.9015
         -13.1598  -12.6580  -12.6573  -10.8170  -10.8119  -10.6183   -9.7247   -9.7212   -8.2191   -7.1403
   -7.0455   -7.0398   -6.3290   -6.3240   -2.1880   -1.6345   -1.6337    1.2994    6.4166   11.5634
   11.5655   15.1747   16.5509   16.5527   19.4499   19.4521   21.0242   21.4843   23.1135   23.1141
   24.7969   24.7969   32.9200   34.4258   34.4259   34.8296   35.2165   35.2196   40.6598   40.6606
   50.0183   54.7939   54.7956   57.0375   61.9344   61.9376   63.0367   63.5107   64.1530   71.3205
   71.3206   73.2591   87.5721   87.5721
  14  1 -109.5352 -107.5443  -69.9702  -69.9480  -69.9437  -67.8839  -67.8611  -67.8568  -24.2249  -22.9182
         -13.1277  -12.6556  -12.6550  -10.8150  -10.8099  -10.6296   -9.7314   -9.7279   -8.2269   -7.1904
   -7.0679   -7.0621   -6.2998   -6.2948   -2.1181   -1.6409   -1.6401    1.2914    6.4471   11.6054
   11.6075   14.9424   16.4827   16.4844   19.4543   19.4565   21.2149   21.5528   23.0718   23.0722
   24.9355   24.9355   32.8888   34.2415   34.2415   34.7638   35.2220   35.2251   40.7689   40.7697
   49.8629   54.3632   54.3650   57.0618   61.8192   61.8225   63.0917   63.4719   64.3045   71.9361
   71.9362   73.0558   87.5321   87.5321
  15  1 -109.5351 -107.5442  -69.9702  -69.9480  -69.9437  -67.8840  -67.8611  -67.8568  -24.2122  -22.9361
         -13.0934  -12.6531  -12.6524  -10.8129  -10.8078  -10.6421   -9.7384   -9.7350   -8.2354   -7.2419
   -7.0896   -7.0839   -6.2708   -6.2658   -2.0450   -1.6476   -1.6468    1.2821    6.4804   11.6505
   11.6526   14.7042   16.4096   16.4113   19.4624   19.4646   21.4077   21.6301   23.0263   23.0267
   25.0811   25.0811   32.8553   34.0574   34.0575   34.6930   35.2290   35.2320   40.8611   40.8618
   49.7070   53.9646   53.9665   57.0876   61.6947   61.6980   63.1481   63.4307   64.4606   72.5444
   72.5445   72.8418   87.4876   87.4877
  16  1 -109.5351 -107.5442  -69.9703  -69.9480  -69.9438  -67.8841  -67.8611  -67.8568  -24.1987  -22.9550
         -13.0569  -12.6505  -12.6498  -10.8107  -10.8055  -10.6559   -9.7458   -9.7423   -8.2443   -7.2942
   -7.1108   -7.1050   -6.2421   -6.2372   -1.9690   -1.6546   -1.6539    1.2711    6.5167   11.6988
   11.7009   14.4608   16.3319   16.3336   19.4745   19.4767   21.5963   21.7220   22.9772   22.9776
   25.2330   25.2330   32.8199   33.8741   33.8743   34.6176   35.2377   35.2407   40.9333   40.9340
   49.5526   53.6019   53.6038   57.1143   61.5610   61.5642   63.2058   63.3878   64.6172   72.6180
   73.1440   73.1441   87.4385   87.4386
  17  1 -109.5350 -107.5441  -69.9703  -69.9480  -69.9438  -67.8842  -67.8611  -67.8568  -24.1843  -22.9750
         -13.0183  -12.6477  -12.6471  -10.8083  -10.8032  -10.6710   -9.7534   -9.7499   -8.2539   -7.3470
   -7.1312   -7.1254   -6.2139   -6.2089   -1.8903   -1.6619   -1.6612    1.2585    6.5560   11.7502
   11.7523   14.2133   16.2500   16.2517   19.4907   19.4929   21.7527   21.8563   22.9246   22.9249
   25.3906   25.3907   32.7826   33.6922   33.6925   34.5377   35.2483   35.2512   40.9829   40.9836
   49.4020   53.2783   53.2803   57.1411   61.4180   61.4213   63.2626   63.3457   64.7694   72.3853
   73.7337   73.7338   87.3845   87.3846
  18  1 -109.5350 -107.5440  -69.9704  -69.9480  -69.9438  -67.8843  -67.8611  -67.8568  -24.1690  -22.9959
         -12.9778  -12.6449  -12.6443  -10.8059  -10.8008  -10.6875   -9.7612   -9.7578   -8.2639   -7.3998
   -7.1510   -7.1452   -6.1861   -6.1811   -1.8093   -1.6694   -1.6687    1.2440    6.5985   11.8045
   11.8066   13.9622   16.1642   16.1659   19.5111   19.5133   21.8665   22.0430   22.8685   22.8687
   25.5534   25.5535   32.7437   33.5122   33.5125   34.4539   35.2611   35.2640   41.0075   41.0081
   49.2575   52.9965   52.9985   57.1673   61.2658   61.2691   63.2803   63.3428   64.9123   72.1447
   74.3124   74.3125   87.3253   87.3254
  19  1 -109.5350 -107.5440  -69.9704  -69.9480  -69.9438  -67.8844  -67.8611  -67.8568  -24.1529  -23.0178
         -12.9353  -12.6421  -12.6414  -10.8035  -10.7983  -10.7055   -9.7692   -9.7658   -8.2745   -7.4524
   -7.1700   -7.1642   -6.1588   -6.1539   -1.7263   -1.6771   -1.6763    1.2276    6.6442   11.8619
   11.8639   13.7084   16.0748   16.0765   19.5357   19.5379   21.9743   22.2450   22.8090   22.8091
   25.7209   25.7210   32.7035   33.3342   33.3347   34.3663   35.2765   35.2793   41.0051   41.0056
   49.1211   52.7587   52.7608   57.1918   61.1046   61.1079   63.2371   63.4014   65.0404   71.8972
   74.8793   74.8795   87.2606   87.2607
  20  1 -109.5349 -107.5439  -69.9705  -69.9480  -69.9438  -67.8844  -67.8611  -67.8568  -24.1360  -23.0405
         -12.8911  -12.6392  -12.6385  -10.8009  -10.7957  -10.7249   -9.7774   -9.7740   -8.2856   -7.5042
   -7.1883   -7.1824   -6.1322   -6.1273   -1.6849   -1.6841   -1.6415    1.2090    6.6932   11.9221
   11.9241   13.4527   15.9822   15.9838   19.5645   19.5667   22.0867   22.4511   22.7463   22.7463
   25.8925   25.8927   32.6623   33.1586   33.1591   34.2756   35.2946   35.2975   40.9747   40.9752
   48.9951   52.5663   52.5685   57.2132   60.9343   60.9376   63.1868   63.4676   65.1484   71.6437
   75.4338   75.4340   87.1902   87.1903
  21  1 -109.5349 -107.5438  -69.9705  -69.9480  -69.9438  -67.8845  -67.8611  -67.8568  -24.1183  -23.0641
         -12.8453  -12.6362  -12.6356  -10.7984  -10.7931  -10.7459   -9.7857   -9.7822   -8.2972   -7.5550
   -7.2058   -7.1999   -6.1063   -6.1014   -1.6927   -1.6920   -1.5552    1.1882    6.7456   11.9851
   11.9872   13.1959   15.8866   15.8882   19.5974   19.5997   22.2059   22.6584   22.6802   22.6803
   26.0679   26.0681   32.6205   32.9854   32.9860   34.1820   35.3159   35.3187   40.9158   40.9162
   48.8816   52.4200   52.4223   57.2300   60.7550   60.7583   63.1342   63.5368   65.2309   71.3852
   75.9753   75.9755   87.1137   87.1138
  22  1 -109.5348 -107.5437  -69.9706  -69.9480  -69.9438  -67.8846  -67.8611  -67.8569  -24.0997  -23.0884
         -12.7979  -12.6333  -12.6326  -10.7958  -10.7905  -10.7685   -9.7939   -9.7905   -8.3094   -7.6044
   -7.2226   -7.2166   -6.0811   -6.0762   -1.7006   -1.6999   -1.4677    1.1650    6.8017   12.0510
   12.0530   12.9386   15.7883   15.7899   19.6345   19.6367   22.3324   22.6111   22.6113   22.8655
   26.2465   26.2468   32.5785   32.8147   32.8154   34.0860   35.3408   35.3435   40.8288   40.8291
   48.7827   52.3193   52.3217   57.2404   60.5670   60.5703   63.0801   63.6081   65.2834   71.1225
   76.5033   76.5035   87.0309   87.0310
  23  1 -109.5347 -107.5436  -69.9706  -69.9480  -69.9438  -67.8847  -67.8611  -67.8569  -24.0804  -23.1135
         -12.7490  -12.6304  -12.6297  -10.7943  -10.7917  -10.7879   -9.8022   -9.7988   -8.3220   -7.6520
   -7.2385   -7.2325   -6.0567   -6.0518   -1.7085   -1.7078   -1.3791    1.1392    6.8614   12.1195
   12.1215   12.6817   15.6878   15.6894   19.6755   19.6777   22.4664   22.5391   22.5393   23.0713
   26.4280   26.4283   32.5367   32.6464   32.6472   33.9881   35.3694   35.3721   40.7149   40.7152
   48.7006   52.2632   52.2657   57.2423   60.3704   60.3736   63.0248   63.6806   65.3023   70.8565
   77.0175   77.0177   86.9414   86.9416
  24  1 -109.5347 -107.5436  -69.9707  -69.9480  -69.9438  -67.8848  -67.8611  -67.8569  -24.0604  -23.1392
         -12.6989  -12.6275  -12.6268  -10.8189  -10.7904  -10.7852   -9.8104   -9.8070   -8.3351   -7.6977
   -7.2536   -7.2476   -6.0333   -6.0284   -1.7163   -1.7156   -1.2896    1.1109    6.9249   12.1907
   12.1927   12.4258   15.5853   15.5868   19.7204   19.7226   22.4642   22.4645   22.6078   23.2745
   26.6119   26.6122   32.4806   32.4815   32.4955   33.8886   35.4023   35.4050   40.5762   40.5764
   48.6372   52.2496   52.2522   57.2329   60.1652   60.1685   62.9687   63.7530   65.2855   70.5882
   77.5176   77.5179   86.8451   86.8452
  25  1 -109.5346 -107.5435  -69.9707  -69.9481  -69.9438  -67.8848  -67.8612  -67.8569  -24.0396  -23.1656
         -12.6477  -12.6246  -12.6239  -10.8466  -10.7878  -10.7826   -9.8185   -9.8151   -8.3486   -7.7410
   -7.2679   -7.2619   -6.0107   -6.0058   -1.7240   -1.7233   -1.1995    1.0799    6.9924   12.1717
   12.2645   12.2665   15.4810   15.4826   19.7690   19.7712   22.3867   22.3872   22.7563   23.4741
   26.7979   26.7982   32.3171   32.3180   32.4555   33.7882   35.4399   35.4425   40.4151   40.4153
   48.5949   52.2760   52.2786   57.2091   59.9518   59.9551   62.9121   63.8229   65.2337   70.3183
   78.0035   78.0038   86.7416   86.7417
  26  1 -109.5346 -107.5434  -69.9708  -69.9481  -69.9438  -67.8849  -67.8612  -67.8569  -24.0181  -23.1925
         -12.6218  -12.6211  -12.5954  -10.8759  -10.7852  -10.7800   -9.8264   -9.8230   -8.3625   -7.7819
   -7.2814   -7.2754   -5.9892   -5.9843   -1.7315   -1.7308   -1.1090    1.0461    7.0640   11.9201
   12.3407   12.3427   15.3752   15.3768   19.8213   19.8235   22.3068   22.3073   22.9113   23.6688
   26.9854   26.9858   32.1556   32.1566   32.4171   33.6871   35.4826   35.4851   40.2346   40.2347
   48.5756   52.3393   52.3420   57.1674   59.7305   59.7337   62.8552   63.8859   65.1514   70.0477
   78.4750   78.4753   86.6305   86.6307
  27  1 -109.5345 -107.5433  -69.9708  -69.9481  -69.9438  -67.8850  -67.8612  -67.8569  -23.9959  -23.2199
         -12.6191  -12.6184  -12.5424  -10.9069  -10.7827  -10.7775   -9.8342   -9.8307   -8.3767   -7.8201
   -7.2941   -7.2880   -5.9688   -5.9639   -1.7388   -1.7381   -1.0182    1.0094    7.1399   11.6714
   12.4194   12.4214   15.2683   15.2699   19.8771   19.8793   22.2247   22.2253   23.0723   23.8574
   27.1742   27.1746   31.9961   31.9971   32.3809   33.5857   35.5307   35.5332   40.0379   40.0379
   48.5815   52.4362   52.4389   57.1035   59.5013   59.5046   62.7983   63.9336   65.0491   69.7772
   78.9321   78.9324   86.5117   86.5119
  28  1 -109.5345 -107.5432  -69.9709  -69.9481  -69.9438  -67.8850  -67.8612  -67.8569  -23.9730  -23.2478
         -12.6165  -12.6158  -12.4887  -10.9395  -10.7802  -10.7750   -9.8416   -9.8382   -8.3911   -7.8554
   -7.3058   -7.2998   -5.9495   -5.9446   -1.7458   -1.7452   -0.9273    0.9699    7.2203   11.4265
   12.5004   12.5024   15.1604   15.1620   19.9363   19.9384   22.1405   22.1411   23.2381   24.0385
   27.3638   27.3643   31.8381   31.8392   32.3475   33.4846   35.5849   35.5872   39.8281   39.8282
   48.6147   52.5633   52.5661   57.0123   59.2647   59.2680   62.7419   63.9503   64.9470   69.5076
   79.3748   79.3751   86.3849   86.3850
  29  1 -109.5345 -107.5432  -69.9709  -69.9481  -69.9438  -67.8851  -67.8612  -67.8569  -23.9495  -23.2760
         -12.6140  -12.6133  -12.4347  -10.9736  -10.7778  -10.7726   -9.8487   -9.8453   -8.4055   -7.8879
   -7.3168   -7.3107   -5.9313   -5.9265   -1.7525   -1.7519   -0.8365    0.9274    7.3053   11.1857
   12.5837   12.5857   15.0517   15.0533   19.9987   20.0008   22.0544   22.0552   23.4078   24.2108
   27.5538   27.5544   31.6815   31.6826   32.3173   33.3842   35.6454   35.6477   39.6084   39.6086
   48.6774   52.7173   52.7202   56.8886   59.0210   59.0242   62.6861   63.9138   64.8742   69.2396
   79.8030   79.8033   86.2496   86.2498
  30  1 -109.5344 -107.5431  -69.9709  -69.9481  -69.9438  -67.8851  -67.8612  -67.8569  -23.9254  -23.3046
         -12.6116  -12.6109  -12.3805  -11.0090  -10.7756  -10.7703   -9.8555   -9.8520   -8.4199   -7.9173
   -7.3269   -7.3208   -5.9144   -5.9096   -1.7589   -1.7583   -0.7460    0.8820    7.3952   10.9497
   12.6692   12.6711   14.9425   14.9441   20.0642   20.0662   21.9667   21.9676   23.5797   24.3729
   27.7439   27.7445   31.5258   31.5270   32.2911   33.2848   35.7128   35.7150   39.3819   39.3821
   48.7717   52.8950   52.8979   56.7264   58.7705   58.7738   62.6316   63.8084   64.8554   68.9741
   80.2169   80.2173   86.1058   86.1060
  31  1 -109.5344 -107.5430  -69.9710  -69.9481  -69.9438  -67.8852  -67.8612  -67.8569  -23.9007  -23.3335
         -12.6094  -12.6087  -12.3265  -11.0456  -10.7734  -10.7681   -9.8618   -9.8584   -8.4340   -7.9438
   -7.3361   -7.3300   -5.8988   -5.8940   -1.7649   -1.7643   -0.6560    0.8336    7.4901   10.7189
   12.7567   12.7586   14.8330   14.8346   20.1326   20.1346   21.8777   21.8786   23.7523   24.5232
   27.9336   27.9342   31.3708   31.3721   32.2693   33.1869   35.7875   35.7897   39.1511   39.1514
   48.8996   53.0934   53.0963   56.5203   58.5137   58.5169   62.5787   63.6437   64.8915   68.7117
   80.6166   80.6170   85.9531   85.9533
  32  1 -109.5343 -107.5430  -69.9710  -69.9481  -69.9438  -67.8852  -67.8612  -67.8569  -23.8754  -23.3626
         -12.6073  -12.6066  -12.2730  -11.0831  -10.7714  -10.7661   -9.8677   -9.8643   -8.4477   -7.9673
   -7.3444   -7.3383   -5.8846   -5.8797   -1.7704   -1.7699   -0.5666    0.7823    7.5903   10.4937
   12.8461   12.8481   14.7233   14.7249   20.2037   20.2057   21.7875   21.7885   23.9236   24.6603
   28.1225   28.1232   31.2161   31.2174   32.2525   33.0910   35.8701   35.8721   38.9187   38.9191
   49.0630   53.3097   53.3126   56.2656   58.2510   58.2542   62.5279   63.4456   64.9679   68.4531
   81.0023   81.0026   85.7912   85.7914
  33  1 -109.5343 -107.5429  -69.9710  -69.9481  -69.9438  -67.8853  -67.8612  -67.8569  -23.8496  -23.3919
         -12.6055  -12.6047  -12.2205  -11.1211  -10.7696  -10.7643   -9.8731   -9.8697   -8.4606   -7.9879
   -7.3519   -7.3458   -5.8717   -5.8668   -1.7755   -1.7749   -0.4779    0.7281    7.6960   10.2745
   12.9374   12.9394   14.6138   14.6154   20.2775   20.2794   21.6965   21.6976   24.0914   24.7827
   28.3103   28.3110   31.0614   31.0627   32.2413   32.9975   35.9608   35.9628   38.6869   38.6873
   49.2636   53.5413   53.5443   55.9596   57.9828   57.9860   62.4799   63.2383   65.0710   68.1990
   81.3740   81.3743   85.6199   85.6201
  34  1 -109.5343 -107.5428  -69.9710  -69.9481  -69.9438  -67.8853  -67.8612  -67.8570  -23.8233  -23.4214
         -12.6038  -12.6030  -12.1696  -11.1591  -10.7679  -10.7626   -9.8779   -9.8745   -8.4727   -8.0058
   -7.3585   -7.3524   -5.8602   -5.8553   -1.7801   -1.7795   -0.3903    0.6712    7.8074   10.0616
   13.0304   13.0324   14.5045   14.5061   20.3536   20.3555   21.6049   21.6061   24.2532   24.8892
   28.4965   28.4973   30.9064   30.9077   32.2361   32.9069   36.0602   36.0621   38.4575   38.4581
   49.5027   53.7860   53.7890   55.6022   57.7097   57.7130   62.4354   63.0390   65.1928   67.9499
   81.7319   81.7322   85.4389   85.4391
  35  1 -109.5342 -107.5428  -69.9711  -69.9481  -69.9438  -67.8853  -67.8612  -67.8570  -23.7965  -23.4509
         -12.6023  -12.6016  -12.1209  -11.1966  -10.7664  -10.7611   -9.8822   -9.8788   -8.4836   -8.0210
   -7.3643   -7.3581   -5.8502   -5.8453   -1.7841   -1.7835   -0.3038    0.6115    7.9247    9.8553
   13.1249   13.1268   14.3958   14.3974   20.4319   20.4338   21.5130   21.5142   24.4067   24.9783
   28.6808   28.6816   30.7508   30.7521   32.2375   32.8199   36.1686   36.1704   38.2324   38.2330
   49.7813   54.0416   54.0447   55.1966   57.4323   57.4355   62.3953   62.8589   65.3286   67.7066
   82.0763   82.0766   85.2480   85.2482
  36  1 -109.5342 -107.5428  -69.9711  -69.9481  -69.9438  -67.8854  -67.8612  -67.8570  -23.7693  -23.4805
         -12.6010  -12.6003  -12.0754  -11.2324  -10.7651  -10.7598   -9.8859   -9.8825   -8.4932   -8.0336
   -7.3691   -7.3630   -5.8416   -5.8368   -1.7875   -1.7870   -0.2188    0.5492    8.0482    9.6558
   13.2207   13.2226   14.2879   14.2896   20.5121   20.5139   21.4212   21.4225   24.5489   25.0491
   28.8625   28.8634   30.5944   30.5957   32.2459   32.7370   36.2863   36.2879   38.0129   38.0136
   50.0995   54.3064   54.3095   54.7490   57.1511   57.1543   62.3605   62.7040   65.4758   67.4697
   82.4073   82.4076   85.0469   85.0471
  37  1 -109.5342 -107.5427  -69.9711  -69.9481  -69.9438  -67.8854  -67.8612  -67.8570  -23.7417  -23.5101
         -12.5999  -12.5992  -12.0343  -11.2656  -10.7641  -10.7587   -9.8889   -9.8855   -8.5013   -8.0438
   -7.3731   -7.3669   -5.8346   -5.8297   -1.7904   -1.7899   -0.1355    0.4847    8.1780    9.4633
   13.3172   13.3191   14.1814   14.1831   20.5937   20.5955   21.3299   21.3313   24.6771   25.1009
   29.0411   29.0420   30.4374   30.4388   32.2616   32.6588   36.4135   36.4150   37.8004   37.8012
   50.4568   54.2685   54.5786   54.5817   56.8669   56.8701   62.3322   62.5767   65.6327   67.2398
   82.7251   82.7254   84.8354   84.8357
  38  1 -109.5342 -107.5427  -69.9711  -69.9481  -69.9438  -67.8854  -67.8612  -67.8570  -23.7137  -23.5396
         -12.5991  -12.5984  -11.9992  -11.2945  -10.7632  -10.7579   -9.8913   -9.8879   -8.5078   -8.0516
   -7.3762   -7.3700   -5.8291   -5.8242   -1.7926   -1.7921   -0.0544    0.4182    8.3143    9.2778
   13.4137   13.4156   14.0772   14.0788   20.6761   20.6778   21.2400   21.2415   24.7879   25.1337
   29.2153   29.2163   30.2805   30.2819   32.2848   32.5860   36.5502   36.5516   37.5961   37.5970
   50.8517   53.7658   54.8566   54.8597   56.5802   56.5834   62.3119   62.4768   65.7978   67.0182
   83.0297   83.0300   84.6135   84.6138
  39  1 -109.5342 -107.5427  -69.9711  -69.9481  -69.9438  -67.8854  -67.8612  -67.8570  -23.6854  -23.5690
         -12.5985  -12.5978  -11.9719  -11.3174  -10.7626  -10.7573   -9.8931   -9.8897   -8.5125   -8.0572
   -7.3784   -7.3722   -5.8252   -5.8203   -1.7942   -1.7937    0.0233    0.3510    8.4574    9.0995
   13.5080   13.5100   13.9772   13.9788   20.7576   20.7591   21.1531   21.1548   24.8773   25.1490
   29.3824   29.3834   30.1261   30.1275   32.3154   32.5194   36.6959   36.6972   37.4014   37.4024
   51.2812   53.2522   55.1391   55.1422   56.2921   56.2953   62.3011   62.4025   65.9685   66.8072
   83.3209   83.3213   84.3814   84.3816
  40  1 -109.5341 -107.5427  -69.9711  -69.9481  -69.9438  -67.8854  -67.8612  -67.8570  -23.6570  -23.5981
         -12.5981  -12.5974  -11.9545  -11.3321  -10.7623  -10.7569   -9.8941   -9.8907   -8.5154   -8.0605
   -7.3797   -7.3736   -5.8228   -5.8179   -1.7952   -1.7947    0.0935    0.2871    8.6073    8.9284
   13.5928   13.5949   13.8891   13.8906   20.8323   20.8337   21.0751   21.0770   24.9387   25.1513
   29.5321   29.5330   29.9842   29.9856   32.3525   32.4604   36.8476   36.8488   37.2200   37.2211
   51.7404   52.7396   55.4245   55.4277   56.0034   56.0066   62.3018   62.3512   66.1359   66.6157
   83.5967   83.5971   84.1410   84.1413
  41  1 -109.5341 -107.5427  -69.9711  -69.9481  -69.9438  -67.8854  -67.8612  -67.8570  -23.6327  -23.6225
         -12.5980  -12.5973  -11.9485  -11.3373  -10.7621  -10.7568   -9.8945   -9.8910   -8.5163   -8.0616
   -7.3802   -7.3740   -5.8220   -5.8172   -1.7955   -1.7950    0.1319    0.2508    8.7591    8.7694
   13.6360   13.6382   13.8448   13.8462   20.8720   20.8732   21.0344   21.0364   24.9616   25.1498
   29.6109   29.6118   29.9080   29.9094   32.3831   32.4226   36.9603   36.9613   37.0974   37.0987
   52.1684   52.2932   55.6905   55.6938   55.7364   55.7395   62.3109   62.3253   66.2374   66.5060
   83.8031   83.8036   83.9465   83.9467
  42  1 -109.5341 -107.5426  -69.9711  -69.9482  -69.9439  -67.8854  -67.8613  -67.8570  -23.6312  -23.6214
         -12.6011  -12.5973  -11.9467  -11.3323  -10.7634  -10.7573   -9.8988   -9.8905   -8.5194   -8.0608
   -7.3793   -7.3704   -5.8283   -5.8225   -1.8016   -1.7943    0.1450    0.2599    8.7614    8.7713
   13.5836   13.6087   13.8409   13.8662   20.6839   20.6867   21.2321   21.2354   24.9959   25.1848
   29.6035   29.6064   29.9175   29.9202   32.3981   32.4376   36.7998   36.8015   37.2753   37.2771
   52.2447   52.3662   55.6827   55.6959   55.7335   55.7437   62.3402   62.3552   66.2473   66.5146
   83.6287   83.6321   84.0970   84.1001
  43  1 -109.5341 -107.5426  -69.9711  -69.9483  -69.9440  -67.8854  -67.8614  -67.8572  -23.6267  -23.6180
         -12.6114  -12.5958  -11.9413  -11.3179  -10.7675  -10.7585   -9.9133   -9.8875   -8.5281   -8.0586
   -7.3781   -7.3584   -5.8545   -5.8311   -1.8203   -1.7912    0.1836    0.2871    8.7681    8.7772
   13.4561   13.5216   13.8301   13.8975   20.4447   20.4494   21.5015   21.5068   25.0984   25.2888
   29.5820   29.5925   29.9427   29.9526   32.4428   32.4823   36.6025   36.6053   37.5253   37.5290
   52.4643   52.5749   55.6514   55.6849   55.7527   55.7727   62.4275   62.4445   66.2785   66.5424
   83.3766   83.3837   84.2834   84.2897
  44  1 -109.5340 -107.5425  -69.9711  -69.9486  -69.9441  -67.8854  -67.8615  -67.8575  -23.6193  -23.6123
         -12.6280  -12.5934  -11.9325  -11.2946  -10.7747  -10.7602   -9.9375   -9.8823   -8.5418   -8.0551
   -7.3768   -7.3389   -5.8980   -5.8443   -1.8490   -1.7864    0.2453    0.3318    8.7792    8.7868
   13.2805   13.3792   13.8146   13.9181   20.2142   20.2199   21.7806   21.7872   25.2672   25.4600
   29.5514   29.5708   29.9830   30.0016   32.5155   32.5549   36.4185   36.4221   37.7993   37.8051
   52.7947   52.8837   55.5967   55.6355   55.8539   55.8588   62.5715   62.5917   66.3368   66.5948
   83.0977   83.1085   84.4569   84.4663
  45  1 -109.5340 -107.5424  -69.9710  -69.9490  -69.9443  -67.8853  -67.8618  -67.8578  -23.6089  -23.6044
         -12.6499  -12.5900  -11.9201  -11.2639  -10.7843  -10.7625   -9.9706   -9.8750   -8.5594   -8.0505
   -7.3751   -7.3134   -5.9571   -5.8624   -1.8850   -1.7803    0.3272    0.3930    8.7944    8.8000
   13.0663   13.1888   13.7941   13.9249   19.9960   20.0016   22.0616   22.0684   25.4996   25.6952
   29.5151   29.5426   30.0373   30.0638   32.6137   32.6529   36.2499   36.2538   38.0964   38.1045
   53.1663   53.2200   55.5166   55.5584   56.0687   56.0957   62.7696   62.7945   66.4331   66.6829
   82.7951   82.8100   84.6174   84.6299
  46  1 -109.5339 -107.5423  -69.9710  -69.9494  -69.9446  -67.8853  -67.8621  -67.8583  -23.5957  -23.5943
         -12.6759  -12.5859  -11.9043  -11.2275  -10.7958  -10.7657  -10.0120   -9.8658   -8.5795   -8.0453
   -7.3729   -7.2837   -6.0296   -5.8853   -1.9254   -1.7735    0.4258    0.4695    8.8133    8.8165
   12.8205   12.9593   13.7673   13.9185   19.7915   19.7960   22.3380   22.3443   25.7919   25.9903
   29.4748   29.5090   30.1045   30.1373   32.7339   32.7730   36.0975   36.1014   38.4178   38.4280
   53.4731   53.4830   55.4099   55.4543   56.4991   56.5663   63.0181   63.0491   66.5864   66.8256
   82.4717   82.4909   84.7673   84.7828
  47  1 -109.5338 -107.5422  -69.9709  -69.9500  -69.9448  -67.8852  -67.8626  -67.8588  -23.5820  -23.5797
         -12.7050  -12.5811  -11.8852  -11.1875  -10.8077  -10.7702  -10.0604   -9.8550   -8.6010   -8.0400
   -7.3701   -7.2515   -6.1134   -5.9127   -1.9671   -1.7663    0.5379    0.5598    8.8354    8.8359
   12.5500   12.6998   13.7325   13.8992   19.6023   19.6049   22.6044   22.6097   26.1394   26.3399
   29.4317   29.4710   30.1837   30.2212   32.8718   32.9108   35.9621   35.9656   38.7647   38.7770
   53.6066   53.6333   55.2762   55.3228   57.2073   57.3078   63.3100   63.3486   66.8287   67.0547
   82.1329   82.1570   84.9096   84.9284
  48  1 -109.5336 -107.5420  -69.9709  -69.9507  -69.9452  -67.8851  -67.8631  -67.8594  -23.5677  -23.5610
         -12.7360  -12.5758  -11.8629  -11.1474  -10.8178  -10.7765  -10.1144   -9.8428   -8.6230   -8.0351
   -7.3667   -7.2186   -6.2061   -5.9443   -2.0079   -1.7593    0.6604    0.6623    8.8571    8.8602
   12.2614   12.4186   13.6884   13.8671   19.4290   19.4309   22.8572   22.8611   26.5357   26.7376
   29.3862   29.4295   30.2741   30.3151   33.0228   33.0618   35.8447   35.8475   39.1382   39.1524
   53.5980   53.6459   55.1156   55.1640   58.1479   58.2670   63.6318   63.6793   67.2106   67.4209
   81.7880   81.8178   85.0484   85.0710
  49  1 -109.5335 -107.5418  -69.9708  -69.9516  -69.9455  -67.8850  -67.8638  -67.8600  -23.5515  -23.5397
         -12.7678  -12.5701  -11.8377  -11.1118  -10.8223  -10.7856  -10.1723   -9.8294   -8.6447   -8.0313
   -7.3628   -7.1866   -6.3051   -5.9795   -2.0458   -1.7529    0.7750    0.7910    8.8799    8.8864
   11.9609   12.1231   13.6336   13.8218   19.2721   19.2769   23.0947   23.0970   26.9733   27.1757
   29.3389   29.3856   30.3750   30.4184   33.1821   33.2210   35.7467   35.7486   39.5393   39.5551
   53.4941   53.5514   54.9285   54.9779   59.2077   59.3352   63.9607   64.0173   67.8019   67.9945
   81.4532   81.4899   85.1894   85.2165
  50  1 -109.5334 -107.5416  -69.9707  -69.9525  -69.9459  -67.8849  -67.8646  -67.8607  -23.5333  -23.5159
         -12.7997  -12.5643  -11.8095  -11.0875  -10.8153  -10.7985  -10.2316   -9.8151   -8.6656   -8.0293
   -7.3584   -7.1569   -6.4078   -6.0177   -2.0793   -1.7471    0.8964    0.9272    8.9027    8.9127
   11.6542   11.8195   13.5673   13.7626   19.1343   19.1424   23.3170   23.3178   27.4436   27.6462
   29.2904   29.3407   30.4856   30.5307   33.3449   33.3839   35.6695   35.6705   39.9688   39.9861
   53.3239   53.3837   54.7156   54.7652   60.2635   60.3945   64.2684   64.3315   68.6675   68.8419
   81.1546   81.2007   85.3413   85.3740
  51  1 -109.5332 -107.5414  -69.9706  -69.9535  -69.9463  -67.8848  -67.8656  -67.8613  -23.5133  -23.4898
         -12.8309  -12.5584  -11.7788  -11.0801  -10.8176  -10.7912  -10.2894   -9.8005   -8.6853   -8.0301
   -7.3539   -7.1311   -6.5112   -6.0581   -2.1076   -1.7423    1.0246    1.0672    8.9240    8.9374
   11.3460   11.5131   13.4889   13.6895   19.0163   19.0278   23.5247   23.5264   27.9368   28.1406
   29.2412   29.2969   30.6049   30.6513   33.5073   33.5463   35.6144   35.6154   40.4274   40.4457
   53.1049   53.1629   54.4772   54.5262   61.2199   61.3534   64.5348   64.5988   69.8080   69.9645
   80.9347   80.9939   85.5175   85.5575
  52  1 -109.5330 -107.5412  -69.9705  -69.9546  -69.9468  -67.8847  -67.8666  -67.8619  -23.4916  -23.4616
         -12.8605  -12.5527  -11.7458  -11.0899  -10.8441  -10.7512  -10.3423   -9.7860   -8.7036   -8.0342
   -7.3500   -7.1105   -6.6125   -6.0997   -2.1298   -1.7384    1.1580    1.2093    8.9419    8.9580
   11.0410   11.2084   13.3986   13.6026   18.9177   18.9322   23.7209   23.7247   28.4403   28.6508
   29.1920   29.2595   30.7318   30.7794   33.6662   33.7054   35.5830   35.5851   40.9156   40.9344
   52.8473   52.9007   54.2138   54.2614   62.0349   62.1720   64.7575   64.8159   71.1048   71.2425
   80.8564   80.9347   85.7407   85.7898
  53  1 -109.5329 -107.5410  -69.9704  -69.9558  -69.9473  -67.8846  -67.8678  -67.8625  -23.4684  -23.4313
         -12.8882  -12.5474  -11.7108  -11.1128  -10.8806  -10.6993  -10.3870   -9.7721   -8.7205   -8.0424
   -7.3480   -7.0965   -6.7081   -6.1413   -2.1457   -1.7356    1.2951    1.3523    8.9536    8.9715
   10.7434   10.9095   13.2972   13.5029   18.8371   18.8541   23.9090   23.9152   28.9127   29.1430
   29.1696   29.2627   30.8651   30.9140   33.8197   33.8591   35.5774   35.5806   41.4336   41.4525
   52.5578   52.6046   53.9258   53.9715   62.7125   62.8548   64.9475   64.9946   72.3320   72.4479
   80.9922   81.0966   86.0466   86.1064
  54  1 -109.5327 -107.5408  -69.9703  -69.9570  -69.9478  -67.8845  -67.8691  -67.8632  -23.4437  -23.3993
         -12.9133  -12.5426  -11.6742  -11.1448  -10.9283  -10.6401  -10.4211   -9.7595   -8.7358   -8.0551
   -7.3498   -7.0905   -6.7942   -6.1818   -2.1551   -1.7338    1.4344    1.4950    8.9559    8.9735
   10.4581   10.6205   13.1865   13.3922   18.7721   18.7907   24.0920   24.1005   29.0903   29.0967
   29.5639   29.6881   31.0036   31.0543   33.9676   34.0072   35.5986   35.6029   41.9813   41.9995
   52.2422   52.2809   53.6141   53.6572   63.2728   63.4209   65.1189   65.1513   73.2585   73.3510
   81.3641   81.4971   86.4826   86.5519
  55  1 -109.5326 -107.5405  -69.9702  -69.9583  -69.9483  -67.8844  -67.8705  -67.8638  -23.4177  -23.3656
         -12.9355  -12.5386  -11.6363  -11.1830  -10.9866  -10.5766  -10.4439   -9.7490   -8.7496   -8.0727
   -7.3583   -7.0935   -6.8664   -6.2199   -2.1582   -1.7329    1.5746    1.6364    8.9445    8.9580
   10.1909   10.3454   13.0688   13.2731   18.7191   18.7385   24.2725   24.2834   29.0518   29.0756
   30.0540   30.1990   31.1473   31.2012   34.1110   34.1509   35.6472   35.6525   42.5579   42.5744
   51.9067   51.9358   53.2802   53.3202   63.7299   63.8824   65.2836   65.3010   73.7933   73.8666
   81.8657   82.0188   87.0780   87.1507
  56  1 -109.5324 -107.5403  -69.9702  -69.9597  -69.9489  -67.8843  -67.8719  -67.8645  -23.3906  -23.3306
         -12.9543  -12.5356  -11.5976  -11.2261  -11.0537  -10.5106  -10.4561   -9.7414   -8.7619   -8.0949
   -7.3766   -7.1065   -6.9206   -6.2545   -2.1552   -1.7330    1.7148    1.7756    8.9138    8.9168
    9.9494   10.0893   12.9473   13.1486   18.6742   18.6935   24.4529   24.4658   29.0103   29.0448
   30.5452   30.6865   31.3009   31.3632   34.2527   34.2929   35.7230   35.7291   43.1609   43.1748
   51.5589   51.5772   52.9265   52.9629   64.0889   64.2401   65.4466   65.4533   74.0189   74.0804
   82.3187   82.4776   87.7779   87.8455
  57  1 -109.5323 -107.5401  -69.9701  -69.9610  -69.9495  -67.8842  -67.8734  -67.8651  -23.3624  -23.2944
         -12.9694  -12.5337  -11.5586  -11.2730  -11.1267  -10.4593  -10.4433   -9.7376   -8.7728   -8.1211
   -7.4063   -7.1298   -6.9546   -6.2849   -2.1464   -1.7338    1.8538    1.9119    8.8399    8.8572
    9.7423    9.8581   12.8255   13.0226   18.6332   18.6514   24.6352   24.6495   28.9724   29.0141
   30.9887   31.1040   31.4914   31.5805   34.3967   34.4369   35.8249   35.8316   43.7854   43.7954
   51.2092   51.2156   52.5570   52.5896   64.3519   64.4935   65.6004   65.6037   74.0832   74.1397
   82.6221   82.7774   88.4233   88.4813
  58  1 -109.5322 -107.5399  -69.9700  -69.9623  -69.9501  -67.8841  -67.8749  -67.8658  -23.3333  -23.2573
         -12.9806  -12.5330  -11.5202  -11.3231  -11.2028  -10.4550  -10.3755   -9.7384   -8.7823   -8.1503
   -7.4460   -7.1636   -6.9699   -6.3109   -2.1324   -1.7352    1.9909    2.0447    8.7208    8.7680
    9.5754    9.6571   12.7071   12.8991   18.5922   18.6083   24.8208   24.8356   28.9388   28.9870
   31.2967   31.3684   31.7987   31.9313   34.5474   34.5877   35.9509   35.9581   44.4213   44.4259
   50.8662   50.8732   52.1777   52.2063   64.5257   64.6506   65.7222   65.7285   74.1158   74.1716
   82.7723   82.9222   88.8397   88.8886
  59  1 -109.5320 -107.5397  -69.9700  -69.9636  -69.9507  -67.8840  -67.8763  -67.8666  -23.3036  -23.2195
         -12.9875  -12.5337  -11.4838  -11.3760  -11.2788  -10.4446  -10.3078   -9.7446   -8.7903   -8.1812
   -7.4923   -7.2070   -6.9705   -6.3326   -2.1137   -1.7372    2.1253    2.1734    8.5625    8.6436
    9.4446    9.4884   12.5958   12.7819   18.5481   18.5612   25.0104   25.0246   28.9097   28.9643
   31.4617   31.5151   32.2252   32.3759   34.7094   34.7495   36.0986   36.1061   45.0463   45.0488
   50.5530   50.5734   51.7978   51.8231   64.6196   64.7246   65.7840   65.7966   74.2089   74.2663
   82.8006   82.9468   88.9265   88.9688
  60  1 -109.5319 -107.5396  -69.9700  -69.9648  -69.9514  -67.8840  -67.8778  -67.8673  -23.2732  -23.1814
         -12.9900  -12.5358  -11.4554  -11.4313  -11.3474  -10.4291  -10.2404   -9.7569   -8.7969   -8.2121
   -7.5417   -7.2591   -6.9610   -6.3506   -2.0908   -1.7396    2.2565    2.2978    8.3772    8.4886
    9.3369    9.3466   12.4948   12.6746   18.4989   18.5080   25.2043   25.2165   28.8853   28.9467
   31.5641   31.6120   32.6877   32.8438   34.8862   34.9259   36.2656   36.2733   45.6199   45.6303
   50.3110   50.3426   51.4330   51.4576   64.6359   64.7212   65.7719   65.7917   74.4194   74.4791
   82.7376   82.8827   88.6743   88.7126
  61  1 -109.5318 -107.5394  -69.9700  -69.9660  -69.9521  -67.8839  -67.8791  -67.8681  -23.2425  -23.1431
         -12.9879  -12.5393  -11.4888  -11.4685  -11.3739  -10.4092  -10.1739   -9.7757   -8.8021   -8.2413
   -7.5919   -7.3186   -6.9450   -6.3658   -2.0645   -1.7422    2.3842    2.4174    8.1781    8.3129
    9.2218    9.2390   12.4066   12.5798   18.4439   18.4483   25.4020   25.4105   28.8654   28.9341
   31.6348   31.6806   33.1530   33.3115   35.0792   35.1182   36.4502   36.4579   46.0867   46.1031
   50.1792   50.2108   51.1217   51.1541   64.5651   64.6322   65.6995   65.7263   74.7710   74.8328
   82.6073   82.7534   88.1402   88.1767
  62  1 -109.5317 -107.5393  -69.9702  -69.9670  -69.9528  -67.8839  -67.8804  -67.8689  -23.2116  -23.1050
         -12.9811  -12.5442  -11.5482  -11.5295  -11.3515  -10.3856  -10.1085   -9.8010   -8.8059   -8.2677
   -7.6416   -7.3840   -6.9253   -6.3790   -2.0354   -1.7448    2.5080    2.5323    7.9747    8.1266
    9.1046    9.1419   12.3325   12.4994   18.3827   18.3840   25.6026   25.6057   28.8498   28.9263
   31.6845   31.7291   33.6090   33.7693   35.2869   35.3251   36.6524   36.6598   46.3747   46.3901
   50.1219   50.1287   50.9891   51.0471   64.3906   64.4431   65.6026   65.6348   75.2597   75.3226
   82.4310   82.5794   87.4130   87.4489
  63  1 -109.5316 -107.5392  -69.9705  -69.9677  -69.9536  -67.8841  -67.8814  -67.8697  -23.1807  -23.0674
         -12.9694  -12.5503  -11.6092  -11.5973  -11.3205  -10.3590  -10.0445   -9.8326   -8.8082   -8.2902
   -7.6904   -7.4540   -6.9037   -6.3910   -2.0041   -1.7472    2.6279    2.6425    7.7728    7.9372
    8.9885    9.0409   12.2729   12.4339   18.3136   18.3208   25.8006   25.8048   28.8383   28.9230
   31.7197   31.7638   34.0475   34.2091   35.5041   35.5411   36.8749   36.8819   46.4491   46.4542
   49.9472   49.9663   51.2571   51.3313   64.1087   64.1516   65.5138   65.5483   75.8603   75.9235
   82.2322   82.3825   86.5856   86.6212
  64  1 -109.5315 -107.5391  -69.9711  -69.9681  -69.9543  -67.8845  -67.8822  -67.8705  -23.1498  -23.0305
         -12.9529  -12.5573  -11.6716  -11.6635  -11.2894  -10.3298   -9.9822   -9.8697   -8.8089   -8.3086
   -7.7383   -7.5272   -6.8818   -6.4025   -1.9713   -1.7493    2.7439    2.7481    7.5757    7.7494
    8.8708    8.9345   12.2269   12.3827   18.2439   18.2576   25.9935   26.0068   28.8305   28.9239
   31.7467   31.7908   34.4589   34.6216   35.7220   35.7571   37.1233   37.1301   46.3317   46.3417
   49.6894   49.7177   51.8917   51.9608   63.7392   63.7773   65.4438   65.4772   76.5308   76.5942
   82.0398   82.1891   85.7412   85.7749
  65  1 -109.5314 -107.5390  -69.9719  -69.9683  -69.9551  -67.8852  -67.8825  -67.8713  -23.1192  -22.9946
         -12.9314  -12.5649  -11.7350  -11.7261  -11.2597  -10.2988   -9.9266   -9.9068   -8.8081   -8.3229
   -7.7851   -7.6025   -6.8604   -6.4141   -1.9377   -1.7507    2.8494    2.8567    7.3852    7.5661
    8.7505    8.8229   12.1928   12.3441   18.1775   18.1979   26.1824   26.2068   28.8260   28.9289
   31.7718   31.8162   34.8317   34.9952   35.9303   35.9625   37.4045   37.4117   46.0869   46.1121
   49.4316   49.4639   52.7461   52.8051   63.3127   63.3488   65.3888   65.4196   77.2106   77.2754
   81.8857   82.0259   84.9574   84.9842
  66  1 -109.5313 -107.5389  -69.9726  -69.9684  -69.9559  -67.8861  -67.8826  -67.8722  -23.0891  -22.9600
         -12.9049  -12.5727  -11.7992  -11.7846  -11.2320  -10.2667   -9.9599   -9.8609   -8.8056   -8.3336
   -7.8309   -7.6787   -6.8407   -6.4261   -1.9040   -1.7515    2.9473    2.9662    7.2025    7.3890
    8.6284    8.7072   12.1682   12.3156   18.1187   18.1459   26.3652   26.4027   28.8248   28.9376
   31.8011   31.8461   35.1514   35.3153   36.1218   36.1497   37.7233   37.7319   45.7687   45.8068
   49.2082   49.2421   53.7361   53.7854   62.8550   62.8900   65.3447   65.3725   77.8155   77.8857
   81.7771   81.8892   84.3440   84.3502
  67  1 -109.5312 -107.5389  -69.9734  -69.9684  -69.9567  -67.8869  -67.8827  -67.8730  -23.0595  -22.9270
         -12.8736  -12.5801  -11.8639  -11.8387  -11.2068  -10.2340  -10.0085   -9.8046   -8.8014   -8.3416
   -7.8755   -7.7549   -6.8233   -6.4389   -1.8709   -1.7512    3.0422    3.0731    7.0284    7.2190
    8.5054    8.5889   12.1500   12.2944   18.0714   18.1054   26.5401   26.5925   28.8268   28.9500
   31.8396   31.8854   35.4011   35.5640   36.2957   36.3190   38.0799   38.0907   45.4055   45.4537
   49.0356   49.0689   54.8148   54.8562   62.3834   62.4168   65.3104   65.3356   78.2549   78.3367
   81.6111   81.6664   84.0725   84.1084
  68  1 -109.5311 -107.5388  -69.9741  -69.9684  -69.9574  -67.8877  -67.8826  -67.8739  -23.0306  -22.8957
         -12.8375  -12.5866  -11.9287  -11.8884  -11.1843  -10.2017  -10.0592   -9.7505   -8.7954   -8.3479
   -7.9185   -7.8301   -6.8087   -6.4526   -1.8389   -1.7499    3.1351    3.1782    6.8633    7.0569
    8.3827    8.4694   12.1353   12.2772   18.0394   18.0801   26.7050   26.7741   28.8319   28.9661
   31.8913   31.9378   35.5648   35.7239   36.4546   36.4751   38.4699   38.4834   45.0135   45.0694
   48.9226   48.9532   55.9506   55.9872   61.9091   61.9385   65.2880   65.3113   78.4858   78.5839
   81.2098   81.2114   84.3632   84.4341
  69  1 -109.5310 -107.5387  -69.9747  -69.9684  -69.9582  -67.8884  -67.8826  -67.8748  -23.0026  -22.8665
         -12.7968  -12.5915  -11.9932  -11.9339  -11.1648  -10.1703  -10.1110   -9.6990   -8.7874   -8.3536
   -7.9593   -7.9032   -6.7977   -6.4674   -1.8087   -1.7473    3.2270    3.2823    6.7077    6.9031
    8.2614    8.3502   12.1208   12.2607   18.0259   18.0731   26.8585   26.9457   28.8403   28.9859
   31.9584   32.0053   35.6345   35.7865   36.5972   36.6174   38.8873   38.9035   44.6038   44.6653
   48.8728   48.8990   57.1130   57.1507   61.4448   61.4643   65.2809   65.3031   78.5354   78.6523
   80.5723   80.6058   85.1456   85.2261
  70  1 -109.5309 -107.5387  -69.9753  -69.9683  -69.9590  -67.8890  -67.8826  -67.8756  -22.9755  -22.8395
         -12.7517  -12.5943  -12.0570  -11.9752  -11.1486  -10.1631  -10.1405   -9.6505   -8.7776   -8.3598
   -7.9972   -7.9735   -6.7905   -6.4833   -1.7808   -1.7433    3.3190    3.3862    6.5617    6.7580
    8.1426    8.2322   12.1038   12.2422   18.0334   18.0868   26.9990   27.1056   28.8521   29.0094
   32.0410   32.0882   35.6108   35.7544   36.7169   36.7383   39.3268   39.3455   44.1858   44.2514
   48.8856   48.9061   58.2457   58.3003   61.0227   61.0294   65.2932   65.3152   78.4423   78.5827
   79.8665   79.9264   86.2241   86.3028
  71  1 -109.5308 -107.5386  -69.9757  -69.9683  -69.9598  -67.8895  -67.8826  -67.8765  -22.9495  -22.8149
         -12.7025  -12.5944  -12.1196  -12.0126  -11.1359  -10.2148  -10.1130   -9.6053   -8.7658   -8.3678
   -8.0402   -8.0307   -6.7876   -6.5004   -1.7558   -1.7381    3.4120    3.4906    6.4255    6.6220
    8.0267    8.1164   12.0818   12.2189   18.0634   18.1227   27.1254   27.2523   28.8675   29.0368
   32.1368   32.1842   35.4976   35.6326   36.8093   36.8325   39.7838   39.8047   43.7686   43.8369
   48.9566   48.9707   59.1303   59.2446   60.7881   60.8638   65.3283   65.3510   78.1898   78.3563
   79.2005   79.2861   87.4709   87.5450
  72  1 -109.5307 -107.5385  -69.9760  -69.9683  -69.9606  -67.8899  -67.8826  -67.8773  -22.9246  -22.7929
         -12.6497  -12.5913  -12.1804  -12.0462  -11.1272  -10.2659  -10.0883   -9.5637   -8.7522   -8.3785
   -8.1018   -8.0595   -6.7892   -6.5187   -1.7341   -1.7314    3.5073    3.5965    6.2992    6.4952
    7.9142    8.0032   12.0530   12.1890   18.1168   18.1816   27.2363   27.3841   28.8868   29.0682
   32.2408   32.2883   35.2993   35.4260   36.8767   36.9025   40.2541   40.2770   43.3606   43.4305
   49.0793   49.0868   59.2332   59.3675   61.3598   61.4657   65.3889   65.4130   77.7005   77.8539
   78.7344   78.8052   88.8129   88.8823
  73  1 -109.5306 -107.5385  -69.9763  -69.9682  -69.9614  -67.8902  -67.8826  -67.8781  -22.9010  -22.7736
         -12.5943  -12.5848  -12.2384  -12.0759  -11.1228  -10.3161  -10.0668   -9.5262   -8.7370   -8.3925
   -8.1579   -8.0822   -6.7954   -6.5381   -1.7234   -1.7160    3.6057    3.7044    6.1825    6.3777
    7.8055    7.8929   12.0162   12.1511   18.1937   18.2635   27.3300   27.4984   28.9103   29.1039
   32.3436   32.3919   35.0249   35.1434   36.9279   36.9568   40.7326   40.7573   42.9696   43.0399
   49.2450   49.2469   58.8156   58.9279   62.4634   62.5587   65.4766   65.5028   77.0041   77.1259
   78.4380   78.4743   90.2040   90.2690
  74  1 -109.5305 -107.5384  -69.9765  -69.9682  -69.9622  -67.8904  -67.8827  -67.8789  -22.8787  -22.7570
         -12.5749  -12.5383  -12.2913  -12.1018  -11.1230  -10.3653  -10.0485   -9.4931   -8.7205   -8.4099
   -8.2076   -8.0983   -6.8063   -6.5585   -1.7142   -1.7017    3.7083    3.8151    6.0754    6.2695
    7.7007    7.7859   11.9705   12.1043   18.2937   18.3680   27.4037   27.5918   28.9389   29.1444
   32.4292   32.4804   34.6949   34.8048   36.9734   37.0059   41.2101   41.2372   42.6044   42.6735
   49.4410   49.4469   58.2550   58.3549   63.6544   63.7504   65.5930   65.6224   76.2167   76.3244
   78.1740   78.1918   91.6125   91.6736
  75  1 -109.5304 -107.5383  -69.9765  -69.9682  -69.9630  -67.8905  -67.8828  -67.8797  -22.8578  -22.7432
         -12.5618  -12.4888  -12.3322  -12.1233  -11.1283  -10.4138  -10.0334   -9.4650   -8.7035   -8.4297
   -8.2497   -8.1080   -6.8219   -6.5801   -1.7040   -1.6914    3.8157    3.9289    5.9774    6.1704
    7.5997    7.6821   11.9160   12.0486   18.4158   18.4942   27.4533   27.6588   28.9733   29.1898
   32.4683   32.5273   34.3500   34.4489   37.0232   37.0591   41.6530   41.6870   42.2961   42.3583
   49.6627   49.6742   57.6372   57.7299   64.8292   64.9347   65.7451   65.7803   75.3998   75.5058
   77.9020   77.9119   93.0149   93.0724
  76  1 -109.5303 -107.5382  -69.9765  -69.9682  -69.9638  -67.8904  -67.8830  -67.8803  -22.8383  -22.7323
         -12.5461  -12.4706  -12.3364  -12.1400  -11.1391  -10.4615  -10.0213   -9.4422   -8.6867   -8.4508
   -8.2833   -8.1116   -6.8421   -6.6025   -1.6929   -1.6850    3.9284    4.0462    5.8879    6.0802
    7.5028    7.5817   11.8529   11.9841   18.5591   18.6412   27.4728   27.6915   29.0150   29.2405
   32.4112   32.4877   34.0583   34.1400   37.0845   37.1234   41.7688   41.8325   42.3320   42.3639
   49.9025   49.9192   56.9899   57.0775   65.7785   65.8234   66.1480   66.1805   74.5807   74.6922
   77.6215   77.6287   94.3935   94.4475
  77  1 -109.5302 -107.5381  -69.9764  -69.9682  -69.9646  -67.8903  -67.8833  -67.8809  -22.8202  -22.7243
         -12.5291  -12.4956  -12.2920  -12.1506  -11.1555  -10.5089  -10.0118   -9.4252   -8.6714   -8.4715
   -8.3075   -8.1097   -6.8667   -6.6258   -1.6825   -1.6812    4.0469    4.1670    5.8063    5.9984
    7.4099    7.4847   11.7820   11.9115   18.7227   18.8080   27.4537   27.6791   29.0652   29.2961
   32.2101   32.3136   33.8921   33.9511   37.1620   37.2032   41.5125   41.5787   42.7513   42.7793
   50.1509   50.1725   56.3316   56.4149   66.0585   66.0695   67.1275   67.2248   73.7757   73.8977
   77.3466   77.3537   95.7343   95.7849
  78  1 -109.5301 -107.5380  -69.9762  -69.9682  -69.9654  -67.8901  -67.8838  -67.8812  -22.8035  -22.7190
         -12.5349  -12.5123  -12.2281  -12.1535  -11.1778  -10.5563  -10.0042   -9.4141   -8.6588   -8.4905
   -8.3212   -8.1028   -6.8954   -6.6499   -1.6836   -1.6691    4.1711    4.2911    5.7317    5.9246
    7.3212    7.3913   11.7044   11.8316   18.9057   18.9937   27.3852   27.6090   29.1244   29.3556
   31.8841   32.0155   33.8610   33.9003   37.2574   37.2999   41.2246   41.2881   43.2068   43.2360
   50.3955   50.4219   55.6819   55.7613   66.2775   66.2942   68.0913   68.2062   72.9996   73.1361
   77.0998   77.1085   97.0259   97.0732
  79  1 -109.5301 -107.5379  -69.9759  -69.9681  -69.9662  -67.8898  -67.8843  -67.8814  -22.7883  -22.7164
         -12.5756  -12.4980  -12.1577  -12.1470  -11.2061  -10.6040   -9.9979   -9.4091   -8.6499   -8.5066
   -8.3242   -8.0913   -6.9279   -6.6747   -1.6879   -1.6569    4.3009    4.4178    5.6632    5.8582
    7.2369    7.3016   11.6213   11.7457   19.1074   19.1978   27.2550   27.4680   29.1927   29.4173
   31.5095   31.6653   33.9187   33.9449   37.3697   37.4125   40.9434   41.0036   43.6547   43.6855
   50.6177   50.6491   55.0670   55.1420   66.5148   66.5321   68.9144   69.0430   72.2737   72.4281
   76.9102   76.9222   98.2587   98.3026
  80  1 -109.5300 -107.5378  -69.9755  -69.9681  -69.9669  -67.8895  -67.8850  -67.8816  -22.7745  -22.7164
         -12.6145  -12.4879  -12.1295  -12.0843  -11.2400  -10.6525   -9.9922   -9.4102   -8.6449   -8.5191
   -8.3168   -8.0752   -6.9638   -6.7001   -1.6952   -1.6449    4.4356    4.5460    5.6002    5.7993
    7.1574    7.2159   11.5342   11.6552   19.3276   19.4201   27.0528   27.2473   29.2686   29.4784
   31.1537   31.3292   34.0262   34.0434   37.4956   37.5378   40.6734   40.7301   44.0854   44.1181
   50.7865   50.8239   54.5253   54.5951   66.7714   66.7867   69.5196   69.6539   71.6489   71.8176
   76.8104   76.8277   99.4240   99.4647
  81  1 -109.5299 -107.5377  -69.9751  -69.9682  -69.9676  -67.8892  -67.8855  -67.8816  -22.7621  -22.7188
         -12.6504  -12.4831  -12.1002  -12.0094  -11.2794  -10.7020   -9.9866   -9.4172   -8.6434   -8.5276
   -8.3005   -8.0544   -7.0026   -6.7260   -1.7049   -1.6333    4.5740    4.6736    5.5419    5.7480
    7.0832    7.1347   11.4448   11.5616   19.5661   19.6603   26.7744   26.9463   29.3505   29.5349
   30.8567   31.0431   34.1641   34.1748   37.6301   37.6706   40.4154   40.4684   44.4940   44.5290
   50.8533   50.8982   54.1123   54.1756   67.0441   67.0553   69.7793   69.8705   71.2697   71.4086
   76.8292   76.8542  100.5141  100.5518
  82  1 -109.5299 -107.5377  -69.9751  -69.9682  -69.9676  -67.8892  -67.8855  -67.8816  -22.7621  -22.7188
         -12.6504  -12.4831  -12.1002  -12.0094  -11.2794  -10.7020   -9.9866   -9.4172   -8.6434   -8.5276
   -8.3005   -8.0544   -7.0026   -6.7260   -1.7049   -1.6333    4.5740    4.6736    5.5419    5.7480
    7.0832    7.1347   11.4448   11.5616   19.5661   19.6603   26.7744   26.9463   29.3505   29.5349
   30.8567   31.0431   34.1641   34.1748   37.6301   37.6706   40.4154   40.4684   44.4940   44.5290
   50.8533   50.8982   54.1123   54.1756   67.0441   67.0553   69.7793   69.8705   71.2698   71.4087
   76.8292   76.8542  100.5141  100.5519
  83  1 -109.5299 -107.5377  -69.9749  -69.9682  -69.9679  -67.8891  -67.8858  -67.8817  -22.7553  -22.7213
         -12.6703  -12.4827  -12.0773  -11.9641  -11.3053  -10.7325   -9.9831   -9.4240   -8.6437   -8.5308
   -8.2872   -8.0397   -7.0270   -6.7416   -1.7117   -1.6267    4.6578    4.7483    5.5094    5.7217
    7.0416    7.0885   11.3907   11.5046   19.7179   19.8131   26.5727   26.7310   29.4016   29.5644
   30.7146   30.9004   34.2580   34.2656   37.7121   37.7511   40.2665   40.3171   44.7272   44.7637
   50.8212   50.8711   53.9525   54.0113   67.2119   67.2196   69.7225   69.7517   71.2172   71.3044
   76.9037   76.9347  101.1291  101.1652
  84  1 -109.5299 -107.5377  -69.9746  -69.9685  -69.9680  -67.8890  -67.8860  -67.8817  -22.7491  -22.7246
         -12.6889  -12.4841  -12.0506  -11.9186  -11.3329  -10.7635   -9.9793   -9.4327   -8.6446   -8.5325
   -8.2718   -8.0233   -7.0521   -6.7574   -1.7190   -1.6204    4.7412    4.8202    5.4790    5.6994
    7.0023    7.0444   11.3369   11.4475   19.8764   19.9726   26.3486   26.4941   29.4537   29.5892
   30.6008   30.7789   34.3591   34.3642   37.7933   37.8303   40.1221   40.1703   44.9508   44.9889
   50.7257   50.7806   53.8691   53.9238   67.3775   67.3815   69.5149   69.5443   71.2336   71.2739
   77.0243   77.0619  101.7129  101.7476
  85  1 -109.5298 -107.5376  -69.9743  -69.9688  -69.9680  -67.8891  -67.8860  -67.8817  -22.7432  -22.7287
         -12.7060  -12.4869  -12.0207  -11.8731  -11.3618  -10.7952   -9.9751   -9.4431   -8.6460   -8.5328
   -8.2546   -8.0052   -7.0777   -6.7733   -1.7268   -1.6144    4.8228    4.8876    5.4517    5.6824
    6.9656    7.0026   11.2837   11.3906   20.0416   20.1386   26.1056   26.2397   29.5063   29.6079
   30.5148   30.6766   34.4671   34.4701   37.8718   37.9067   39.9821   40.0278   45.1643   45.2042
   50.5697   50.6288   53.8606   53.9119   67.5295   67.5340   69.2401   69.3125   71.2535   71.2636
   77.1857   77.2305  102.2638  102.2973
  86  1 -109.5298 -107.5376  -69.9741  -69.9691  -69.9680  -67.8892  -67.8859  -67.8816  -22.7379  -22.7334
         -12.7218  -12.4910  -11.9879  -11.8278  -11.3919  -10.8276   -9.9706   -9.4552   -8.6477   -8.5318
   -8.2362   -7.9854   -7.1036   -6.7891   -1.7349   -1.6088    4.9001    4.9482    5.4293    5.6724
    6.9319    6.9633   11.2316   11.3345   20.2136   20.3114   25.8478   25.9722   29.5592   29.6196
   30.4548   30.5909   34.5814   34.5830   37.9461   37.9786   39.8468   39.8898   45.3675   45.4093
   50.3640   50.4264   53.9170   53.9662   67.6487   67.6555   68.9854   69.0860   71.2401   71.2489
   77.3802   77.4322  102.7801  102.8127
  87  1 -109.5298 -107.5376  -69.9739  -69.9693  -69.9679  -67.8895  -67.8857  -67.8816  -22.7388  -22.7330
         -12.7360  -12.4960  -11.9527  -11.7825  -11.4228  -10.8607   -9.9656   -9.4688   -8.6495   -8.5296
   -8.2166   -7.9641   -7.1296   -6.8050   -1.7432   -1.6037    4.9689    4.9990    5.4154    5.6716
    6.9013    6.9270   11.1810   11.2794   20.3923   20.4910   25.5794   25.6955   29.6118   29.6235
   30.4184   30.5193   34.7018   34.7026   38.0143   38.0443   39.7163   39.7563   45.5600   45.6038
   50.1230   50.1876   54.0249   54.0730   67.6972   67.7012   68.8126   68.9226   71.1920   71.2115
   77.5986   77.6577  103.2598  103.2918
  88  1 -109.5298 -107.5375  -69.9738  -69.9695  -69.9679  -67.8898  -67.8854  -67.8816  -22.7448  -22.7285
         -12.7488  -12.5017  -11.9158  -11.7376  -11.4542  -10.8945   -9.9601   -9.4838   -8.6514   -8.5263
   -8.1963   -7.9413   -7.1555   -6.8208   -1.7516   -1.5990    5.0225    5.0372    5.4158    5.6824
    6.8743    6.8939   11.1323   11.2258   20.5779   20.6774   25.3038   25.4131   29.6199   29.6634
   30.4028   30.4598   34.8275   34.8285   38.0745   38.1021   39.5910   39.6274   45.7414   45.7874
   49.8602   49.9264   54.1714   54.2193   67.6098   67.6402   68.7810   68.8759   71.1169   71.1431
   77.8320   77.8978  103.7004  103.7322
  89  1 -109.5298 -107.5375  -69.9737  -69.9696  -69.9678  -67.8902  -67.8850  -67.8815  -22.7514  -22.7245
         -12.7601  -12.5081  -11.8778  -11.6930  -11.4855  -10.9290   -9.9541   -9.5002   -8.6534   -8.5221
   -8.1755   -7.9171   -7.1808   -6.8366   -1.7600   -1.5949    5.0536    5.0603    5.4372    5.7061
    6.8513    6.8645   11.0862   11.1742   20.7704   20.8707   25.0241   25.1279   29.6095   29.7131
   30.4046   30.4112   34.9585   34.9595   38.1249   38.1505   39.4713   39.5034   45.9115   45.9598
   49.5867   49.6538   54.3462   54.3946   67.4063   67.4706   68.8786   68.9491   71.0169   71.0475
   78.0722   78.1444  104.0991  104.1311
  90  1 -109.5298 -107.5375  -69.9737  -69.9696  -69.9678  -67.8906  -67.8847  -67.8814  -22.7584  -22.7208
         -12.7699  -12.5148  -11.8398  -11.6487  -11.5157  -10.9642   -9.9476   -9.5177   -8.6554   -8.5171
   -8.1544   -7.8919   -7.2053   -6.8522   -1.7681   -1.5913    5.0595    5.0680    5.4814    5.7426
    6.8328    6.8394   11.0429   11.1251   20.9698   21.0710   24.7427   24.8422   29.5935   29.7596
   30.3728   30.4209   35.0941   35.0949   38.1634   38.1878   39.3582   39.3849   46.0695   46.1204
   49.3111   49.3787   54.5413   54.5909   67.1450   67.2365   69.0492   69.1000   70.8954   70.9290
   78.3125   78.3906  104.4523  104.4849
  91  1 -109.5298 -107.5375  -69.9738  -69.9695  -69.9677  -67.8910  -67.8843  -67.8813  -22.7658  -22.7176
         -12.7781  -12.5219  -11.8035  -11.6049  -11.5432  -11.0001   -9.9405   -9.5364   -8.6574   -8.5114
   -8.1331   -7.8661   -7.2284   -6.8677   -1.7760   -1.5884    5.0451    5.0615    5.5425    5.7895
    6.8189    6.8195   11.0030   11.0788   21.1762   21.2783   24.4618   24.5579   29.5729   29.8007
   30.3455   30.4487   35.2332   35.2337   38.1873   38.2119   39.2531   39.2727   46.2146   46.2683
   49.0401   49.1076   54.7512   54.8023   66.8626   66.9745   69.2569   69.2934   70.7556   70.7915
   78.5475   78.6309  104.7560  104.7895
  92  1 -109.5298 -107.5375  -69.9740  -69.9693  -69.9675  -67.8914  -67.8839  -67.8811  -22.7737  -22.7147
         -12.7849  -12.5292  -11.7727  -11.5645  -11.5616  -11.0366   -9.9328   -9.5561   -8.6594   -8.5051
   -8.1119   -7.8401   -7.2494   -6.8831   -1.7835   -1.5860    5.0169    5.0429    5.6130    5.8438
    6.8042    6.8116   10.9670   11.0358   21.3893   21.4925   24.1826   24.2761   29.5489   29.8337
   30.3310   30.4860   35.3740   35.3754   38.1940   38.2207   39.1582   39.1685   46.3452   46.4022
   48.7793   48.8463   54.9715   55.0245   66.5757   66.7035   69.4854   69.5109   70.6004   70.6383
   78.7729   78.8612  105.0050  105.0400
  93  1 -109.5298 -107.5375  -69.9742  -69.9692  -69.9673  -67.8918  -67.8836  -67.8808  -22.7819  -22.7121
         -12.7902  -12.5366  -11.7538  -11.5730  -11.5189  -11.0737   -9.9245   -9.5768   -8.6615   -8.4984
   -8.0908   -7.8148   -7.2675   -6.8981   -1.7906   -1.5843    4.9797    5.0148    5.6869    5.9018
    6.7956    6.8103   10.9353   10.9966   21.6092   21.7136   23.9063   23.9980   29.5223   29.8556
   30.3317   30.5311   35.5155   35.5184   38.1801   38.2114   39.0741   39.0770   46.4587   46.5194
   48.5342   48.6002   55.1989   55.2542   66.2918   66.4326   69.7259   69.7431   70.4327   70.4730
   78.9857   79.0785  105.1937  105.2306
  94  1 -109.5298 -107.5375  -69.9744  -69.9690  -69.9671  -67.8922  -67.8834  -67.8805  -22.7904  -22.7099
         -12.7939  -12.5440  -11.7532  -11.5625  -11.4768  -11.1111   -9.9157   -9.5984   -8.6637   -8.4914
   -8.0700   -7.7912   -7.2817   -6.9129   -1.7970   -1.5832    4.9362    4.9790    5.7603    5.9604
    6.7942    6.8163   10.9084   10.9617   21.8356   21.9414   23.6337   23.7242   29.4936   29.8644
   30.3491   30.5828   35.6561   35.6609   38.1425   38.1807   38.9944   39.0111   46.5507   46.6159
   48.3113   48.3754   55.4307   55.4886   66.0147   66.1666   69.9666   69.9797   70.2601   70.3058
   79.1835   79.2803  105.3160  105.3552
  95  1 -109.5298 -107.5375  -69.9747  -69.9689  -69.9668  -67.8926  -67.8832  -67.8801  -22.7991  -22.7080
         -12.7962  -12.5515  -11.7690  -11.5348  -11.4354  -11.1489   -9.9062   -9.6208   -8.6660   -8.4843
   -8.0496   -7.7705   -7.2907   -6.9274   -1.8028   -1.5829    4.8879    4.9372    5.8304    6.0169
    6.8010    6.8302   10.8868   10.9314   22.0681   22.1757   23.3652   23.4553   29.4634   29.8605
   30.3826   30.6403   35.7942   35.8011   38.0796   38.1260   38.9315   38.9639   46.6142   46.6848
   48.1190   48.1803   55.6648   55.7254   65.7465   65.9083   70.0345   70.0518   70.2667   70.2919
   79.3648   79.4653  105.3649  105.4068
  96  1 -109.5298 -107.5375  -69.9750  -69.9688  -69.9664  -67.8930  -67.8830  -67.8797  -22.8080  -22.7063
         -12.7970  -12.5589  -11.7942  -11.4973  -11.3952  -11.1865   -9.8961   -9.6440   -8.6686   -8.4771
   -8.0297   -7.7540   -7.2931   -6.9414   -1.8078   -1.5832    4.8357    4.8905    5.8950    6.0693
    6.8168    6.8528   10.8710   10.9063   22.3055   22.4156   23.1017   23.1923   29.4321   29.8461
   30.4301   30.7032   35.9278   35.9371   37.9917   38.0459   38.8879   38.9356   46.6397   46.7164
   47.9678   48.0253   55.8992   55.9628   65.4884   65.6592   69.8453   69.8763   70.5153   70.5360
   79.5285   79.6323  105.3336  105.3786
  97  1 -109.5299 -107.5376  -69.9753  -69.9687  -69.9660  -67.8934  -67.8829  -67.8792  -22.8170  -22.7050
         -12.7964  -12.5662  -11.8239  -11.4548  -11.3571  -11.2229   -9.8853   -9.6679   -8.6713   -8.4699
   -8.0104   -7.7428   -7.2879   -6.9551   -1.8120   -1.5842    4.7803    4.8399    5.9525    6.1160
    6.8422    6.8840   10.8613   10.8867   22.5429   22.6552   22.8488   22.9398   29.4000   29.8241
   30.4886   30.7709   36.0547   36.0667   37.8816   37.9418   38.8640   38.9252   46.6177   46.7006
   47.8676   47.9213   56.1320   56.1989   65.2413   65.4203   69.6377   69.6713   70.7800   70.8068
   79.6740   79.7807  105.2156  105.2641
  98  1 -109.5299 -107.5376  -69.9756  -69.9686  -69.9656  -67.8938  -67.8828  -67.8787  -22.8261  -22.7039
         -12.7944  -12.5734  -11.8556  -11.4098  -11.3261  -11.2529   -9.8739   -9.6925   -8.6743   -8.4629
   -7.9918   -7.7378   -7.2743   -6.9683   -1.8154   -1.5859    4.7221    4.7860    6.0020    6.1562
    6.8772    6.9237   10.8583   10.8732   22.5766   22.6365   22.8409   22.9239   29.3673   29.7970
   30.5560   30.8434   36.1727   36.1873   37.7528   37.8169   38.8586   38.9310   46.5457   46.6336
   47.8211   47.8719   56.3618   56.4320   65.0057   65.1923   69.4213   69.4559   71.0515   71.0859
   79.8010   79.9103  105.0050  105.0571
  99  1 -109.5299 -107.5376  -69.9759  -69.9686  -69.9651  -67.8941  -67.8828  -67.8782  -22.8352  -22.7030
         -12.7910  -12.5805  -11.8881  -11.3638  -11.3264  -11.2524   -9.8619   -9.7177   -8.6777   -8.4561
   -7.9739   -7.7388   -7.2526   -6.9809   -1.8178   -1.5883    4.6616    4.7296    6.0433    6.1901
    6.9214    6.9708   10.8622   10.8662   22.3275   22.4083   23.0726   23.1784   29.3345   29.7666
   30.6306   30.9204   36.2790   36.2966   37.6096   37.6752   38.8703   38.9515   46.4317   46.5230
   47.8202   47.8697   56.5868   56.6606   64.7818   64.9756   69.1983   69.2332   71.3282   71.3708
   79.9095   80.0211  104.6974  104.7533
 100  1 -109.5300 -107.5377  -69.9762  -69.9685  -69.9646  -67.8945  -67.8827  -67.8776  -22.8443  -22.7023
         -12.7863  -12.5874  -11.9207  -11.3571  -11.3173  -11.2221   -9.8491   -9.7434   -8.6815   -8.4496
   -7.9569   -7.7451   -7.2234   -6.9930   -1.8192   -1.5913    4.5991    4.6711    6.0767    6.2180
    6.9736    7.0241   10.8657   10.8738   22.0796   22.1637   23.3286   23.4397   29.3017   29.7342
   30.7114   31.0020   36.3703   36.3914   37.4567   37.5215   38.8980   38.9858   46.2892   46.3826
   47.8513   47.9006   56.8056   56.8831   64.5697   64.7704   68.9698   69.0048   71.6094   71.6606
   79.9997   80.1131  104.2900  104.3499
 101  1 -109.5300 -107.5377  -69.9765  -69.9685  -69.9641  -67.8948  -67.8827  -67.8771  -22.8534  -22.7018
         -12.7802  -12.5941  -11.9530  -11.3942  -11.2711  -11.1859   -9.8357   -9.7697   -8.6856   -8.4435
   -7.9407   -7.7557   -7.1882   -7.0045   -1.8197   -1.5950    4.5352    4.6110    6.1032    6.2408
    7.0321    7.0818   10.8726   10.8927   21.8346   21.9205   23.5898   23.7049   29.2692   29.7007
   30.7979   31.0879   36.4416   36.4677   37.3007   37.3615   38.9407   39.0331   46.1298   46.2246
   47.9026   47.9521   57.0169   57.0981   64.3696   64.5767   68.7374   68.7722   71.8947   71.9546
   80.0718   80.1867  103.7828  103.8466
 102  1 -109.5300 -107.5377  -69.9768  -69.9685  -69.9636  -67.8952  -67.8826  -67.8765  -22.8623  -22.7015
         -12.7729  -12.6006  -11.9848  -11.4328  -11.2254  -11.1488   -9.8216   -9.7964   -8.6903   -8.4379
   -7.9255   -7.7695   -7.1480   -7.0154   -1.8192   -1.5994    4.4701    4.5499    6.1239    6.2594
    7.0951    7.1422   10.8868   10.9196   21.5926   21.6799   23.8536   23.9727   29.2372   29.6667
   30.8896   31.1781   36.4839   36.5185   37.1528   37.2044   38.9973   39.0924   45.9610   46.0571
   47.9658   48.0155   57.2191   57.3042   64.1813   64.3946   68.5023   68.5368   72.1835   72.2524
   80.1262   80.2422  103.1786  103.2463
 103  1 -109.5301 -107.5378  -69.9771  -69.9685  -69.9631  -67.8955  -67.8826  -67.8759  -22.8711  -22.7013
         -12.7644  -12.6069  -12.0158  -11.4717  -11.1806  -11.1115   -9.8237   -9.8067   -8.6954   -8.4328
   -7.9112   -7.7853   -7.1041   -7.0256   -1.8178   -1.6043    4.4042    4.4883    6.1401    6.2747
    7.1608    7.2039   10.9087   10.9545   21.3534   21.4419   24.1185   24.2420   29.2058   29.6327
   30.9864   31.2724   36.4800   36.5294   37.0327   37.0672   39.0666   39.1627   45.7875   45.8849
   48.0360   48.0858   57.4112   57.5001   64.0046   64.2238   68.2660   68.3000   72.4754   72.5533
   80.1633   80.2800  102.4832  102.5545
 104  1 -109.5301 -107.5378  -69.9773  -69.9684  -69.9626  -67.8958  -67.8826  -67.8754  -22.8797  -22.7013
         -12.7547  -12.6130  -12.0459  -11.5106  -11.1370  -11.0745   -9.8512   -9.7913   -8.7011   -8.4281
   -7.8979   -7.8024   -7.0576   -7.0351   -1.8154   -1.6098    4.3381    4.4265    6.1526    6.2875
    7.2275    7.2655   10.9383   10.9975   21.1169   21.2065   24.3828   24.5112   29.1751   29.5990
   31.0879   31.3705   36.4112   36.4784   36.9622   36.9753   39.1470   39.2427   45.6116   45.7104
   48.1105   48.1601   57.5919   57.6847   63.8393   64.0639   68.0301   68.0635   72.7697   72.8567
   80.1836   80.3005  101.7058  101.7804
 105  1 -109.5302 -107.5379  -69.9776  -69.9684  -69.9621  -67.8961  -67.8826  -67.8749  -22.8881  -22.7013
         -12.7440  -12.6188  -12.0748  -11.5494  -11.0947  -11.0378   -9.8791   -9.7751   -8.7073   -8.4241
   -7.8855   -7.8202   -7.0440   -7.0092   -1.8122   -1.6158    4.2721    4.3650    6.1624    6.2982
    7.2938    7.3258   10.9757   11.0483   20.8830   20.9736   24.6449   24.7789   29.1454   29.5659
   31.1939   31.4720   36.2838   36.3611   36.9368   36.9389   39.2366   39.3307   45.4347   45.5350
   48.1875   48.2365   57.7603   57.8569   63.6848   63.9148   67.7961   67.8288   73.0658   73.1619
   80.1873   80.3040  100.8584  100.9359
 106  1 -109.5302 -107.5379  -69.9778  -69.9684  -69.9617  -67.8964  -67.8826  -67.8744  -22.8961  -22.7015
         -12.7322  -12.6243  -12.1026  -11.5877  -11.0541  -11.0015   -9.9073   -9.7584   -8.7141   -8.4207
   -7.8742   -7.8381   -7.0520   -6.9599   -1.8081   -1.6223    4.2066    4.3043    6.1700    6.3074
    7.3586    7.3841   11.0207   11.1069   20.6517   20.7432   24.9032   25.0436   29.1166   29.5335
   31.3040   31.5759   36.1247   36.2035   36.9300   36.9403   39.3335   39.4250   45.2571   45.3592
   48.2661   48.3143   57.9156   58.0160   63.5409   63.7757   67.5658   67.5976   73.3626   73.4677
   80.1749   80.2908   99.9559  100.0359
 107  1 -109.5302 -107.5380  -69.9781  -69.9684  -69.9612  -67.8966  -67.8826  -67.8739  -22.9039  -22.7017
         -12.7195  -12.6296  -12.1291  -11.6256  -11.0153  -10.9656   -9.9357   -9.7410   -8.7215   -8.4178
   -7.8639   -7.8557   -7.0594   -6.9103   -1.8033   -1.6291    4.1421    4.2447    6.1761    6.3154
    7.4208    7.4395   11.0730   11.1728   20.4234   20.5157   25.1557   25.3034   29.0887   29.5020
   31.4175   31.6813   35.9545   36.0301   36.9348   36.9503   39.4356   39.5238   45.0792   45.1833
   48.3456   48.3927   58.0572   58.1613   63.4069   63.6462   67.3408   67.3717   73.6592   73.7730
   80.1465   80.2610   99.0153   99.0970
 108  1 -109.5303 -107.5380  -69.9783  -69.9684  -69.9608  -67.8969  -67.8826  -67.8734  -22.9113  -22.7021
         -12.7059  -12.6346  -12.1542  -11.6627  -10.9785  -10.9301   -9.9643   -9.7232   -8.7294   -8.4155
   -7.8729   -7.8545   -7.0660   -6.8608   -1.7978   -1.6363    4.0790    4.1868    6.1810    6.3223
    7.4798    7.4916   11.1323   11.2454   20.1985   20.2913   25.4007   25.5567   29.0619   29.4715
   31.5333   31.7865   35.7852   35.8545   36.9423   36.9618   39.5412   39.6256   44.9009   45.0072
   48.4259   48.4715   58.1847   58.2925   63.2822   63.5257   67.1228   67.1526   73.9542   74.0766
   80.1023   80.2148   98.0549   98.1376
 109  1 -109.5303 -107.5381  -69.9785  -69.9684  -69.9604  -67.8971  -67.8826  -67.8729  -22.9184  -22.7024
         -12.6916  -12.6393  -12.1779  -11.6991  -10.9438  -10.8950   -9.9932   -9.7050   -8.7377   -8.4139
   -7.8892   -7.8460   -7.0720   -6.8122   -1.7918   -1.6436    4.0179    4.1308    6.1850    6.3285
    7.5350    7.5402   11.1977   11.3239   19.9776   20.0706   25.6363   25.8017   29.0360   29.4419
   31.6501   31.8896   35.6245   35.6842   36.9492   36.9719   39.6486   39.7288   44.7223   44.8311
   48.5064   48.5503   58.2980   58.4094   63.1664   63.4136   66.9134   66.9419   74.2463   74.3770
   80.0421   80.1520   97.0934   97.1765
 110  1 -109.5304 -107.5381  -69.9787  -69.9684  -69.9600  -67.8973  -67.8826  -67.8725  -22.9251  -22.7028
         -12.6767  -12.6437  -12.2000  -11.7346  -10.9114  -10.8605  -10.0221   -9.6866   -8.7465   -8.4127
   -7.9045   -7.8385   -7.0772   -6.7649   -1.7853   -1.6511    3.9590    4.0772    6.1883    6.3340
    7.5840    7.5869   11.2685   11.4075   19.7616   19.8547   25.8609   26.0367   29.0109   29.4133
   31.7660   31.9878   35.4783   35.5246   36.9545   36.9799   39.7566   39.8325   44.5434   44.6549
   48.5869   48.6290   58.3972   58.5122   63.0588   63.3092   66.7141   66.7413   74.5339   74.6725
   79.9661   80.0725   96.1495   96.2320
 111  1 -109.5304 -107.5382  -69.9789  -69.9684  -69.9596  -67.8975  -67.8826  -67.8721  -22.9313  -22.7032
         -12.6613  -12.6477  -12.2206  -11.7689  -10.8814  -10.8264  -10.0510   -9.6681   -8.7557   -8.4121
   -7.9188   -7.8318   -7.0819   -6.7193   -1.7786   -1.6586    3.9029    4.0264    6.1909    6.3389
    7.6249    7.6333   11.3437   11.4948   19.5518   19.6445   26.0728   26.2601   28.9866   29.3858
   31.8787   32.0783   35.3513   35.3799   36.9580   36.9853   39.8643   39.9357   44.3644   44.4789
   48.6669   48.7069   58.4829   58.6012   62.9590   63.2121   66.5263   66.5521   74.8154   74.9617
   79.8740   79.9763   95.2407   95.3219
 112  1 -109.5304 -107.5382  -69.9790  -69.9684  -69.9593  -67.8977  -67.8826  -67.8717  -22.9370  -22.7036
         -12.6516  -12.6454  -12.2395  -11.8020  -10.8539  -10.7930  -10.0799   -9.6497   -8.7650   -8.4119
   -7.9318   -7.8260   -7.0859   -6.6760   -1.7718   -1.6660    3.8500    3.9787    6.1932    6.3433
    7.6615    7.6756   11.4218   11.5845   19.3495   19.4416   26.2705   26.4703   28.9630   29.3594
   31.9854   32.1578   35.2477   35.2535   36.9598   36.9882   39.9708   40.0380   44.1858   44.3036
   48.7458   48.7837   58.5555   58.6771   62.8666   63.1218   66.3514   66.3758   75.0895   75.2431
   79.7660   79.8633   94.3829   94.4619
 113  1 -109.5305 -107.5383  -69.9792  -69.9684  -69.9590  -67.8979  -67.8826  -67.8714  -22.9423  -22.7040
         -12.6550  -12.6297  -12.2567  -11.8335  -10.8289  -10.7602  -10.1086   -9.6317   -8.7745   -8.4121
   -7.9436   -7.8209   -7.0894   -6.6354   -1.7649   -1.6732    3.8007    3.9345    6.1950    6.3472
    7.6941    7.7134   11.5014   11.6752   19.1565   19.2476   26.4528   26.6660   28.9400   29.3342
   32.0834   32.2236   35.1479   35.1701   36.9601   36.9888   40.0757   40.1387   44.0085   44.1299
   48.8228   48.8585   58.6159   58.7407   62.7814   63.0382   66.1904   66.2134   75.3547   75.5152
   79.6425   79.7340   93.5895   93.6655
 114  1 -109.5305 -107.5383  -69.9793  -69.9684  -69.9587  -67.8980  -67.8826  -67.8711  -22.9471  -22.7044
         -12.6581  -12.6140  -12.2723  -11.8633  -10.8066  -10.7282  -10.1370   -9.6143   -8.7839   -8.4126
   -7.9541   -7.8165   -7.0923   -6.5978   -1.7583   -1.6801    3.7553    3.8940    6.1965    6.3506
    7.7228    7.7467   11.5808   11.7648   18.9746   19.0644   26.6186   26.8460   28.9176   29.3102
   32.1699   32.2737   35.0648   35.1195   36.9591   36.9873   40.1782   40.2377   43.8337   43.9591
   48.8969   48.9304   58.6652   58.7930   62.7033   62.9612   66.0445   66.0660   75.6096   75.7767
   79.5045   79.5894   92.8711   92.9434
 115  1 -109.5305 -107.5383  -69.9795  -69.9684  -69.9584  -67.8982  -67.8826  -67.8708  -22.9514  -22.7048
         -12.6608  -12.5987  -12.2861  -11.8911  -10.7868  -10.6971  -10.1650   -9.5978   -8.7930   -8.4133
   -7.9634   -7.8127   -7.0948   -6.5637   -1.7520   -1.6865    3.7143    3.8576    6.1978    6.3536
    7.7477    7.7757   11.6580   11.8515   18.8060   18.8943   26.7671   27.0092   28.8957   29.2876
   32.2430   32.3078   35.0045   35.0948   36.9571   36.9838   40.2778   40.3342   43.6634   43.7930
   48.9669   48.9983   58.7046   58.8352   62.6325   62.8911   65.9144   65.9344   75.8529   76.0268
   79.3540   79.4312   92.2355   92.3036
 116  1 -109.5306 -107.5384  -69.9796  -69.9684  -69.9582  -67.8983  -67.8826  -67.8706  -22.9551  -22.7051
         -12.6632  -12.5841  -12.2981  -11.9164  -10.7697  -10.6672  -10.1921   -9.5826   -8.8016   -8.4141
   -7.9713   -7.8096   -7.0969   -6.5333   -1.7461   -1.6923    3.6781    3.8255    6.1989    6.3561
    7.7690    7.8005   11.7311   11.9332   18.6530   18.7396   26.8974   27.1544   28.8746   29.2668
   32.3016   32.3272   34.9654   35.0926   36.9544   36.9788   40.3734   40.4274   43.5002   43.6344
   49.0315   49.0609   58.7352   58.8685   62.5693   62.8282   65.8007   65.8193   76.0833   76.2643
   79.1938   79.2624   91.6870   91.7506
 117  1 -109.5306 -107.5384  -69.9797  -69.9684  -69.9580  -67.8984  -67.8826  -67.8704  -22.9583  -22.7054
         -12.6653  -12.5707  -12.3082  -11.9390  -10.7552  -10.6390  -10.2181   -9.5689   -8.8095   -8.4150
   -7.9780   -7.8071   -7.0985   -6.5071   -1.7409   -1.6975    3.6468    3.7979    6.1997    6.3583
    7.7867    7.8211   11.7979   12.0076   18.5180   18.6028   27.0090   27.2806   28.8546   29.2480
   32.3345   32.3461   34.9447   35.1073   36.9512   36.9727   40.4633   40.5159   43.3475   43.4866
   49.0894   49.1170   58.7584   58.8940   62.5142   62.7732   65.7040   65.7212   76.2991   76.4878
   79.0285   79.0871   91.2276   91.2867
 118  1 -109.5306 -107.5384  -69.9797  -69.9684  -69.9579  -67.8985  -67.8826  -67.8702  -22.9609  -22.7057
         -12.6670  -12.5588  -12.3166  -11.9584  -10.7434  -10.6129  -10.2424   -9.5571   -8.8163   -8.4159
   -7.9834   -7.8050   -7.0998   -6.4852   -1.7364   -1.7018    3.6208    3.7750    6.2004    6.3600
    7.8010    7.8378   11.8563   12.0724   18.4035   18.4865   27.1013   27.3866   28.8363   29.2317
   32.3335   32.3778   34.9378   35.1323   36.9478   36.9660   40.5452   40.5972   43.2099   43.3540
   49.1391   49.1652   58.7753   58.9130   62.4679   62.7267   65.6245   65.6406   76.4971   76.6950
   78.8643   78.9115   90.8568   90.9117
 119  1 -109.5306 -107.5384  -69.9798  -69.9684  -69.9577  -67.8985  -67.8826  -67.8701  -22.9630  -22.7059
         -12.6683  -12.5489  -12.3231  -11.9741  -10.7342  -10.5900  -10.2638   -9.5476   -8.8220   -8.4166
   -7.9875   -7.8035   -7.1008   -6.4680   -1.7328   -1.7053    3.6004    3.7571    6.2009    6.3614
    7.8120    7.8507   11.9042   12.1256   18.3116   18.3930   27.1737   27.4711   28.8205   29.2183
   32.3279   32.3990   34.9397   35.1608   36.9447   36.9596   40.6156   40.6680   43.0928   43.2418
   49.1794   49.2042   58.7872   58.9265   62.4310   62.6895   65.5625   65.5777   76.6722   76.8813
   78.7102   78.7441   90.5725   90.6239
 120  1 -109.5306 -107.5385  -69.9798  -69.9684  -69.9577  -67.8986  -67.8826  -67.8700  -22.9644  -22.7060
         -12.6693  -12.5414  -12.3278  -11.9858  -10.7277  -10.5716  -10.2813   -9.5406   -8.8262   -8.4172
   -7.9905   -7.8024   -7.1015   -6.4555   -1.7302   -1.7079    3.5857    3.7442    6.2012    6.3624
    7.8198    7.8598   11.9399   12.1651   18.2444   18.3245   27.2258   27.5328   28.8082   29.2084
   32.3212   32.4121   34.9454   35.1862   36.9421   36.9542   40.6704   40.7237   43.0024   43.1557
   49.2090   49.2329   58.7949   58.9354   62.4041   62.6624   65.5182   65.5327   76.8152   77.0374
   78.5791   78.5982   90.3722   90.4208
 121  1 -109.5306 -107.5385  -69.9798  -69.9684  -69.9576  -67.8986  -67.8826  -67.8699  -22.9653  -22.7061
         -12.6698  -12.5367  -12.3306  -11.9929  -10.7238  -10.5594  -10.2929   -9.5362   -8.8288   -8.4176
   -7.9922   -7.8018   -7.1018   -6.4480   -1.7286   -1.7095    3.5768    3.7364    6.2014    6.3629
    7.8244    7.8652   11.9619   12.1894   18.2034   18.2827   27.2572   27.5705   28.8002   29.2022
   32.3161   32.4189   34.9506   35.2037   36.9404   36.9506   40.7056   40.7597   42.9450   43.1013
   49.2272   49.2505   58.7993   58.9405   62.3877   62.6458   65.4916   65.5056   76.9121   77.1465
   78.4880   78.4938   90.2533   90.3001
 122  1 -109.5306 -107.5385  -69.9799  -69.9684  -69.9576  -67.8986  -67.8826  -67.8699  -22.9656  -22.7061
         -12.6700  -12.5352  -12.3315  -11.9954  -10.7224  -10.5551  -10.2970   -9.5348   -8.8297   -8.4177
   -7.9928   -7.8016   -7.1020   -6.4455   -1.7280   -1.7100    3.5738    3.7338    6.2015    6.3631
    7.8260    7.8670   11.9693   12.1977   18.1896   18.2687   27.2677   27.5831   28.7975   29.2001
   32.3143   32.4211   34.9527   35.2099   36.9398   36.9493   40.7177   40.7722   42.9253   43.0826
   49.2333   49.2565   58.8007   58.9421   62.3823   62.6403   65.4827   65.4966   76.9469   77.1867
   78.4548   78.4549   90.2138   90.2601
 123  1 -109.5306 -107.5385  -69.9798  -69.9684  -69.9576  -67.8985  -67.8826  -67.8699  -22.9683  -22.7061
         -12.6708  -12.5351  -12.3343  -11.9848  -10.7296  -10.5518  -10.2997   -9.5330   -8.8309   -8.4145
   -7.9950   -7.8015   -7.0996   -6.4446   -1.7279   -1.7114    3.5079    3.7983    6.1520    6.4231
    7.7188    7.9819   11.9659   12.2033   18.1698   18.2925   27.2050   27.6432   28.7979   29.2005
   32.1602   32.5488   34.6920   35.4193   36.8197   37.0651   40.2140   41.2895   42.6134   43.3923
   49.1404   49.3835   58.2715   59.3186   61.2562   63.8753   65.2715   65.7193   76.3420   77.7793
   78.3662   78.5009   88.3169   92.1813
 124  1 -109.5306 -107.5385  -69.9797  -69.9684  -69.9575  -67.8984  -67.8826  -67.8698  -22.9764  -22.7059
         -12.6735  -12.5347  -12.3405  -11.9551  -10.7495  -10.5433  -10.3076   -9.5278   -8.8342   -8.4051
   -8.0015   -7.8015   -7.0925   -6.4421   -1.7276   -1.7156    3.3954    3.9063    6.0712    6.5352
    7.5996    8.1244   11.9564   12.2195   18.1359   18.3385   27.0774   27.7625   28.7991   29.2018
   31.9465   32.6834   34.3002   35.6545   36.6845   37.1887   39.7060   41.8403   42.2374   43.7611
   49.0822   49.5447   57.6349   59.0228   60.7184   65.0550   65.2063   65.9795   75.6242   78.2331
   78.4603   78.5113   86.4516   94.1096
 125  1 -109.5307 -107.5385  -69.9795  -69.9684  -69.9575  -67.8981  -67.8826  -67.8697  -22.9896  -22.7057
         -12.6789  -12.5342  -12.3454  -11.9107  -10.7795  -10.5323  -10.3204   -9.5196   -8.8392   -8.3900
   -8.0116   -7.8013   -7.0811   -6.4379   -1.7271   -1.7225    3.2739    4.0202    5.9932    6.6644
    7.4848    8.2787   11.9428   12.2444   18.1031   18.3917   26.9306   27.8950   28.8012   29.2046
   31.7209   32.7769   33.8759   35.8098   36.5346   37.3227   39.2309   41.8658   42.3934   44.1186
   49.0805   49.7203   56.9825   57.8703   61.0214   64.8750   66.0440   66.6661   74.8993   78.0596
   78.4973   79.1250   84.6618   95.9730
 126  1 -109.5307 -107.5385  -69.9791  -69.9684  -69.9574  -67.8978  -67.8826  -67.8696  -23.0078  -22.7056
         -12.6874  -12.5336  -12.3445  -11.8556  -10.8172  -10.5208  -10.3375   -9.5089   -8.8451   -8.3702
   -8.0246   -7.8006   -7.0658   -6.4323   -1.7320   -1.7264    3.1478    4.1350    5.9225    6.8047
    7.3738    8.4465   11.9268   12.2764   18.0745   18.4491   26.7755   28.0290   28.8041   29.2094
   31.4907   32.8234   33.4349   35.8591   36.3680   37.4718   38.8030   41.5039   42.9440   44.4551
   49.1453   49.9029   56.3297   56.5766   61.4645   64.7069   66.3111   67.8524   74.1743   77.8549
   78.4718   79.7673   82.9625   97.7167
 127  1 -109.5307 -107.5385  -69.9787  -69.9684  -69.9572  -67.8973  -67.8826  -67.8695  -23.0305  -22.7058
         -12.6995  -12.5328  -12.3352  -11.7931  -10.8611  -10.5099  -10.3583   -9.4966   -8.8511   -8.3467
   -8.0392   -7.7993   -7.0472   -6.4254   -1.7441   -1.7254    3.0179    4.2491    5.8598    6.9540
    7.2663    8.6295   11.9096   12.3142   18.0507   18.5102   26.6151   28.1602   28.8079   29.2174
   31.2601   32.8228   32.9872   35.7843   36.1851   37.6372   38.4355   41.1549   43.4869   44.7598
   49.2836   50.0876   55.3100   55.6900   61.8947   64.5609   66.5236   68.9872   73.4538   77.6331
   78.4395   80.3842   81.3713   99.2834
 128  1 -109.5307 -107.5385  -69.9783  -69.9684  -69.9571  -67.8968  -67.8826  -67.8693  -23.0574  -22.7064
         -12.7144  -12.5319  -12.3165  -11.7256  -10.9101  -10.5000  -10.3821   -9.4833   -8.8566   -8.3210
   -8.0539   -7.7970   -7.0259   -6.4174   -1.7584   -1.7243    2.8842    4.3618    5.8044    7.1108
    7.1628    8.8291   11.8919   12.3573   18.0318   18.5750   26.4502   28.2855   28.8121   29.2299
   31.0308   32.5416   32.7804   35.5816   35.9878   37.8155   38.1317   40.8204   44.0166   45.0166
   49.4984   50.2720   54.1274   55.0684   62.2838   64.4362   66.7166   70.0080   72.7424   77.4125
   78.3532   79.9538   80.9734  100.6180
 129  1 -109.5307 -107.5385  -69.9777  -69.9684  -69.9569  -67.8961  -67.8826  -67.8691  -23.0882  -22.7075
         -12.7311  -12.5310  -12.2887  -11.6555  -10.9629  -10.4914  -10.4082   -9.4698   -8.8610   -8.2949
   -8.0663   -7.7933   -7.0024   -6.4087   -1.7749   -1.7229    2.7464    4.4722    5.7549    7.0622
    7.2757    9.0465   11.8743   12.4054   18.0175   18.6443   26.2813   28.4013   28.8163   29.2482
   30.8030   32.1065   32.7048   35.2665   35.7797   37.8797   37.9996   40.5013   44.5263   45.2002
   49.7891   50.4565   53.0694   54.4741   62.6267   64.3277   66.8923   70.8829   72.0438   77.2155
   77.8375   79.1000   81.5330  101.6716
 130  1 -109.5307 -107.5385  -69.9770  -69.9684  -69.9567  -67.8954  -67.8825  -67.8689  -23.1227  -22.7091
         -12.7486  -12.5302  -12.2526  -11.5853  -11.0177  -10.4841  -10.4359   -9.4569   -8.8637   -8.2716
   -8.0732   -7.7879   -6.9771   -6.3993   -1.7934   -1.7213    2.6042    4.5790    5.7102    6.9681
    7.4468    9.2823   11.8568   12.4586   18.0071   18.7189   26.1085   28.5020   28.8194   29.2738
   30.5757   31.6911   32.6067   34.8671   35.5652   37.6582   38.1803   40.1973   45.0075   45.2730
   50.1507   50.6446   52.1852   53.9136   62.9275   64.2266   67.0494   71.3616   71.5805   76.6812
   77.0800   79.0198   82.0620  102.4048
 131  1 -109.5308 -107.5385  -69.9763  -69.9683  -69.9564  -67.8945  -67.8825  -67.8686  -23.1603  -22.7113
         -12.7659  -12.5294  -12.2091  -11.5192  -11.0705  -10.4781  -10.4646   -9.4450   -8.8644   -8.2550
   -8.0700   -7.7804   -6.9505   -6.3897   -1.8134   -1.7194    2.4573    4.6800    5.6686    6.8818
    7.6250    9.5366   11.8397   12.5168   17.9993   18.8000   25.9316   28.5792   28.8204   29.3077
   30.3477   31.3072   32.4965   34.4115   35.3494   37.4488   38.3470   39.9075   45.1873   45.4503
   50.5756   50.8432   51.5305   53.3928   63.1925   64.1242   67.1856   70.6990   72.0701   75.4441
   77.0114   79.1796   82.5599  102.7911
 132  1 -109.5308 -107.5386  -69.9755  -69.9683  -69.9562  -67.8936  -67.8825  -67.8683  -23.2009  -22.7140
         -12.7822  -12.5289  -12.1593  -11.4661  -11.1131  -10.4944  -10.4727   -9.4348   -8.8629   -8.2481
   -8.0534   -7.7704   -6.9228   -6.3801   -1.8349   -1.7173    2.3056    4.7722    5.6295    6.8066
    7.8108    9.8087   11.8228   12.5803   17.9930   18.8887   25.7507   28.6192   28.8173   29.3494
   30.1185   30.9711   32.3834   33.9208   35.1374   37.2414   38.4902   39.6295   44.9061   45.8429
   51.0343   51.0814   51.1487   52.9173   63.4168   64.0239   67.2979   70.0586   72.3343   74.2509
   77.0380   79.4413   83.0264  102.8176
 133  1 -109.5309 -107.5387  -69.9746  -69.9683  -69.9559  -67.8926  -67.8825  -67.8680  -23.2440  -22.7171
         -12.7972  -12.5286  -12.1040  -11.4423  -11.1290  -10.5238  -10.4686   -9.4266   -8.8590   -8.2500
   -8.0241   -7.7577   -6.8942   -6.3707   -1.8574   -1.7149    2.1487    4.8499    5.5937    6.7465
    8.0051   10.0976   11.8061   12.6494   17.9865   18.9863   25.5658   28.6031   28.8075   29.3943
   29.8921   30.7037   32.2745   33.4091   34.9343   37.0327   38.6017   39.3598   44.4314   46.1729
   51.0420   51.3021   51.5852   52.4924   63.5337   63.9912   67.3823   69.4424   72.3805   73.1326
   77.1444   79.7755   83.4619  102.4869
 134  1 -109.5310 -107.5388  -69.9736  -69.9683  -69.9556  -67.8914  -67.8825  -67.8677  -23.2894  -22.7207
         -12.8107  -12.5286  -12.0443  -11.4609  -11.1052  -10.5531  -10.4652   -9.4208   -8.8523   -8.2570
   -7.9854   -7.7421   -6.8648   -6.3619   -1.8807   -1.7123    1.9867    4.9045    5.5654    6.7056
    8.2089   10.4018   11.7897   12.7244   17.9783   19.0939   25.3768   28.5123   28.7862   29.4134
   29.6988   30.5250   32.1747   32.8861   34.7447   36.8238   38.6763   39.0930   43.8081   46.4293
   51.1680   51.5897   52.1228   52.1444   63.4359   64.1314   67.4338   68.8519   72.0858   72.2565
   77.2936   80.1663   83.8670  101.8160
 135  1 -109.5311 -107.5389  -69.9726  -69.9682  -69.9553  -67.8903  -67.8825  -67.8673  -23.3368  -22.7245
         -12.8225  -12.5290  -11.9811  -11.5122  -11.0509  -10.5817  -10.4624   -9.4174   -8.8428   -8.2658
   -7.9404   -7.7235   -6.8348   -6.3537   -1.9043   -1.7094    1.8195    4.9244    5.5522    6.6877
    8.4235   10.7196   11.7733   12.8055   17.9669   19.2123   25.1838   28.3416   28.7422   29.3048
   29.6478   30.4410   32.0867   32.3590   34.5725   36.6177   38.7110   38.8237   43.0944   46.6047
   51.4688   51.8128   51.9241   52.7300   63.2063   64.3587   67.4459   68.2884   71.1547   71.9662
   77.4431   80.5998   84.2428  100.8358
 136  1 -109.5312 -107.5390  -69.9716  -69.9681  -69.9549  -67.8890  -67.8825  -67.8669  -23.3857  -22.7287
         -12.8327  -12.5300  -11.9165  -11.5793  -10.9819  -10.6095  -10.4601   -9.4166   -8.8302   -8.2746
   -7.8911   -7.7018   -6.8041   -6.3464   -1.9280   -1.7062    1.6471    4.9003    5.5607    6.6953
    8.6502   11.0491   11.7568   12.8931   17.9509   19.3421   24.9871   28.1058   28.6480   29.1233
   29.7071   30.4366   31.8339   32.0115   34.4206   36.4177   38.5287   38.7232   42.3388   46.6969
   51.5636   51.8961   52.3086   53.3330   62.9083   64.6054   67.4100   67.7525   70.3170   71.5721
   77.5590   81.0627   84.5905   99.5886
 137  1 -109.5313 -107.5392  -69.9706  -69.9679  -69.9546  -67.8877  -67.8825  -67.8665  -23.4359  -22.7331
         -12.8414  -12.5314  -11.8550  -11.6495  -10.9069  -10.6361  -10.4581   -9.4184   -8.8142   -8.2820
   -7.8387   -7.6771   -6.7728   -6.3403   -1.9513   -1.7028    1.4696    4.8326    5.5895    6.7297
    8.8900   11.3885   11.7402   12.9874   17.9293   19.4834   24.7868   27.8284   28.4644   28.9859
   29.7942   30.4823   31.3213   31.9481   34.2911   36.2271   38.2165   38.7025   41.5745   46.7093
   51.3800   52.4098   52.7409   53.9457   62.5606   64.8469   67.2444   67.3146   69.5852   71.0927
   77.6198   81.5425   84.9114   98.1255
 138  1 -109.5314 -107.5393  -69.9698  -69.9675  -69.9542  -67.8863  -67.8825  -67.8661  -23.4870  -22.7376
         -12.8488  -12.5336  -11.8215  -11.6947  -10.8298  -10.6612  -10.4561   -9.4227   -8.7943   -8.2874
   -7.7842   -7.6494   -6.7410   -6.3354   -1.9737   -1.6990    1.2874    4.7297    5.6308    6.7908
    9.1439   11.7234   11.7358   13.0889   17.9018   19.6360   24.5832   27.5295   28.1956   28.9018
   29.8893   30.5024   30.8807   31.8943   34.1851   36.0487   37.8691   38.6696   40.8235   46.6491
   51.2598   52.9847   53.2150   54.5613   62.1750   65.0644   66.7642   67.1436   68.9639   70.5512
   77.6142   82.0284   85.2070   96.5028
 139  1 -109.5316 -107.5395  -69.9693  -69.9667  -69.9538  -67.8850  -67.8824  -67.8657  -23.5388  -22.7423
         -12.8553  -12.5363  -11.8652  -11.6643  -10.7532  -10.6848  -10.4536   -9.4293   -8.7700   -8.2907
   -7.7281   -7.6189   -6.7086   -6.3319   -1.9949   -1.6950    1.1007    4.6010    5.6768    6.8772
    9.4128   11.7062   12.0892   13.1977   17.8681   19.7990   24.3765   27.2225   27.8753   28.8387
   29.9826   30.1877   30.8110   31.8474   34.1028   35.8844   37.4848   38.6341   40.1005   46.5254
   51.2019   53.5990   53.7231   55.1739   61.7638   65.2370   66.3119   66.8745   68.4560   69.9750
   77.5377   82.5113   85.4788   94.7779
 140  1 -109.5317 -107.5398  -69.9691  -69.9657  -69.9534  -67.8837  -67.8822  -67.8652  -23.5908  -22.7469
         -12.8610  -12.5398  -11.9426  -11.6009  -10.7067  -10.6790  -10.4496   -9.4380   -8.7408   -8.2916
   -7.6709   -7.5858   -6.6758   -6.3299   -2.0143   -1.6907    0.9098    4.4536    5.7228    6.9871
    9.6971   11.6886   12.4470   13.3141   17.8288   19.9713   24.1669   26.9159   27.5228   28.7765
   29.7106   30.0623   30.9342   31.8053   34.0439   35.7357   37.0690   38.6041   39.4159   46.3475
   51.2038   54.2349   54.2571   55.7782   61.3404   65.3429   65.8872   66.4793   68.0627   69.3988
   77.3905   82.9841   85.7283   93.0055
 141  1 -109.5319 -107.5400  -69.9690  -69.9645  -69.9529  -67.8830  -67.8814  -67.8647  -23.6428  -22.7515
         -12.8665  -12.5441  -12.0260  -11.5319  -10.7268  -10.6107  -10.4415   -9.4485   -8.7060   -8.2904
   -7.6132   -7.5505   -6.6426   -6.3295   -2.0315   -1.6861    0.7151    4.2928    5.7668    7.1182
    9.9972   11.6705   12.8076   13.4382   17.7849   20.1514   23.9548   26.6148   27.1466   28.7053
   29.2256   30.1104   31.0933   31.7696   34.0074   35.6032   36.6353   38.5808   38.7822   46.1240
   51.2625   54.8093   54.8764   56.3696   60.9188   65.3650   65.4903   65.9333   67.7786   68.8574
   77.1756   83.4419   85.9571   91.2334
 142  1 -109.5321 -107.5403  -69.9690  -69.9632  -69.9525  -67.8828  -67.8801  -67.8643  -23.6945  -22.7560
         -12.8723  -12.5490  -12.1098  -11.4626  -10.7449  -10.5551  -10.4228   -9.4607   -8.6651   -8.2870
   -7.5553   -7.5131   -6.6094   -6.3307   -2.0460   -1.6812    0.5173    4.1221    5.8081    7.2683
   10.3129   11.6518   13.1698   13.5703   17.7377   20.3373   23.7402   26.3222   26.7513   28.6188
   28.7494   30.0996   31.2709   31.7491   33.9919   35.4873   36.2041   38.1816   38.5910   45.8625
   51.3753   55.3723   55.5085   56.9443   60.5131   65.1214   65.2271   65.3064   67.5841   68.3698
   76.8973   83.8812   86.1665   89.5009
 143  1 -109.5323 -107.5406  -69.9690  -69.9618  -69.9520  -67.8828  -67.8787  -67.8638  -23.7455  -22.7604
         -12.8789  -12.5547  -12.1917  -11.3949  -10.7611  -10.5215  -10.3846   -9.4741   -8.6174   -8.2818
   -7.4977   -7.4740   -6.5763   -6.3336   -2.0573   -1.6761    0.3169    3.9442    5.8466    7.4354
   10.6440   11.6325   13.5320   13.7104   17.6889   20.5269   23.5233   26.0402   26.3402   28.2867
   28.5117   29.9958   31.4625   31.7594   33.9959   35.3878   35.7992   37.6510   38.6037   45.5697
   51.5399   55.9393   56.1160   57.4989   60.1375   64.3966   64.7813   65.1715   67.4438   67.9316
   76.5609   84.2998   86.3580   87.8373
 144  1 -109.5325 -107.5409  -69.9691  -69.9605  -69.9516  -67.8828  -67.8772  -67.8633  -23.7957  -22.7647
         -12.8871  -12.5610  -12.2702  -11.3300  -10.7753  -10.5075  -10.3296   -9.4885   -8.5625   -8.2748
   -7.4411   -7.4330   -6.5438   -6.3382   -2.0651   -1.6708    0.1145    3.7615    5.8828    7.6179
   10.9897   11.6126   13.8586   13.8932   17.6404   20.7177   23.3038   25.7701   25.9163   27.8402
   28.3796   29.7716   31.6664   31.8147   34.0176   35.3042   35.4420   37.1776   38.6347   45.2511
   51.7548   56.5034   56.6809   58.0304   59.8091   63.4693   64.4715   64.9964   67.3157   67.5280
   76.1715   84.6966   86.2623   86.5328
 145  1 -109.5327 -107.5412  -69.9691  -69.9592  -69.9511  -67.8829  -67.8757  -67.8628  -23.8446  -22.7687
         -12.8979  -12.5680  -12.3437  -11.2685  -10.7877  -10.5032  -10.2681   -9.5037   -8.5004   -8.2660
   -7.3930   -7.3833   -6.5123   -6.3446   -2.0689   -1.6653   -0.0891    3.5755    5.9171    7.8142
   11.3491   11.5921   14.0148   14.2520   17.5944   20.9074   23.0817   25.4826   25.5127   27.4119
   28.2187   29.4217   31.8816   31.9173   34.0551   35.1453   35.2357   36.7645   38.6815   44.9116
   52.0193   57.0571   57.1756   58.5365   59.5535   62.4864   64.1944   64.7994   67.1103   67.2010
   75.7340   84.7881   85.0706   86.6920
 146  1 -109.5329 -107.5415  -69.9692  -69.9579  -69.9506  -67.8829  -67.8742  -67.8623  -23.8921  -22.7726
         -12.9123  -12.5754  -12.4108  -11.2109  -10.7982  -10.5032  -10.2057   -9.5193   -8.4314   -8.2550
   -7.3503   -7.3285   -6.4822   -6.3526   -2.0685   -1.6596   -0.2929    3.3880    5.9497    8.0234
   11.5711   11.7208   14.1790   14.6069   17.5532   21.0934   22.8566   25.0420   25.2685   27.0038
   28.0252   28.9640   32.0590   32.1077   34.1066   34.9111   35.1815   36.4118   38.7420   44.5552
   52.3330   57.5531   57.5923   59.0153   59.4162   61.4790   63.9538   64.5943   66.7386   67.0112
   75.2526   83.4216   85.4206   86.8368
 147  1 -109.5332 -107.5418  -69.9692  -69.9567  -69.9501  -67.8829  -67.8728  -67.8618  -23.9380  -22.7762
         -12.9314  -12.5833  -12.4701  -11.1578  -10.8069  -10.5053  -10.1446   -9.5352   -8.3585   -8.2392
   -7.3074   -7.2747   -6.4542   -6.3623   -2.0637   -1.6538   -0.4959    3.2004    5.9808    8.2443
   11.5496   12.1031   14.3510   14.9560   17.5195   21.2733   22.6280   24.5973   25.0380   26.6175
   27.7942   28.4310   32.2286   32.3443   34.1703   34.7328   35.1404   36.1176   38.8133   44.1854
   52.6956   57.7530   58.0991   59.4546   59.4652   60.4709   63.7549   64.3894   66.3560   66.7902
   74.7309   82.1656   85.7462   86.9681
 148  1 -109.5334 -107.5421  -69.9693  -69.9555  -69.9496  -67.8830  -67.8714  -67.8613  -23.9819  -22.7796
         -12.9561  -12.5916  -12.5202  -11.1091  -10.8140  -10.5087  -10.0862   -9.5510   -8.2936   -8.2068
   -7.2643   -7.2225   -6.4289   -6.3737   -2.0548   -1.6480   -0.6970    3.0139    6.0108    8.4759
   11.5278   12.4939   14.5304   15.2965   17.4966   21.4443   22.3957   24.1515   24.8215   26.2549
   27.5065   27.8730   32.4160   32.5912   34.2443   34.6006   35.1112   35.8784   38.8924   43.8054
   53.1061   57.7735   58.5662   59.4606   59.6867   59.8849   63.6049   64.1894   65.9728   66.5274
   74.1720   81.0210   86.0464   87.0868
 149  1 -109.5337 -107.5424  -69.9693  -69.9543  -69.9491  -67.8830  -67.8701  -67.8608  -24.0237  -22.7827
         -12.9866  -12.6000  -12.5608  -11.0651  -10.8197  -10.5130  -10.0309   -9.5666   -8.2584   -8.1371
   -7.2212   -7.1721   -6.4069   -6.3866   -2.0419   -1.6421   -0.8945    2.8299    6.0395    8.7171
   11.5058   12.8911   14.7169   15.6242   17.4891   21.6040   22.1591   23.7075   24.6190   25.9172
   27.0757   27.4060   32.6113   32.8479   34.3262   34.5071   35.0926   35.6889   38.9758   43.4179
   53.5625   57.6892   58.5053   58.9806   59.9907   60.2738   63.5126   63.9969   65.5910   66.2277
   73.5789   79.9870   86.3205   87.1938
 150  1 -109.5339 -107.5427  -69.9694  -69.9533  -69.9486  -67.8831  -67.8688  -67.8603  -24.0632  -22.7855
         -13.0222  -12.6086  -12.5921  -11.0255  -10.8239  -10.5177   -9.9791   -9.5818   -8.2412   -8.0422
   -7.1784   -7.1237   -6.4010   -6.3887   -2.0263   -1.6363   -1.0863    2.6495    6.0671    8.9666
   11.4838   13.2919   14.9100   15.9323   17.5038   21.7490   21.9182   23.2679   24.4308   25.6059
   26.5010   27.0571   32.8039   33.1139   34.4093   34.4542   35.0833   35.5428   39.0602   43.0254
   54.0606   57.5074   57.6367   59.3292   60.3355   60.6314   63.4868   63.8135   65.2137   65.9001
   72.9549   79.0615   86.5680   87.2897
 151  1 -109.5341 -107.5430  -69.9694  -69.9523  -69.9481  -67.8831  -67.8676  -67.8598  -24.1002  -22.7882
         -13.0614  -12.6171  -12.6155  -10.9902  -10.8270  -10.5226   -9.9313   -9.5964   -8.2292   -7.9361
   -7.1361   -7.0775   -6.4169   -6.3752   -2.0101   -1.6306   -1.2692    2.4742    6.0933    9.2227
   11.4621   13.6936   15.1089   16.2099   17.5512   21.6732   21.8756   22.8354   24.2570   25.3219
   25.9057   26.7263   32.9800   33.3886   34.4239   34.5136   35.0818   35.4333   39.1419   42.6303
   54.5911   56.6775   57.4592   59.6020   60.6775   60.9575   63.5331   63.6402   64.8451   65.5561
   72.3037   78.2410   86.7889   87.3753
 152  1 -109.5343 -107.5433  -69.9695  -69.9515  -69.9475  -67.8831  -67.8665  -67.8594  -24.1346  -22.7905
         -13.1024  -12.6326  -12.6253  -10.9591  -10.8290  -10.5277   -9.8875   -9.6102   -8.2192   -7.8233
   -7.0944   -7.0337   -6.4341   -6.3667   -1.9980   -1.6250   -1.4373    2.3052    6.1181    9.4832
   11.4410   14.0931   15.3128   16.4425   17.6447   21.4247   21.9780   22.4129   24.0977   25.0655
   25.3335   26.3912   33.1228   33.6708   34.4553   34.6077   35.0867   35.3538   39.2174   42.2351
   55.1029   55.8941   57.3431   59.7964   61.0015   61.2522   63.4778   63.6497   64.4901   65.2080
   71.6293   77.5207   86.9837   87.4512
 153  1 -109.5345 -107.5435  -69.9695  -69.9507  -69.9469  -67.8831  -67.8655  -67.8590  -24.1661  -22.7926
         -13.1435  -12.6448  -12.6333  -10.9318  -10.8302  -10.5327   -9.8478   -9.6230   -8.2104   -7.7058
   -7.0536   -6.9927   -6.4526   -6.3640   -2.0011   -1.6197   -1.5788    2.1440    6.1413    9.7453
   11.4206   14.4875   15.5203   16.6178   17.7949   21.1739   21.9894   22.0618   23.9530   24.8058
   24.8370   26.0518   33.2179   33.9591   34.5444   34.7029   35.0967   35.2979   39.2836   41.8421
   54.9120   55.8907   57.2428   59.9193   61.3005   61.5159   63.3268   63.8255   64.1552   64.8675
   70.9364   76.8948   87.1531   87.5179
 154  1 -109.5347 -107.5438  -69.9696  -69.9501  -69.9464  -67.8832  -67.8645  -67.8585  -24.1947  -22.7945
         -13.1830  -12.6536  -12.6408  -10.9081  -10.8308  -10.5375   -9.8124   -9.6349   -8.2026   -7.5855
   -7.0139   -6.9547   -6.4722   -6.3675   -2.0403   -1.6717   -1.6148    1.9921    6.1626   10.0054
   11.4013   14.8734   15.7301   16.7367   17.9988   20.9227   21.6009   22.0815   23.8232   24.3424
   24.6361   25.7123   33.2627   34.2516   34.6900   34.7968   35.1103   35.2603   39.3375   41.4544
   54.2133   56.4705   57.1589   59.9845   61.5711   61.7490   63.1877   63.8482   64.0419   64.5457
   70.2296   76.3569   87.2984   87.5760
 155  1 -109.5349 -107.5440  -69.9696  -69.9495  -69.9458  -67.8832  -67.8637  -67.8582  -24.2202  -22.7961
         -13.2199  -12.6598  -12.6477  -10.8879  -10.8308  -10.5420   -9.7813   -9.6456   -8.1957   -7.4642
   -6.9756   -6.9200   -6.4927   -6.3777   -2.1256   -1.7053   -1.6102    1.8512    6.1820   10.2593
   11.3833   15.2474   15.9397   16.8127   18.2393   20.6739   21.2203   22.0516   23.7083   23.9649
   24.4620   25.3780   33.2678   34.5453   34.8610   34.9039   35.1262   35.2361   39.3766   41.0753
   53.5434   57.0547   57.1285   60.0087   61.8116   61.9521   63.0610   63.5795   64.2516   64.2784
   69.5134   75.9004   87.4212   87.6261
 156  1 -109.5350 -107.5442  -69.9697  -69.9491  -69.9453  -67.8832  -67.8630  -67.8578  -24.2425  -22.7975
         -13.2531  -12.6642  -12.6540  -10.8708  -10.8304  -10.5461   -9.7543   -9.6550   -8.1896   -7.3435
   -6.9388   -6.8890   -6.5140   -6.3952   -2.2351   -1.7006   -1.6061    1.7231    6.1992   10.5014
   11.3671   15.6056   16.1464   16.8612   18.4963   20.4311   20.8586   21.9521   23.6084   23.6905
   24.3139   25.0556   33.2481   34.8362   34.9567   35.1028   35.1433   35.2222   39.3998   40.7093
   52.9378   57.0299   57.7204   60.0065   62.0209   62.1261   62.9470   63.3621   63.9923   64.5159
   68.7928   75.5192   87.5230   87.6684
 157  1 -109.5351 -107.5443  -69.9697  -69.9487  -69.9449  -67.8832  -67.8624  -67.8575  -24.2615  -22.7986
         -13.2822  -12.6674  -12.6594  -10.8567  -10.8298  -10.5497   -9.7317   -9.6631   -8.1844   -7.2254
   -6.9039   -6.8619   -6.5357   -6.4205   -2.3457   -1.6799   -1.6025    1.6097    6.2141   10.7254
   11.3528   15.9432   16.3458   16.8933   18.7525   20.1994   20.5197   21.7903   23.5177   23.5237
   24.1908   24.7530   33.2163   35.0293   35.1142   35.1650   35.2109   35.3256   39.4070   40.3624
   52.4079   56.9879   58.3165   59.9899   62.1985   62.2716   62.8466   63.2134   63.7725   64.7389
   68.0739   75.2075   87.6057   87.7035
 158  1 -109.5353 -107.5445  -69.9697  -69.9484  -69.9445  -67.8832  -67.8619  -67.8572  -24.2772  -22.7996
         -13.3065  -12.6696  -12.6640  -10.8454  -10.8291  -10.5528   -9.7132   -9.6699   -8.1801   -7.1120
   -6.8715   -6.8392   -6.5573   -6.4537   -2.4454   -1.6547   -1.5994    1.5131    6.2265   10.9241
   11.3407   16.2536   16.5322   16.9152   18.9931   19.9854   20.2094   21.5965   23.4221   23.4542
   24.0916   24.4797   33.1812   35.0901   35.1726   35.2076   35.3884   35.5357   39.4003   40.0431
   51.9621   56.9560   58.8588   59.9673   62.3437   62.3895   62.7610   63.1548   63.5948   64.9354
   67.3653   74.9600   87.6709   87.7318
 159  1 -109.5353 -107.5446  -69.9697  -69.9482  -69.9441  -67.8832  -67.8615  -67.8570  -24.2895  -22.8003
         -13.3258  -12.6711  -12.6677  -10.8370  -10.8282  -10.5552   -9.6989   -9.6751   -8.1767   -7.0057
   -6.8425   -6.8211   -6.5779   -6.4948   -2.5279   -1.6307   -1.5970    1.4352    6.2362   11.0897
   11.3311   16.5269   16.6972   16.9303   19.2040   19.7981   19.9370   21.4082   23.3729   23.4002
   24.0155   24.2475   33.1490   35.1386   35.1860   35.2060   35.6264   35.7217   39.3839   39.7635
   51.6075   56.9330   59.3128   59.9447   62.4564   62.4803   62.6915   63.2077   63.4595   65.0965
   66.6812   74.7723   87.7199   87.7534
 160  1 -109.5354 -107.5447  -69.9697  -69.9481  -69.9439  -67.8832  -67.8612  -67.8569  -24.2983  -22.8008
         -13.3397  -12.6721  -12.6703  -10.8317  -10.8269  -10.5570   -9.6888   -9.6788   -8.1743   -6.9099
   -6.8183   -6.8080   -6.5960   -6.5425   -2.5894   -1.6112   -1.5952    1.3779    6.2433   11.2148
   11.3240   16.7482   16.8297   16.9403   19.3704   19.6491   19.7168   21.2550   23.3476   23.3615
   23.9618   24.0693   33.1235   35.1738   35.1959   35.2056   35.8202   35.8684   39.3640   39.5402
   51.3498   56.9177   59.6470   59.9261   62.5363   62.5448   62.6401   63.3645   63.3783   65.2158
   66.0496   74.6410   87.7540   87.7687
 161  1 -109.5354 -107.5447  -69.9697  -69.9480  -69.9438  -67.8832  -67.8611  -67.8568  -24.3035  -22.8011
         -13.3481  -12.6727  -12.6718  -10.8296  -10.8250  -10.5580   -9.6835   -9.6803   -8.1728   -6.8321
   -6.8015   -6.7999   -6.6092   -6.5906   -2.6273   -1.5986   -1.5942    1.3429    6.2475   11.2928
   11.3198   16.8962   16.9171   16.9461   19.4779   19.5518   19.5696   21.1559   23.3343   23.3383
   23.9297   23.9573   33.1073   35.1951   35.2019   35.2058   35.9492   35.9628   39.3481   39.3934
   51.1934   56.9090   59.8457   59.9140   62.5825   62.5847   62.6085   63.3103   63.6137   65.2890
   65.5372   74.5632   87.7741   87.7778
 162  1 -109.5354 -107.5447  -69.9697  -69.9480  -69.9437  -67.8832  -67.8610  -67.8567  -24.3053  -22.8012
         -13.3509  -12.6729  -12.6723  -10.8292  -10.8241  -10.5584   -9.6830   -9.6795   -8.1723   -6.7997
   -6.7967   -6.7927   -6.6177   -6.6126   -2.6401   -1.5945   -1.5936    1.3311    6.2489   11.3178
   11.3199   16.9469   16.9485   16.9493   19.5135   19.5174   19.5192   21.1217   23.3297   23.3308
   23.9190   23.9193   33.1017   35.2018   35.2040   35.2063   35.9947   35.9957   39.3416   39.3421
   51.1410   56.9061   59.9093   59.9111   62.5949   62.5985   62.6001   63.2922   63.7466   65.3134
   65.3138   74.5375   87.7808   87.7808
 163  1 -109.5354 -107.5447  -69.9697  -69.9480  -69.9437  -67.8832  -67.8610  -67.8568  -24.3029  -22.8010
         -13.3471  -12.6724  -12.6718  -10.8306  -10.8246  -10.5578   -9.6853   -9.6789   -8.1730   -6.8307
   -6.8233   -6.7955   -6.6050   -6.5843   -2.6225   -1.5995   -1.5952    1.3479    6.2468   11.2807
   11.3210   16.8773   16.8956   16.9551   19.4728   19.5614   19.5829   21.1696   23.3337   23.3444
   23.9402   23.9653   33.1098   35.1930   35.2001   35.2062   35.9283   35.9568   39.3742   39.3859
   51.2167   56.9101   59.8755   59.8855   62.5728   62.5821   62.6140   63.3172   63.5596   65.3135
   65.5665   74.5755   87.7724   87.7758
 164  1 -109.5354 -107.5446  -69.9697  -69.9482  -69.9439  -67.8832  -67.8612  -67.8570  -24.2956  -22.8002
         -13.3358  -12.6716  -12.6698  -10.8355  -10.8255  -10.5561   -9.6937   -9.6756   -8.1749   -6.9006
   -6.8913   -6.7948   -6.5835   -6.5259   -2.5707   -1.6158   -1.5978    1.3974    6.2402   11.1710
   11.3256   16.6819   16.7478   16.9744   19.3499   19.6824   19.7657   21.3055   23.3406   23.3917
   24.0035   24.1008   33.1330   35.1615   35.1878   35.2120   35.7428   35.8464   39.4671   39.5047
   51.4421   56.9223   59.7724   59.7974   62.4929   62.5324   62.6676   63.2180   63.3942   65.3150
   66.1174   74.6904   87.7469   87.7610
 165  1 -109.5353 -107.5445  -69.9697  -69.9486  -69.9441  -67.8832  -67.8614  -67.8574  -24.2835  -22.7989
         -13.3171  -12.6704  -12.6661  -10.8440  -10.8266  -10.5533   -9.7080   -9.6700   -8.1781   -6.9842
   -6.9822   -6.7933   -6.5660   -6.4628   -2.4871   -1.6408   -1.6020    1.4778    6.2293   10.9984
   11.3330   16.3934   16.5277   17.0066   19.1607   19.8580   20.0347   21.5069   23.3473   23.4850
   24.1098   24.3158   33.1681   35.1102   35.1658   35.2232   35.4715   35.6778   39.6102   39.6702
   51.8113   56.9443   59.5994   59.6164   62.3608   62.4441   62.7571   62.9457   63.5277   65.3224
   66.7719   74.8851   87.7029   87.7360
 166  1 -109.5352 -107.5444  -69.9697  -69.9491  -69.9443  -67.8832  -67.8618  -67.8579  -24.2667  -22.7972
         -13.2910  -12.6686  -12.6611  -10.8561  -10.8282  -10.5493   -9.7280   -9.6621   -8.1825   -7.0932
   -7.0696   -6.7913   -6.5566   -6.4021   -2.3760   -1.6718   -1.6070    1.5864    6.2140   10.7751
   11.3424   16.0393   16.2579   17.0517   18.9216   20.0660   20.3644   21.7366   23.3527   23.6480
   24.2601   24.5945   33.2090   35.0399   35.1324   35.1508   35.2406   35.4700   39.7911   39.8549
   52.3156   56.9783   59.3196   59.3559   62.1779   62.3136   62.8298   62.8829   63.7205   65.3418
   67.4634   75.1640   87.6382   87.7006
 167  1 -109.5350 -107.5442  -69.9697  -69.9497  -69.9447  -67.8832  -67.8623  -67.8585  -24.2452  -22.7950
         -13.2579  -12.6661  -12.6547  -10.8717  -10.8305  -10.5443   -9.7537   -9.6522   -8.1882   -7.2145
   -7.1593   -6.7890   -6.5556   -6.3465   -2.2426   -1.7058   -1.6115    1.7198    6.1945   10.5148
   11.3531   15.6379   15.9551   17.1099   18.6473   20.2900   20.7395   21.9502   23.3573   23.9098
   24.4563   24.9209   33.2445   34.7967   34.9661   35.0853   35.2333   35.2784   39.9992   40.0401
   52.9433   57.0273   58.9164   59.0425   61.9462   62.1393   62.8873   63.0415   63.9736   65.3796
   68.1653   75.5336   87.5499   87.6545
 168  1 -109.5349 -107.5440  -69.9696  -69.9505  -69.9450  -67.8831  -67.8629  -67.8592  -24.2192  -22.7923
         -13.2180  -12.6629  -12.6472  -10.8906  -10.8338  -10.5382   -9.7850   -9.6405   -8.1953   -7.3440
   -7.2499   -6.7866   -6.5625   -6.2973   -2.0943   -1.7396   -1.6120    1.8749    6.1707   10.2303
   11.3639   15.2009   15.6307   17.1811   18.3495   20.5194   21.1516   22.1142   23.3623   24.2839
   24.7044   25.2814   33.2560   34.4469   34.8754   35.0157   35.0323   35.3098   40.2156   40.2263
   53.6809   57.0946   58.4426   58.6629   61.6683   61.9205   63.0937   63.2301   64.2872   65.4415
   68.8634   76.0020   87.4341   87.5976
 169  1 -109.5347 -107.5437  -69.9696  -69.9514  -69.9454  -67.8831  -67.8636  -67.8599  -24.1887  -22.7893
         -13.1718  -12.6587  -12.6385  -10.9127  -10.8386  -10.5311   -9.8219   -9.6273   -8.2036   -7.4779
   -7.3406   -6.7843   -6.5766   -6.2551   -1.9454   -1.7706   -1.5981    2.0487    6.1428    9.9327
   11.3736   14.7370   15.2923   17.2655   18.0365   20.7479   21.5963   22.2220   23.3685   24.7322
   25.0364   25.6647   33.2151   34.1066   34.7821   34.8510   34.9467   35.3648   40.3772   40.4667
   54.5127   57.1835   57.9364   58.2247   61.3472   61.6569   63.4177   63.4422   64.6617   65.5321
   69.5487   76.5794   87.2859   87.5299
 170  1 -109.5345 -107.5435  -69.9695  -69.9524  -69.9459  -67.8831  -67.8646  -67.8606  -24.1540  -22.7858
         -13.1199  -12.6534  -12.6287  -10.9378  -10.8452  -10.5229   -9.8642   -9.6127   -8.2132   -7.6128
   -7.4306   -6.7824   -6.5973   -6.2206   -1.8303   -1.7966   -1.5386    2.2385    6.1108    9.6314
   11.3805   14.2536   14.9449   17.3633   17.7143   20.9720   22.0705   22.2858   23.3765   25.1420
   25.5399   26.0617   33.0931   33.7878   34.6901   34.7566   34.8523   35.4414   40.5241   40.7165
   55.4156   57.2951   57.4278   57.7459   60.9861   61.3498   63.6673   63.8353   65.0973   65.6549
   70.2150   77.2783   87.0999   87.4521
 171  1 -109.5342 -107.5432  -69.9694  -69.9535  -69.9463  -67.8830  -67.8657  -67.8612  -24.1151  -22.7821
         -13.0631  -12.6468  -12.6177  -10.9660  -10.8541  -10.5135   -9.9118   -9.5973   -8.2242   -7.7454
   -7.5189   -6.7811   -6.6242   -6.1941   -1.8160   -1.7829   -1.4025    2.4418    6.0748    9.3336
   11.3828   13.7576   14.5919   17.3873   17.4745   21.1899   22.3211   22.5716   23.3866   25.5087
   26.1908   26.4641   32.8818   33.4995   34.6048   34.7425   34.7530   35.5454   40.6577   40.9724
   56.2968   56.9374   57.3026   57.4419   60.5886   61.0033   63.8947   64.3274   65.5921   65.8152
   70.8587   78.1141   86.8698   87.3651
 172  1 -109.5340 -107.5428  -69.9694  -69.9548  -69.9468  -67.8829  -67.8669  -67.8619  -24.0725  -22.7781
         -13.0025  -12.6388  -12.6051  -10.9969  -10.8657  -10.5029   -9.9646   -9.5815   -8.2370   -7.8725
   -7.6051   -6.7807   -6.6569   -6.1755   -1.8275   -1.7779   -1.2173    2.6568    6.0351    9.0451
   11.3786   13.2558   14.2360   17.0586   17.5994   21.4006   22.3399   23.0944   23.4011   25.8820
   26.8642   26.9123   32.5999   33.2509   34.5313   34.6200   34.8252   35.6839   40.7802   41.2322
   56.3816   56.4798   57.5703   57.7136   60.1585   60.6278   64.1105   64.8810   65.9895   66.1727
   71.4780   79.1060   86.5886   87.2707
 173  1 -109.5337 -107.5425  -69.9693  -69.9561  -69.9473  -67.8829  -67.8683  -67.8626  -24.0261  -22.7738
         -12.9400  -12.6291  -12.5899  -11.0304  -10.8803  -10.4910  -10.0221   -9.5659   -8.2519   -7.9909
   -7.6884   -6.7815   -6.6951   -6.1649   -1.8307   -1.7887   -1.0115    2.8815    5.9917    8.7700
   11.3656   12.7551   13.8787   16.7303   17.7382   21.6036   22.3504   23.3966   23.6580   26.2728
   27.2546   27.6656   32.2746   33.0544   34.4745   34.4864   34.9531   35.8652   40.8940   41.4932
   55.8298   56.0649   57.7232   58.7509   59.6999   60.2496   64.3015   65.4851   66.2242   66.7956
   72.0740   80.2793   86.2491   87.1714
 174  1 -109.5334 -107.5422  -69.9692  -69.9575  -69.9479  -67.8828  -67.8698  -67.8632  -23.9764  -22.7694
         -12.8787  -12.6176  -12.5703  -11.0663  -10.8982  -10.4775  -10.0842   -9.5510   -8.2708   -8.0965
   -7.7684   -6.7839   -6.7386   -6.1619   -1.8254   -1.8064   -0.7955    3.1146    5.9449    8.5115
   11.3412   12.2623   13.5215   16.4042   17.8911   21.7983   22.3578   23.4100   24.2204   26.6815
   27.6276   28.4165   31.9278   32.9294   34.3447   34.4393   35.1207   36.0982   41.0014   41.7530
   55.1947   55.6989   57.7976   59.2149   59.8705   59.9651   64.4557   66.1294   66.4917   67.4910
   72.6505   81.6672   85.8434   87.0707
 175  1 -109.5332 -107.5418  -69.9692  -69.9589  -69.9485  -67.8828  -67.8713  -67.8639  -23.9237  -22.7648
         -12.8230  -12.6041  -12.5427  -11.1044  -10.9197  -10.4624  -10.1504   -9.5375   -8.2985   -8.1823
   -7.8445   -6.7888   -6.7864   -6.1660   -1.8274   -1.8119   -0.5737    3.3546    5.8949    8.2717
   11.2999   11.7862   13.1651   16.0815   18.0583   21.9833   22.3659   23.4145   24.8021   27.1057
   27.9764   29.1183   31.5758   32.9103   34.1987   34.4293   35.3198   36.3922   41.1047   42.0089
   54.5295   55.3850   57.6922   58.7107   59.7755   61.1149   64.5639   66.7968   66.8032   68.2552
   73.2141   83.3145   85.3639   86.9727
 176  1 -109.5329 -107.5414  -69.9691  -69.9603  -69.9491  -67.8827  -67.8729  -67.8646  -23.8681  -22.7602
         -12.7788  -12.5884  -12.5026  -11.1445  -10.9445  -10.4453  -10.2202   -9.5262   -8.3435   -8.2384
   -7.9163   -6.8406   -6.7943   -6.1767   -1.8504   -1.7910   -0.3487    3.6005    5.8421    8.0521
   11.1989   11.3728   12.8102   15.7632   18.2400   22.1558   22.3781   23.4109   25.3950   27.5431
   28.2945   29.7060   31.2306   33.0497   34.0518   34.4472   35.5470   36.7560   41.2057   42.2582
   53.8478   55.1233   57.3317   58.1889   59.8719   62.3524   64.6204   67.1397   67.4938   69.0866
   73.7750   84.8032   85.2812   86.8828
 177  1 -109.5326 -107.5411  -69.9690  -69.9617  -69.9497  -67.8827  -67.8745  -67.8653  -23.8101  -22.7555
         -12.7497  -12.5704  -12.4475  -11.1864  -10.9724  -10.4263  -10.2929   -9.5174   -8.3996   -8.2697
   -7.9836   -6.8984   -6.8031   -6.1932   -1.8741   -1.7635   -0.1219    3.8511    5.7869    7.8533
   10.8378   11.2247   12.4571   15.4501   18.4367   22.3024   22.4074   23.3966   25.9937   27.9907
   28.5771   30.1157   30.9020   33.3975   33.9077   34.4941   35.8020   37.1973   41.3062   42.4980
   53.1573   54.9106   56.7645   57.6536   60.1651   63.6062   64.6242   67.5181   68.1873   69.9810
   74.3457   84.1548   86.8059   87.6472
 178  1 -109.5324 -107.5407  -69.9690  -69.9631  -69.9504  -67.8826  -67.8761  -67.8661  -23.7500  -22.7509
         -12.7355  -12.5500  -12.3790  -11.2299  -11.0028  -10.4049  -10.3678   -9.5117   -8.4517   -8.2908
   -8.0462   -6.9604   -6.8146   -6.2147   -1.8980   -1.7306    0.1058    4.1055    5.7299    7.6754
   10.4240   11.1364   12.1059   15.1431   18.6485   22.3699   22.5054   23.3691   26.5926   28.4455
   28.8212   30.3382   30.5980   33.7706   33.9474   34.5691   36.0861   37.7220   41.4081   42.7258
   52.4640   54.7412   56.0658   57.1083   60.5798   64.5784   64.8559   67.9285   68.8675   70.9295
   74.9403   83.4130   86.7490   90.5130
 179  1 -109.5321 -107.5404  -69.9691  -69.9645  -69.9511  -67.8826  -67.8776  -67.8669  -23.6883  -22.7464
         -12.7331  -12.5270  -12.3013  -11.2748  -11.0349  -10.4442  -10.3811   -9.5093   -8.4937   -8.3081
   -8.1039   -7.0261   -6.8290   -6.2405   -1.9215   -1.6936    0.3335    4.3624    5.6717    7.5181
   10.0290   11.0376   11.7565   14.8428   18.8758   22.3938   22.6348   23.3266   27.1853   28.9038
   29.0251   30.3252   30.4258   33.6448   34.6156   34.6840   36.4011   38.3334   41.5132   42.9393
   51.7723   54.6070   55.2806   56.5563   61.0712   64.4904   66.0772   68.3658   69.5180   71.9167
   75.5713   82.5739   86.7160   94.0040
 180  1 -109.5319 -107.5401  -69.9692  -69.9657  -69.9518  -67.8827  -67.8790  -67.8677  -23.6253  -22.7420
         -12.7397  -12.5014  -12.2186  -11.3210  -11.0680  -10.5212  -10.3547   -9.5101   -8.5243   -8.3233
   -8.1566   -7.0948   -6.8465   -6.2697   -1.9439   -1.6536    0.5606    4.6210    5.6133    7.3807
    9.6588   10.9235   11.4087   14.5500   19.1190   22.4124   22.7547   23.2685   27.7644   29.1874
   29.3592   30.0902   30.4413   33.5357   34.7769   35.3795   36.7487   39.0328   41.6238   43.1367
   51.0864   54.4351   54.4984   56.0009   61.6142   64.3705   67.2416   68.8246   70.1247   72.9202
   76.2460   81.6354   86.7093   98.2641
 181  1 -109.5317 -107.5398  -69.9696  -69.9666  -69.9526  -67.8829  -67.8803  -67.8685  -23.5614  -22.7378
         -12.7533  -12.4733  -12.1338  -11.3681  -11.1012  -10.5978  -10.3255   -9.5138   -8.5444   -8.3369
   -8.2044   -7.1657   -6.8675   -6.3017   -1.9649   -1.6122    0.7869    4.8800    5.5555    7.2620
    9.3149   10.7936   11.0623   14.2656   19.3783   22.4300   22.8583   23.1962   28.3213   29.3030
   29.7934   29.9029   30.4398   33.4498   34.8947   36.1251   37.1291   39.8196   41.7429   43.3166
   50.4098   53.5499   54.4050   55.4446   62.1919   64.2318   68.3168   69.3030   70.6782   73.9114
   76.9628   80.5982   86.7255  103.4484
 182  1 -109.5315 -107.5395  -69.9702  -69.9672  -69.9534  -67.8835  -67.8811  -67.8694  -23.4971  -22.7338
         -12.7723  -12.4428  -12.0494  -11.4161  -11.1338  -10.6731  -10.2933   -9.5203   -8.5556   -8.3486
   -8.2473   -7.2380   -6.8920   -6.3358   -1.9838   -1.5705    1.0122    5.1380    5.4993    7.1607
    8.9975   10.6489   10.7171   13.9904   19.6542   22.4469   22.9429   23.1123   28.8453   29.3547
   29.7846   30.1092   30.5378   33.3956   35.0000   36.8368   37.5403   40.6915   41.8742   43.4777
   49.7460   52.6454   54.3175   54.8903   62.7902   64.0885   69.2535   69.8194   71.1756   74.8591
   77.7074   79.4672   86.7528  109.7083
 183  1 -109.5313 -107.5393  -69.9711  -69.9675  -69.9542  -67.8844  -67.8816  -67.8703  -23.4329  -22.7302
         -12.7955  -12.4100  -11.9672  -11.4647  -11.1653  -10.7461  -10.2582   -9.5291   -8.5598   -8.3581
   -8.2855   -7.3105   -6.9203   -6.3712   -2.0004   -1.5299    1.2361    5.3932    5.4459    7.0754
    8.7062   10.3729   10.4912   13.7255   19.9471   22.4629   23.0064   23.0209   29.3034   29.3458
   29.7554   30.1690   30.8829   33.3833   35.0743   37.4897   37.9778   41.6456   42.0228   43.6190
   49.0978   51.7452   54.2279   54.3401   63.3962   63.9554   69.9566   70.4449   71.6191   75.7366
   78.1847   78.5207   86.7688  117.1696
 184  1 -109.5312 -107.5390  -69.9720  -69.9677  -69.9550  -67.8855  -67.8817  -67.8712  -23.3693  -22.7268
         -12.8216  -12.3753  -11.8889  -11.5135  -11.1954  -10.8157  -10.2202   -9.5398   -8.5592   -8.3648
   -8.3192   -7.3819   -6.9524   -6.4074   -2.0142   -1.4916    1.4588    5.3960    5.6435    7.0044
    8.4404   10.0299   10.3232   13.4719   20.2573   22.4774   22.9265   23.0463   29.2444   29.7448
   29.7863   30.1368   31.3155   33.4251   35.0974   38.0674   38.4334   42.1950   42.6779   43.7396
   48.4681   50.8765   53.7963   54.1312   63.8469   63.9966   70.4528   71.1358   72.0138   76.5278
   76.9167   79.2175   86.7413  125.8972
 185  1 -109.5310 -107.5388  -69.9730  -69.9678  -69.9559  -67.8865  -67.8818  -67.8721  -23.3066  -22.7238
         -12.8494  -12.3393  -11.8160  -11.5622  -11.2241  -10.8811  -10.1796   -9.5523   -8.5559   -8.3682
   -8.3484   -7.4506   -6.9885   -6.4439   -2.0250   -1.4566    1.6802    5.3509    5.8858    6.9463
    8.1991    9.6883   10.1489   13.2309   20.5852   22.4902   22.8341   23.0601   29.1597   29.8277
   30.0902   30.0988   31.7599   33.5319   35.0514   38.5600   38.8951   42.3971   43.7834   43.8393
   47.8596   50.0690   53.2606   54.0258   63.7762   64.5780   70.8602   71.7636   72.3643   75.5364
   77.2324   79.9055   86.6353  135.8422
 186  1 -109.5309 -107.5386  -69.9738  -69.9678  -69.9567  -67.8875  -67.8819  -67.8731  -23.2454  -22.7212
         -12.8775  -12.3028  -11.7500  -11.6099  -11.2515  -10.9411  -10.1370   -9.5663   -8.5516   -8.3739
   -8.3672   -7.5149   -7.0285   -6.4802   -2.0324   -1.4257    1.9005    5.3111    6.1160    6.8997
    7.9812    9.3490    9.9736   13.0038   20.9311   22.5013   22.7481   23.0446   29.0836   29.8755
   30.0441   30.3718   32.1996   33.7096   34.9249   38.9629   39.3472   42.6344   43.9154   44.9594
   47.2752   49.3521   52.7346   53.9137   63.7552   65.1261   71.2100   72.2920   72.6728   74.0937
   77.8651   80.5213   86.4238  146.7673
 187  1 -109.5308 -107.5385  -69.9746  -69.9679  -69.9576  -67.8884  -67.8820  -67.8741  -23.1862  -22.7190
         -12.9045  -12.2671  -11.6921  -11.6555  -11.2780  -10.9951  -10.0933   -9.5811   -8.5478   -8.3947
   -8.3633   -7.5726   -7.0726   -6.5157   -2.0364   -1.3999    2.1198    5.2775    6.3282    6.8633
    7.7855    9.0132    9.8042   12.7918   21.2954   22.5105   22.6726   22.9967   29.0206   29.9222
   30.0034   30.5714   32.6242   33.9543   34.7203   39.2773   39.7699   42.9088   43.9707   46.1974
   46.7183   48.7503   52.2198   53.8008   63.7938   65.6272   71.5042   72.6039   72.7172   72.9387
   78.4506   81.0431   86.0981  158.1596
 188  1 -109.5307 -107.5383  -69.9753  -69.9679  -69.9585  -67.8892  -67.8820  -67.8750  -23.1294  -22.7173
         -12.9291  -12.2340  -11.6974  -11.6436  -11.3037  -11.0422  -10.0498   -9.5963   -8.5452   -8.4120
   -8.3563   -7.6214   -7.1206   -6.5503   -2.0366   -1.3797    2.3382    5.2505    6.5144    6.8360
    7.6106    8.6823    9.6500   12.5962   21.6779   22.5183   22.6105   22.9128   28.9714   29.9676
   29.9702   30.7102   33.0105   34.2535   34.4664   39.5089   40.1403   43.2163   44.0059   46.1939
   47.4915   48.2796   51.7174   53.6957   63.8999   66.0686   71.0838   71.7398   73.0425   73.1572
   79.0145   81.4573   85.6751  169.1642
 189  1 -109.5306 -107.5382  -69.9759  -69.9679  -69.9594  -67.8898  -67.8821  -67.8760  -23.0754  -22.7160
         -12.9501  -12.2062  -11.7330  -11.6059  -11.3285  -11.0817  -10.0083   -9.6105   -8.5439   -8.4259
   -8.3483   -7.6586   -7.1725   -6.5834   -2.0331   -1.3656    2.5560    5.2305    6.6637    6.8169
    7.4554    8.3580    9.5228   12.4182   22.0778   22.5258   22.5641   22.7903   28.9364   29.9456
   30.0122   30.8058   33.2736   34.2656   34.5903   39.6665   40.4340   43.5442   44.0247   45.7131
   47.9457   48.8332   51.2283   53.6088   64.0793   66.4405   69.5500   71.9129   73.2727   73.3224
   79.5731   81.7571   85.1990  178.6065
 190  1 -109.5304 -107.5380  -69.9763  -69.9680  -69.9603  -67.8903  -67.8822  -67.8770  -23.0246  -22.7152
         -12.9664  -12.1873  -11.7592  -11.5807  -11.3518  -11.1128   -9.9714   -9.6219   -8.5437   -8.4365
   -8.3412   -7.6817   -7.2282   -6.6149   -2.0259   -1.3579    2.7733    5.2178    6.7635    6.8055
    7.3187    8.0421    9.4359   12.2588   22.4620   22.5350   22.5660   22.6282   28.9154   29.9302
   30.0564   30.8749   33.2157   34.3401   34.9494   39.7589   40.6272   43.8562   44.0324   45.3093
   47.7454   50.2113   50.7535   53.5504   64.3360   66.7380   68.0219   72.0206   73.4120   73.4275
   80.1153   81.9407   84.7476  185.1778
 191  1 -109.5303 -107.5379  -69.9766  -69.9680  -69.9612  -67.8906  -67.8822  -67.8780  -22.9773  -22.7148
         -12.9771  -12.1806  -11.7731  -11.5703  -11.3722  -11.1348   -9.9419   -9.6282   -8.5445   -8.4442
   -8.3369   -7.6887   -7.2875   -6.6445   -2.0148   -1.3567    2.9903    5.2126    6.8011    6.8022
    7.1994    7.7361    9.4014   12.1189   22.4226   22.5196   22.5241   22.9539   28.9085   29.9242
   30.1008   30.9313   32.8984   34.6532   35.3186   39.7924   40.7016   44.0320   44.0345   45.0999
   47.6702   50.2935   51.6103   53.5279   64.6721   66.5215   66.9615   72.0609   73.4634   73.4672
   80.5725   82.0087   84.4516  187.7909
 192  1 -109.5302 -107.5378  -69.9768  -69.9680  -69.9621  -67.8908  -67.8823  -67.8789  -22.9339  -22.7150
         -12.9814  -12.1876  -11.7735  -11.5767  -11.3883  -11.1470   -9.9224   -9.6269   -8.5464   -8.4493
   -8.3362   -7.6785   -7.3501   -6.6719   -2.0001   -1.3618    3.2071    5.2148    6.7743    6.8036
    7.0964    7.4416    9.4248   11.9992   22.1827   22.5212   22.5317   23.4123   28.9157   29.9279
   30.1453   30.9852   32.5089   35.0385   35.6898   39.7695   40.6497   43.9052   44.0333   45.2503
   47.7099   49.8491   53.0035   53.5468   65.0788   65.0881   67.1173   72.0330   73.4280   73.4394
   80.8013   81.9617   84.5059  185.9713
 193  1 -109.5301 -107.5377  -69.9768  -69.9681  -69.9630  -67.8909  -67.8825  -67.8798  -22.8946  -22.7157
         -12.9787  -12.2068  -11.7627  -11.5998  -11.4003  -11.1488   -9.9137   -9.6172   -8.5497   -8.4521
   -8.3387   -7.6516   -7.4157   -6.6970   -1.9818   -1.3731    3.4238    5.2243    6.6841    6.8125
    7.0078    7.1603    9.5022   11.8999   21.9086   22.5196   22.5575   23.8925   28.9372   29.9410
   30.1899   31.0440   32.1128   35.4444   36.0579   39.6885   40.4768   43.6054   44.0272   45.6315
   47.8547   49.4205   53.5926   54.3577   63.7434   65.5831   67.2162   71.9374   73.3051   73.3456
   80.7070   81.7991   85.0450  180.0520
 194  1 -109.5300 -107.5376  -69.9768  -69.9681  -69.9639  -67.8908  -67.8827  -67.8805  -22.8596  -22.7168
         -12.9689  -12.2345  -11.7448  -11.6373  -11.4104  -11.1396   -9.9142   -9.6005   -8.5549   -8.4531
   -8.3426   -7.6098   -7.4839   -6.7196   -1.9601   -1.3902    3.6402    5.2407    6.5428    6.8192
    6.9020    6.9320    9.6225   11.8211   21.6066   22.5157   22.6009   24.3930   28.9734   29.9630
   30.2343   31.1131   31.7309   35.8577   36.4200   39.5436   40.1996   43.2766   44.0111   46.1019
   48.0964   49.0082   53.6769   55.5549   62.6165   66.1554   67.2714   71.7759   73.0919   73.1906
   80.3769   81.5203   86.0117  171.0353
 195  1 -109.5299 -107.5376  -69.9766  -69.9681  -69.9648  -67.8906  -67.8831  -67.8811  -22.8290  -22.7184
         -12.9517  -12.2672  -11.7236  -11.6863  -11.4212  -11.1194   -9.9208   -9.5794   -8.5626   -8.4528
   -8.3461   -7.5558   -7.5539   -6.7395   -1.9353   -1.4124    3.8562    5.2636    6.3630    6.6289
    6.8631    6.8680    9.7723   11.7627   21.2830   22.5098   22.6603   24.9131   29.0248   29.9932
   30.2782   31.1964   31.3702   36.2744   36.7748   39.3265   39.8412   42.9641   43.9793   46.6193
   48.4278   48.6125   53.7799   56.3767   61.9272   66.8023   67.2972   71.5514   72.7844   72.9810
   79.9410   81.1265   87.3006  160.2199
 196  1 -109.5299 -107.5375  -69.9763  -69.9681  -69.9656  -67.8903  -67.8837  -67.8815  -22.8028  -22.7204
         -12.9273  -12.3021  -11.7444  -11.7018  -11.4339  -11.0886   -9.9305   -9.5565   -8.5730   -8.4517
   -8.3475   -7.6259   -7.4912   -6.7566   -1.9076   -1.4390    4.0711    5.2921    6.1554    6.3912
    6.8151    6.8957    9.9393   11.7241   20.9440   22.5018   22.7336   25.4524   29.0922   30.0293
   30.3210   31.0321   31.2965   36.6936   37.1220   39.0282   39.4263   42.6832   43.9281   47.1700
   48.2339   48.8422   53.8923   56.4877   62.0090   67.3070   67.5207   71.2674   72.3778   72.7234
   79.4744   80.6231   88.8603  148.8240
 197  1 -109.5298 -107.5375  -69.9759  -69.9682  -69.9664  -67.8899  -67.8845  -67.8817  -22.7809  -22.7229
         -12.8963  -12.3371  -11.8101  -11.6806  -11.4489  -11.0482   -9.9409   -9.5338   -8.5861   -8.4506
   -8.3457   -7.6982   -7.4194   -6.7708   -1.8774   -1.4691    4.2838    5.3247    5.9286    6.1691
    6.7725    6.9400   10.1137   11.7045   20.5950   22.4918   22.8180   26.0100   29.1772   30.0658
   30.3624   30.7196   31.4156   37.1153   37.4618   38.6422   38.9783   42.4391   43.8553   47.7389
   47.8819   49.3326   54.0051   55.9049   62.8426   67.3126   68.3072   70.9276   71.8684   72.4223
   79.0117   80.0222   90.6825  137.7662
 198  1 -109.5298 -107.5375  -69.9754  -69.9682  -69.9672  -67.8895  -67.8852  -67.8817  -22.7634  -22.7258
         -12.8593  -12.3711  -11.8818  -11.6603  -11.4661  -10.9997   -9.9508   -9.5123   -8.6010   -8.4504
   -8.3405   -7.7701   -7.3424   -6.7820   -1.8449   -1.5020    4.4913    5.3585    5.6886    5.9683
    6.7392    6.9959   10.2881   11.7031   20.2406   22.4799   22.9096   26.5853   29.2816   30.0789
   30.4019   30.4526   31.5551   37.5391   37.7946   38.1676   38.5179   42.2308   43.7604   47.5219
   48.3571   49.8909   54.1115   54.9790   64.0744   67.3240   69.1580   70.5313   71.2578   72.0796
   78.5687   79.3431   92.7836  127.6184
 199  1 -109.5298 -107.5375  -69.9749  -69.9684  -69.9677  -67.8892  -67.8857  -67.8818  -22.7500  -22.7290
         -12.8176  -12.4032  -11.9578  -11.6405  -11.4849  -10.9449   -9.9594   -9.4925   -8.6167   -8.4525
   -8.3323   -7.8403   -7.2621   -6.7900   -1.8105   -1.5364    4.6866    5.3874    5.4399    5.8009
    6.7143    7.0646   10.4569   11.7185   19.8842   22.4663   23.0040   27.1769   29.4075   29.9730
   30.3230   30.4393   31.7161   37.5980   37.9748   38.0444   38.1384   42.0536   43.6438   47.1936
   48.9821   50.5080   53.9330   54.2138   65.4722   67.3488   70.0568   70.0696   70.5723   71.6934
   78.1527   78.6110   95.1968  118.6614
 200  1 -109.5298 -107.5375  -69.9744  -69.9689  -69.9679  -67.8891  -67.8859  -67.8817  -22.7406  -22.7326
         -12.7729  -12.4327  -12.0364  -11.6207  -11.5045  -10.8855   -9.9665   -9.4747   -8.6320   -8.4583
   -8.3217   -7.9071   -7.1802   -6.7947   -1.7748   -1.5714    4.8486    5.1856    5.4037    5.6944
    6.6970    7.1475   10.6160   11.7495   19.5286   22.4514   23.0965   27.7835   29.5573   29.7404
   30.3346   30.4748   31.8992   36.9611   37.6160   38.4038   38.4488   41.9010   43.5063   46.8813
   49.6268   51.1733   52.8730   54.3019   66.9359   67.3925   69.4011   69.9243   71.0374   71.2609
   77.7676   77.8549   97.9692  110.9721
 201  1 -109.5298 -107.5376  -69.9739  -69.9693  -69.9679  -67.8894  -67.8856  -67.8817  -22.7365  -22.7348
         -12.7276  -12.4596  -12.1148  -11.6002  -11.5241  -10.8233   -9.9722   -9.4590   -8.6457   -8.4699
   -8.3091   -7.9683   -7.0983   -6.7961   -1.7380   -1.6058    4.9221    4.9283    5.4357    5.6736
    6.6863    7.2462   10.7622   11.7945   19.1757   22.4356   23.1821   28.4032   29.4854   29.7324
   30.3772   30.5094   32.1051   36.2591   37.2003   38.7678   38.8382   41.7669   43.3489   46.5853
   50.2879   51.8303   51.8753   54.3891   67.4583   68.4197   68.4995   69.3940   70.7726   72.0626
   77.1030   77.4158  101.1611  104.5018
 202  1 -109.5299 -107.5377  -69.9737  -69.9695  -69.9678  -67.8900  -67.8850  -67.8815  -22.7406  -22.7324
         -12.6860  -12.4834  -12.1894  -11.5786  -11.5429  -10.7598   -9.9766   -9.4453   -8.6567   -8.4894
   -8.2952   -8.0218   -7.0175   -6.7941   -1.7006   -1.6385    4.6696    4.8695    5.5349    5.7234
    6.6814    7.3621   10.8936   11.8519   18.8268   22.4196   23.2569   29.0338   29.2361   29.9313
   30.4131   30.5463   32.3338   35.5171   36.8146   39.0843   39.2740   41.6460   43.1725   46.3057
   50.8257   50.9623   52.6019   54.4806   67.4424   67.5498   68.9113   69.8878   70.2419   73.1373
   76.3785   77.1000   99.1326  104.8465
 203  1 -109.5299 -107.5377  -69.9750  -69.9681  -69.9680  -67.8881  -67.8868  -67.8817  -22.7407  -22.7324
         -12.6872  -12.4829  -12.1894  -11.5771  -11.5418  -10.7597   -9.9777   -9.4460   -8.6603   -8.4897
   -8.2960   -8.0185   -7.0172   -6.7931   -1.7007   -1.6384    4.6679    4.8702    5.5347    5.7229
    6.6816    7.3637   10.8932   11.8520   18.8278   22.4193   23.2570   29.0324   29.2346   29.9310
   30.4136   30.5474   32.3345   35.5153   36.8131   39.0854   39.2765   41.6457   43.1739   46.3040
   50.8234   50.9638   52.6014   54.4812   67.4436   67.5470   68.9113   69.8875   70.2413   73.1394
   76.3769   77.1033   99.1329  104.8483
 204  1 -109.5299 -107.5377  -69.9753  -69.9680  -69.9676  -67.8876  -67.8872  -67.8818  -22.7426  -22.7323
         -12.6711  -12.4928  -12.2204  -11.5668  -11.5497  -10.7307   -9.9794   -9.4405   -8.6640   -8.5018
   -8.2894   -8.0395   -6.9811   -6.7911   -1.6837   -1.6525    4.5503    4.8191    5.5886    5.7676
    6.6811    7.4224   10.9476   11.8818   18.6709   22.4121   23.2866   29.1252   29.3220   30.0271
   30.4214   30.5672   32.4460   35.1735   36.6485   39.2286   39.4743   41.5939   43.0878   46.1823
   50.3822   51.2739   52.9366   54.5267   66.9320   67.5929   68.6992   69.9534   70.5774   73.6441
   76.0609   76.9724   97.0168  106.7097
 205  1 -109.5299 -107.5377  -69.9757  -69.9681  -69.9672  -67.8875  -67.8871  -67.8818  -22.7446  -22.7328
         -12.6582  -12.5020  -12.2484  -11.5571  -11.5561  -10.7019   -9.9809   -9.4353   -8.6669   -8.5159
   -8.2826   -8.0584   -6.9457   -6.7885   -1.6667   -1.6659    4.4329    4.7593    5.6362    5.8291
    6.6816    7.4850   10.9986   11.9137   18.5152   22.4051   23.3130   29.0186   29.6130   30.1241
   30.4199   30.5919   32.5623   34.8346   36.4906   39.3715   39.6714   41.5437   42.9981   46.0639
   49.9515   51.5857   53.2733   54.5760   66.4023   67.6447   68.4910   69.6825   71.2343   74.1587
   75.7542   76.8498   95.0827  108.7001
 206  1 -109.5300 -107.5378  -69.9760  -69.9681  -69.9667  -67.8879  -67.8866  -67.8818  -22.7466  -22.7338
         -12.6494  -12.5106  -12.2723  -11.5639  -11.5452  -10.6733   -9.9824   -9.4306   -8.6688   -8.5321
   -8.2757   -8.0752   -6.9109   -6.7851   -1.6785   -1.6498    4.3158    4.6945    5.6759    5.9055
    6.6830    7.5517   11.0461   11.9474   18.3607   22.3983   23.3363   28.9152   29.9052   30.2178
   30.4054   30.6252   32.6833   34.5038   36.3395   39.5141   39.8675   41.4947   42.9049   45.9489
   49.5317   51.8990   53.6104   54.6300   65.8590   67.7001   68.2871   69.3981   71.8884   74.6830
   75.4572   76.7360   93.3161  110.8292
 207  1 -109.5300 -107.5378  -69.9764  -69.9681  -69.9662  -67.8883  -67.8861  -67.8819  -22.7487  -22.7354
         -12.6459  -12.5186  -12.2913  -11.5700  -11.5338  -10.6451   -9.9837   -9.4262   -8.6696   -8.5504
   -8.2688   -8.0898   -6.8768   -6.7811   -1.6903   -1.6330    4.1990    4.6267    5.7097    5.9926
    6.6852    7.6225   11.0902   11.9828   18.2075   22.3919   23.3564   28.8151   30.1980   30.3015
   30.3735   30.6738   32.8088   34.1874   36.1951   39.6564   40.0622   41.4468   42.8086   45.8371
   49.1231   52.2133   53.9471   54.6896   65.3052   67.7581   68.0886   69.1043   72.5354   75.1674
   75.2190   76.6315   91.7025  113.1072
 208  1 -109.5300 -107.5379  -69.9767  -69.9681  -69.9658  -67.8886  -67.8856  -67.8819  -22.7508  -22.7375
         -12.6488  -12.5259  -12.3042  -11.5752  -11.5220  -10.6174   -9.9849   -9.4221   -8.6693   -8.5706
   -8.2618   -8.1024   -6.8435   -6.7764   -1.7011   -1.6163    4.0826    4.5572    5.7401    6.0865
    6.6882    7.6976   11.1308   12.0198   18.0556   22.3858   23.3733   28.7184   30.3175   30.3678
   30.4922   30.7447   32.9390   33.8924   36.0573   39.7986   40.2549   41.3997   42.7091   45.7287
   48.7260   52.5283   54.2824   54.7559   64.7434   67.8111   67.9028   68.8030   73.1736   74.8911
   75.7601   76.5367   90.2282  115.5447
 209  1 -109.5301 -107.5379  -69.9771  -69.9681  -69.9653  -67.8890  -67.8850  -67.8819  -22.7529  -22.7399
         -12.6583  -12.5327  -12.3110  -11.5796  -11.5098  -10.5903   -9.9862   -9.4184   -8.6678   -8.5925
   -8.2547   -8.1132   -6.8111   -6.7711   -1.7109   -1.5998    3.9669    4.4868    5.7684    6.1851
    6.6919    7.7769   11.1679   12.0582   17.9052   22.3802   23.3871   28.6252   30.2331   30.4141
   30.7857   30.8403   33.0736   33.6268   35.9258   39.9406   40.4451   41.3533   42.6067   45.6236
   48.3406   52.8436   54.6155   54.8296   64.1763   67.6972   67.8914   68.4958   73.7985   74.6248
   76.3122   76.4523   88.8802  118.1529
 210  1 -109.5301 -107.5380  -69.9774  -69.9681  -69.9648  -67.8893  -67.8845  -67.8819  -22.7550  -22.7429
         -12.6740  -12.5389  -12.3120  -11.5829  -11.4971  -10.5639   -9.9874   -9.4151   -8.6651   -8.6159
   -8.2477   -8.1223   -6.7797   -6.7651   -1.7195   -1.5836    3.8518    4.4159    5.7955    6.2872
    6.6962    7.8605   11.2016   12.0978   17.7562   22.3750   23.3979   28.5355   30.1131   30.4439
   30.9564   31.0791   33.2125   33.3982   35.8005   40.0826   40.6321   41.3073   42.5016   45.5217
   47.9670   53.1588   54.9115   54.9457   63.6062   67.5172   67.9533   68.1841   74.2799   74.4985
   76.3787   76.8733   87.6465  120.9430
 211  1 -109.5302 -107.5380  -69.9777  -69.9681  -69.9643  -67.8897  -67.8840  -67.8819  -22.7571  -22.7461
         -12.6949  -12.5445  -12.3085  -11.5850  -11.4841  -10.5383   -9.9886   -9.4120   -8.6611   -8.6405
   -8.2407   -8.1299   -6.7584   -6.7492   -1.7270   -1.5676    3.7375    4.3449    5.8216    6.3920
    6.7011    7.9485   11.2320   12.1385   17.6086   22.3703   23.4061   28.4492   29.9536   30.4627
   31.0871   31.3719   33.2124   33.3557   35.6812   40.2245   40.8151   41.2617   42.3940   45.4230
   47.6052   53.4734   55.0024   55.2722   63.0352   67.3419   67.8697   68.0173   74.0738   75.0543
   76.3167   77.4432   86.5158  123.9264
 212  1 -109.5302 -107.5381  -69.9780  -69.9682  -69.9638  -67.8900  -67.8834  -67.8819  -22.7592  -22.7497
         -12.7199  -12.5495  -12.3016  -11.5860  -11.4706  -10.5136   -9.9898   -9.4093   -8.6660   -8.6558
   -8.2337   -8.1364   -6.7512   -6.7197   -1.7332   -1.5519    3.6240    4.2740    5.8469    6.4993
    6.7065    8.0408   11.2592   12.1800   17.4623   22.3662   23.4117   28.3664   29.7533   30.4745
   31.2279   31.6636   33.0722   33.5029   35.5678   40.3665   40.9934   41.2165   42.2843   45.3277
   47.2555   53.7869   55.1030   55.5944   62.4654   67.1731   67.5541   68.0809   73.8207   75.6497
   76.2668   78.0217   85.4781  127.1144
 213  1 -109.5303 -107.5382  -69.9784  -69.9682  -69.9633  -67.8904  -67.8829  -67.8819  -22.7613  -22.7536
         -12.7477  -12.5540  -12.2928  -11.5856  -11.4567  -10.4899   -9.9911   -9.4068   -8.6922   -8.6491
   -8.2268   -8.1418   -6.7435   -6.6913   -1.7381   -1.5366    3.5115    4.2034    5.8715    6.6088
    6.7124    8.1375   11.2833   12.2222   17.3175   22.3625   23.4152   28.2865   29.5151   30.4815
   31.3756   31.9538   32.9767   33.6540   35.4600   40.5084   41.1542   41.1832   42.1725   45.2355
   46.9178   54.0987   55.2136   55.9118   61.8986   67.0116   67.2387   68.1428   73.5667   76.2298
   76.2364   78.6086   84.5242  130.5176
 214  1 -109.5304 -107.5382  -69.9787  -69.9682  -69.9628  -67.8907  -67.8823  -67.8819  -22.7635  -22.7578
         -12.7774  -12.5580  -12.2828  -11.5839  -11.4424  -10.4673   -9.9924   -9.4045   -8.7188   -8.6411
   -8.2200   -8.1464   -6.7352   -6.6640   -1.7415   -1.5216    3.4000    4.1332    5.8955    6.7186
    6.7206    8.2384   11.3043   12.2651   17.1739   22.3592   23.4166   28.2092   29.2449   30.4852
   31.5282   32.2421   32.9219   33.8087   35.3580   40.6505   41.1228   41.3357   42.0590   45.1465
   46.5920   54.4083   55.3347   56.2238   61.3364   66.8576   66.9251   68.2021   73.3129   76.2061
   76.8115   79.2037   83.6459  134.1460
 215  1 -109.5304 -107.5383  -69.9790  -69.9682  -69.9623  -67.8910  -67.8819  -67.8818  -22.7656  -22.7622
         -12.8083  -12.5615  -12.2726  -11.5809  -11.4277  -10.4458   -9.9938   -9.4025   -8.7456   -8.6317
   -8.2133   -8.1503   -6.7264   -6.6378   -1.7436   -1.5070    3.2897    4.0636    5.9188    6.7252
    6.8345    8.3434   11.3224   12.3083   17.0314   22.3563   23.4165   28.1330   28.9507   30.4864
   31.6840   32.5276   32.9024   33.9667   35.2617   40.7925   41.0770   41.4953   41.9442   45.0607
   46.2784   54.7150   55.4665   56.5301   60.7802   66.6145   66.7113   68.2577   73.0586   76.1963
   77.3739   79.8067   82.8359  138.0081
 216  1 -109.5305 -107.5383  -69.9793  -69.9682  -69.9619  -67.8913  -67.8820  -67.8813  -22.7676  -22.7668
         -12.8398  -12.5645  -12.2627  -11.5764  -11.4126  -10.4256   -9.9952   -9.4008   -8.7725   -8.6210
   -8.2068   -8.1538   -6.7172   -6.6128   -1.7442   -1.4929    3.1807    3.9945    5.9414    6.7321
    6.9508    8.4526   11.3379   12.3518   16.8899   22.3537   23.4150   28.0542   28.6432   30.4855
   31.8415   32.8081   32.9145   34.1278   35.1712   40.9346   41.0302   41.6473   41.8282   44.9781
   45.9767   55.0178   55.6092   56.8300   60.2316   66.3082   66.5729   68.3089   72.8029   76.2009
   77.9228   80.4173   82.0880  142.1100
 217  1 -109.5305 -107.5384  -69.9795  -69.9682  -69.9614  -67.8916  -67.8820  -67.8807  -22.7715  -22.7697
         -12.8715  -12.5670  -12.2534  -11.5706  -11.3971  -10.4066   -9.9968   -9.3992   -8.7991   -8.6089
   -8.2003   -8.1568   -6.7075   -6.5889   -1.7433   -1.4792    3.0730    3.9261    5.9634    6.7392
    7.0696    8.5658   11.3507   12.3953   16.7493   22.3511   23.4124   27.9594   28.3419   30.4830
   31.9993   32.9422   33.0938   34.2915   35.0870   40.9826   41.0765   41.7117   41.7905   44.8987
   45.6870   55.3156   55.7627   57.1231   59.6921   66.0072   66.4425   68.3550   72.5449   76.2201
   78.4575   81.0352   81.3965  146.4555
 218  1 -109.5306 -107.5385  -69.9798  -69.9682  -69.9609  -67.8919  -67.8820  -67.8802  -22.7764  -22.7717
         -12.9032  -12.5692  -12.2450  -11.5635  -11.3814  -10.3891   -9.9984   -9.3978   -8.8254   -8.5956
   -8.1941   -8.1595   -6.6976   -6.5663   -1.7409   -1.4660    2.9669    3.8586    5.9847    6.7464
    7.1910    8.6827   11.3611   12.4388   16.6092   22.3484   23.4090   27.7968   28.1039   30.4790
   32.1560   32.9974   33.3680   34.4574   35.0095   40.9340   41.2175   41.5955   41.9241   44.8224
   45.4092   55.6068   55.9270   57.4088   59.1637   65.7128   66.3199   68.3954   72.2838   76.2541
   78.9773   80.7565   81.6600  151.0441
 219  1 -109.5307 -107.5385  -69.9801  -69.9682  -69.9605  -67.8922  -67.8820  -67.8797  -22.7814  -22.7737
         -12.9345  -12.5710  -12.2377  -11.5552  -11.3652  -10.3730  -10.0000   -9.3965   -8.8511   -8.5812
   -8.1880   -8.1621   -6.6873   -6.5448   -1.7369   -1.4533    2.8623    3.7919    6.0053    6.7538
    7.3151    8.8033   11.3693   12.4820   16.4695   22.3453   23.4050   27.5219   27.9781   30.4738
   32.3100   33.0682   33.6389   34.6250   34.9395   40.8843   41.3512   41.4863   42.0470   44.7492
   45.1433   55.8885   56.1018   57.6864   58.6497   65.4259   66.2053   68.4299   72.0191   76.3028
   79.4818   80.1637   82.2911  155.8708
 220  1 -109.5307 -107.5386  -69.9804  -69.9682  -69.9600  -67.8925  -67.8820  -67.8792  -22.7864  -22.7757
         -12.9653  -12.5723  -12.2314  -11.5459  -11.3489  -10.3583  -10.0017   -9.3954   -8.8761   -8.5655
   -8.1822   -8.1644   -6.6769   -6.5245   -1.7315   -1.4411    2.7595    3.7262    6.0252    6.7613
    7.4422    8.9272   11.3755   12.5249   16.3298   22.3414   23.4007   27.1990   27.9033   30.4675
   32.4594   33.1530   33.9050   34.7927   34.8790   40.8332   41.3438   41.5180   42.1586   44.6792
   44.8893   56.1547   56.2866   57.9515   58.1600   65.1476   66.0985   68.4583   71.7501   76.3659
   79.6144   79.9703   82.9279  160.9243
 221  1 -109.5308 -107.5386  -69.9806  -69.9682  -69.9596  -67.8928  -67.8820  -67.8787  -22.7914  -22.7776
         -12.9954  -12.5734  -12.2263  -11.5357  -11.3322  -10.3452  -10.0035   -9.3944   -8.9004   -8.5489
   -8.1765   -8.1667   -6.6662   -6.5055   -1.7246   -1.4295    2.6585    3.6615    6.0443    6.7688
    7.5725    9.0542   11.3797   12.5673   16.1897   22.3364   23.3962   26.8658   27.8451   30.4603
   32.6024   33.2500   34.1655   34.8239   34.9654   40.7806   41.2314   41.6549   42.2581   44.6122
   44.6469   56.3877   56.4810   57.6958   58.2200   64.8786   65.9995   68.4808   71.4766   76.4429
   79.1054   80.4423   83.5695  166.1861
 222  1 -109.5309 -107.5387  -69.9809  -69.9682  -69.9591  -67.8930  -67.8820  -67.8783  -22.7964  -22.7795
         -13.0247  -12.5741  -12.2223  -11.5247  -11.3154  -10.3337  -10.0053   -9.3935   -8.9237   -8.5313
   -8.1711   -8.1689   -6.6554   -6.4876   -1.7162   -1.4184    2.5596    3.5981    6.0627    6.7762
    7.7062    9.1840   11.3823   12.6090   16.0490   22.3296   23.3917   26.5332   27.7948   30.4523
   32.7365   33.3575   34.4198   34.7838   35.1344   40.7261   41.1146   41.7963   42.3449   44.4163
   44.5483   56.5170   56.6842   57.3493   58.4695   64.6201   65.9081   68.4977   71.1981   76.5331
   78.6337   80.8973   84.2151  171.6297
 223  1 -109.5309 -107.5388  -69.9811  -69.9683  -69.9587  -67.8933  -67.8820  -67.8778  -22.8014  -22.7813
         -13.0531  -12.5746  -12.2193  -11.5131  -11.2983  -10.3237  -10.0071   -9.3926   -8.9461   -8.5129
   -8.1711   -8.1659   -6.6446   -6.4709   -1.7064   -1.4078    2.4628    3.5360    6.0803    6.7837
    7.8434    9.3163   11.3834   12.6498   15.9072   22.3205   23.3873   26.2061   27.7497   30.4436
   32.8593   33.4745   34.6674   34.7565   35.3034   40.6696   40.9974   41.9384   42.4184   44.1973
   44.4875   56.3678   56.8954   57.2855   58.7093   64.3730   65.8242   68.5094   70.9147   76.6356
   78.1969   81.3347   84.8633  177.2187
 224  1 -109.5310 -107.5388  -69.9813  -69.9683  -69.9583  -67.8935  -67.8820  -67.8774  -22.8063  -22.7831
         -13.0805  -12.5748  -12.2173  -11.5010  -11.2812  -10.3154  -10.0090   -9.3919   -8.9673   -8.4937
   -8.1733   -8.1609   -6.6339   -6.4554   -1.6953   -1.3978    2.3684    3.4754    6.0971    6.7910
    7.9843    9.4505   11.3831   12.6897   15.7639   22.3081   23.3832   25.8877   27.7089   30.4344
   32.9680   33.5998   34.7447   34.9077   35.4710   40.6109   40.8807   42.0803   42.4785   43.9898
   44.4298   56.0036   57.1137   57.4414   58.9380   64.1384   65.7477   68.5167   70.6262   76.7490
   77.7928   81.7541   85.5128  182.9073
 225  1 -109.5310 -107.5389  -69.9816  -69.9683  -69.9579  -67.8938  -67.8820  -67.8769  -22.8112  -22.7848
         -13.1069  -12.5748  -12.2160  -11.4887  -11.2640  -10.3086  -10.0108   -9.3912   -8.9874   -8.4740
   -8.1754   -8.1563   -6.6232   -6.4410   -1.6829   -1.3884    2.2765    3.4165    6.1132    6.7981
    8.1290    9.5863   11.3817   12.7285   15.6187   22.2916   23.3795   25.5805   27.6716   30.4246
   33.0601   33.7326   34.7505   35.1400   35.6365   40.5496   40.7648   42.2216   42.5249   43.7937
   44.3751   55.5880   57.3378   57.6537   59.1546   63.9173   65.6785   68.5203   70.3327   76.8717
   77.4197   82.1550   86.1619  188.6399
 226  1 -109.5311 -107.5389  -69.9818  -69.9683  -69.9576  -67.8940  -67.8820  -67.8765  -22.8159  -22.7865
         -13.1321  -12.5746  -12.2154  -11.4764  -11.2468  -10.3033  -10.0127   -9.3905   -9.0063   -8.4538
   -8.1776   -8.1519   -6.6126   -6.4278   -1.6694   -1.3796    2.1874    3.3593    6.1284    6.8051
    8.2776    9.7230   11.3793   12.7660   15.4712   22.2698   23.3761   25.2871   27.6377   30.4146
   33.1338   33.8721   34.7751   35.3639   35.7991   40.4857   40.6501   42.3620   42.5576   43.6090
   44.3234   55.1680   57.5664   57.8759   59.3584   63.7111   65.6163   68.5212   70.0344   76.9955
   77.0827   82.5369   86.8086  194.3518
 227  1 -109.5312 -107.5390  -69.9820  -69.9683  -69.9572  -67.8942  -67.8820  -67.8761  -22.8205  -22.7880
         -13.1561  -12.5743  -12.2155  -11.4641  -11.2297  -10.2995  -10.0145   -9.3900   -9.0239   -8.4334
   -8.1798   -8.1478   -6.6023   -6.4156   -1.6549   -1.3713    2.1011    3.3040    6.1428    6.8119
    8.4303    9.8601   11.3761   12.8022   15.3212   22.2413   23.3732   25.0098   27.6067   30.4043
   33.1885   34.0174   34.8188   35.5786   35.9578   40.4189   40.5367   42.5010   42.5771   43.4354
   44.2748   54.7562   57.7979   58.0953   59.5486   63.5213   65.5609   68.5202   69.7315   76.7543
   77.1444   82.8995   87.4506  199.9712
 228  1 -109.5312 -107.5390  -69.9822  -69.9683  -69.9569  -67.8944  -67.8820  -67.8758  -22.8249  -22.7895
         -13.1789  -12.5738  -12.2160  -11.4519  -11.2128  -10.2971  -10.0162   -9.3894   -9.0402   -8.4128
   -8.1819   -8.1440   -6.5923   -6.4046   -1.6395   -1.3636    2.0180    3.2509    6.1564    6.8184
    8.5868    9.9968   11.3722   12.8369   15.1683   22.2045   23.3707   24.7511   27.5785   30.3939
   33.2250   34.1676   34.8803   35.7837   36.1119   40.3491   40.4250   42.5838   42.6380   43.2731
   44.2291   54.3577   58.0303   58.3072   59.7247   63.3493   65.5123   68.5181   69.4245   76.4635
   77.2863   83.2423   88.0851  205.4221
 229  1 -109.5313 -107.5391  -69.9823  -69.9683  -69.9566  -67.8946  -67.8820  -67.8754  -22.8291  -22.7909
         -13.2004  -12.5731  -12.2169  -11.4401  -11.1960  -10.2961  -10.0179   -9.3889   -9.0552   -8.3923
   -8.1840   -8.1405   -6.5825   -6.3945   -1.6234   -1.3565    1.9382    3.2001    6.1692    6.8247
    8.7472   10.1325   11.3679   12.8700   15.0124   22.1581   23.3687   24.5137   27.5529   30.3835
   33.2456   34.3221   34.9570   35.9786   36.2605   40.2763   40.3153   42.5784   42.7725   43.1217
   44.1865   53.9755   58.2613   58.5091   59.8863   63.1973   65.4701   68.5158   69.1136   76.1967
   77.4316   83.5648   88.7091  210.6281
 230  1 -109.5313 -107.5391  -69.9825  -69.9683  -69.9563  -67.8948  -67.8820  -67.8751  -22.8332  -22.7923
         -13.2206  -12.5724  -12.2181  -11.4288  -11.1796  -10.2962  -10.0196   -9.3884   -9.0690   -8.3720
   -8.1861   -8.1374   -6.5732   -6.3854   -1.6068   -1.3500    1.8621    3.1518    6.1811    6.8306
    8.9111   10.2662   11.3632   12.9013   14.8535   22.1004   23.3671   24.2998   27.5299   30.3733
   33.2530   34.4796   35.0456   36.1627   36.4027   40.2004   40.2081   42.5622   42.9037   42.9814
   44.1468   53.6116   58.4883   58.6997   60.0332   63.0675   65.4341   68.5138   68.7996   75.9531
   77.5780   83.8668   89.3192  215.5166
 231  1 -109.5313 -107.5392  -69.9827  -69.9683  -69.9560  -67.8949  -67.8820  -67.8748  -22.8370  -22.7935
         -13.2394  -12.5717  -12.2196  -11.4179  -11.1636  -10.2975  -10.0211   -9.3880   -9.0815   -8.3521
   -8.1881   -8.1346   -6.5644   -6.3773   -1.5899   -1.3440    1.7899    3.1062    6.1921    6.8362
    9.0782   10.3970   11.3583   12.9308   14.6915   22.0308   23.3659   24.1113   27.5092   30.3632
   33.2504   34.6392   35.1424   36.3355   36.5378   40.1036   40.1216   42.5362   42.8518   43.0310
   44.1102   53.2675   58.7080   58.8777   60.1652   62.9626   65.4039   68.4830   68.5128   75.7317
   77.7235   84.1479   89.9114  220.0237
 232  1 -109.5314 -107.5392  -69.9828  -69.9683  -69.9557  -67.8951  -67.8820  -67.8745  -22.8405  -22.7947
         -13.2568  -12.5709  -12.2211  -11.4077  -11.1482  -10.2997  -10.0226   -9.3876   -9.0927   -8.3327
   -8.1900   -8.1322   -6.5560   -6.3701   -1.5729   -1.3385    1.7218    3.0634    6.2023    6.8415
    9.2480   10.5238   11.3533   12.9584   14.5270   21.9491   23.3651   23.9491   27.4907   30.3535
   33.2405   34.7995   35.2442   36.4966   36.6649   40.0025   40.0402   42.5021   42.7331   43.1534
   44.0764   52.9448   58.9169   59.0426   60.2825   62.8854   65.3792   68.1647   68.5130   75.5316
   77.8660   84.4078   90.4817  224.0984
 233  1 -109.5314 -107.5393  -69.9830  -69.9684  -69.9555  -67.8952  -67.8820  -67.8742  -22.8438  -22.7958
         -13.2728  -12.5701  -12.2228  -11.3982  -11.1334  -10.3026  -10.0240   -9.3872   -9.1027   -8.3141
   -8.1919   -8.1302   -6.5482   -6.3638   -1.5561   -1.3336    1.6582    3.0236    6.2117    6.8463
    9.4197   10.6456   11.3484   12.9838   14.3604   21.8569   23.3645   23.8130   27.4742   30.3443
   33.2259   34.9592   35.3478   36.6454   36.7834   39.9052   39.9567   42.4615   42.6250   43.2700
   44.0457   52.6448   59.1113   59.1937   60.3856   62.8392   65.3594   67.8455   68.5145   75.3518
   78.0036   84.6461   91.0255  227.7064
 234  1 -109.5315 -107.5393  -69.9831  -69.9684  -69.9553  -67.8954  -67.8820  -67.8740  -22.8469  -22.7967
         -13.2874  -12.5693  -12.2244  -11.3894  -11.1194  -10.3061  -10.0253   -9.3868   -9.1116   -8.2964
   -8.1936   -8.1285   -6.5410   -6.3582   -1.5397   -1.3292    1.5994    2.9870    6.2201    6.8508
    9.5922   10.7611   11.3436   13.0072   14.1927   21.7566   23.3643   23.7015   27.4598   30.3355
   33.2085   35.1164   35.4504   36.7814   36.8925   39.8126   39.8719   42.4164   42.5274   43.3797
   44.0179   52.3690   59.2871   59.3306   60.4750   62.8267   65.3441   67.5265   68.5175   75.1917
   78.1344   84.8625   91.5381  230.8318
 235  1 -109.5315 -107.5393  -69.9832  -69.9684  -69.9551  -67.8955  -67.8820  -67.8738  -22.8496  -22.7976
         -13.3004  -12.5685  -12.2260  -11.3814  -11.1064  -10.3100  -10.0264   -9.3865   -9.1194   -8.2798
   -8.1952   -8.1273   -6.5344   -6.3534   -1.5241   -1.3253    1.5457    2.9538    6.2277    6.8548
    9.7641   10.8691   11.3391   13.0283   14.0252   21.6520   23.3643   23.6121   27.4472   30.3275
   33.1898   35.2692   35.5498   36.9043   36.9917   39.7253   39.7868   42.3686   42.4404   43.4816
   43.9931   52.1184   59.4411   59.4531   60.5514   62.8502   65.3327   67.2093   68.5216   75.0503
   78.2567   85.0569   92.0145  233.4772
 236  1 -109.5315 -107.5394  -69.9833  -69.9684  -69.9549  -67.8956  -67.8820  -67.8736  -22.8521  -22.7984
         -13.3120  -12.5678  -12.2275  -11.3743  -11.0944  -10.3140  -10.0274   -9.3863   -9.1261   -8.2644
   -8.1967   -8.1265   -6.5285   -6.3493   -1.5093   -1.3219    1.4973    2.9241    6.2344    6.8584
    9.9334   10.9682   11.3348   13.0471   13.8599   21.5474   23.3644   23.5416   27.4364   30.3201
   33.1711   35.4152   35.6437   37.0137   37.0804   39.6444   39.7028   42.3203   42.3638   43.5747
   43.9712   51.8943   59.5610   59.5711   60.6158   62.9102   65.3247   66.8955   68.5267   74.9272
   78.3689   85.2290   92.4497  235.6624
 237  1 -109.5315 -107.5394  -69.9834  -69.9684  -69.9547  -67.8957  -67.8820  -67.8734  -22.8542  -22.7991
         -13.3221  -12.5671  -12.2289  -11.3681  -11.0836  -10.3181  -10.0283   -9.3860   -9.1317   -8.2504
   -8.1980   -8.1260   -6.5234   -6.3459   -1.4959   -1.3190    1.4546    2.8981    6.2402    6.8616
   10.0977   11.0572   11.3310   13.0636   13.6994   21.4471   23.3646   23.4870   27.4272   30.3136
   33.1533   35.5518   35.7301   37.1093   37.1582   39.5709   39.6219   42.2735   42.2976   43.6578
   43.9522   51.6978   59.6543   59.6764   60.6690   63.0050   65.3193   66.5877   68.5324   74.8217
   78.4693   85.3785   92.8390  237.4210
 238  1 -109.5316 -107.5394  -69.9835  -69.9684  -69.9546  -67.8957  -67.8821  -67.8733  -22.8560  -22.7997
         -13.3306  -12.5665  -12.2301  -11.3627  -11.0742  -10.3219  -10.0291   -9.3858   -9.1364   -8.2381
   -8.1991   -8.1260   -6.5190   -6.3430   -1.4840   -1.3165    1.4179    2.8759    6.2451    6.8642
   10.2533   11.1347   11.3277   13.0776   13.5471   21.3552   23.3649   23.4453   27.4196   30.3079
   33.1372   35.6760   35.8071   37.1907   37.2247   39.5058   39.5462   42.2300   42.2416   43.7300
   43.9362   51.5297   59.7330   59.7581   60.7121   63.1301   65.3160   66.2895   68.5382   74.7332
   78.5567   85.5054   93.1776  238.7960
 239  1 -109.5316 -107.5394  -69.9835  -69.9684  -69.9545  -67.8958  -67.8821  -67.8732  -22.8575  -22.8002
         -13.3376  -12.5660  -12.2312  -11.3583  -11.0663  -10.3253  -10.0298   -9.3856   -9.1402   -8.2275
   -8.2001   -8.1262   -6.5153   -6.3408   -1.4738   -1.3145    1.3875    2.8575    6.2492    6.8665
   10.3957   11.1995   11.3249   13.0892   13.4079   21.2751   23.3652   23.4143   27.4135   30.3032
   33.1234   35.7844   35.8731   37.2576   37.2794   39.4504   39.4784   42.1917   42.1960   43.7905
   43.9230   51.3910   59.7972   59.8186   60.7458   63.2779   65.3143   66.0061   68.5437   74.6614
   78.6298   85.6094   93.4612  239.8349
 240  1 -109.5316 -107.5394  -69.9836  -69.9684  -69.9544  -67.8959  -67.8821  -67.8731  -22.8587  -22.8005
         -13.3431  -12.5656  -12.2320  -11.3549  -11.0600  -10.3282  -10.0303   -9.3855   -9.1431   -8.2189
   -8.2008   -8.1266   -6.5124   -6.3391   -1.4657   -1.3130    1.3635    2.8431    6.2523    6.8682
   10.5188   11.2505   11.3227   13.0982   13.2877   21.2099   23.3655   23.3919   27.4088   30.2995
   33.1122   35.8737   35.9263   37.3099   37.3223   39.4057   39.4214   42.1602   42.1605   43.8383
   43.9128   51.2824   59.8469   59.8613   60.7711   63.4362   65.3135   65.7467   68.5484   74.6060
   78.6878   85.6904   93.6860  240.5847
 241  1 -109.5316 -107.5394  -69.9836  -69.9684  -69.9543  -67.8959  -67.8821  -67.8730  -22.8596  -22.8008
         -13.3470  -12.5654  -12.2326  -11.3525  -11.0554  -10.3304  -10.0306   -9.3854   -9.1452   -8.2126
   -8.2014   -8.1270   -6.5104   -6.3379   -1.4597   -1.3119    1.3463    2.8328    6.2545    6.8694
   10.6154   11.2871   11.3211   13.1047   13.1938   21.1617   23.3657   23.3769   27.4055   30.2968
   33.1040   35.9404   35.9654   37.3474   37.3530   39.3730   39.3780   42.1351   42.1367   43.8730
   43.9055   51.2044   59.8824   59.8891   60.7887   63.5867   65.3133   65.5265   68.5521   74.5666
   78.7297   85.7483   93.8489  241.0869
 242  1 -109.5316 -107.5394  -69.9836  -69.9684  -69.9543  -67.8959  -67.8821  -67.8730  -22.8601  -22.8010
         -13.3493  -12.5652  -12.2330  -11.3510  -11.0526  -10.3317  -10.0308   -9.3853   -9.1464   -8.2086
   -8.2017   -8.1274   -6.5091   -6.3372   -1.4561   -1.3113    1.3359    2.8266    6.2559    6.8702
   10.6777   11.3090   11.3201   13.1086   13.1334   21.1321   23.3658   23.3683   27.4036   30.2952
   33.0990   35.9817   35.9893   37.3699   37.3715   39.3508   39.3530   42.1199   42.1222   43.8940
   43.9012   51.1574   59.9036   59.9047   60.7990   63.7013   65.3134   65.3713   68.5544   74.5430
   78.7551   85.7831   93.9476  241.3744
 243  1 -109.5316 -107.5394  -69.9836  -69.9684  -69.9543  -67.8959  -67.8821  -67.8730  -22.8602  -22.8010
         -13.3501  -12.5651  -12.2331  -11.3505  -11.0516  -10.3321  -10.0309   -9.3853   -9.1468   -8.2073
   -8.2018   -8.1275   -6.5087   -6.3369   -1.4549   -1.3111    1.3324    2.8245    6.2563    6.8704
   10.6993   11.3163   11.3197   13.1099   13.1125   21.1222   23.3655   23.3659   27.4029   30.2946
   33.0974   35.9957   35.9974   37.3774   37.3777   39.3415   39.3462   42.1149   42.1173   43.8997
   43.9011   51.1417   59.9097   59.9107   60.8024   63.7454   65.3134   65.3137   68.5552   74.5352
   78.7636   85.7947   93.9806  241.4678
 244  1 -109.5316 -107.5394  -69.9836  -69.9684  -69.9543  -67.8959  -67.8821  -67.8729  -22.8602  -22.8039
         -13.3446  -12.5649  -12.2351  -11.3514  -11.0514  -10.3341  -10.0280   -9.3876   -9.1478   -8.2058
   -8.2017   -8.1281   -6.5066   -6.3364   -1.4563   -1.3128    1.3318    2.8307    6.2607    6.8705
   10.6472   11.3231   11.3271   13.1091   13.1629   21.1315   23.3587   23.3591   27.4049   30.2927
   33.0924   35.9282   35.9298   37.3453   37.3483   39.4060   39.4106   42.1294   42.1325   43.8907
   43.9136   51.1048   59.5855   59.5864   60.7924   63.7387   65.6585   65.6590   68.5503   74.4969
   78.5901   85.7657   94.0743  240.2489
 245  1 -109.5316 -107.5394  -69.9834  -69.9684  -69.9542  -67.8957  -67.8820  -67.8729  -22.8601  -22.8125
         -13.3283  -12.5640  -12.2409  -11.3544  -11.0505  -10.3398  -10.0197   -9.3942   -9.1508   -8.2015
   -8.2013   -8.1298   -6.5004   -6.3350   -1.4607   -1.3178    1.3301    2.8491    6.2741    6.8708
   10.5043   11.3437   11.3486   13.0989   13.3091   21.1599   23.3382   23.3386   27.4110   30.2867
   33.0773   35.7415   35.7429   37.2510   37.2644   39.5827   39.5867   42.1644   42.1736   43.8682
   43.9531   50.9960   58.7937   58.7944   60.7623   63.7184   66.5145   66.5151   68.5363   74.3830
   78.0981   85.6791   94.3228  236.6236
 246  1 -109.5316 -107.5394  -69.9832  -69.9684  -69.9542  -67.8954  -67.8820  -67.8728  -22.8598  -22.8267
         -13.3013  -12.5627  -12.2504  -11.3597  -11.0488  -10.3493  -10.0067   -9.4042   -9.1558   -8.2012
   -8.1938   -8.1325   -6.4900   -6.3327   -1.4678   -1.3262    1.3267    2.8793    6.2965    6.8713
   10.2988   11.3779   11.3837   13.0821   13.5205   21.2079   23.3041   23.3044   27.4219   30.2756
   33.0522   35.4697   35.4708   37.1032   37.1355   39.8331   39.8367   42.1961   42.2284   43.8449
   44.0242   50.8217   57.7994   57.8000   60.7121   63.6848   67.6196   67.6207   68.5154   74.1966
   77.3585   85.5356   94.6453  230.7003
 247  1 -109.5316 -107.5394  -69.9829  -69.9683  -69.9541  -67.8951  -67.8820  -67.8727  -22.8595  -22.8464
         -13.2638  -12.5609  -12.2633  -11.3681  -11.0455  -10.3622   -9.9906   -9.4158   -9.1626   -8.2012
   -8.1836   -8.1358   -6.4758   -6.3295   -1.4777   -1.3377    1.3212    2.9205    6.3283    6.8718
   10.0568   11.4255   11.4321   13.0588   13.7714   21.2765   23.2562   23.2563   27.4382   30.2582
   33.0168   35.1459   35.1464   36.9135   36.9734   40.1178   40.1211   42.1937   42.2815   43.8376
   44.1328   50.5915   56.7542   56.7547   60.6418   63.6385   68.4898   68.8294   68.8305   73.9424
   76.4536   85.3368   94.9450  222.6936
 248  1 -109.5316 -107.5394  -69.9825  -69.9683  -69.9539  -67.8946  -67.8820  -67.8725  -22.8714  -22.8590
         -13.2161  -12.5587  -12.2791  -11.3803  -11.0402  -10.3783   -9.9735   -9.4267   -9.1712   -8.2017
   -8.1709   -8.1392   -6.4578   -6.3254   -1.4901   -1.3524    1.3127    2.9717    6.3698    6.8722
    9.7967   11.4863   11.4938   13.0293   14.0435   21.3670   23.1944   23.1944   27.4611   30.2324
   32.9713   34.7937   34.7938   36.6944   36.7892   40.4027   40.4059   42.1315   42.3187   43.8583
   44.2831   50.3185   55.7364   55.7369   60.5520   63.5798   68.4634   70.0736   70.0758   73.6266
   75.4556   85.0845   95.1348  212.9436
 249  1 -109.5316 -107.5394  -69.9819  -69.9683  -69.9538  -67.8941  -67.8820  -67.8724  -22.9013  -22.8585
         -13.1587  -12.5561  -12.2973  -11.3972  -11.0320  -10.3972   -9.9586   -9.4337   -9.1815   -8.2032
   -8.1558   -8.1421   -6.4364   -6.3206   -1.5049   -1.3699    1.3002    3.0318    6.4217    6.8724
    9.5304   11.5600   11.5684   12.9939   14.3252   21.4812   23.1184   23.1186   27.4915   30.1956
   32.9159   34.4283   34.4289   36.4584   36.5912   40.6588   40.6621   42.0006   42.3310   43.9049
   44.4755   50.0178   54.7947   54.7951   60.4436   63.5097   68.4373   71.3166   71.3208   73.2562
   74.4186   84.7812   95.1486  201.9029
 250  1 -109.5316 -107.5395  -69.9813  -69.9682  -69.9536  -67.8934  -67.8820  -67.8721  -22.9359  -22.8579
         -13.0920  -12.5533  -12.3175  -11.4196  -11.0204  -10.4186   -9.9492   -9.4329   -9.1933   -8.2059
   -8.1439   -8.1387   -6.4119   -6.3151   -1.5217   -1.3902    1.2826    3.0993    6.4843    6.8723
    9.2657   11.6463   11.6559   12.9529   14.6095   21.6210   23.0286   23.0290   27.5307   30.1447
   32.8513   34.0599   34.0613   36.2165   36.3849   40.8596   40.8632   41.8078   42.3155   43.9626
   44.7059   49.7060   53.9656   53.9659   60.3187   63.4290   68.4122   72.5277   72.5446   72.8387
   73.3871   84.4298   94.9446  190.0882
 251  1 -109.5316 -107.5395  -69.9807  -69.9682  -69.9534  -67.8927  -67.8820  -67.8719  -22.9748  -22.8571
         -13.0168  -12.5503  -12.3391  -11.4481  -11.0049  -10.4419   -9.9484   -9.4210   -9.2065   -8.2099
   -8.1442   -8.1197   -6.3846   -6.3089   -1.5403   -1.4129    1.2589    3.1724    6.5579    6.8717
    9.0079   11.7446   11.7557   12.9070   14.8925   21.7885   22.9250   22.9256   27.5795   30.0765
   32.7787   33.6949   33.6971   35.9789   36.1727   40.9804   40.9849   41.5664   42.2734   44.0142
   44.9682   49.4008   53.2794   53.2796   60.1802   63.3389   68.3862   72.3306   72.3823   73.7338
   73.7451   84.0334   94.5031  178.0133
 252  1 -109.5316 -107.5395  -69.9799  -69.9682  -69.9531  -67.8918  -67.8820  -67.8716  -23.0176  -22.8563
         -12.9336  -12.5473  -12.3615  -11.4830  -10.9853  -10.4668   -9.9579   -9.3962   -9.2210   -8.2149
   -8.1429   -8.0990   -6.3550   -6.3021   -1.5603   -1.4378    1.2278    3.2495    6.6425    6.8711
    8.7612   11.8544   11.8676   12.8567   15.1723   21.9855   22.8080   22.8088   27.6388   29.9874
   32.6998   33.3370   33.3400   35.7543   35.9552   41.0005   41.0069   41.2889   42.2080   44.0461
   45.2556   49.1196   52.7601   52.7601   60.0321   63.2408   68.3551   71.3364   71.8937   74.8794
   74.8844   83.5954   93.8240  166.1291
 253  1 -109.5317 -107.5395  -69.9790  -69.9682  -69.9529  -67.8909  -67.8820  -67.8713  -23.0640  -22.8553
         -12.8434  -12.5444  -12.3841  -11.5245  -10.9616  -10.4928   -9.9771   -9.3586   -9.2367   -8.2202
   -8.1400   -8.0768   -6.3237   -6.2949   -1.5815   -1.4647    1.1882    3.3283    6.7346    6.8736
    8.5291   11.9747   11.9911   12.8030   15.4482   22.2135   22.6781   22.6791   27.7093   29.8741
   32.6170   32.9884   32.9920   35.5500   35.7312   40.9018   40.9175   40.9899   42.1226   44.0508
   45.5624   48.8798   52.4216   52.4216   59.8791   63.1360   68.3117   70.3699   71.3814   75.9751
   75.9788   83.1195   92.9231  154.7859
 254  1 -109.5317 -107.5395  -69.9781  -69.9682  -69.9526  -67.8899  -67.8820  -67.8710  -23.1134  -22.8542
         -12.7473  -12.5417  -12.4063  -11.5725  -10.9336  -10.5195  -10.0042   -9.3101   -9.2534   -8.2252
   -8.1357   -8.0532   -6.2910   -6.2873   -1.6034   -1.4930    1.1390    3.4067    6.8063    6.9064
    8.3154   12.1038   12.1257   12.7475   15.7206   22.4728   22.5362   22.5374   27.7912   29.7340
   32.5332   32.6497   32.6538   35.3720   35.4983   40.6347   40.7165   40.7240   42.0207   44.0258
   45.8843   48.6986   52.2650   52.2651   59.7259   63.0262   68.2435   69.4413   70.8525   77.0170
   77.0204   82.6096   91.8271  144.2243
 255  1 -109.5317 -107.5396  -69.9771  -69.9681  -69.9523  -67.8888  -67.8821  -67.8707  -23.1655  -22.8529
         -12.6474  -12.5393  -12.4265  -11.6268  -10.9017  -10.5465  -10.0368   -9.2711   -9.2529   -8.2292
   -8.1301   -8.0282   -6.2794   -6.2577   -1.6256   -1.5226    1.0794    3.4824    6.8135    7.0121
    8.1245   12.2380   12.2710   12.6940   15.9906   22.3834   22.3847   22.7624   27.8847   29.5657
   32.3205   32.3249   32.4522   35.2244   35.2536   40.2874   40.4164   40.4186   41.9052   43.9721
   46.2183   48.5927   52.2779   52.2782   59.5772   62.9134   68.1009   68.5914   70.3141   78.0024
   78.0060   82.0695   90.5695  134.5852
 256  1 -109.5318 -107.5396  -69.9761  -69.9681  -69.9519  -67.8876  -67.8820  -67.8703  -23.2198  -22.8515
         -12.5512  -12.5374  -12.4377  -11.6870  -10.8660  -10.5733  -10.0726   -9.2895   -9.1893   -8.2315
   -8.1229   -8.0021   -6.2714   -6.2243   -1.6477   -1.5530    1.0087    3.5529    6.7915    7.1528
    7.9621   12.3641   12.4264   12.6558   16.2594   22.2208   22.2223   23.0784   27.9898   29.3688
   31.9998   32.0041   32.3778   34.9932   35.1093   39.9165   40.0390   40.0397   41.7785   43.8931
   46.5625   48.5793   52.4383   52.4386   59.4371   62.7996   67.5422   68.1525   69.7728   78.9297
   78.9343   81.5035   89.1858  125.9310
 257  1 -109.5318 -107.5397  -69.9750  -69.9681  -69.9516  -67.8864  -67.8820  -67.8699  -23.2759  -22.8500
         -12.5361  -12.5042  -12.3952  -11.7526  -10.8266  -10.5996  -10.1100   -9.3086   -9.1211   -8.2316
   -8.1140   -7.9746   -6.2633   -6.1914   -1.6692   -1.5838    0.9263    3.6152    6.7512    7.3144
    7.8347   12.4317   12.5913   12.6830   16.5288   22.0500   22.0517   23.4145   28.1060   29.1448
   31.6855   31.6892   32.3144   34.7130   35.0270   39.5257   39.6094   39.6094   41.6429   43.7935
   46.9157   48.6752   52.7196   52.7200   59.3088   62.6874   66.7266   67.9565   69.2350   79.7955
   79.8050   80.9183   87.7097  118.2682
 258  1 -109.5319 -107.5398  -69.9738  -69.9681  -69.9512  -67.8853  -67.8819  -67.8695  -23.3334  -22.8483
         -12.5354  -12.5125  -12.2940  -11.8230  -10.7837  -10.6250  -10.1476   -9.3283   -9.0501   -8.2290
   -8.1031   -7.9459   -6.2552   -6.1596   -1.6898   -1.6146    0.8321    3.6665    6.6922    7.4951
    7.7487   12.4095   12.7650   12.8072   16.8001   21.8727   21.8745   23.7600   28.2327   28.8961
   31.3752   31.3777   32.2666   34.4086   34.9762   39.1167   39.1515   39.1519   41.5003   43.6780
   47.2779   48.8975   53.0958   53.0963   59.1947   62.5799   65.9161   67.7344   68.7066   80.2701
   80.6183   80.6476   86.1712  111.5672
 259  1 -109.5319 -107.5399  -69.9727  -69.9680  -69.9509  -67.8842  -67.8816  -67.8691  -23.3919  -22.8466
         -12.5356  -12.5297  -12.1814  -11.8975  -10.7376  -10.6494  -10.1845   -9.3484   -8.9773   -8.2234
   -8.0895   -7.9159   -6.2475   -6.1297   -1.7089   -1.6450    0.7260    3.7038    6.6163    7.6673
    7.7340   12.3526   12.9470   12.9729   17.0748   21.6906   21.6925   24.1009   28.3688   28.6261
   31.0662   31.0667   32.2388   34.0748   34.9542   38.6861   38.6874   38.6923   41.3526   43.5514
   47.6491   49.2617   53.5438   53.5443   59.0966   62.4811   65.1375   67.4535   68.1930   79.6675
   81.3750   81.3819   84.5967  105.7761
 260  1 -109.5320 -107.5400  -69.9716  -69.9678  -69.9505  -67.8835  -67.8809  -67.8686  -23.4509  -22.8446
         -12.5480  -12.5366  -12.0664  -11.9754  -10.6885  -10.6723  -10.2199   -9.3689   -8.9040   -8.2145
   -8.0725   -7.8846   -6.2401   -6.1023   -1.7262   -1.6745    0.6083    3.7238    6.5295    7.6842
    7.9362   12.2860   13.1365   13.1551   17.3542   21.5057   21.5077   24.4195   28.3387   28.5130
   30.7532   30.7558   32.2354   33.7068   34.9576   38.2305   38.2324   38.2559   41.2017   43.4177
   48.0303   49.7797   54.0443   54.0449   59.0152   62.3964   64.4006   67.0989   67.6989   79.0312
   82.0731   82.0820   83.0135  100.8291
 261  1 -109.5321 -107.5402  -69.9707  -69.9674  -69.9501  -67.8832  -67.8797  -67.8682  -23.5101  -22.8426
         -12.5662  -12.5386  -12.0558  -11.9516  -10.6938  -10.6366  -10.2533   -9.3895   -8.8309   -8.2024
   -8.0512   -7.8518   -6.2333   -6.0779   -1.7414   -1.7026    0.4796    3.7237    6.4398    7.7110
    8.1864   12.2160   13.3329   13.3474   17.6391   21.3198   21.3219   24.6964   28.0380   28.6627
   30.4343   30.4419   32.2599   33.3003   34.9826   37.7942   37.7994   37.8166   41.0491   43.2801
   48.4225   50.4558   54.5814   54.5820   58.9509   62.3334   63.7132   66.6587   67.2283   78.3832
   81.4283   82.7306   82.7335   96.6495
 262  1 -109.5323 -107.5404  -69.9700  -69.9667  -69.9497  -67.8831  -67.8783  -67.8677  -23.5691  -22.8405
         -12.5839  -12.5415  -12.1378  -11.8386  -10.7135  -10.5825  -10.2842   -9.4103   -8.7587   -8.1873
   -8.0248   -7.8175   -6.2274   -6.0571   -1.7540   -1.7289    0.3405    3.7012    6.3551    7.7646
    8.4644   12.1448   13.5354   13.5474   17.9300   21.1347   21.1370   24.9130   27.7281   28.8131
   30.1077   30.1241   32.3147   32.8530   35.0254   37.3676   37.3972   37.4012   40.8965   43.1409
   48.8272   51.2815   55.1422   55.1429   58.9034   62.3026   63.0816   66.1235   66.7844   77.7272
   79.9018   83.3283   83.3288   93.1504
 263  1 -109.5324 -107.5406  -69.9697  -69.9657  -69.9492  -67.8831  -67.8769  -67.8672  -23.6276  -22.8382
         -12.6015  -12.5454  -12.2202  -11.7289  -10.7314  -10.5272  -10.3115   -9.4309   -8.6880   -8.1692
   -7.9922   -7.7816   -6.2224   -6.0405   -1.7639   -1.7529    0.1919    3.6547    6.2809    7.8422
    8.7702   12.0738   13.7432   13.7534   18.2273   20.9523   20.9548   25.0540   27.4126   28.9528
   29.7717   29.8071   32.3631   32.4042   35.0822   36.9418   37.0315   37.0328   40.7455   43.0015
   49.2458   52.2294   55.7161   55.7169   58.8715   62.3186   62.5101   65.4888   66.3702   77.0657
   78.4537   83.8769   83.8771   90.2365
 264  1 -109.5325 -107.5408  -69.9695  -69.9645  -69.9488  -67.8831  -67.8753  -67.8668  -23.6851  -22.8359
         -12.6194  -12.5503  -12.3017  -11.6238  -10.7475  -10.4738  -10.3325   -9.4514   -8.6193   -8.1478
   -7.9529   -7.7441   -6.2188   -6.0285   -1.7741   -1.7707    0.0350    3.5840    6.2205    7.9414
    9.1046   12.0038   13.9555   13.9644   18.5307   20.7742   20.7770   25.1100   27.0950   29.0405
   29.4253   29.5206   31.8530   32.5158   35.1494   36.5337   36.7056   36.7059   40.5976   42.8627
   49.6803   53.2491   56.2944   56.2952   58.8531   61.9973   62.4033   64.7599   65.9883   76.4008
   77.1202   84.3783   84.3784   87.8095
 265  1 -109.5327 -107.5410  -69.9694  -69.9632  -69.9484  -67.8831  -67.8738  -67.8663  -23.7415  -22.8334
         -12.6387  -12.5561  -12.3805  -11.5243  -10.7617  -10.4335  -10.3364   -9.4717   -8.5533   -8.1223
   -7.9070   -7.7049   -6.2168   -6.0214   -1.7922   -1.7744   -0.1292    3.4905    6.1751    8.0604
    9.4678   11.9354   14.1714   14.1793   18.8395   20.6021   20.6054   25.0783   26.7782   28.9309
   29.0687   29.3836   31.3432   32.6562   35.2237   36.1509   36.4198   36.4203   40.4543   42.7245
   50.1323   54.2665   56.8694   56.8703   58.8441   61.5410   62.5773   63.9574   65.6411   75.7341
   75.9246   84.8346   84.8346   85.7765
 266  1 -109.5329 -107.5413  -69.9694  -69.9619  -69.9480  -67.8831  -67.8723  -67.8658  -23.7964  -22.8310
         -12.6618  -12.5627  -12.4535  -11.4314  -10.7741  -10.4256  -10.3046   -9.4915   -8.4909   -8.0911
   -7.8548   -7.6639   -6.2166   -6.0196   -1.8067   -1.7749   -0.2995    3.3766    6.1439    8.1982
    9.8593   11.8692   14.3898   14.3970   19.1524   20.4374   20.4416   24.9624   26.4649   28.6275
   28.7029   29.3253   30.9138   32.8178   35.3021   35.7969   36.1735   36.1749   40.3168   42.5863
   50.6036   55.1949   57.4350   57.4359   58.8359   61.1264   62.8592   63.1223   65.3326   74.8730
   75.0670   84.0576   85.2478   85.2478
 267  1 -109.5331 -107.5416  -69.9694  -69.9606  -69.9476  -67.8831  -67.8708  -67.8654  -23.8495  -22.8284
         -12.6927  -12.5701  -12.5161  -11.3457  -10.7848  -10.4374  -10.2504   -9.5107   -8.4335   -8.0519
   -7.7971   -7.6211   -6.2185   -6.0233   -1.8172   -1.7723   -0.4747    3.2455    6.1253    8.3537
   10.2780   11.8057   14.6099   14.6164   19.4672   20.2816   20.2878   24.7703   26.1576   28.2716
   28.3296   29.0878   30.6946   32.9957   35.3815   35.4732   35.9650   35.9678   40.1866   42.4472
   51.0959   55.9577   57.9856   57.9864   58.8090   60.7270   62.3248   63.2386   65.0722   73.9548
   74.4006   82.5897   85.6199   85.6200
 268  1 -109.5333 -107.5418  -69.9694  -69.9593  -69.9472  -67.8831  -67.8693  -67.8649  -23.9006  -22.8259
         -12.7360  -12.5781  -12.5630  -11.2676  -10.7938  -10.4533  -10.1904   -9.5294   -8.3830   -8.0021
   -7.7348   -7.5765   -6.2228   -6.0325   -1.8235   -1.7667   -0.6533    3.1008    6.1171    8.5259
   10.7220   11.7453   14.8303   14.8363   19.7775   20.1359   20.1492   24.5127   25.8583   27.8977
   27.9512   28.6216   30.7157   33.1854   35.1794   35.4587   35.7913   35.7969   40.0647   42.3061
   51.6104   56.5177   58.5166   58.5170   58.7124   60.3141   61.6680   63.6447   64.8902   73.1490
   73.7355   81.3250   85.9533   85.9533
 269  1 -109.5335 -107.5421  -69.9695  -69.9580  -69.9468  -67.8832  -67.8679  -67.8645  -23.9495  -22.8233
         -12.7916  -12.5941  -12.5865  -11.1974  -10.8013  -10.4694  -10.1296   -9.5473   -8.3405   -7.9399
   -7.6688   -7.5300   -6.2297   -6.0473   -1.8253   -1.7584   -0.8343    2.9462    6.1169    8.7138
   11.1885   11.6884   15.0499   15.0553   19.9679   20.0015   20.1395   24.2016   25.5690   27.5121
   27.5703   28.0352   30.8779   33.3829   34.9142   35.5252   35.6488   35.6653   39.9520   42.1613
   52.1482   56.8845   58.4292   59.0239   59.0250   59.9462   61.2287   63.9158   64.8709   72.4309
   73.0722   80.2284   86.2499   86.2499
 270  1 -109.5337 -107.5424  -69.9695  -69.9568  -69.9464  -67.8832  -67.8665  -67.8641  -23.9958  -22.8208
         -12.8540  -12.6142  -12.5953  -11.1348  -10.8073  -10.4843  -10.0703   -9.5644   -8.3060   -7.8648
   -7.6000   -7.4816   -6.2396   -6.0676   -1.8226   -1.7475   -1.0163    2.7853    6.1227    8.9161
   11.6354   11.6740   15.2671   15.2720   19.8711   19.8796   20.4234   23.8489   25.2913   27.1072
   27.1899   27.4206   31.1121   33.5847   34.6766   35.5129   35.5340   35.6355   39.8494   42.0112
   52.7097   57.0949   57.8726   59.5043   59.5048   59.7557   60.9799   63.9351   65.0455   71.7773
   72.4110   79.2745   86.5119   86.5120
 271  1 -109.5339 -107.5427  -69.9695  -69.9556  -69.9461  -67.8832  -67.8652  -67.8637  -24.0395  -22.8184
         -12.9181  -12.6280  -12.6043  -11.0797  -10.8122  -10.4979  -10.0137   -9.5805   -8.2787   -7.7781
   -7.5293   -7.4314   -6.2526   -6.0933   -1.8152   -1.7347   -1.1979    2.6213    6.1325    9.1312
   11.5863   12.1740   15.4802   15.4847   19.7662   19.7713   20.7182   23.4658   25.0268   26.6250
   26.8131   26.8775   31.3908   33.7873   34.4659   35.4341   35.4430   35.6905   39.7573   41.8538
   53.2949   57.0738   57.2582   59.7124   59.9549   59.9569   60.8605   63.8234   65.2306   71.1685
   71.7521   78.4442   86.7418   86.7418
 272  1 -109.5341 -107.5430  -69.9696  -69.9545  -69.9457  -67.8832  -67.8640  -67.8633  -24.0804  -22.8160
         -12.9810  -12.6382  -12.6133  -11.0316  -10.8159  -10.5099   -9.9606   -9.5957   -8.2569   -7.6819
   -7.4574   -7.3794   -6.2689   -6.1240   -1.8034   -1.7202   -1.3777    2.4570    6.1450    9.3571
   11.5415   12.6837   15.6874   15.6915   19.6736   19.6776   20.9988   23.0628   24.7770   26.0381
   26.4429   26.4579   31.7019   33.9874   34.2824   35.3664   35.3724   35.7480   39.6759   41.6868
   53.9029   56.3184   57.2494   59.7346   60.3734   60.3750   60.8376   63.6801   65.2995   70.5892
   71.0955   77.7227   86.9416   86.9416
 273  1 -109.5343 -107.5433  -69.9696  -69.9534  -69.9454  -67.8832  -67.8629  -67.8628  -24.1182  -22.8137
         -13.0409  -12.6460  -12.6221  -10.9901  -10.8188  -10.5203   -9.9117   -9.6097   -8.2393   -7.5788
   -7.3849   -7.3257   -6.2887   -6.1595   -1.7874   -1.7046   -1.5541    2.2953    6.1589    9.5912
   11.5010   13.1977   15.8864   15.8901   19.5959   19.5995   21.2564   22.6489   24.5431   25.4427
   26.0825   26.0837   32.0376   34.1280   34.1819   35.3141   35.3189   35.7999   39.6052   41.5081
   54.5318   55.5301   57.2339   59.7734   60.7582   60.7596   60.8982   63.5352   65.2284   70.0284
   70.4414   77.0981   87.1139   87.1139
 274  1 -109.5345 -107.5435  -69.9696  -69.9525  -69.9451  -67.8832  -67.8626  -67.8618  -24.1529  -22.8115
         -13.0969  -12.6521  -12.6306  -10.9546  -10.8208  -10.5292   -9.8674   -9.6227   -8.2248   -7.4713
   -7.3123   -7.2704   -6.3121   -6.1994   -1.7677   -1.7252   -1.6884    2.1386    6.1732    9.8304
   11.4648   13.7100   16.0750   16.0783   19.5342   19.5377   21.4813   22.2323   24.3265   24.8808
   25.7309   25.7354   32.3866   34.0113   34.3662   35.2753   35.2794   35.8449   39.5449   41.3150
   54.7739   55.1786   57.1945   59.8095   61.0344   61.1077   61.1092   63.3973   65.0380   69.4785
   69.7904   76.5601   87.2607   87.2608
 275  1 -109.5347 -107.5437  -69.9697  -69.9516  -69.9448  -67.8832  -67.8622  -67.8608  -24.1843  -22.8095
         -13.1483  -12.6571  -12.6387  -10.9247  -10.8223  -10.5367   -9.8279   -9.6343   -8.2129   -7.3623
   -7.2399   -7.2137   -6.3390   -6.2433   -1.8895   -1.7448   -1.6722    1.9893    6.1873   10.0709
   11.4330   14.2146   16.2504   16.2533   19.4892   19.4926   21.6590   21.8208   24.1284   24.3747
   25.3976   25.4050   32.7251   33.9511   34.5378   35.2474   35.2511   35.8829   39.4944   41.1055
   54.0671   55.8389   57.1432   59.8374   61.2369   61.4212   61.4226   63.2684   64.7670   68.9347
   69.1437   76.1001   87.3846   87.3846
 276  1 -109.5349 -107.5440  -69.9697  -69.9508  -69.9446  -67.8832  -67.8620  -67.8599  -24.2122  -22.8077
         -13.1945  -12.6611  -12.6462  -10.8998  -10.8232  -10.5427   -9.7933   -9.6448   -8.2028   -7.2550
   -7.1680   -7.1558   -6.3695   -6.2906   -2.0444   -1.7198   -1.6564    1.8498    6.2006   10.3080
   11.4054   14.7053   16.4102   16.4126   19.4607   19.4643   21.4146   21.7757   23.9484   23.9498
   25.0863   25.0953   32.9999   33.9956   34.6933   35.2284   35.2318   35.9141   39.4529   40.8779
   53.4202   56.5064   57.0893   59.8578   61.4952   61.6979   61.6994   63.1482   64.4584   68.3949
   68.5036   75.7105   87.4877   87.4877
 277  1 -109.5350 -107.5442  -69.9697  -69.9500  -69.9443  -67.8832  -67.8617  -67.8591  -24.2367  -22.8060
         -13.2352  -12.6643  -12.6529  -10.8794  -10.8238  -10.5476   -9.7635   -9.6539   -8.1945   -7.1529
   -7.0970   -7.0967   -6.4035   -6.3409   -2.1875   -1.6938   -1.6415    1.7223    6.2128   10.5361
   11.3819   15.1757   16.5517   16.5537   19.4480   19.4519   21.0262   21.8010   23.6302   23.7917
   24.8008   24.8108   33.1456   34.2026   34.8301   35.2160   35.2193   35.9390   39.4197   40.6316
   52.8414   57.0388   57.1725   59.8730   61.7996   61.9376   61.9391   63.0355   64.1508   67.8588
   67.8744   75.3848   87.5722   87.5722
 278  1 -109.5351 -107.5443  -69.9697  -69.9494  -69.9442  -67.8832  -67.8615  -67.8584  -24.2575  -22.8046
         -13.2701  -12.6669  -12.6588  -10.8630  -10.8241  -10.5513   -9.7386   -9.6617   -8.1876   -7.0607
   -7.0376   -7.0251   -6.4405   -6.3936   -2.3160   -1.6681   -1.6281    1.6092    6.2235   10.7485
   11.3625   15.6186   16.6731   16.6747   19.4491   19.4533   20.6573   21.7269   23.4367   23.6551
   24.5461   24.5562   33.1804   34.5431   34.9466   35.2085   35.2117   35.9584   39.3936   40.3688
   52.3378   56.9955   57.8250   59.8846   62.1385   62.1401   62.1445   62.9286   63.8748   67.2637
   67.3283   75.1176   87.6399   87.6399
 279  1 -109.5352 -107.5445  -69.9697  -69.9489  -69.9440  -67.8832  -67.8613  -67.8578  -24.2746  -22.8034
         -13.2990  -12.6689  -12.6638  -10.8503  -10.8242  -10.5541   -9.7184   -9.6681   -8.1820   -6.9824
   -6.9782   -6.9532   -6.4803   -6.4477   -2.4271   -1.6441   -1.6165    1.5127    6.2325   10.9380
   11.3469   16.0256   16.7728   16.7741   19.4607   19.4651   20.3144   21.5785   23.3492   23.5409
   24.3276   24.3371   33.1681   34.9359   35.0427   35.2045   35.2077   35.9729   39.3738   40.0955
   51.9156   56.9611   58.4463   59.8936   62.3055   62.3069   62.5118   62.8275   63.6500   66.6844
   66.8079   74.9045   87.6928   87.6928
 280  1 -109.5353 -107.5446  -69.9697  -69.9485  -69.9439  -67.8832  -67.8612  -67.8573  -24.2880  -22.8025
         -13.3216  -12.6704  -12.6677  -10.8408  -10.8242  -10.5561   -9.7028   -9.6731   -8.1778   -6.9199
   -6.9161   -6.8875   -6.5217   -6.5021   -2.5176   -1.6234   -1.6071    1.4349    6.2396   11.0968
   11.3350   16.3848   16.8501   16.8512   19.4782   19.4827   20.0078   21.4066   23.3240   23.4501
   24.1514   24.1590   33.1439   35.1128   35.2026   35.2050   35.3301   35.9834   39.3593   39.8254
   51.5806   56.9358   59.0102   59.9005   62.4338   62.4353   62.7354   62.8988   63.4839   66.1584
   66.3066   74.7421   87.7322   87.7322
 281  1 -109.5354 -107.5446  -69.9697  -69.9482  -69.9438  -67.8832  -67.8611  -67.8570  -24.2976  -22.8018
         -13.3378  -12.6715  -12.6706  -10.8343  -10.8242  -10.5574   -9.6918   -9.6766   -8.1747   -6.8651
   -6.8591   -6.8361   -6.5626   -6.5544   -2.5848   -1.6073   -1.6002    1.3778    6.2448   11.2170
   11.3266   16.6774   16.9050   16.9059   19.4962   19.5009   19.7540   21.2565   23.3239   23.3839
   24.0226   24.0274   33.1217   35.1648   35.2019   35.2047   35.6690   35.9904   39.3496   39.5832
   51.3376   56.9189   59.4779   59.9054   62.5254   62.5269   62.6609   63.2798   63.3737   65.7208
   65.8446   74.6279   87.7595   87.7595
 282  1 -109.5354 -107.5447  -69.9697  -69.9480  -69.9437  -67.8832  -67.8610  -67.8568  -24.3034  -22.8014
         -13.3476  -12.6724  -12.6721  -10.8304  -10.8242  -10.5581   -9.6852   -9.6788   -8.1729   -6.8197
   -6.8150   -6.8038   -6.5982   -6.5973   -2.6261   -1.5971   -1.5959    1.3429    6.2479   11.2922
   11.3216   16.8756   16.9376   16.9384   19.5095   19.5143   19.5797   21.1566   23.3287   23.3434
   23.9449   23.9466   33.1069   35.1954   35.2018   35.2047   35.9075   35.9944   39.3440   39.4073
   51.1903   56.9092   59.7965   59.9083   62.5802   62.5817   62.6120   63.3120   63.6035   65.4214
   65.4728   74.5600   87.7755   87.7755
 283  1 -109.5354 -107.5447  -69.9697  -69.9480  -69.9437  -67.8832  -67.8610  -67.8567  -24.3053  -22.8012
         -13.3509  -12.6729  -12.6723  -10.8292  -10.8241  -10.5584   -9.6830   -9.6795   -8.1723   -6.7997
   -6.7967   -6.7927   -6.6177   -6.6126   -2.6401   -1.5945   -1.5936    1.3311    6.2489   11.3178
   11.3199   16.9469   16.9485   16.9493   19.5135   19.5174   19.5192   21.1217   23.3297   23.3308
   23.9190   23.9193   33.1017   35.2018   35.2040   35.2063   35.9947   35.9957   39.3416   39.3421
   51.1410   56.9061   59.9093   59.9111   62.5949   62.5985   62.6001   63.2922   63.7466   65.3134
   65.3138   74.5375   87.7808   87.7808
   1  2 -109.5355 -107.5447  -69.9698  -69.9480  -69.9437  -67.8832  -67.8610  -67.8567  -24.3053  -22.8012
         -13.3509  -12.6730  -12.6724  -10.8292  -10.8242  -10.5584   -9.6829   -9.6795   -8.1723   -6.7997
   -6.7967   -6.7927   -6.6178   -6.6126   -2.6401   -1.5945   -1.5936    1.3311    6.2489   11.3178
   11.3199   16.9469   16.9485   16.9493   19.5135   19.5174   19.5192   21.1217   23.3297   23.3308
   23.9190   23.9193   33.1018   35.2018   35.2040   35.2063   35.9947   35.9957   39.3416   39.3421
   51.1410   56.9061   59.9093   59.9111   62.5949   62.5985   62.6001   63.2922   63.7466   65.3134
   65.3138   74.5375   87.7808   87.7808
   2  2 -109.5355 -107.5447  -69.9698  -69.9480  -69.9437  -67.8832  -67.8610  -67.8567  -24.3048  -22.8019
         -13.3496  -12.6729  -12.6723  -10.8292  -10.8241  -10.5588   -9.6832   -9.6798   -8.1726   -6.8043
   -6.8004   -6.7965   -6.6128   -6.6077   -2.6366   -1.5948   -1.5939    1.3310    6.2501   11.3195
   11.3217   16.9299   16.9446   16.9465   19.5159   19.5180   19.5298   21.1241   23.3287   23.3298
   23.9254   23.9257   33.1005   35.2018   35.2023   35.2054   35.9775   35.9785   39.3581   39.3586
   51.1317   56.9069   59.8243   59.8260   62.5905   62.5939   62.6041   63.2972   63.7449   65.4037
   65.4041   74.5279   87.7795   87.7795
   3  2 -109.5355 -107.5447  -69.9698  -69.9480  -69.9437  -67.8832  -67.8610  -67.8567  -24.3034  -22.8041
         -13.3455  -12.6726  -12.6719  -10.8289  -10.8239  -10.5599   -9.6841   -9.6807   -8.1736   -6.8169
   -6.8120   -6.8057   -6.5993   -6.5942   -2.6262   -1.5957   -1.5948    1.3306    6.2534   11.3247
   11.3268   16.8766   16.9364   16.9384   19.5123   19.5143   19.5772   21.1312   23.3255   23.3266
   23.9447   23.9449   33.0967   35.1951   35.2018   35.2051   35.9271   35.9281   39.4062   39.4067
   51.1041   56.9092   59.5851   59.5868   62.5769   62.5802   62.6167   63.3120   63.7399   65.6587
   65.6590   74.4992   87.7755   87.7755
   4  2 -109.5355 -107.5447  -69.9698  -69.9480  -69.9437  -67.8832  -67.8610  -67.8567  -24.3010  -22.8077
         -13.3387  -12.6720  -12.6714  -10.8285  -10.8234  -10.5619   -9.6857   -9.6822   -8.1753   -6.8349
   -6.8297   -6.8198   -6.5797   -6.5746   -2.6088   -1.5972   -1.5963    1.3299    6.2590   11.3333
   11.3355   16.7912   16.9228   16.9248   19.5064   19.5084   19.6526   21.1430   23.3199   23.3210
   23.9768   23.9771   33.0905   35.1824   35.2018   35.2050   35.8467   35.8475   39.4826   39.4832
   51.0584   56.9131   59.2286   59.2303   62.5541   62.5574   62.6373   63.3374   63.7314   66.0418
   66.0420   74.4516   87.7689   87.7689
   5  2 -109.5354 -107.5446  -69.9698  -69.9480  -69.9437  -67.8833  -67.8610  -67.8567  -24.2976  -22.8127
         -13.3292  -12.6712  -12.6706  -10.8278  -10.8228  -10.5646   -9.6878   -9.6844   -8.1776   -6.8560
   -6.8508   -6.8389   -6.5563   -6.5512   -2.5848   -1.5992   -1.5984    1.3289    6.2669   11.3454
   11.3475   16.6780   16.9038   16.9057   19.4989   19.5009   19.7520   21.1597   23.3115   23.3125
   24.0219   24.0221   33.0817   35.1646   35.2019   35.2051   35.7403   35.7411   39.5828   39.5834
   50.9955   56.9187   58.7932   58.7948   62.5221   62.5254   62.6653   63.3738   63.7197   66.5149
   66.5150   74.3854   87.7595   87.7595
   6  2 -109.5354 -107.5446  -69.9698  -69.9480  -69.9437  -67.8833  -67.8610  -67.8567  -24.2933  -22.8191
         -13.3170  -12.6703  -12.6696  -10.8270  -10.8220  -10.5681   -9.6905   -9.6871   -8.1806   -6.8789
   -6.8737   -6.8629   -6.5306   -6.5255   -2.5544   -1.6019   -1.6010    1.3275    6.2771   11.3608
   11.3630   16.5413   16.8791   16.8811   19.4901   19.4921   19.8712   21.1813   23.2998   23.3008
   24.0797   24.0799   33.0703   35.1416   35.2021   35.2053   35.6127   35.6135   39.7014   39.7021
   50.9161   56.9261   58.3094   58.3110   62.4809   62.4842   62.6997   63.4224   63.7046   67.0480
   67.0482   74.3010   87.7473   87.7473
   7  2 -109.5354 -107.5446  -69.9699  -69.9480  -69.9437  -67.8834  -67.8610  -67.8567  -24.2880  -22.8269
         -13.3022  -12.6691  -12.6684  -10.8261  -10.8210  -10.5725   -9.6938   -9.6904   -8.1842   -6.9028
   -6.8977   -6.8913   -6.5034   -6.4983   -2.5177   -1.6050   -1.6042    1.3256    6.2896   11.3797
   11.3819   16.3849   16.8489   16.8509   19.4807   19.4828   20.0064   21.2079   23.2846   23.2855
   24.1499   24.1501   33.0565   35.1132   35.2024   35.2056   35.4685   35.4691   39.8334   39.8340
   50.8213   56.9354   57.7989   57.8004   62.4306   62.4339   62.7394   63.4839   63.6865   67.6204
   67.6205   74.1990   87.7322   87.7322
   8  2 -109.5354 -107.5446  -69.9699  -69.9480  -69.9437  -67.8834  -67.8610  -67.8567  -24.2818  -22.8361
         -13.2847  -12.6677  -12.6671  -10.8250  -10.8199  -10.5778   -9.6977   -9.6943   -8.1885   -6.9270
   -6.9255   -6.9207   -6.4752   -6.4701   -2.4753   -1.6087   -1.6079    1.3232    6.3045   11.4020
   11.4042   16.2121   16.8131   16.8150   19.4715   19.4736   20.1547   21.2398   23.2657   23.2665
   24.2320   24.2322   33.0400   35.0795   35.2028   35.2059   35.3116   35.3122   39.9737   39.9744
   50.7126   56.9468   57.2767   57.2782   62.3710   62.3743   62.7834   63.5591   63.6656   68.2177
   68.2178   74.0801   87.7141   87.7141
   9  2 -109.5354 -107.5445  -69.9699  -69.9480  -69.9437  -67.8835  -67.8610  -67.8567  -24.2746  -22.8466
         -13.2647  -12.6661  -12.6655  -10.8237  -10.8186  -10.5839   -9.7021   -9.6987   -8.1934   -6.9620
   -6.9512   -6.9455   -6.4464   -6.4413   -2.4273   -1.6130   -1.6121    1.3202    6.3218   11.4277
   11.4298   16.0254   16.7717   16.7736   19.4631   19.4652   20.3136   21.2769   23.2429   23.2437
   24.3254   24.3255   33.0211   35.0403   35.1427   35.1431   35.2060   35.2091   40.1181   40.1189
   50.5914   56.7536   56.7552   56.9604   62.3022   62.3055   62.8304   63.6316   63.6590   68.8302
   68.8303   73.9450   87.6927   87.6928
  10  2 -109.5353 -107.5445  -69.9700  -69.9480  -69.9437  -67.8836  -67.8610  -67.8567  -24.2665  -22.8584
         -13.2422  -12.6643  -12.6637  -10.8222  -10.8172  -10.5910   -9.7070   -9.7036   -8.1989   -7.0023
   -6.9754   -6.9697   -6.4172   -6.4122   -2.3742   -1.6177   -1.6168    1.3164    6.3416   11.4567
   11.4588   15.8268   16.7247   16.7265   19.4561   19.4582   20.4813   21.3197   23.2163   23.2171
   24.4293   24.4294   32.9995   34.9697   34.9701   34.9958   35.2068   35.2099   40.2626   40.2633
   50.4595   56.2378   56.2394   56.9763   62.2242   62.2275   62.8798   63.6105   63.7577   69.4511
   69.4512   73.7944   87.6681   87.6681
  11  2 -109.5353 -107.5444  -69.9700  -69.9480  -69.9438  -67.8836  -67.8610  -67.8567  -24.2575  -22.8716
         -13.2171  -12.6624  -12.6618  -10.8207  -10.8156  -10.5990   -9.7125   -9.7090   -8.2050   -7.0458
   -6.9992   -6.9935   -6.3878   -6.3828   -2.3164   -1.6229   -1.6220    1.3118    6.3640   11.4890
   11.4911   15.6180   16.6721   16.6739   19.4513   19.4534   20.6564   21.3683   23.1859   23.1865
   24.5431   24.5431   32.9755   34.7911   34.7914   34.9457   35.2090   35.2121   40.4033   40.4041
   50.3187   55.7358   55.7374   56.9945   62.1369   62.1401   62.9307   63.5803   63.8770   70.0755
   70.0756   73.6293   87.6399   87.6399
  12  2 -109.5353 -107.5444  -69.9701  -69.9480  -69.9438  -67.8837  -67.8610  -67.8567  -24.2475  -22.8859
         -13.1897  -12.6603  -12.6597  -10.8189  -10.8138  -10.6081   -9.7183   -9.7149   -8.2118   -7.0920
   -7.0226   -7.0169   -6.3584   -6.3534   -2.2542   -1.6285   -1.6277    1.3061    6.3890   11.5245
   11.5267   15.4003   16.6142   16.6159   19.4491   19.4512   20.8377   21.4230   23.1516   23.1522
   24.6658   24.6659   32.9489   34.6093   34.6095   34.8903   35.2122   35.2153   40.5368   40.5376
   50.1710   55.2529   55.2546   57.0150   62.0403   62.0435   62.9831   63.5469   64.0095   70.6996
   70.6997   73.4505   87.6080   87.6080
  13  2 -109.5352 -107.5443  -69.9701  -69.9480  -69.9438  -67.8838  -67.8610  -67.8568  -24.2367  -22.9015
         -13.1598  -12.6581  -12.6574  -10.8171  -10.8120  -10.6183   -9.7246   -9.7212   -8.2191   -7.1403
   -7.0455   -7.0398   -6.3290   -6.3240   -2.1880   -1.6345   -1.6337    1.2994    6.4166   11.5634
   11.5655   15.1747   16.5509   16.5527   19.4499   19.4521   21.0242   21.4843   23.1135   23.1141
   24.7969   24.7969   32.9200   34.4258   34.4259   34.8296   35.2165   35.2196   40.6598   40.6606
   50.0183   54.7939   54.7956   57.0375   61.9344   61.9376   63.0367   63.5107   64.1530   71.3205
   71.3206   73.2591   87.5721   87.5721
  14  2 -109.5352 -107.5443  -69.9702  -69.9480  -69.9438  -67.8839  -67.8610  -67.8568  -24.2249  -22.9182
         -13.1277  -12.6557  -12.6550  -10.8151  -10.8100  -10.6296   -9.7313   -9.7279   -8.2269   -7.1904
   -7.0679   -7.0621   -6.2998   -6.2948   -2.1181   -1.6409   -1.6401    1.2914    6.4471   11.6054
   11.6075   14.9424   16.4827   16.4844   19.4543   19.4565   21.2149   21.5528   23.0718   23.0722
   24.9355   24.9355   32.8888   34.2415   34.2415   34.7638   35.2220   35.2251   40.7689   40.7697
   49.8629   54.3632   54.3650   57.0618   61.8192   61.8225   63.0917   63.4719   64.3045   71.9361
   71.9362   73.0558   87.5321   87.5321
  15  2 -109.5352 -107.5442  -69.9703  -69.9480  -69.9438  -67.8840  -67.8610  -67.8568  -24.2122  -22.9361
         -13.0934  -12.6531  -12.6525  -10.8129  -10.8078  -10.6422   -9.7383   -9.7349   -8.2353   -7.2419
   -7.0896   -7.0839   -6.2708   -6.2658   -2.0450   -1.6476   -1.6468    1.2821    6.4804   11.6505
   11.6526   14.7042   16.4096   16.4113   19.4624   19.4646   21.4077   21.6301   23.0263   23.0267
   25.0811   25.0811   32.8553   34.0574   34.0575   34.6930   35.2290   35.2320   40.8611   40.8618
   49.7070   53.9647   53.9665   57.0876   61.6947   61.6980   63.1481   63.4307   64.4606   72.5444
   72.5445   72.8418   87.4876   87.4877
  16  2 -109.5351 -107.5441  -69.9703  -69.9480  -69.9438  -67.8841  -67.8611  -67.8568  -24.1987  -22.9550
         -13.0569  -12.6505  -12.6499  -10.8107  -10.8056  -10.6559   -9.7457   -9.7423   -8.2443   -7.2942
   -7.1108   -7.1050   -6.2421   -6.2372   -1.9690   -1.6547   -1.6539    1.2711    6.5167   11.6988
   11.7009   14.4608   16.3319   16.3336   19.4745   19.4767   21.5963   21.7220   22.9772   22.9776
   25.2330   25.2330   32.8199   33.8741   33.8743   34.6176   35.2377   35.2407   40.9333   40.9340
   49.5526   53.6019   53.6038   57.1143   61.5610   61.5643   63.2058   63.3879   64.6172   72.6180
   73.1440   73.1441   87.4385   87.4386
  17  2 -109.5351 -107.5441  -69.9704  -69.9480  -69.9438  -67.8842  -67.8611  -67.8568  -24.1843  -22.9750
         -13.0183  -12.6478  -12.6472  -10.8084  -10.8033  -10.6710   -9.7533   -9.7499   -8.2538   -7.3470
   -7.1312   -7.1254   -6.2139   -6.2089   -1.8903   -1.6620   -1.6612    1.2585    6.5560   11.7502
   11.7523   14.2133   16.2500   16.2517   19.4907   19.4929   21.7527   21.8563   22.9246   22.9249
   25.3906   25.3907   32.7826   33.6922   33.6925   34.5378   35.2483   35.2512   40.9829   40.9836
   49.4020   53.2783   53.2803   57.1411   61.4180   61.4213   63.2626   63.3457   64.7694   72.3853
   73.7337   73.7338   87.3845   87.3846
  18  2 -109.5350 -107.5440  -69.9704  -69.9480  -69.9438  -67.8842  -67.8611  -67.8568  -24.1690  -22.9959
         -12.9778  -12.6450  -12.6444  -10.8060  -10.8009  -10.6875   -9.7612   -9.7577   -8.2639   -7.3998
   -7.1510   -7.1452   -6.1861   -6.1811   -1.8093   -1.6694   -1.6687    1.2440    6.5985   11.8045
   11.8066   13.9622   16.1642   16.1659   19.5111   19.5133   21.8665   22.0430   22.8685   22.8687
   25.5534   25.5535   32.7437   33.5122   33.5125   34.4539   35.2611   35.2640   41.0075   41.0081
   49.2575   52.9965   52.9985   57.1673   61.2658   61.2691   63.2803   63.3429   64.9123   72.1447
   74.3124   74.3125   87.3253   87.3254
  19  2 -109.5350 -107.5439  -69.9705  -69.9480  -69.9438  -67.8843  -67.8611  -67.8568  -24.1529  -23.0178
         -12.9354  -12.6422  -12.6415  -10.8035  -10.7984  -10.7055   -9.7692   -9.7657   -8.2745   -7.4524
   -7.1700   -7.1642   -6.1588   -6.1539   -1.7263   -1.6771   -1.6764    1.2276    6.6442   11.8618
   11.8639   13.7084   16.0748   16.0765   19.5357   19.5379   21.9743   22.2450   22.8090   22.8091
   25.7209   25.7210   32.7035   33.3342   33.3347   34.3663   35.2765   35.2793   41.0051   41.0056
   49.1211   52.7587   52.7608   57.1918   61.1046   61.1079   63.2371   63.4014   65.0404   71.8972
   74.8793   74.8795   87.2606   87.2607
  20  2 -109.5349 -107.5439  -69.9705  -69.9481  -69.9438  -67.8844  -67.8611  -67.8568  -24.1360  -23.0405
         -12.8912  -12.6392  -12.6386  -10.8010  -10.7958  -10.7249   -9.7773   -9.7739   -8.2856   -7.5042
   -7.1883   -7.1824   -6.1322   -6.1273   -1.6849   -1.6842   -1.6415    1.2090    6.6932   11.9221
   11.9241   13.4527   15.9822   15.9838   19.5645   19.5667   22.0867   22.4511   22.7463   22.7463
   25.8925   25.8927   32.6623   33.1586   33.1591   34.2756   35.2946   35.2975   40.9747   40.9752
   48.9951   52.5663   52.5685   57.2132   60.9343   60.9376   63.1868   63.4676   65.1484   71.6437
   75.4338   75.4340   87.1902   87.1903
  21  2 -109.5349 -107.5438  -69.9706  -69.9481  -69.9438  -67.8845  -67.8611  -67.8568  -24.1183  -23.0641
         -12.8453  -12.6363  -12.6356  -10.7984  -10.7932  -10.7459   -9.7856   -9.7822   -8.2972   -7.5550
   -7.2058   -7.1999   -6.1063   -6.1014   -1.6928   -1.6920   -1.5552    1.1882    6.7456   11.9851
   11.9872   13.1959   15.8866   15.8882   19.5974   19.5997   22.2059   22.6584   22.6802   22.6803
   26.0679   26.0681   32.6205   32.9854   32.9860   34.1820   35.3159   35.3187   40.9158   40.9162
   48.8816   52.4200   52.4223   57.2300   60.7550   60.7583   63.1342   63.5368   65.2309   71.3852
   75.9753   75.9755   87.1137   87.1138
  22  2 -109.5348 -107.5437  -69.9706  -69.9481  -69.9438  -67.8846  -67.8611  -67.8568  -24.0997  -23.0884
         -12.7979  -12.6334  -12.6327  -10.7958  -10.7906  -10.7686   -9.7939   -9.7904   -8.3094   -7.6043
   -7.2226   -7.2166   -6.0811   -6.0762   -1.7006   -1.6999   -1.4677    1.1650    6.8017   12.0510
   12.0530   12.9386   15.7883   15.7899   19.6345   19.6367   22.3324   22.6111   22.6113   22.8655
   26.2465   26.2468   32.5785   32.8147   32.8154   34.0860   35.3408   35.3435   40.8288   40.8291
   48.7827   52.3193   52.3217   57.2404   60.5670   60.5703   63.0801   63.6081   65.2834   71.1225
   76.5033   76.5035   87.0309   87.0310
  23  2 -109.5348 -107.5436  -69.9707  -69.9481  -69.9438  -67.8847  -67.8611  -67.8568  -24.0804  -23.1135
         -12.7491  -12.6304  -12.6298  -10.7943  -10.7917  -10.7879   -9.8022   -9.7987   -8.3220   -7.6520
   -7.2385   -7.2325   -6.0567   -6.0518   -1.7085   -1.7078   -1.3791    1.1392    6.8614   12.1195
   12.1215   12.6817   15.6878   15.6894   19.6755   19.6777   22.4664   22.5391   22.5393   23.0713
   26.4280   26.4283   32.5367   32.6464   32.6472   33.9881   35.3694   35.3721   40.7149   40.7152
   48.7006   52.2632   52.2657   57.2423   60.3704   60.3736   63.0248   63.6806   65.3023   70.8565
   77.0175   77.0177   86.9415   86.9416
  24  2 -109.5347 -107.5435  -69.9707  -69.9481  -69.9438  -67.8847  -67.8611  -67.8569  -24.0604  -23.1392
         -12.6989  -12.6275  -12.6268  -10.8189  -10.7905  -10.7853   -9.8104   -9.8069   -8.3351   -7.6977
   -7.2536   -7.2476   -6.0333   -6.0284   -1.7163   -1.7156   -1.2896    1.1109    6.9249   12.1907
   12.1927   12.4258   15.5853   15.5868   19.7204   19.7226   22.4642   22.4645   22.6078   23.2745
   26.6119   26.6122   32.4806   32.4815   32.4955   33.8886   35.4023   35.4050   40.5762   40.5764
   48.6372   52.2496   52.2522   57.2328   60.1652   60.1685   62.9687   63.7530   65.2855   70.5882
   77.5176   77.5179   86.8451   86.8452
  25  2 -109.5347 -107.5435  -69.9708  -69.9481  -69.9438  -67.8848  -67.8611  -67.8569  -24.0396  -23.1656
         -12.6477  -12.6247  -12.6240  -10.8466  -10.7879  -10.7827   -9.8185   -9.8150   -8.3486   -7.7410
   -7.2679   -7.2619   -6.0107   -6.0059   -1.7240   -1.7233   -1.1995    1.0799    6.9924   12.1717
   12.2645   12.2665   15.4810   15.4826   19.7690   19.7712   22.3867   22.3872   22.7563   23.4741
   26.7979   26.7982   32.3171   32.3180   32.4555   33.7882   35.4399   35.4425   40.4151   40.4153
   48.5949   52.2760   52.2786   57.2091   59.9519   59.9551   62.9121   63.8229   65.2337   70.3183
   78.0035   78.0038   86.7416   86.7417
  26  2 -109.5346 -107.5434  -69.9708  -69.9481  -69.9438  -67.8849  -67.8611  -67.8569  -24.0181  -23.1925
         -12.6219  -12.6212  -12.5954  -10.8759  -10.7853  -10.7801   -9.8264   -9.8230   -8.3625   -7.7819
   -7.2814   -7.2754   -5.9892   -5.9843   -1.7315   -1.7309   -1.1090    1.0461    7.0640   11.9201
   12.3407   12.3427   15.3752   15.3768   19.8213   19.8235   22.3068   22.3073   22.9113   23.6688
   26.9854   26.9858   32.1556   32.1566   32.4171   33.6871   35.4826   35.4851   40.2346   40.2347
   48.5756   52.3393   52.3420   57.1674   59.7305   59.7337   62.8552   63.8859   65.1514   70.0477
   78.4750   78.4753   86.6305   86.6307
  27  2 -109.5346 -107.5433  -69.9708  -69.9481  -69.9438  -67.8849  -67.8612  -67.8569  -23.9959  -23.2199
         -12.6192  -12.6185  -12.5424  -10.9069  -10.7828  -10.7775   -9.8341   -9.8307   -8.3767   -7.8201
   -7.2941   -7.2880   -5.9688   -5.9639   -1.7388   -1.7382   -1.0182    1.0094    7.1399   11.6714
   12.4194   12.4214   15.2683   15.2699   19.8771   19.8793   22.2247   22.2253   23.0723   23.8574
   27.1742   27.1746   31.9961   31.9971   32.3809   33.5857   35.5307   35.5332   40.0379   40.0379
   48.5815   52.4362   52.4389   57.1035   59.5013   59.5046   62.7983   63.9336   65.0491   69.7772
   78.9321   78.9324   86.5117   86.5119
  28  2 -109.5345 -107.5432  -69.9709  -69.9481  -69.9438  -67.8850  -67.8612  -67.8569  -23.9730  -23.2478
         -12.6165  -12.6159  -12.4887  -10.9395  -10.7803  -10.7751   -9.8415   -9.8381   -8.3911   -7.8554
   -7.3058   -7.2998   -5.9495   -5.9446   -1.7458   -1.7452   -0.9273    0.9699    7.2203   11.4265
   12.5004   12.5024   15.1604   15.1620   19.9363   19.9384   22.1405   22.1411   23.2381   24.0385
   27.3638   27.3643   31.8381   31.8392   32.3475   33.4846   35.5849   35.5872   39.8281   39.8282
   48.6147   52.5633   52.5661   57.0123   59.2647   59.2680   62.7419   63.9503   64.9470   69.5076
   79.3748   79.3751   86.3849   86.3850
  29  2 -109.5345 -107.5431  -69.9709  -69.9481  -69.9438  -67.8851  -67.8612  -67.8569  -23.9495  -23.2760
         -12.6140  -12.6133  -12.4347  -10.9736  -10.7779  -10.7727   -9.8486   -9.8452   -8.4055   -7.8878
   -7.3168   -7.3107   -5.9313   -5.9265   -1.7526   -1.7520   -0.8365    0.9274    7.3053   11.1857
   12.5837   12.5857   15.0517   15.0533   19.9987   20.0008   22.0544   22.0552   23.4078   24.2108
   27.5538   27.5543   31.6815   31.6826   32.3173   33.3842   35.6454   35.6477   39.6084   39.6086
   48.6774   52.7173   52.7202   56.8886   59.0210   59.0242   62.6861   63.9138   64.8742   69.2396
   79.8030   79.8033   86.2496   86.2498
  30  2 -109.5344 -107.5431  -69.9709  -69.9481  -69.9438  -67.8851  -67.8612  -67.8569  -23.9254  -23.3046
         -12.6117  -12.6110  -12.3805  -11.0090  -10.7757  -10.7704   -9.8554   -9.8520   -8.4199   -7.9173
   -7.3269   -7.3208   -5.9144   -5.9096   -1.7589   -1.7584   -0.7460    0.8820    7.3952   10.9497
   12.6692   12.6711   14.9425   14.9441   20.0642   20.0662   21.9667   21.9676   23.5797   24.3729
   27.7439   27.7445   31.5258   31.5270   32.2911   33.2848   35.7128   35.7150   39.3819   39.3821
   48.7717   52.8950   52.8979   56.7264   58.7705   58.7738   62.6316   63.8084   64.8554   68.9741
   80.2169   80.2173   86.1058   86.1060
  31  2 -109.5344 -107.5430  -69.9710  -69.9481  -69.9438  -67.8852  -67.8612  -67.8569  -23.9007  -23.3335
         -12.6095  -12.6088  -12.3265  -11.0456  -10.7735  -10.7682   -9.8617   -9.8583   -8.4340   -7.9437
   -7.3361   -7.3300   -5.8988   -5.8940   -1.7649   -1.7643   -0.6560    0.8336    7.4901   10.7189
   12.7567   12.7586   14.8330   14.8346   20.1326   20.1346   21.8777   21.8786   23.7523   24.5232
   27.9336   27.9342   31.3708   31.3721   32.2693   33.1869   35.7875   35.7897   39.1511   39.1514
   48.8996   53.0934   53.0963   56.5203   58.5137   58.5169   62.5787   63.6437   64.8915   68.7117
   80.6166   80.6170   85.9531   85.9533
  32  2 -109.5343 -107.5429  -69.9710  -69.9481  -69.9439  -67.8852  -67.8612  -67.8569  -23.8754  -23.3626
         -12.6074  -12.6067  -12.2731  -11.0831  -10.7715  -10.7662   -9.8676   -9.8642   -8.4477   -7.9672
   -7.3444   -7.3383   -5.8846   -5.8797   -1.7705   -1.7699   -0.5666    0.7823    7.5903   10.4937
   12.8461   12.8481   14.7233   14.7249   20.2037   20.2057   21.7875   21.7885   23.9236   24.6603
   28.1225   28.1232   31.2161   31.2174   32.2525   33.0910   35.8701   35.8721   38.9187   38.9191
   49.0630   53.3097   53.3126   56.2656   58.2510   58.2542   62.5279   63.4456   64.9679   68.4531
   81.0023   81.0026   85.7912   85.7914
  33  2 -109.5343 -107.5429  -69.9710  -69.9481  -69.9439  -67.8852  -67.8612  -67.8569  -23.8496  -23.3919
         -12.6055  -12.6048  -12.2206  -11.1211  -10.7697  -10.7643   -9.8730   -9.8696   -8.4606   -7.9879
   -7.3519   -7.3458   -5.8717   -5.8668   -1.7755   -1.7750   -0.4779    0.7281    7.6960   10.2745
   12.9374   12.9394   14.6138   14.6154   20.2775   20.2794   21.6965   21.6976   24.0914   24.7827
   28.3103   28.3110   31.0614   31.0627   32.2413   32.9975   35.9608   35.9628   38.6869   38.6873
   49.2636   53.5413   53.5443   55.9596   57.9828   57.9860   62.4799   63.2383   65.0710   68.1990
   81.3740   81.3743   85.6199   85.6201
  34  2 -109.5343 -107.5428  -69.9711  -69.9481  -69.9439  -67.8853  -67.8612  -67.8569  -23.8233  -23.4214
         -12.6038  -12.6031  -12.1696  -11.1591  -10.7680  -10.7627   -9.8779   -9.8745   -8.4727   -8.0058
   -7.3585   -7.3524   -5.8602   -5.8553   -1.7801   -1.7795   -0.3903    0.6712    7.8074   10.0616
   13.0304   13.0324   14.5045   14.5061   20.3536   20.3555   21.6049   21.6061   24.2532   24.8892
   28.4965   28.4973   30.9064   30.9077   32.2361   32.9069   36.0602   36.0621   38.4575   38.4581
   49.5027   53.7860   53.7890   55.6022   57.7097   57.7130   62.4354   63.0390   65.1928   67.9499
   81.7319   81.7322   85.4389   85.4391
  35  2 -109.5343 -107.5428  -69.9711  -69.9481  -69.9439  -67.8853  -67.8612  -67.8569  -23.7965  -23.4509
         -12.6023  -12.6016  -12.1209  -11.1965  -10.7665  -10.7612   -9.8822   -9.8787   -8.4836   -8.0210
   -7.3643   -7.3581   -5.8502   -5.8453   -1.7841   -1.7836   -0.3038    0.6115    7.9247    9.8553
   13.1249   13.1268   14.3958   14.3974   20.4319   20.4338   21.5130   21.5142   24.4067   24.9783
   28.6808   28.6816   30.7508   30.7521   32.2375   32.8199   36.1686   36.1704   38.2324   38.2330
   49.7813   54.0416   54.0447   55.1966   57.4323   57.4355   62.3953   62.8589   65.3286   67.7066
   82.0763   82.0766   85.2480   85.2482
  36  2 -109.5342 -107.5427  -69.9711  -69.9481  -69.9439  -67.8853  -67.8612  -67.8569  -23.7693  -23.4805
         -12.6011  -12.6003  -12.0754  -11.2324  -10.7652  -10.7599   -9.8858   -9.8824   -8.4932   -8.0336
   -7.3691   -7.3630   -5.8416   -5.8368   -1.7876   -1.7870   -0.2188    0.5492    8.0482    9.6558
   13.2207   13.2226   14.2879   14.2896   20.5121   20.5139   21.4212   21.4225   24.5489   25.0491
   28.8625   28.8634   30.5944   30.5957   32.2459   32.7370   36.2863   36.2879   38.0129   38.0136
   50.0995   54.3064   54.3095   54.7490   57.1511   57.1543   62.3605   62.7040   65.4758   67.4697
   82.4073   82.4076   85.0469   85.0471
  37  2 -109.5342 -107.5427  -69.9711  -69.9481  -69.9439  -67.8854  -67.8612  -67.8569  -23.7417  -23.5101
         -12.6000  -12.5993  -12.0344  -11.2656  -10.7641  -10.7588   -9.8889   -9.8855   -8.5014   -8.0438
   -7.3731   -7.3669   -5.8346   -5.8297   -1.7904   -1.7899   -0.1355    0.4847    8.1780    9.4633
   13.3172   13.3191   14.1814   14.1831   20.5937   20.5955   21.3299   21.3313   24.6771   25.1009
   29.0411   29.0420   30.4374   30.4388   32.2616   32.6588   36.4135   36.4150   37.8004   37.8012
   50.4568   54.2685   54.5786   54.5817   56.8669   56.8701   62.3322   62.5767   65.6327   67.2398
   82.7251   82.7254   84.8354   84.8357
  38  2 -109.5342 -107.5427  -69.9711  -69.9481  -69.9439  -67.8854  -67.8612  -67.8569  -23.7137  -23.5396
         -12.5992  -12.5985  -11.9993  -11.2945  -10.7633  -10.7580   -9.8913   -9.8879   -8.5078   -8.0516
   -7.3762   -7.3700   -5.8291   -5.8243   -1.7927   -1.7921   -0.0544    0.4182    8.3143    9.2778
   13.4137   13.4156   14.0772   14.0788   20.6761   20.6778   21.2400   21.2415   24.7879   25.1337
   29.2153   29.2163   30.2806   30.2819   32.2848   32.5860   36.5502   36.5516   37.5961   37.5970
   50.8517   53.7658   54.8566   54.8597   56.5802   56.5834   62.3119   62.4768   65.7978   67.0182
   83.0297   83.0300   84.6135   84.6138
  39  2 -109.5342 -107.5426  -69.9711  -69.9481  -69.9439  -67.8854  -67.8612  -67.8569  -23.6854  -23.5690
         -12.5986  -12.5979  -11.9720  -11.3173  -10.7627  -10.7574   -9.8930   -9.8896   -8.5125   -8.0571
   -7.3784   -7.3722   -5.8252   -5.8203   -1.7943   -1.7937    0.0233    0.3510    8.4574    9.0995
   13.5080   13.5100   13.9772   13.9788   20.7576   20.7591   21.1531   21.1548   24.8773   25.1490
   29.3824   29.3834   30.1261   30.1275   32.3154   32.5194   36.6959   36.6972   37.4014   37.4024
   51.2812   53.2522   55.1391   55.1422   56.2921   56.2953   62.3011   62.4025   65.9685   66.8073
   83.3209   83.3213   84.3814   84.3816
  40  2 -109.5342 -107.5426  -69.9712  -69.9481  -69.9439  -67.8854  -67.8612  -67.8569  -23.6570  -23.5980
         -12.5982  -12.5975  -11.9546  -11.3321  -10.7623  -10.7570   -9.8940   -9.8906   -8.5154   -8.0604
   -7.3797   -7.3736   -5.8228   -5.8180   -1.7953   -1.7947    0.0935    0.2871    8.6073    8.9284
   13.5928   13.5949   13.8891   13.8906   20.8323   20.8337   21.0751   21.0770   24.9387   25.1513
   29.5321   29.5330   29.9842   29.9856   32.3525   32.4604   36.8476   36.8488   37.2200   37.2211
   51.7404   52.7396   55.4245   55.4277   56.0034   56.0066   62.3018   62.3512   66.1359   66.6157
   83.5967   83.5971   84.1410   84.1413
  41  2 -109.5342 -107.5426  -69.9712  -69.9481  -69.9439  -67.8854  -67.8612  -67.8569  -23.6327  -23.6225
         -12.5981  -12.5974  -11.9485  -11.3372  -10.7622  -10.7569   -9.8944   -9.8910   -8.5164   -8.0615
   -7.3802   -7.3740   -5.8220   -5.8172   -1.7956   -1.7950    0.1319    0.2508    8.7591    8.7694
   13.6360   13.6382   13.8448   13.8462   20.8720   20.8731   21.0344   21.0364   24.9616   25.1499
   29.6109   29.6118   29.9080   29.9094   32.3831   32.4226   36.9603   36.9613   37.0974   37.0987
   52.1684   52.2932   55.6905   55.6938   55.7364   55.7395   62.3109   62.3253   66.2374   66.5060
   83.8031   83.8036   83.9465   83.9467
  42  2 -109.5342 -107.5426  -69.9711  -69.9482  -69.9439  -67.8854  -67.8613  -67.8570  -23.6312  -23.6214
         -12.6011  -12.5974  -11.9468  -11.3323  -10.7635  -10.7574   -9.8987   -9.8905   -8.5194   -8.0608
   -7.3793   -7.3704   -5.8283   -5.8225   -1.8017   -1.7944    0.1450    0.2599    8.7614    8.7713
   13.5836   13.6087   13.8409   13.8662   20.6839   20.6867   21.2321   21.2354   24.9959   25.1848
   29.6035   29.6064   29.9175   29.9202   32.3981   32.4376   36.7998   36.8015   37.2753   37.2771
   52.2447   52.3662   55.6827   55.6959   55.7335   55.7437   62.3402   62.3552   66.2473   66.5147
   83.6287   83.6321   84.0970   84.1001
  43  2 -109.5341 -107.5426  -69.9711  -69.9483  -69.9440  -67.8854  -67.8614  -67.8572  -23.6267  -23.6180
         -12.6115  -12.5959  -11.9414  -11.3178  -10.7676  -10.7586   -9.9133   -9.8874   -8.5281   -8.0585
   -7.3781   -7.3584   -5.8545   -5.8311   -1.8203   -1.7913    0.1836    0.2871    8.7681    8.7772
   13.4561   13.5216   13.8301   13.8975   20.4447   20.4494   21.5015   21.5068   25.0984   25.2888
   29.5820   29.5925   29.9427   29.9526   32.4428   32.4823   36.6025   36.6053   37.5253   37.5290
   52.4643   52.5749   55.6514   55.6849   55.7527   55.7727   62.4275   62.4445   66.2785   66.5424
   83.3766   83.3837   84.2834   84.2897
  44  2 -109.5341 -107.5425  -69.9711  -69.9486  -69.9441  -67.8853  -67.8615  -67.8574  -23.6193  -23.6123
         -12.6281  -12.5935  -11.9325  -11.2946  -10.7747  -10.7603   -9.9374   -9.8822   -8.5418   -8.0550
   -7.3768   -7.3389   -5.8980   -5.8443   -1.8490   -1.7865    0.2453    0.3318    8.7792    8.7868
   13.2805   13.3792   13.8146   13.9181   20.2142   20.2199   21.7806   21.7872   25.2672   25.4600
   29.5514   29.5708   29.9830   30.0017   32.5155   32.5549   36.4185   36.4221   37.7993   37.8051
   52.7947   52.8837   55.5967   55.6355   55.8539   55.8588   62.5715   62.5917   66.3367   66.5948
   83.0977   83.1085   84.4569   84.4663
  45  2 -109.5340 -107.5424  -69.9711  -69.9490  -69.9443  -67.8853  -67.8618  -67.8578  -23.6089  -23.6044
         -12.6500  -12.5901  -11.9201  -11.2639  -10.7844  -10.7626   -9.9706   -9.8749   -8.5594   -8.0505
   -7.3751   -7.3134   -5.9571   -5.8624   -1.8851   -1.7804    0.3272    0.3930    8.7944    8.8000
   13.0663   13.1888   13.7941   13.9249   19.9960   20.0016   22.0616   22.0685   25.4996   25.6952
   29.5151   29.5426   30.0373   30.0638   32.6137   32.6529   36.2499   36.2538   38.0964   38.1045
   53.1663   53.2200   55.5166   55.5584   56.0687   56.0957   62.7696   62.7945   66.4331   66.6829
   82.7951   82.8100   84.6174   84.6299
  46  2 -109.5339 -107.5423  -69.9710  -69.9495  -69.9446  -67.8852  -67.8621  -67.8583  -23.5957  -23.5943
         -12.6760  -12.5860  -11.9044  -11.2274  -10.7958  -10.7657  -10.0119   -9.8658   -8.5795   -8.0453
   -7.3729   -7.2837   -6.0296   -5.8853   -1.9254   -1.7735    0.4258    0.4695    8.8133    8.8165
   12.8205   12.9593   13.7673   13.9185   19.7915   19.7960   22.3380   22.3443   25.7919   25.9903
   29.4748   29.5090   30.1045   30.1373   32.7339   32.7730   36.0975   36.1014   38.4178   38.4280
   53.4731   53.4830   55.4099   55.4543   56.4991   56.5664   63.0181   63.0491   66.5864   66.8256
   82.4717   82.4909   84.7673   84.7828
  47  2 -109.5338 -107.5422  -69.9710  -69.9501  -69.9449  -67.8852  -67.8626  -67.8588  -23.5820  -23.5797
         -12.7051  -12.5812  -11.8853  -11.1875  -10.8077  -10.7702  -10.0603   -9.8550   -8.6010   -8.0399
   -7.3701   -7.2515   -6.1134   -5.9127   -1.9671   -1.7664    0.5379    0.5598    8.8354    8.8359
   12.5500   12.6998   13.7325   13.8992   19.6023   19.6049   22.6044   22.6097   26.1393   26.3399
   29.4317   29.4710   30.1837   30.2212   32.8718   32.9108   35.9621   35.9656   38.7647   38.7770
   53.6066   53.6333   55.2762   55.3228   57.2073   57.3078   63.3100   63.3486   66.8287   67.0547
   82.1329   82.1570   84.9096   84.9284
  48  2 -109.5337 -107.5420  -69.9709  -69.9508  -69.9452  -67.8851  -67.8631  -67.8594  -23.5677  -23.5610
         -12.7360  -12.5759  -11.8630  -11.1474  -10.8179  -10.7766  -10.1144   -9.8427   -8.6230   -8.0350
   -7.3667   -7.2186   -6.2061   -5.9443   -2.0079   -1.7594    0.6604    0.6623    8.8571    8.8602
   12.2614   12.4186   13.6884   13.8671   19.4290   19.4309   22.8572   22.8611   26.5356   26.7376
   29.3862   29.4295   30.2741   30.3151   33.0228   33.0618   35.8447   35.8475   39.1382   39.1524
   53.5980   53.6459   55.1156   55.1640   58.1479   58.2670   63.6318   63.6793   67.2106   67.4209
   81.7880   81.8178   85.0484   85.0710
  49  2 -109.5335 -107.5418  -69.9708  -69.9516  -69.9456  -67.8850  -67.8638  -67.8600  -23.5515  -23.5397
         -12.7679  -12.5702  -11.8377  -11.1118  -10.8224  -10.7857  -10.1722   -9.8293   -8.6447   -8.0312
   -7.3628   -7.1866   -6.3051   -5.9795   -2.0458   -1.7529    0.7750    0.7910    8.8799    8.8864
   11.9609   12.1232   13.6336   13.8218   19.2721   19.2769   23.0947   23.0970   26.9733   27.1757
   29.3389   29.3856   30.3750   30.4184   33.1821   33.2210   35.7467   35.7486   39.5393   39.5551
   53.4941   53.5514   54.9285   54.9779   59.2077   59.3352   63.9607   64.0173   67.8019   67.9945
   81.4532   81.4899   85.1894   85.2165
  50  2 -109.5334 -107.5416  -69.9707  -69.9525  -69.9459  -67.8849  -67.8646  -67.8606  -23.5333  -23.5159
         -12.7998  -12.5643  -11.8096  -11.0875  -10.8153  -10.7986  -10.2315   -9.8151   -8.6656   -8.0293
   -7.3584   -7.1569   -6.4078   -6.0177   -2.0794   -1.7471    0.8964    0.9272    8.9027    8.9127
   11.6542   11.8195   13.5673   13.7626   19.1343   19.1424   23.3170   23.3178   27.4436   27.6462
   29.2904   29.3407   30.4856   30.5307   33.3449   33.3838   35.6695   35.6705   39.9688   39.9861
   53.3239   53.3837   54.7156   54.7652   60.2635   60.3945   64.2684   64.3315   68.6675   68.8419
   81.1546   81.2007   85.3413   85.3740
  51  2 -109.5332 -107.5414  -69.9706  -69.9535  -69.9464  -67.8848  -67.8655  -67.8613  -23.5133  -23.4898
         -12.8309  -12.5585  -11.7789  -11.0801  -10.8176  -10.7912  -10.2893   -9.8004   -8.6853   -8.0300
   -7.3539   -7.1311   -6.5112   -6.0581   -2.1076   -1.7423    1.0246    1.0672    8.9240    8.9374
   11.3460   11.5131   13.4889   13.6895   19.0163   19.0278   23.5247   23.5264   27.9368   28.1406
   29.2412   29.2969   30.6049   30.6513   33.5073   33.5463   35.6144   35.6154   40.4274   40.4457
   53.1049   53.1629   54.4772   54.5262   61.2199   61.3534   64.5348   64.5988   69.8080   69.9645
   80.9347   80.9939   85.5175   85.5575
  52  2 -109.5331 -107.5412  -69.9705  -69.9546  -69.9468  -67.8847  -67.8666  -67.8619  -23.4916  -23.4615
         -12.8606  -12.5528  -11.7459  -11.0899  -10.8441  -10.7512  -10.3423   -9.7859   -8.7036   -8.0342
   -7.3500   -7.1105   -6.6125   -6.0997   -2.1298   -1.7385    1.1580    1.2093    8.9419    8.9580
   11.0410   11.2084   13.3986   13.6026   18.9177   18.9322   23.7209   23.7247   28.4403   28.6508
   29.1920   29.2595   30.7318   30.7794   33.6662   33.7054   35.5830   35.5851   40.9156   40.9344
   52.8473   52.9007   54.2138   54.2614   62.0349   62.1720   64.7575   64.8159   71.1048   71.2425
   80.8564   80.9347   85.7407   85.7898
  53  2 -109.5329 -107.5410  -69.9705  -69.9558  -69.9473  -67.8846  -67.8678  -67.8625  -23.4684  -23.4313
         -12.8883  -12.5474  -11.7109  -11.1129  -10.8807  -10.6993  -10.3870   -9.7720   -8.7205   -8.0424
   -7.3480   -7.0965   -6.7081   -6.1413   -2.1457   -1.7356    1.2951    1.3523    8.9536    8.9715
   10.7434   10.9095   13.2972   13.5029   18.8371   18.8541   23.9090   23.9152   28.9127   29.1430
   29.1696   29.2627   30.8651   30.9140   33.8197   33.8591   35.5774   35.5806   41.4336   41.4525
   52.5578   52.6046   53.9258   53.9715   62.7125   62.8548   64.9475   64.9946   72.3320   72.4479
   80.9922   81.0967   86.0466   86.1064
  54  2 -109.5328 -107.5407  -69.9704  -69.9571  -69.9478  -67.8845  -67.8691  -67.8631  -23.4437  -23.3993
         -12.9134  -12.5427  -11.6742  -11.1448  -10.9283  -10.6401  -10.4211   -9.7595   -8.7358   -8.0551
   -7.3498   -7.0905   -6.7942   -6.1818   -2.1552   -1.7338    1.4344    1.4950    8.9559    8.9735
   10.4581   10.6205   13.1865   13.3922   18.7721   18.7907   24.0920   24.1005   29.0903   29.0967
   29.5639   29.6881   31.0036   31.0543   33.9676   34.0072   35.5986   35.6029   41.9813   41.9995
   52.2422   52.2809   53.6141   53.6572   63.2728   63.4210   65.1189   65.1513   73.2584   73.3510
   81.3641   81.4971   86.4826   86.5519
  55  2 -109.5326 -107.5405  -69.9703  -69.9584  -69.9483  -67.8844  -67.8705  -67.8638  -23.4177  -23.3656
         -12.9355  -12.5387  -11.6363  -11.1831  -10.9866  -10.5766  -10.4439   -9.7490   -8.7496   -8.0727
   -7.3583   -7.0935   -6.8664   -6.2199   -2.1582   -1.7330    1.5746    1.6364    8.9445    8.9580
   10.1909   10.3454   13.0688   13.2731   18.7191   18.7385   24.2725   24.2834   29.0518   29.0756
   30.0540   30.1990   31.1473   31.2012   34.1110   34.1509   35.6472   35.6525   42.5579   42.5744
   51.9067   51.9358   53.2802   53.3202   63.7299   63.8824   65.2836   65.3010   73.7933   73.8666
   81.8657   82.0188   87.0780   87.1507
  56  2 -109.5325 -107.5403  -69.9702  -69.9597  -69.9489  -67.8843  -67.8719  -67.8644  -23.3906  -23.3306
         -12.9543  -12.5357  -11.5976  -11.2261  -11.0537  -10.5106  -10.4561   -9.7414   -8.7619   -8.0948
   -7.3766   -7.1065   -6.9206   -6.2545   -2.1552   -1.7330    1.7148    1.7756    8.9138    8.9168
    9.9494   10.0893   12.9473   13.1486   18.6742   18.6935   24.4529   24.4658   29.0103   29.0448
   30.5452   30.6865   31.3009   31.3632   34.2527   34.2929   35.7230   35.7291   43.1609   43.1748
   51.5589   51.5772   52.9265   52.9629   64.0889   64.2401   65.4466   65.4533   74.0189   74.0804
   82.3187   82.4776   87.7779   87.8455
  57  2 -109.5323 -107.5401  -69.9701  -69.9610  -69.9495  -67.8842  -67.8734  -67.8651  -23.3624  -23.2944
         -12.9695  -12.5338  -11.5587  -11.2730  -11.1267  -10.4593  -10.4433   -9.7375   -8.7728   -8.1211
   -7.4063   -7.1298   -6.9546   -6.2849   -2.1464   -1.7338    1.8538    1.9119    8.8399    8.8572
    9.7423    9.8581   12.8255   13.0226   18.6332   18.6514   24.6352   24.6495   28.9724   29.0141
   30.9887   31.1040   31.4914   31.5805   34.3967   34.4369   35.8249   35.8316   43.7854   43.7954
   51.2092   51.2156   52.5570   52.5896   64.3518   64.4935   65.6004   65.6037   74.0832   74.1397
   82.6221   82.7774   88.4233   88.4813
  58  2 -109.5322 -107.5399  -69.9700  -69.9623  -69.9501  -67.8841  -67.8749  -67.8658  -23.3333  -23.2573
         -12.9806  -12.5331  -11.5202  -11.3231  -11.2028  -10.4550  -10.3755   -9.7383   -8.7822   -8.1503
   -7.4461   -7.1636   -6.9699   -6.3109   -2.1324   -1.7353    1.9909    2.0447    8.7208    8.7680
    9.5754    9.6571   12.7071   12.8991   18.5922   18.6083   24.8208   24.8356   28.9388   28.9870
   31.2967   31.3684   31.7987   31.9313   34.5474   34.5877   35.9509   35.9581   44.4213   44.4259
   50.8662   50.8733   52.1777   52.2063   64.5257   64.6506   65.7222   65.7285   74.1158   74.1716
   82.7723   82.9222   88.8397   88.8886
  59  2 -109.5321 -107.5397  -69.9700  -69.9636  -69.9508  -67.8840  -67.8763  -67.8665  -23.3035  -23.2195
         -12.9875  -12.5338  -11.4838  -11.3760  -11.2788  -10.4446  -10.3077   -9.7446   -8.7903   -8.1812
   -7.4923   -7.2070   -6.9705   -6.3326   -2.1137   -1.7372    2.1253    2.1734    8.5625    8.6437
    9.4446    9.4884   12.5958   12.7819   18.5481   18.5612   25.0104   25.0246   28.9097   28.9643
   31.4617   31.5152   32.2252   32.3759   34.7094   34.7495   36.0986   36.1061   45.0463   45.0488
   50.5530   50.5734   51.7978   51.8231   64.6196   64.7246   65.7840   65.7966   74.2089   74.2663
   82.8006   82.9468   88.9265   88.9688
  60  2 -109.5319 -107.5396  -69.9700  -69.9649  -69.9514  -67.8839  -67.8778  -67.8673  -23.2732  -23.1814
         -12.9900  -12.5359  -11.4554  -11.4314  -11.3474  -10.4291  -10.2404   -9.7568   -8.7969   -8.2120
   -7.5417   -7.2591   -6.9609   -6.3506   -2.0909   -1.7396    2.2565    2.2978    8.3772    8.4886
    9.3369    9.3466   12.4948   12.6746   18.4989   18.5080   25.2043   25.2165   28.8853   28.9467
   31.5640   31.6120   32.6877   32.8439   34.8862   34.9259   36.2656   36.2733   45.6199   45.6303
   50.3110   50.3426   51.4330   51.4576   64.6359   64.7212   65.7719   65.7917   74.4194   74.4791
   82.7376   82.8827   88.6743   88.7126
  61  2 -109.5318 -107.5394  -69.9700  -69.9660  -69.9521  -67.8839  -67.8791  -67.8680  -23.2425  -23.1431
         -12.9880  -12.5394  -11.4889  -11.4685  -11.3739  -10.4092  -10.1739   -9.7756   -8.8021   -8.2413
   -7.5919   -7.3186   -6.9450   -6.3658   -2.0646   -1.7422    2.3842    2.4174    8.1781    8.3129
    9.2218    9.2390   12.4066   12.5798   18.4439   18.4483   25.4020   25.4105   28.8654   28.9341
   31.6348   31.6806   33.1529   33.3116   35.0792   35.1182   36.4502   36.4579   46.0867   46.1031
   50.1792   50.2108   51.1217   51.1541   64.5651   64.6322   65.6995   65.7263   74.7710   74.8328
   82.6073   82.7534   88.1402   88.1767
  62  2 -109.5317 -107.5393  -69.9702  -69.9670  -69.9529  -67.8839  -67.8804  -67.8688  -23.2116  -23.1050
         -12.9811  -12.5443  -11.5483  -11.5294  -11.3515  -10.3857  -10.1085   -9.8010   -8.8058   -8.2676
   -7.6416   -7.3840   -6.9253   -6.3790   -2.0354   -1.7448    2.5080    2.5323    7.9747    8.1266
    9.1046    9.1419   12.3325   12.4994   18.3827   18.3839   25.6026   25.6057   28.8498   28.9263
   31.6845   31.7291   33.6090   33.7693   35.2869   35.3251   36.6524   36.6598   46.3747   46.3901
   50.1219   50.1287   50.9891   51.0472   64.3906   64.4431   65.6026   65.6348   75.2597   75.3226
   82.4310   82.5794   87.4130   87.4489
  63  2 -109.5316 -107.5392  -69.9706  -69.9677  -69.9536  -67.8841  -67.8814  -67.8697  -23.1807  -23.0674
         -12.9695  -12.5503  -11.6093  -11.5973  -11.3206  -10.3590  -10.0445   -9.8326   -8.8081   -8.2902
   -7.6904   -7.4540   -6.9037   -6.3910   -2.0041   -1.7472    2.6279    2.6425    7.7728    7.9372
    8.9885    9.0409   12.2729   12.4339   18.3136   18.3208   25.8006   25.8048   28.8383   28.9230
   31.7197   31.7638   34.0475   34.2091   35.5041   35.5411   36.8749   36.8819   46.4491   46.4542
   49.9472   49.9663   51.2571   51.3313   64.1087   64.1516   65.5138   65.5483   75.8603   75.9235
   82.2322   82.3825   86.5856   86.6212
  64  2 -109.5315 -107.5391  -69.9711  -69.9681  -69.9543  -67.8845  -67.8821  -67.8705  -23.1498  -23.0305
         -12.9529  -12.5573  -11.6716  -11.6635  -11.2895  -10.3299   -9.9822   -9.8697   -8.8089   -8.3085
   -7.7383   -7.5272   -6.8817   -6.4025   -1.9713   -1.7493    2.7440    2.7481    7.5757    7.7494
    8.8708    8.9345   12.2269   12.3827   18.2439   18.2576   25.9935   26.0068   28.8305   28.9239
   31.7467   31.7908   34.4589   34.6216   35.7220   35.7571   37.1233   37.1301   46.3317   46.3418
   49.6894   49.7177   51.8917   51.9608   63.7392   63.7773   65.4438   65.4772   76.5308   76.5942
   82.0398   82.1891   85.7412   85.7749
  65  2 -109.5314 -107.5390  -69.9719  -69.9683  -69.9551  -67.8852  -67.8825  -67.8713  -23.1192  -22.9946
         -12.9314  -12.5650  -11.7351  -11.7261  -11.2597  -10.2989   -9.9266   -9.9068   -8.8081   -8.3228
   -7.7851   -7.6025   -6.8604   -6.4141   -1.9378   -1.7508    2.8494    2.8567    7.3852    7.5661
    8.7505    8.8229   12.1928   12.3441   18.1775   18.1979   26.1824   26.2068   28.8260   28.9289
   31.7718   31.8162   34.8317   34.9952   35.9303   35.9625   37.4045   37.4117   46.0869   46.1121
   49.4316   49.4639   52.7461   52.8051   63.3127   63.3488   65.3888   65.4196   77.2106   77.2754
   81.8857   82.0259   84.9574   84.9842
  66  2 -109.5313 -107.5389  -69.9727  -69.9684  -69.9559  -67.8861  -67.8826  -67.8722  -23.0891  -22.9600
         -12.9050  -12.5728  -11.7993  -11.7846  -11.2321  -10.2667   -9.9598   -9.8609   -8.8056   -8.3336
   -7.8309   -7.6787   -6.8407   -6.4261   -1.9041   -1.7515    2.9473    2.9662    7.2025    7.3890
    8.6284    8.7072   12.1682   12.3156   18.1187   18.1459   26.3652   26.4027   28.8248   28.9376
   31.8011   31.8461   35.1514   35.3153   36.1218   36.1497   37.7233   37.7319   45.7687   45.8068
   49.2082   49.2421   53.7361   53.7854   62.8550   62.8900   65.3447   65.3725   77.8155   77.8857
   81.7771   81.8892   84.3440   84.3502
  67  2 -109.5312 -107.5388  -69.9734  -69.9684  -69.9567  -67.8869  -67.8826  -67.8730  -23.0595  -22.9270
         -12.8737  -12.5802  -11.8639  -11.8387  -11.2069  -10.2341  -10.0085   -9.8046   -8.8014   -8.3416
   -7.8755   -7.7549   -6.8233   -6.4389   -1.8709   -1.7512    3.0422    3.0731    7.0284    7.2190
    8.5053    8.5889   12.1500   12.2944   18.0714   18.1054   26.5401   26.5925   28.8268   28.9500
   31.8396   31.8854   35.4011   35.5640   36.2957   36.3190   38.0799   38.0907   45.4055   45.4537
   49.0356   49.0689   54.8148   54.8562   62.3834   62.4168   65.3104   65.3356   78.2549   78.3367
   81.6111   81.6664   84.0725   84.1084
  68  2 -109.5311 -107.5388  -69.9741  -69.9684  -69.9575  -67.8877  -67.8826  -67.8739  -23.0306  -22.8957
         -12.8376  -12.5867  -11.9287  -11.8884  -11.1844  -10.2017  -10.0592   -9.7505   -8.7953   -8.3479
   -7.9185   -7.8300   -6.8087   -6.4526   -1.8389   -1.7499    3.1351    3.1783    6.8633    7.0569
    8.3827    8.4694   12.1353   12.2772   18.0394   18.0801   26.7050   26.7741   28.8319   28.9661
   31.8913   31.9378   35.5648   35.7239   36.4546   36.4751   38.4699   38.4834   45.0135   45.0694
   48.9226   48.9532   55.9506   55.9872   61.9091   61.9385   65.2880   65.3113   78.4858   78.5839
   81.2098   81.2114   84.3632   84.4341
  69  2 -109.5310 -107.5387  -69.9747  -69.9684  -69.9583  -67.8884  -67.8826  -67.8747  -23.0026  -22.8665
         -12.7968  -12.5916  -11.9932  -11.9339  -11.1649  -10.1703  -10.1110   -9.6990   -8.7874   -8.3536
   -7.9593   -7.9032   -6.7977   -6.4674   -1.8087   -1.7473    3.2270    3.2823    6.7077    6.9031
    8.2614    8.3502   12.1208   12.2607   18.0259   18.0731   26.8585   26.9457   28.8403   28.9859
   31.9584   32.0054   35.6345   35.7866   36.5972   36.6174   38.8873   38.9035   44.6038   44.6654
   48.8728   48.8990   57.1130   57.1507   61.4448   61.4643   65.2809   65.3031   78.5354   78.6523
   80.5723   80.6058   85.1456   85.2261
  70  2 -109.5309 -107.5386  -69.9753  -69.9683  -69.9591  -67.8890  -67.8826  -67.8756  -22.9755  -22.8395
         -12.7517  -12.5944  -12.0570  -11.9752  -11.1487  -10.1631  -10.1405   -9.6504   -8.7776   -8.3598
   -7.9972   -7.9734   -6.7905   -6.4833   -1.7808   -1.7434    3.3190    3.3862    6.5617    6.7581
    8.1425    8.2322   12.1038   12.2422   18.0334   18.0868   26.9990   27.1056   28.8521   29.0094
   32.0410   32.0882   35.6108   35.7544   36.7169   36.7383   39.3268   39.3455   44.1858   44.2514
   48.8856   48.9061   58.2457   58.3003   61.0227   61.0294   65.2932   65.3152   78.4423   78.5827
   79.8665   79.9264   86.2241   86.3028
  71  2 -109.5309 -107.5386  -69.9757  -69.9683  -69.9599  -67.8895  -67.8826  -67.8764  -22.9495  -22.8149
         -12.7025  -12.5944  -12.1196  -12.0126  -11.1360  -10.2148  -10.1131   -9.6052   -8.7658   -8.3678
   -8.0402   -8.0307   -6.7876   -6.5004   -1.7558   -1.7381    3.4120    3.4906    6.4255    6.6220
    8.0267    8.1164   12.0818   12.2189   18.0634   18.1227   27.1254   27.2523   28.8675   29.0368
   32.1368   32.1842   35.4976   35.6326   36.8093   36.8325   39.7838   39.8047   43.7686   43.8369
   48.9566   48.9707   59.1303   59.2446   60.7881   60.8638   65.3283   65.3510   78.1898   78.3563
   79.2005   79.2861   87.4709   87.5450
  72  2 -109.5308 -107.5385  -69.9761  -69.9683  -69.9607  -67.8899  -67.8826  -67.8773  -22.9246  -22.7929
         -12.6498  -12.5913  -12.1804  -12.0462  -11.1273  -10.2659  -10.0884   -9.5636   -8.7522   -8.3785
   -8.1018   -8.0595   -6.7892   -6.5187   -1.7341   -1.7314    3.5073    3.5965    6.2992    6.4952
    7.9142    8.0032   12.0530   12.1890   18.1168   18.1816   27.2363   27.3841   28.8868   29.0682
   32.2408   32.2883   35.2993   35.4260   36.8767   36.9025   40.2541   40.2770   43.3606   43.4306
   49.0793   49.0868   59.2332   59.3675   61.3598   61.4657   65.3889   65.4130   77.7005   77.8539
   78.7344   78.8052   88.8129   88.8823
  73  2 -109.5307 -107.5384  -69.9763  -69.9683  -69.9615  -67.8902  -67.8826  -67.8781  -22.9010  -22.7736
         -12.5943  -12.5849  -12.2384  -12.0759  -11.1228  -10.3161  -10.0668   -9.5261   -8.7370   -8.3925
   -8.1579   -8.0822   -6.7954   -6.5381   -1.7234   -1.7160    3.6057    3.7044    6.1825    6.3777
    7.8055    7.8929   12.0162   12.1511   18.1937   18.2635   27.3300   27.4984   28.9103   29.1039
   32.3436   32.3919   35.0249   35.1434   36.9279   36.9568   40.7326   40.7573   42.9696   43.0399
   49.2450   49.2469   58.8156   58.9279   62.4634   62.5587   65.4766   65.5028   77.0041   77.1259
   78.4380   78.4743   90.2040   90.2690
  74  2 -109.5306 -107.5384  -69.9765  -69.9682  -69.9623  -67.8904  -67.8826  -67.8789  -22.8787  -22.7570
         -12.5750  -12.5383  -12.2914  -12.1018  -11.1231  -10.3653  -10.0485   -9.4931   -8.7205   -8.4099
   -8.2075   -8.0983   -6.8063   -6.5586   -1.7143   -1.7017    3.7083    3.8151    6.0754    6.2695
    7.7007    7.7859   11.9705   12.1043   18.2937   18.3680   27.4037   27.5918   28.9389   29.1444
   32.4292   32.4804   34.6949   34.8048   36.9734   37.0059   41.2101   41.2372   42.6044   42.6735
   49.4410   49.4469   58.2550   58.3549   63.6544   63.7504   65.5930   65.6224   76.2167   76.3244
   78.1740   78.1918   91.6125   91.6736
  75  2 -109.5305 -107.5383  -69.9765  -69.9682  -69.9631  -67.8905  -67.8827  -67.8797  -22.8578  -22.7432
         -12.5618  -12.4888  -12.3323  -12.1233  -11.1284  -10.4137  -10.0335   -9.4650   -8.7035   -8.4297
   -8.2497   -8.1079   -6.8219   -6.5801   -1.7040   -1.6914    3.8157    3.9289    5.9774    6.1704
    7.5997    7.6821   11.9160   12.0486   18.4158   18.4942   27.4533   27.6588   28.9733   29.1898
   32.4683   32.5273   34.3500   34.4489   37.0232   37.0591   41.6530   41.6870   42.2961   42.3583
   49.6627   49.6742   57.6372   57.7299   64.8292   64.9347   65.7451   65.7803   75.3998   75.5058
   77.9020   77.9119   93.0149   93.0724
  76  2 -109.5304 -107.5382  -69.9765  -69.9682  -69.9639  -67.8904  -67.8829  -67.8803  -22.8383  -22.7323
         -12.5462  -12.4706  -12.3364  -12.1400  -11.1391  -10.4615  -10.0214   -9.4422   -8.6867   -8.4508
   -8.2833   -8.1115   -6.8421   -6.6025   -1.6930   -1.6850    3.9284    4.0462    5.8879    6.0802
    7.5028    7.5817   11.8529   11.9841   18.5591   18.6412   27.4728   27.6915   29.0150   29.2405
   32.4112   32.4877   34.0583   34.1400   37.0845   37.1234   41.7688   41.8325   42.3320   42.3639
   49.9025   49.9192   56.9899   57.0775   65.7785   65.8235   66.1480   66.1805   74.5807   74.6922
   77.6215   77.6287   94.3935   94.4475
  77  2 -109.5303 -107.5381  -69.9764  -69.9682  -69.9647  -67.8903  -67.8833  -67.8809  -22.8202  -22.7243
         -12.5291  -12.4956  -12.2920  -12.1506  -11.1556  -10.5089  -10.0118   -9.4251   -8.6714   -8.4715
   -8.3075   -8.1097   -6.8667   -6.6258   -1.6825   -1.6812    4.0469    4.1670    5.8063    5.9984
    7.4099    7.4847   11.7820   11.9115   18.7227   18.8080   27.4537   27.6791   29.0652   29.2961
   32.2101   32.3136   33.8921   33.9511   37.1620   37.2032   41.5125   41.5787   42.7513   42.7793
   50.1509   50.1725   56.3316   56.4149   66.0585   66.0695   67.1275   67.2248   73.7757   73.8977
   77.3466   77.3537   95.7343   95.7849
  78  2 -109.5302 -107.5380  -69.9762  -69.9682  -69.9654  -67.8901  -67.8837  -67.8812  -22.8035  -22.7190
         -12.5349  -12.5124  -12.2281  -12.1535  -11.1779  -10.5563  -10.0042   -9.4140   -8.6588   -8.4905
   -8.3212   -8.1028   -6.8954   -6.6500   -1.6836   -1.6692    4.1711    4.2911    5.7317    5.9246
    7.3212    7.3913   11.7044   11.8316   18.9057   18.9937   27.3852   27.6090   29.1244   29.3556
   31.8841   32.0155   33.8610   33.9003   37.2574   37.2999   41.2246   41.2882   43.2068   43.2360
   50.3955   50.4219   55.6819   55.7613   66.2775   66.2942   68.0913   68.2062   72.9996   73.1361
   77.0998   77.1085   97.0259   97.0732
  79  2 -109.5301 -107.5379  -69.9759  -69.9682  -69.9662  -67.8898  -67.8843  -67.8814  -22.7883  -22.7164
         -12.5756  -12.4980  -12.1577  -12.1470  -11.2061  -10.6040   -9.9979   -9.4091   -8.6499   -8.5066
   -8.3242   -8.0913   -6.9279   -6.6748   -1.6880   -1.6570    4.3009    4.4178    5.6632    5.8582
    7.2369    7.3016   11.6213   11.7457   19.1074   19.1978   27.2550   27.4680   29.1927   29.4173
   31.5095   31.6653   33.9187   33.9449   37.3697   37.4125   40.9434   41.0036   43.6547   43.6855
   50.6177   50.6491   55.0670   55.1420   66.5148   66.5321   68.9144   69.0430   72.2737   72.4281
   76.9102   76.9222   98.2587   98.3026
  80  2 -109.5300 -107.5378  -69.9755  -69.9682  -69.9669  -67.8895  -67.8849  -67.8816  -22.7745  -22.7164
         -12.6146  -12.4879  -12.1295  -12.0843  -11.2401  -10.6524   -9.9923   -9.4102   -8.6449   -8.5191
   -8.3168   -8.0751   -6.9638   -6.7001   -1.6953   -1.6450    4.4356    4.5460    5.6002    5.7993
    7.1574    7.2159   11.5342   11.6552   19.3276   19.4201   27.0528   27.2473   29.2686   29.4784
   31.1537   31.3292   34.0262   34.0434   37.4956   37.5378   40.6734   40.7301   44.0854   44.1181
   50.7865   50.8239   54.5253   54.5951   66.7714   66.7867   69.5196   69.6539   71.6489   71.8176
   76.8104   76.8277   99.4240   99.4647
  81  2 -109.5299 -107.5377  -69.9751  -69.9682  -69.9676  -67.8892  -67.8855  -67.8816  -22.7621  -22.7188
         -12.6505  -12.4831  -12.1002  -12.0094  -11.2794  -10.7020   -9.9867   -9.4171   -8.6434   -8.5276
   -8.3005   -8.0544   -7.0026   -6.7260   -1.7050   -1.6334    4.5740    4.6736    5.5419    5.7481
    7.0832    7.1347   11.4448   11.5616   19.5661   19.6603   26.7744   26.9463   29.3505   29.5349
   30.8567   31.0431   34.1641   34.1748   37.6301   37.6706   40.4154   40.4684   44.4940   44.5290
   50.8533   50.8982   54.1123   54.1756   67.0441   67.0553   69.7793   69.8705   71.2697   71.4086
   76.8292   76.8542  100.5141  100.5518
  82  2 -109.5299 -107.5377  -69.9751  -69.9682  -69.9676  -67.8892  -67.8855  -67.8816  -22.7621  -22.7188
         -12.6505  -12.4831  -12.1002  -12.0094  -11.2794  -10.7020   -9.9867   -9.4171   -8.6434   -8.5276
   -8.3005   -8.0544   -7.0026   -6.7260   -1.7050   -1.6334    4.5740    4.6736    5.5419    5.7481
    7.0832    7.1347   11.4448   11.5616   19.5661   19.6603   26.7744   26.9463   29.3505   29.5349
   30.8567   31.0431   34.1641   34.1748   37.6301   37.6706   40.4154   40.4684   44.4940   44.5290
   50.8533   50.8982   54.1123   54.1756   67.0441   67.0553   69.7793   69.8705   71.2698   71.4087
   76.8292   76.8542  100.5141  100.5519
  83  2 -109.5299 -107.5377  -69.9749  -69.9683  -69.9679  -67.8890  -67.8858  -67.8816  -22.7553  -22.7213
         -12.6704  -12.4828  -12.0773  -11.9641  -11.3054  -10.7325   -9.9831   -9.4239   -8.6437   -8.5308
   -8.2872   -8.0397   -7.0270   -6.7417   -1.7117   -1.6267    4.6578    4.7483    5.5094    5.7217
    7.0416    7.0885   11.3907   11.5046   19.7179   19.8131   26.5727   26.7310   29.4016   29.5644
   30.7146   30.9004   34.2580   34.2656   37.7121   37.7511   40.2665   40.3171   44.7272   44.7637
   50.8212   50.8711   53.9525   54.0113   67.2119   67.2196   69.7225   69.7517   71.2172   71.3044
   76.9037   76.9347  101.1291  101.1652
  84  2 -109.5299 -107.5376  -69.9746  -69.9685  -69.9680  -67.8890  -67.8859  -67.8816  -22.7491  -22.7246
         -12.6889  -12.4842  -12.0506  -11.9186  -11.3329  -10.7635   -9.9793   -9.4326   -8.6446   -8.5325
   -8.2717   -8.0233   -7.0521   -6.7574   -1.7191   -1.6204    4.7412    4.8202    5.4790    5.6994
    7.0023    7.0444   11.3369   11.4475   19.8764   19.9726   26.3485   26.4941   29.4537   29.5892
   30.6008   30.7789   34.3591   34.3642   37.7933   37.8303   40.1221   40.1703   44.9508   44.9889
   50.7257   50.7806   53.8691   53.9238   67.3775   67.3815   69.5149   69.5443   71.2336   71.2739
   77.0243   77.0619  101.7129  101.7476
  85  2 -109.5299 -107.5376  -69.9744  -69.9688  -69.9680  -67.8890  -67.8860  -67.8816  -22.7432  -22.7287
         -12.7061  -12.4870  -12.0207  -11.8732  -11.3618  -10.7952   -9.9752   -9.4431   -8.6460   -8.5328
   -8.2546   -8.0052   -7.0777   -6.7733   -1.7268   -1.6144    4.8228    4.8876    5.4517    5.6824
    6.9656    7.0026   11.2837   11.3906   20.0416   20.1386   26.1056   26.2397   29.5063   29.6079
   30.5148   30.6766   34.4671   34.4701   37.8718   37.9067   39.9821   40.0278   45.1643   45.2042
   50.5697   50.6288   53.8606   53.9119   67.5295   67.5340   69.2401   69.3125   71.2535   71.2636
   77.1857   77.2305  102.2638  102.2973
  86  2 -109.5298 -107.5376  -69.9741  -69.9691  -69.9680  -67.8892  -67.8859  -67.8816  -22.7379  -22.7334
         -12.7218  -12.4910  -11.9879  -11.8278  -11.3919  -10.8276   -9.9706   -9.4552   -8.6477   -8.5318
   -8.2361   -7.9854   -7.1036   -6.7891   -1.7350   -1.6088    4.9001    4.9482    5.4293    5.6724
    6.9319    6.9633   11.2316   11.3345   20.2136   20.3114   25.8478   25.9722   29.5592   29.6196
   30.4548   30.5909   34.5814   34.5830   37.9461   37.9786   39.8468   39.8898   45.3675   45.4093
   50.3640   50.4264   53.9170   53.9662   67.6487   67.6555   68.9854   69.0860   71.2401   71.2489
   77.3802   77.4322  102.7801  102.8127
  87  2 -109.5298 -107.5375  -69.9739  -69.9693  -69.9680  -67.8895  -67.8856  -67.8816  -22.7388  -22.7330
         -12.7361  -12.4960  -11.9527  -11.7826  -11.4229  -10.8606   -9.9656   -9.4688   -8.6495   -8.5296
   -8.2166   -7.9641   -7.1296   -6.8050   -1.7433   -1.6037    4.9689    4.9990    5.4154    5.6716
    6.9013    6.9270   11.1810   11.2794   20.3923   20.4910   25.5794   25.6955   29.6117   29.6235
   30.4184   30.5193   34.7018   34.7026   38.0143   38.0443   39.7163   39.7563   45.5600   45.6038
   50.1230   50.1876   54.0249   54.0730   67.6972   67.7012   68.8126   68.9226   71.1920   71.2115
   77.5986   77.6577  103.2598  103.2918
  88  2 -109.5298 -107.5375  -69.9738  -69.9695  -69.9679  -67.8898  -67.8853  -67.8815  -22.7448  -22.7285
         -12.7488  -12.5018  -11.9158  -11.7376  -11.4542  -10.8944   -9.9602   -9.4838   -8.6514   -8.5263
   -8.1963   -7.9412   -7.1555   -6.8208   -1.7516   -1.5990    5.0225    5.0372    5.4158    5.6824
    6.8743    6.8939   11.1323   11.2258   20.5779   20.6774   25.3038   25.4131   29.6199   29.6634
   30.4028   30.4598   34.8275   34.8285   38.0745   38.1021   39.5910   39.6274   45.7414   45.7874
   49.8602   49.9264   54.1714   54.2193   67.6099   67.6402   68.7810   68.8759   71.1169   71.1431
   77.8320   77.8978  103.7004  103.7322
  89  2 -109.5298 -107.5375  -69.9737  -69.9696  -69.9679  -67.8902  -67.8850  -67.8815  -22.7514  -22.7245
         -12.7601  -12.5081  -11.8778  -11.6930  -11.4855  -10.9290   -9.9542   -9.5002   -8.6534   -8.5221
   -8.1755   -7.9171   -7.1809   -6.8366   -1.7600   -1.5949    5.0536    5.0603    5.4372    5.7061
    6.8513    6.8645   11.0862   11.1742   20.7704   20.8707   25.0241   25.1279   29.6095   29.7131
   30.4046   30.4112   34.9585   34.9595   38.1249   38.1505   39.4713   39.5034   45.9115   45.9598
   49.5867   49.6538   54.3462   54.3946   67.4063   67.4706   68.8786   68.9491   71.0169   71.0475
   78.0722   78.1444  104.0991  104.1311
  90  2 -109.5298 -107.5375  -69.9737  -69.9696  -69.9678  -67.8906  -67.8846  -67.8814  -22.7584  -22.7208
         -12.7699  -12.5149  -11.8398  -11.6487  -11.5158  -10.9642   -9.9476   -9.5177   -8.6554   -8.5171
   -8.1544   -7.8919   -7.2053   -6.8523   -1.7682   -1.5914    5.0595    5.0680    5.4814    5.7426
    6.8328    6.8394   11.0429   11.1251   20.9698   21.0710   24.7427   24.8422   29.5935   29.7596
   30.3728   30.4209   35.0941   35.0949   38.1634   38.1878   39.3582   39.3849   46.0695   46.1204
   49.3111   49.3787   54.5413   54.5909   67.1450   67.2366   69.0492   69.1000   70.8954   70.9290
   78.3125   78.3906  104.4523  104.4849
  91  2 -109.5298 -107.5375  -69.9738  -69.9695  -69.9677  -67.8910  -67.8843  -67.8812  -22.7658  -22.7176
         -12.7782  -12.5220  -11.8036  -11.6049  -11.5433  -11.0001   -9.9405   -9.5364   -8.6574   -8.5114
   -8.1331   -7.8660   -7.2284   -6.8678   -1.7761   -1.5884    5.0451    5.0615    5.5425    5.7895
    6.8189    6.8195   11.0030   11.0788   21.1762   21.2783   24.4618   24.5579   29.5729   29.8007
   30.3455   30.4487   35.2332   35.2337   38.1873   38.2119   39.2531   39.2727   46.2146   46.2683
   49.0401   49.1076   54.7512   54.8023   66.8626   66.9745   69.2569   69.2934   70.7556   70.7915
   78.5475   78.6309  104.7560  104.7895
  92  2 -109.5298 -107.5375  -69.9740  -69.9694  -69.9675  -67.8914  -67.8839  -67.8811  -22.7737  -22.7147
         -12.7849  -12.5292  -11.7727  -11.5645  -11.5616  -11.0366   -9.9328   -9.5561   -8.6594   -8.5051
   -8.1119   -7.8401   -7.2494   -6.8831   -1.7836   -1.5860    5.0169    5.0429    5.6130    5.8438
    6.8042    6.8116   10.9670   11.0358   21.3893   21.4925   24.1826   24.2761   29.5489   29.8337
   30.3310   30.4860   35.3740   35.3754   38.1940   38.2207   39.1582   39.1685   46.3452   46.4022
   48.7793   48.8463   54.9715   55.0245   66.5757   66.7035   69.4854   69.5109   70.6004   70.6383
   78.7729   78.8612  105.0050  105.0400
  93  2 -109.5298 -107.5375  -69.9742  -69.9692  -69.9674  -67.8918  -67.8836  -67.8808  -22.7819  -22.7121
         -12.7902  -12.5366  -11.7538  -11.5730  -11.5189  -11.0736   -9.9246   -9.5768   -8.6615   -8.4984
   -8.0908   -7.8148   -7.2675   -6.8981   -1.7906   -1.5843    4.9798    5.0148    5.6869    5.9018
    6.7956    6.8103   10.9353   10.9966   21.6092   21.7136   23.9063   23.9980   29.5223   29.8556
   30.3317   30.5311   35.5155   35.5184   38.1801   38.2114   39.0741   39.0770   46.4587   46.5194
   48.5342   48.6002   55.1989   55.2542   66.2918   66.4326   69.7259   69.7431   70.4327   70.4730
   78.9857   79.0785  105.1937  105.2306
  94  2 -109.5298 -107.5375  -69.9745  -69.9690  -69.9671  -67.8922  -67.8834  -67.8805  -22.7904  -22.7099
         -12.7940  -12.5441  -11.7532  -11.5625  -11.4768  -11.1111   -9.9157   -9.5984   -8.6637   -8.4914
   -8.0700   -7.7912   -7.2817   -6.9129   -1.7971   -1.5833    4.9362    4.9790    5.7603    5.9604
    6.7942    6.8163   10.9084   10.9617   21.8356   21.9414   23.6337   23.7242   29.4936   29.8644
   30.3491   30.5828   35.6561   35.6609   38.1425   38.1807   38.9944   39.0111   46.5507   46.6159
   48.3113   48.3754   55.4307   55.4886   66.0147   66.1666   69.9667   69.9797   70.2601   70.3058
   79.1835   79.2803  105.3160  105.3552
  95  2 -109.5299 -107.5375  -69.9747  -69.9689  -69.9668  -67.8926  -67.8832  -67.8801  -22.7991  -22.7080
         -12.7963  -12.5515  -11.7691  -11.5349  -11.4355  -11.1488   -9.9062   -9.6208   -8.6660   -8.4843
   -8.0496   -7.7704   -7.2907   -6.9274   -1.8028   -1.5829    4.8879    4.9372    5.8304    6.0169
    6.8010    6.8302   10.8868   10.9314   22.0681   22.1757   23.3652   23.4554   29.4634   29.8605
   30.3826   30.6403   35.7942   35.8011   38.0796   38.1260   38.9315   38.9639   46.6142   46.6848
   48.1190   48.1803   55.6648   55.7254   65.7465   65.9083   70.0345   70.0518   70.2667   70.2919
   79.3648   79.4653  105.3649  105.4068
  96  2 -109.5299 -107.5375  -69.9750  -69.9688  -69.9664  -67.8930  -67.8830  -67.8797  -22.8080  -22.7063
         -12.7971  -12.5590  -11.7943  -11.4973  -11.3953  -11.1864   -9.8961   -9.6440   -8.6685   -8.4770
   -8.0297   -7.7539   -7.2931   -6.9415   -1.8078   -1.5832    4.8357    4.8905    5.8950    6.0693
    6.8168    6.8528   10.8710   10.9063   22.3055   22.4156   23.1017   23.1923   29.4321   29.8461
   30.4301   30.7032   35.9278   35.9371   37.9917   38.0459   38.8879   38.9356   46.6397   46.7164
   47.9678   48.0253   55.8992   55.9628   65.4884   65.6592   69.8453   69.8763   70.5153   70.5360
   79.5285   79.6323  105.3336  105.3786
  97  2 -109.5299 -107.5375  -69.9753  -69.9687  -69.9660  -67.8934  -67.8829  -67.8792  -22.8170  -22.7050
         -12.7965  -12.5663  -11.8240  -11.4548  -11.3571  -11.2228   -9.8854   -9.6679   -8.6713   -8.4699
   -8.0104   -7.7428   -7.2879   -6.9551   -1.8121   -1.5842    4.7803    4.8399    5.9525    6.1160
    6.8422    6.8840   10.8613   10.8867   22.5429   22.6552   22.8488   22.9398   29.3999   29.8241
   30.4886   30.7709   36.0547   36.0667   37.8816   37.9418   38.8640   38.9252   46.6177   46.7006
   47.8676   47.9213   56.1320   56.1989   65.2413   65.4203   69.6377   69.6713   70.7800   70.8068
   79.6740   79.7807  105.2156  105.2641
  98  2 -109.5299 -107.5376  -69.9756  -69.9686  -69.9656  -67.8938  -67.8828  -67.8787  -22.8261  -22.7039
         -12.7945  -12.5735  -11.8557  -11.4099  -11.3261  -11.2529   -9.8740   -9.6925   -8.6743   -8.4629
   -7.9918   -7.7378   -7.2743   -6.9683   -1.8154   -1.5859    4.7221    4.7860    6.0020    6.1562
    6.8772    6.9237   10.8583   10.8732   22.5766   22.6365   22.8409   22.9239   29.3673   29.7970
   30.5560   30.8434   36.1727   36.1873   37.7528   37.8169   38.8586   38.9310   46.5457   46.6336
   47.8211   47.8719   56.3618   56.4320   65.0057   65.1923   69.4213   69.4559   71.0515   71.0859
   79.8010   79.9103  105.0050  105.0571
  99  2 -109.5300 -107.5376  -69.9759  -69.9686  -69.9651  -67.8941  -67.8827  -67.8781  -22.8352  -22.7030
         -12.7911  -12.5806  -11.8881  -11.3638  -11.3264  -11.2523   -9.8619   -9.7177   -8.6777   -8.4561
   -7.9739   -7.7388   -7.2526   -6.9810   -1.8178   -1.5883    4.6616    4.7296    6.0433    6.1901
    6.9214    6.9709   10.8622   10.8662   22.3275   22.4083   23.0726   23.1784   29.3345   29.7666
   30.6306   30.9205   36.2790   36.2966   37.6096   37.6752   38.8703   38.9515   46.4317   46.5230
   47.8202   47.8697   56.5868   56.6606   64.7818   64.9756   69.1983   69.2332   71.3282   71.3708
   79.9095   80.0211  104.6974  104.7533
 100  2 -109.5300 -107.5376  -69.9762  -69.9686  -69.9646  -67.8945  -67.8827  -67.8776  -22.8443  -22.7023
         -12.7863  -12.5875  -11.9208  -11.3571  -11.3174  -11.2221   -9.8492   -9.7434   -8.6814   -8.4496
   -7.9569   -7.7451   -7.2235   -6.9931   -1.8193   -1.5913    4.5991    4.6711    6.0767    6.2180
    6.9736    7.0241   10.8657   10.8738   22.0796   22.1637   23.3286   23.4397   29.3017   29.7342
   30.7114   31.0020   36.3703   36.3914   37.4567   37.5215   38.8980   38.9858   46.2892   46.3826
   47.8513   47.9006   56.8056   56.8831   64.5697   64.7704   68.9698   69.0048   71.6094   71.6606
   79.9997   80.1131  104.2900  104.3499
 101  2 -109.5300 -107.5377  -69.9765  -69.9685  -69.9641  -67.8948  -67.8827  -67.8770  -22.8534  -22.7018
         -12.7803  -12.5942  -11.9531  -11.3942  -11.2711  -11.1859   -9.8357   -9.7697   -8.6856   -8.4435
   -7.9407   -7.7557   -7.1882   -7.0046   -1.8197   -1.5951    4.5352    4.6110    6.1032    6.2408
    7.0321    7.0818   10.8725   10.8927   21.8346   21.9205   23.5898   23.7049   29.2692   29.7007
   30.7979   31.0879   36.4416   36.4677   37.3007   37.3615   38.9407   39.0331   46.1298   46.2246
   47.9025   47.9521   57.0168   57.0981   64.3696   64.5767   68.7374   68.7722   71.8947   71.9546
   80.0718   80.1867  103.7828  103.8466
 102  2 -109.5301 -107.5377  -69.9768  -69.9685  -69.9636  -67.8952  -67.8826  -67.8765  -22.8623  -22.7015
         -12.7730  -12.6007  -11.9849  -11.4327  -11.2255  -11.1488   -9.8216   -9.7964   -8.6903   -8.4379
   -7.9255   -7.7694   -7.1480   -7.0154   -1.8193   -1.5994    4.4701    4.5499    6.1239    6.2594
    7.0951    7.1422   10.8868   10.9196   21.5926   21.6799   23.8536   23.9727   29.2372   29.6667
   30.8896   31.1781   36.4839   36.5185   37.1528   37.2044   38.9973   39.0924   45.9610   46.0571
   47.9658   48.0155   57.2191   57.3042   64.1813   64.3946   68.5023   68.5368   72.1835   72.2524
   80.1262   80.2422  103.1786  103.2463
 103  2 -109.5301 -107.5378  -69.9771  -69.9685  -69.9631  -67.8955  -67.8826  -67.8759  -22.8711  -22.7013
         -12.7644  -12.6070  -12.0159  -11.4717  -11.1807  -11.1115   -9.8237   -9.8067   -8.6954   -8.4327
   -7.9112   -7.7853   -7.1041   -7.0256   -1.8178   -1.6043    4.4042    4.4883    6.1401    6.2747
    7.1608    7.2039   10.9087   10.9545   21.3534   21.4419   24.1185   24.2420   29.2057   29.6327
   30.9864   31.2724   36.4800   36.5294   37.0327   37.0672   39.0666   39.1627   45.7875   45.8849
   48.0360   48.0858   57.4112   57.5001   64.0046   64.2238   68.2660   68.3000   72.4754   72.5533
   80.1633   80.2800  102.4832  102.5545
 104  2 -109.5301 -107.5378  -69.9773  -69.9685  -69.9626  -67.8958  -67.8826  -67.8754  -22.8797  -22.7013
         -12.7548  -12.6130  -12.0459  -11.5106  -11.1370  -11.0745   -9.8512   -9.7913   -8.7011   -8.4281
   -7.8979   -7.8024   -7.0577   -7.0351   -1.8155   -1.6099    4.3381    4.4265    6.1526    6.2875
    7.2275    7.2655   10.9383   10.9975   21.1169   21.2065   24.3828   24.5112   29.1751   29.5990
   31.0879   31.3705   36.4112   36.4784   36.9622   36.9753   39.1470   39.2427   45.6116   45.7104
   48.1105   48.1601   57.5919   57.6847   63.8393   64.0640   68.0301   68.0635   72.7697   72.8567
   80.1836   80.3005  101.7058  101.7804
 105  2 -109.5302 -107.5379  -69.9776  -69.9685  -69.9622  -67.8961  -67.8826  -67.8749  -22.8881  -22.7013
         -12.7440  -12.6188  -12.0749  -11.5494  -11.0948  -11.0378   -9.8791   -9.7751   -8.7073   -8.4241
   -7.8855   -7.8202   -7.0440   -7.0092   -1.8122   -1.6159    4.2721    4.3650    6.1624    6.2982
    7.2938    7.3258   10.9757   11.0483   20.8830   20.9736   24.6449   24.7789   29.1454   29.5659
   31.1939   31.4720   36.2838   36.3611   36.9368   36.9389   39.2366   39.3307   45.4347   45.5350
   48.1875   48.2365   57.7603   57.8569   63.6848   63.9148   67.7961   67.8288   73.0658   73.1619
   80.1873   80.3040  100.8584  100.9359
 106  2 -109.5302 -107.5379  -69.9779  -69.9684  -69.9617  -67.8963  -67.8826  -67.8743  -22.8961  -22.7015
         -12.7322  -12.6244  -12.1027  -11.5877  -11.0541  -11.0015   -9.9073   -9.7584   -8.7141   -8.4206
   -7.8742   -7.8381   -7.0520   -6.9599   -1.8081   -1.6223    4.2066    4.3043    6.1700    6.3074
    7.3586    7.3841   11.0207   11.1069   20.6517   20.7432   24.9032   25.0436   29.1166   29.5335
   31.3040   31.5759   36.1247   36.2035   36.9300   36.9403   39.3335   39.4250   45.2571   45.3592
   48.2660   48.3143   57.9156   58.0160   63.5409   63.7757   67.5658   67.5976   73.3626   73.4677
   80.1749   80.2908   99.9559  100.0359
 107  2 -109.5303 -107.5380  -69.9781  -69.9684  -69.9612  -67.8966  -67.8826  -67.8738  -22.9039  -22.7017
         -12.7195  -12.6296  -12.1291  -11.6255  -11.0153  -10.9656   -9.9357   -9.7410   -8.7215   -8.4178
   -7.8639   -7.8557   -7.0594   -6.9103   -1.8033   -1.6292    4.1421    4.2447    6.1761    6.3154
    7.4208    7.4395   11.0730   11.1728   20.4234   20.5157   25.1557   25.3034   29.0887   29.5020
   31.4175   31.6813   35.9545   36.0301   36.9348   36.9503   39.4356   39.5238   45.0792   45.1833
   48.3456   48.3927   58.0572   58.1613   63.4069   63.6462   67.3408   67.3717   73.6592   73.7730
   80.1465   80.2611   99.0153   99.0970
 108  2 -109.5303 -107.5380  -69.9783  -69.9684  -69.9608  -67.8969  -67.8826  -67.8734  -22.9113  -22.7020
         -12.7059  -12.6346  -12.1543  -11.6627  -10.9785  -10.9301   -9.9644   -9.7232   -8.7294   -8.4155
   -7.8729   -7.8544   -7.0660   -6.8608   -1.7978   -1.6363    4.0790    4.1868    6.1810    6.3223
    7.4798    7.4916   11.1322   11.2454   20.1985   20.2913   25.4007   25.5567   29.0619   29.4715
   31.5333   31.7865   35.7852   35.8545   36.9423   36.9618   39.5412   39.6256   44.9009   45.0072
   48.4259   48.4715   58.1847   58.2925   63.2822   63.5257   67.1228   67.1526   73.9542   74.0766
   80.1023   80.2148   98.0549   98.1376
 109  2 -109.5304 -107.5381  -69.9785  -69.9684  -69.9604  -67.8971  -67.8826  -67.8729  -22.9184  -22.7024
         -12.6916  -12.6393  -12.1779  -11.6991  -10.9439  -10.8950   -9.9932   -9.7050   -8.7377   -8.4138
   -7.8892   -7.8460   -7.0720   -6.8122   -1.7918   -1.6437    4.0179    4.1308    6.1850    6.3285
    7.5350    7.5402   11.1977   11.3239   19.9776   20.0706   25.6363   25.8017   29.0360   29.4419
   31.6501   31.8896   35.6245   35.6842   36.9492   36.9719   39.6486   39.7288   44.7223   44.8311
   48.5064   48.5503   58.2980   58.4094   63.1664   63.4136   66.9134   66.9419   74.2463   74.3770
   80.0421   80.1520   97.0934   97.1765
 110  2 -109.5304 -107.5381  -69.9787  -69.9684  -69.9600  -67.8973  -67.8826  -67.8725  -22.9251  -22.7028
         -12.6767  -12.6437  -12.2001  -11.7346  -10.9115  -10.8605  -10.0221   -9.6866   -8.7465   -8.4127
   -7.9045   -7.8385   -7.0773   -6.7649   -1.7854   -1.6512    3.9590    4.0772    6.1883    6.3340
    7.5840    7.5869   11.2685   11.4075   19.7616   19.8547   25.8609   26.0367   29.0109   29.4134
   31.7660   31.9878   35.4783   35.5246   36.9545   36.9799   39.7566   39.8325   44.5433   44.6549
   48.5869   48.6290   58.3972   58.5122   63.0588   63.3092   66.7141   66.7413   74.5339   74.6725
   79.9661   80.0725   96.1494   96.2320
 111  2 -109.5304 -107.5382  -69.9789  -69.9684  -69.9596  -67.8975  -67.8826  -67.8721  -22.9313  -22.7032
         -12.6613  -12.6478  -12.2206  -11.7689  -10.8815  -10.8264  -10.0510   -9.6681   -8.7557   -8.4120
   -7.9187   -7.8318   -7.0819   -6.7193   -1.7787   -1.6586    3.9029    4.0264    6.1909    6.3389
    7.6249    7.6333   11.3436   11.4948   19.5518   19.6446   26.0728   26.2601   28.9866   29.3859
   31.8787   32.0783   35.3513   35.3799   36.9580   36.9853   39.8643   39.9357   44.3644   44.4789
   48.6669   48.7069   58.4829   58.6012   62.9590   63.2121   66.5263   66.5521   74.8154   74.9617
   79.8740   79.9763   95.2407   95.3219
 112  2 -109.5305 -107.5382  -69.9791  -69.9684  -69.9593  -67.8977  -67.8826  -67.8717  -22.9370  -22.7036
         -12.6517  -12.6455  -12.2395  -11.8020  -10.8540  -10.7930  -10.0799   -9.6497   -8.7650   -8.4118
   -7.9318   -7.8259   -7.0859   -6.6760   -1.7718   -1.6661    3.8500    3.9787    6.1932    6.3433
    7.6615    7.6756   11.4218   11.5846   19.3495   19.4416   26.2705   26.4703   28.9630   29.3594
   31.9854   32.1578   35.2477   35.2535   36.9598   36.9882   39.9708   40.0380   44.1858   44.3036
   48.7458   48.7837   58.5555   58.6771   62.8666   63.1218   66.3514   66.3758   75.0895   75.2431
   79.7660   79.8633   94.3829   94.4619
 113  2 -109.5305 -107.5382  -69.9792  -69.9684  -69.9590  -67.8979  -67.8826  -67.8714  -22.9423  -22.7040
         -12.6550  -12.6297  -12.2568  -11.8335  -10.8290  -10.7602  -10.1086   -9.6316   -8.7745   -8.4120
   -7.9436   -7.8208   -7.0894   -6.6354   -1.7650   -1.6732    3.8007    3.9345    6.1950    6.3472
    7.6941    7.7134   11.5014   11.6752   19.1564   19.2476   26.4528   26.6660   28.9400   29.3342
   32.0834   32.2236   35.1479   35.1701   36.9601   36.9888   40.0757   40.1387   44.0085   44.1299
   48.8228   48.8585   58.6159   58.7407   62.7814   63.0382   66.1904   66.2134   75.3547   75.5152
   79.6425   79.7340   93.5895   93.6655
 114  2 -109.5305 -107.5383  -69.9794  -69.9684  -69.9587  -67.8980  -67.8826  -67.8711  -22.9471  -22.7044
         -12.6581  -12.6140  -12.2723  -11.8633  -10.8066  -10.7282  -10.1371   -9.6142   -8.7839   -8.4125
   -7.9541   -7.8165   -7.0924   -6.5978   -1.7583   -1.6801    3.7553    3.8940    6.1965    6.3506
    7.7228    7.7467   11.5808   11.7648   18.9746   19.0644   26.6186   26.8460   28.9176   29.3102
   32.1699   32.2737   35.0648   35.1195   36.9591   36.9873   40.1782   40.2377   43.8337   43.9591
   48.8969   48.9304   58.6652   58.7930   62.7033   62.9612   66.0445   66.0660   75.6096   75.7767
   79.5045   79.5894   92.8711   92.9434
 115  2 -109.5306 -107.5383  -69.9795  -69.9684  -69.9584  -67.8981  -67.8826  -67.8708  -22.9514  -22.7048
         -12.6609  -12.5987  -12.2861  -11.8910  -10.7869  -10.6971  -10.1650   -9.5978   -8.7930   -8.4132
   -7.9633   -7.8127   -7.0948   -6.5637   -1.7520   -1.6865    3.7143    3.8576    6.1978    6.3536
    7.7477    7.7757   11.6580   11.8515   18.8060   18.8943   26.7671   27.0092   28.8957   29.2877
   32.2430   32.3078   35.0045   35.0948   36.9571   36.9838   40.2778   40.3342   43.6634   43.7930
   48.9669   48.9983   58.7046   58.8352   62.6325   62.8911   65.9144   65.9344   75.8529   76.0268
   79.3540   79.4312   92.2355   92.3036
 116  2 -109.5306 -107.5384  -69.9796  -69.9684  -69.9582  -67.8983  -67.8826  -67.8705  -22.9551  -22.7051
         -12.6633  -12.5842  -12.2981  -11.9164  -10.7698  -10.6672  -10.1922   -9.5825   -8.8016   -8.4141
   -7.9713   -7.8096   -7.0969   -6.5333   -1.7461   -1.6923    3.6781    3.8255    6.1989    6.3561
    7.7690    7.8005   11.7311   11.9332   18.6530   18.7396   26.8974   27.1544   28.8746   29.2668
   32.3016   32.3272   34.9654   35.0926   36.9544   36.9788   40.3734   40.4274   43.5002   43.6344
   49.0315   49.0609   58.7352   58.8685   62.5693   62.8282   65.8007   65.8193   76.0833   76.2643
   79.1938   79.2624   91.6870   91.7506
 117  2 -109.5306 -107.5384  -69.9797  -69.9684  -69.9580  -67.8983  -67.8826  -67.8703  -22.9583  -22.7054
         -12.6653  -12.5708  -12.3083  -11.9390  -10.7553  -10.6390  -10.2182   -9.5688   -8.8095   -8.4150
   -7.9779   -7.8071   -7.0985   -6.5071   -1.7409   -1.6975    3.6468    3.7979    6.1997    6.3583
    7.7867    7.8211   11.7979   12.0076   18.5180   18.6028   27.0090   27.2806   28.8546   29.2480
   32.3345   32.3461   34.9447   35.1073   36.9512   36.9727   40.4633   40.5159   43.3475   43.4866
   49.0894   49.1170   58.7584   58.8940   62.5142   62.7732   65.7040   65.7212   76.2991   76.4878
   79.0285   79.0871   91.2276   91.2867
 118  2 -109.5306 -107.5384  -69.9797  -69.9684  -69.9579  -67.8984  -67.8826  -67.8702  -22.9609  -22.7057
         -12.6670  -12.5589  -12.3167  -11.9584  -10.7435  -10.6129  -10.2424   -9.5571   -8.8164   -8.4158
   -7.9833   -7.8050   -7.0998   -6.4853   -1.7364   -1.7019    3.6208    3.7750    6.2004    6.3600
    7.8010    7.8378   11.8563   12.0724   18.4035   18.4865   27.1013   27.3866   28.8363   29.2317
   32.3335   32.3779   34.9378   35.1323   36.9478   36.9660   40.5452   40.5972   43.2098   43.3540
   49.1391   49.1652   58.7753   58.9130   62.4679   62.7267   65.6245   65.6406   76.4971   76.6950
   78.8643   78.9115   90.8568   90.9117
 119  2 -109.5306 -107.5384  -69.9798  -69.9684  -69.9578  -67.8985  -67.8826  -67.8700  -22.9630  -22.7059
         -12.6684  -12.5489  -12.3232  -11.9741  -10.7343  -10.5900  -10.2639   -9.5475   -8.8220   -8.4166
   -7.9875   -7.8035   -7.1008   -6.4680   -1.7328   -1.7054    3.6004    3.7571    6.2009    6.3614
    7.8120    7.8507   11.9042   12.1256   18.3116   18.3930   27.1737   27.4711   28.8205   29.2183
   32.3279   32.3991   34.9397   35.1608   36.9447   36.9596   40.6156   40.6680   43.0928   43.2418
   49.1794   49.2042   58.7872   58.9265   62.4310   62.6895   65.5625   65.5777   76.6722   76.8813
   78.7102   78.7441   90.5725   90.6239
 120  2 -109.5307 -107.5384  -69.9798  -69.9684  -69.9577  -67.8985  -67.8826  -67.8699  -22.9644  -22.7060
         -12.6693  -12.5415  -12.3279  -11.9858  -10.7278  -10.5716  -10.2813   -9.5405   -8.8263   -8.4172
   -7.9904   -7.8024   -7.1015   -6.4556   -1.7302   -1.7079    3.5857    3.7442    6.2012    6.3624
    7.8198    7.8598   11.9399   12.1651   18.2444   18.3245   27.2258   27.5328   28.8082   29.2084
   32.3212   32.4121   34.9454   35.1862   36.9421   36.9542   40.6704   40.7237   43.0024   43.1557
   49.2090   49.2329   58.7949   58.9354   62.4041   62.6624   65.5182   65.5327   76.8152   77.0374
   78.5791   78.5982   90.3722   90.4208
 121  2 -109.5307 -107.5384  -69.9799  -69.9684  -69.9576  -67.8986  -67.8826  -67.8699  -22.9653  -22.7061
         -12.6699  -12.5368  -12.3307  -11.9929  -10.7238  -10.5594  -10.2929   -9.5362   -8.8289   -8.4175
   -7.9922   -7.8017   -7.1019   -6.4480   -1.7286   -1.7095    3.5768    3.7364    6.2014    6.3629
    7.8244    7.8652   11.9619   12.1894   18.2034   18.2827   27.2572   27.5705   28.8002   29.2022
   32.3161   32.4189   34.9506   35.2037   36.9404   36.9506   40.7056   40.7597   42.9450   43.1013
   49.2272   49.2505   58.7993   58.9405   62.3877   62.6458   65.4916   65.5056   76.9121   77.1465
   78.4880   78.4938   90.2533   90.3001
 122  2 -109.5307 -107.5384  -69.9799  -69.9684  -69.9576  -67.8986  -67.8826  -67.8699  -22.9656  -22.7061
         -12.6701  -12.5352  -12.3316  -11.9953  -10.7225  -10.5551  -10.2970   -9.5347   -8.8298   -8.4176
   -7.9928   -7.8015   -7.1020   -6.4455   -1.7281   -1.7100    3.5738    3.7338    6.2015    6.3631
    7.8260    7.8670   11.9693   12.1977   18.1896   18.2687   27.2677   27.5831   28.7975   29.2001
   32.3143   32.4211   34.9527   35.2099   36.9398   36.9493   40.7177   40.7722   42.9253   43.0826
   49.2333   49.2565   58.8007   58.9421   62.3822   62.6403   65.4827   65.4966   76.9469   77.1867
   78.4548   78.4549   90.2138   90.2601
 123  2 -109.5307 -107.5384  -69.9798  -69.9684  -69.9576  -67.8985  -67.8826  -67.8699  -22.9683  -22.7061
         -12.6709  -12.5351  -12.3344  -11.9848  -10.7296  -10.5518  -10.2997   -9.5329   -8.8309   -8.4144
   -7.9950   -7.8015   -7.0996   -6.4446   -1.7279   -1.7114    3.5079    3.7983    6.1520    6.4231
    7.7188    7.9819   11.9659   12.2033   18.1698   18.2925   27.2050   27.6432   28.7979   29.2005
   32.1602   32.5488   34.6920   35.4193   36.8198   37.0651   40.2140   41.2895   42.6134   43.3923
   49.1404   49.3835   58.2715   59.3186   61.2562   63.8753   65.2715   65.7193   76.3420   77.7793
   78.3662   78.5009   88.3169   92.1813
 124  2 -109.5307 -107.5384  -69.9797  -69.9684  -69.9576  -67.8984  -67.8826  -67.8698  -22.9764  -22.7059
         -12.6736  -12.5348  -12.3406  -11.9551  -10.7496  -10.5433  -10.3077   -9.5277   -8.8343   -8.4050
   -8.0014   -7.8015   -7.0925   -6.4421   -1.7276   -1.7156    3.3954    3.9063    6.0712    6.5352
    7.5996    8.1244   11.9564   12.2195   18.1359   18.3385   27.0774   27.7625   28.7991   29.2018
   31.9465   32.6834   34.3002   35.6545   36.6845   37.1887   39.7060   41.8403   42.2374   43.7611
   49.0822   49.5447   57.6349   59.0228   60.7184   65.0550   65.2063   65.9795   75.6242   78.2331
   78.4603   78.5113   86.4516   94.1096
 125  2 -109.5307 -107.5384  -69.9795  -69.9684  -69.9575  -67.8981  -67.8826  -67.8697  -22.9896  -22.7057
         -12.6789  -12.5343  -12.3454  -11.9106  -10.7795  -10.5323  -10.3205   -9.5195   -8.8393   -8.3900
   -8.0116   -7.8013   -7.0811   -6.4379   -1.7271   -1.7225    3.2739    4.0202    5.9932    6.6644
    7.4848    8.2787   11.9428   12.2444   18.1031   18.3917   26.9306   27.8950   28.8012   29.2046
   31.7209   32.7769   33.8759   35.8098   36.5346   37.3227   39.2309   41.8658   42.3934   44.1186
   49.0805   49.7203   56.9825   57.8703   61.0214   64.8750   66.0440   66.6661   74.8993   78.0596
   78.4973   79.1250   84.6618   95.9730
 126  2 -109.5307 -107.5384  -69.9792  -69.9684  -69.9574  -67.8978  -67.8826  -67.8696  -23.0078  -22.7056
         -12.6875  -12.5337  -12.3446  -11.8556  -10.8172  -10.5208  -10.3376   -9.5088   -8.8451   -8.3702
   -8.0245   -7.8006   -7.0658   -6.4323   -1.7321   -1.7264    3.1478    4.1350    5.9225    6.8047
    7.3738    8.4465   11.9268   12.2764   18.0745   18.4491   26.7755   28.0290   28.8041   29.2094
   31.4907   32.8234   33.4349   35.8591   36.3680   37.4718   38.8030   41.5039   42.9440   44.4551
   49.1453   49.9029   56.3297   56.5766   61.4645   64.7069   66.3111   67.8524   74.1743   77.8549
   78.4718   79.7673   82.9625   97.7167
 127  2 -109.5307 -107.5384  -69.9788  -69.9684  -69.9573  -67.8973  -67.8826  -67.8695  -23.0305  -22.7058
         -12.6995  -12.5329  -12.3352  -11.7931  -10.8611  -10.5098  -10.3584   -9.4965   -8.8512   -8.3467
   -8.0392   -7.7993   -7.0473   -6.4254   -1.7441   -1.7255    3.0179    4.2491    5.8598    6.9540
    7.2663    8.6295   11.9096   12.3142   18.0507   18.5102   26.6151   28.1602   28.8079   29.2174
   31.2601   32.8228   32.9872   35.7843   36.1851   37.6372   38.4355   41.1549   43.4869   44.7598
   49.2836   50.0876   55.3100   55.6900   61.8947   64.5609   66.5236   68.9872   73.4538   77.6331
   78.4395   80.3842   81.3713   99.2834
 128  2 -109.5307 -107.5384  -69.9783  -69.9684  -69.9571  -67.8967  -67.8825  -67.8693  -23.0574  -22.7064
         -12.7144  -12.5320  -12.3166  -11.7256  -10.9101  -10.5000  -10.3822   -9.4832   -8.8567   -8.3209
   -8.0538   -7.7970   -7.0259   -6.4174   -1.7585   -1.7243    2.8842    4.3618    5.8044    7.1108
    7.1628    8.8291   11.8919   12.3573   18.0318   18.5750   26.4502   28.2855   28.8121   29.2299
   31.0308   32.5416   32.7804   35.5816   35.9878   37.8155   38.1317   40.8204   44.0166   45.0166
   49.4984   50.2720   54.1274   55.0684   62.2838   64.4362   66.7166   70.0080   72.7424   77.4125
   78.3532   79.9538   80.9734  100.6180
 129  2 -109.5307 -107.5384  -69.9777  -69.9684  -69.9569  -67.8961  -67.8825  -67.8691  -23.0882  -22.7075
         -12.7312  -12.5311  -12.2887  -11.6555  -10.9630  -10.4914  -10.4082   -9.4698   -8.8610   -8.2949
   -8.0663   -7.7933   -7.0024   -6.4087   -1.7750   -1.7229    2.7464    4.4722    5.7549    7.0623
    7.2757    9.0465   11.8743   12.4054   18.0175   18.6443   26.2813   28.4013   28.8163   29.2482
   30.8030   32.1065   32.7048   35.2665   35.7797   37.8797   37.9996   40.5013   44.5263   45.2002
   49.7891   50.4565   53.0694   54.4741   62.6267   64.3277   66.8923   70.8829   72.0438   77.2155
   77.8375   79.1000   81.5330  101.6716
 130  2 -109.5308 -107.5385  -69.9770  -69.9684  -69.9567  -67.8953  -67.8825  -67.8689  -23.1227  -22.7091
         -12.7487  -12.5303  -12.2526  -11.5853  -11.0177  -10.4841  -10.4360   -9.4568   -8.8637   -8.2716
   -8.0731   -7.7879   -6.9771   -6.3993   -1.7934   -1.7213    2.6042    4.5789    5.7102    6.9681
    7.4468    9.2823   11.8568   12.4586   18.0071   18.7189   26.1085   28.5020   28.8194   29.2738
   30.5757   31.6911   32.6067   34.8671   35.5652   37.6582   38.1803   40.1973   45.0075   45.2730
   50.1507   50.6446   52.1852   53.9136   62.9275   64.2266   67.0494   71.3616   71.5805   76.6812
   77.0800   79.0198   82.0620  102.4048
 131  2 -109.5308 -107.5385  -69.9763  -69.9684  -69.9565  -67.8945  -67.8825  -67.8686  -23.1603  -22.7113
         -12.7659  -12.5295  -12.2092  -11.5192  -11.0705  -10.4781  -10.4646   -9.4450   -8.8645   -8.2550
   -8.0699   -7.7804   -6.9505   -6.3897   -1.8135   -1.7195    2.4573    4.6800    5.6686    6.8818
    7.6250    9.5366   11.8397   12.5168   17.9993   18.8000   25.9316   28.5792   28.8204   29.3077
   30.3477   31.3072   32.4965   34.4115   35.3494   37.4488   38.3470   39.9075   45.1873   45.4503
   50.5756   50.8432   51.5305   53.3928   63.1925   64.1242   67.1856   70.6990   72.0701   75.4441
   77.0114   79.1796   82.5599  102.7911
 132  2 -109.5309 -107.5386  -69.9755  -69.9683  -69.9562  -67.8936  -67.8825  -67.8683  -23.2009  -22.7140
         -12.7823  -12.5289  -12.1594  -11.4661  -11.1131  -10.4944  -10.4727   -9.4348   -8.8629   -8.2481
   -8.0534   -7.7704   -6.9228   -6.3801   -1.8349   -1.7173    2.3056    4.7722    5.6295    6.8066
    7.8108    9.8087   11.8228   12.5803   17.9930   18.8887   25.7507   28.6192   28.8173   29.3494
   30.1185   30.9711   32.3834   33.9208   35.1374   37.2414   38.4902   39.6295   44.9061   45.8429
   51.0343   51.0814   51.1487   52.9173   63.4168   64.0239   67.2979   70.0586   72.3343   74.2509
   77.0380   79.4413   83.0264  102.8176
 133  2 -109.5309 -107.5386  -69.9746  -69.9683  -69.9559  -67.8925  -67.8825  -67.8680  -23.2440  -22.7171
         -12.7973  -12.5286  -12.1041  -11.4423  -11.1290  -10.5239  -10.4686   -9.4266   -8.8590   -8.2500
   -8.0240   -7.7577   -6.8942   -6.3707   -1.8574   -1.7150    2.1487    4.8499    5.5937    6.7465
    8.0051   10.0976   11.8061   12.6494   17.9865   18.9863   25.5657   28.6031   28.8075   29.3943
   29.8921   30.7037   32.2745   33.4091   34.9343   37.0327   38.6017   39.3598   44.4314   46.1729
   51.0420   51.3021   51.5852   52.4924   63.5337   63.9912   67.3823   69.4424   72.3805   73.1326
   77.1444   79.7755   83.4619  102.4869
 134  2 -109.5310 -107.5387  -69.9736  -69.9683  -69.9556  -67.8914  -67.8825  -67.8677  -23.2894  -22.7207
         -12.8107  -12.5287  -12.0443  -11.4609  -11.1052  -10.5532  -10.4652   -9.4207   -8.8523   -8.2570
   -7.9853   -7.7421   -6.8648   -6.3619   -1.8807   -1.7124    1.9867    4.9045    5.5654    6.7056
    8.2089   10.4018   11.7897   12.7244   17.9783   19.0939   25.3768   28.5123   28.7862   29.4134
   29.6988   30.5250   32.1747   32.8861   34.7448   36.8239   38.6763   39.0930   43.8081   46.4293
   51.1680   51.5897   52.1228   52.1444   63.4359   64.1314   67.4338   68.8519   72.0858   72.2565
   77.2936   80.1663   83.8670  101.8160
 135  2 -109.5311 -107.5388  -69.9726  -69.9682  -69.9553  -67.8902  -67.8825  -67.8673  -23.3368  -22.7245
         -12.8225  -12.5291  -11.9812  -11.5122  -11.0509  -10.5818  -10.4624   -9.4174   -8.8428   -8.2658
   -7.9403   -7.7235   -6.8348   -6.3537   -1.9044   -1.7094    1.8195    4.9244    5.5522    6.6877
    8.4235   10.7196   11.7733   12.8055   17.9669   19.2123   25.1838   28.3416   28.7422   29.3048
   29.6478   30.4410   32.0867   32.3590   34.5725   36.6177   38.7110   38.8237   43.0944   46.6047
   51.4688   51.8128   51.9241   52.7300   63.2063   64.3587   67.4459   68.2884   71.1547   71.9662
   77.4431   80.5998   84.2428  100.8358
 136  2 -109.5312 -107.5390  -69.9716  -69.9681  -69.9549  -67.8890  -67.8825  -67.8669  -23.3857  -22.7287
         -12.8327  -12.5300  -11.9165  -11.5793  -10.9819  -10.6096  -10.4601   -9.4166   -8.8302   -8.2745
   -7.8910   -7.7018   -6.8041   -6.3464   -1.9280   -1.7063    1.6471    4.9003    5.5607    6.6953
    8.6502   11.0491   11.7568   12.8931   17.9509   19.3421   24.9871   28.1058   28.6480   29.1233
   29.7071   30.4366   31.8339   32.0115   34.4206   36.4177   38.5287   38.7232   42.3388   46.6969
   51.5636   51.8961   52.3086   53.3330   62.9083   64.6054   67.4100   67.7525   70.3170   71.5721
   77.5590   81.0627   84.5905   99.5886
 137  2 -109.5313 -107.5391  -69.9706  -69.9679  -69.9546  -67.8877  -67.8825  -67.8665  -23.4359  -22.7331
         -12.8414  -12.5315  -11.8551  -11.6495  -10.9068  -10.6361  -10.4581   -9.4184   -8.8142   -8.2820
   -7.8387   -7.6771   -6.7728   -6.3403   -1.9513   -1.7028    1.4696    4.8326    5.5895    6.7297
    8.8900   11.3885   11.7402   12.9874   17.9293   19.4834   24.7868   27.8284   28.4644   28.9859
   29.7942   30.4823   31.3213   31.9481   34.2911   36.2271   38.2165   38.7025   41.5745   46.7093
   51.3800   52.4098   52.7409   53.9457   62.5606   64.8469   67.2444   67.3146   69.5852   71.0927
   77.6198   81.5425   84.9114   98.1255
 138  2 -109.5314 -107.5393  -69.9698  -69.9675  -69.9542  -67.8863  -67.8824  -67.8661  -23.4870  -22.7376
         -12.8489  -12.5336  -11.8216  -11.6948  -10.8298  -10.6613  -10.4561   -9.4226   -8.7943   -8.2874
   -7.7842   -7.6494   -6.7410   -6.3354   -1.9738   -1.6991    1.2874    4.7297    5.6308    6.7908
    9.1439   11.7234   11.7358   13.0889   17.9018   19.6360   24.5832   27.5295   28.1956   28.9018
   29.8893   30.5024   30.8807   31.8943   34.1851   36.0487   37.8691   38.6696   40.8235   46.6491
   51.2598   52.9847   53.2150   54.5613   62.1750   65.0644   66.7642   67.1436   68.9639   70.5512
   77.6142   82.0284   85.2070   96.5028
 139  2 -109.5316 -107.5395  -69.9694  -69.9668  -69.9538  -67.8849  -67.8824  -67.8657  -23.5388  -22.7423
         -12.8553  -12.5364  -11.8652  -11.6644  -10.7531  -10.6849  -10.4536   -9.4292   -8.7700   -8.2907
   -7.7280   -7.6189   -6.7086   -6.3319   -1.9949   -1.6950    1.1007    4.6010    5.6768    6.8772
    9.4128   11.7062   12.0892   13.1977   17.8681   19.7990   24.3765   27.2225   27.8753   28.8387
   29.9826   30.1877   30.8110   31.8474   34.1028   35.8844   37.4848   38.6341   40.1005   46.5254
   51.2019   53.5990   53.7231   55.1739   61.7638   65.2370   66.3119   66.8745   68.4560   69.9750
   77.5377   82.5113   85.4788   94.7779
 140  2 -109.5317 -107.5397  -69.9691  -69.9657  -69.9534  -67.8837  -67.8822  -67.8652  -23.5908  -22.7469
         -12.8611  -12.5399  -11.9426  -11.6010  -10.7068  -10.6790  -10.4496   -9.4379   -8.7408   -8.2916
   -7.6709   -7.5859   -6.6758   -6.3299   -2.0143   -1.6907    0.9098    4.4537    5.7228    6.9871
    9.6971   11.6886   12.4470   13.3141   17.8288   19.9713   24.1669   26.9159   27.5228   28.7765
   29.7106   30.0623   30.9342   31.8053   34.0439   35.7357   37.0690   38.6041   39.4159   46.3475
   51.2038   54.2349   54.2571   55.7782   61.3404   65.3429   65.8872   66.4793   68.0627   69.3988
   77.3905   82.9841   85.7283   93.0055
 141  2 -109.5319 -107.5400  -69.9691  -69.9645  -69.9529  -67.8830  -67.8814  -67.8647  -23.6428  -22.7515
         -12.8666  -12.5441  -12.0260  -11.5320  -10.7268  -10.6107  -10.4415   -9.4485   -8.7060   -8.2904
   -7.6132   -7.5505   -6.6426   -6.3295   -2.0315   -1.6861    0.7151    4.2928    5.7668    7.1182
    9.9972   11.6705   12.8076   13.4382   17.7849   20.1514   23.9548   26.6148   27.1466   28.7053
   29.2256   30.1104   31.0933   31.7696   34.0074   35.6032   36.6353   38.5808   38.7822   46.1240
   51.2625   54.8093   54.8764   56.3696   60.9188   65.3650   65.4903   65.9333   67.7786   68.8574
   77.1756   83.4419   85.9571   91.2334
 142  2 -109.5321 -107.5403  -69.9690  -69.9632  -69.9525  -67.8828  -67.8801  -67.8642  -23.6945  -22.7560
         -12.8723  -12.5491  -12.1098  -11.4627  -10.7450  -10.5551  -10.4228   -9.4606   -8.6651   -8.2870
   -7.5553   -7.5132   -6.6094   -6.3307   -2.0460   -1.6812    0.5173    4.1221    5.8081    7.2683
   10.3129   11.6518   13.1698   13.5703   17.7377   20.3373   23.7402   26.3222   26.7512   28.6188
   28.7494   30.0996   31.2709   31.7491   33.9919   35.4873   36.2041   38.1816   38.5910   45.8625
   51.3753   55.3723   55.5085   56.9443   60.5131   65.1214   65.2271   65.3064   67.5841   68.3698
   76.8973   83.8812   86.1665   89.5009
 143  2 -109.5323 -107.5405  -69.9691  -69.9619  -69.9520  -67.8828  -67.8786  -67.8637  -23.7455  -22.7604
         -12.8789  -12.5548  -12.1917  -11.3950  -10.7612  -10.5215  -10.3845   -9.4740   -8.6174   -8.2817
   -7.4977   -7.4740   -6.5763   -6.3336   -2.0574   -1.6761    0.3169    3.9442    5.8466    7.4354
   10.6440   11.6325   13.5320   13.7104   17.6889   20.5269   23.5233   26.0402   26.3402   28.2867
   28.5117   29.9958   31.4625   31.7594   33.9959   35.3878   35.7992   37.6510   38.6037   45.5697
   51.5399   55.9393   56.1160   57.4989   60.1375   64.3966   64.7813   65.1715   67.4438   67.9317
   76.5609   84.2998   86.3580   87.8373
 144  2 -109.5325 -107.5408  -69.9691  -69.9605  -69.9516  -67.8828  -67.8771  -67.8633  -23.7957  -22.7647
         -12.8872  -12.5611  -12.2702  -11.3300  -10.7754  -10.5075  -10.3296   -9.4885   -8.5625   -8.2747
   -7.4411   -7.4330   -6.5438   -6.3382   -2.0651   -1.6708    0.1145    3.7615    5.8828    7.6179
   10.9897   11.6126   13.8586   13.8932   17.6404   20.7177   23.3038   25.7701   25.9163   27.8402
   28.3796   29.7716   31.6664   31.8147   34.0176   35.3042   35.4420   37.1776   38.6347   45.2511
   51.7548   56.5034   56.6809   58.0304   59.8091   63.4693   64.4715   64.9964   67.3157   67.5280
   76.1715   84.6966   86.2623   86.5328
 145  2 -109.5327 -107.5411  -69.9691  -69.9592  -69.9511  -67.8828  -67.8756  -67.8627  -23.8446  -22.7687
         -12.8980  -12.5680  -12.3438  -11.2685  -10.7878  -10.5032  -10.2680   -9.5036   -8.5004   -8.2660
   -7.3930   -7.3833   -6.5123   -6.3446   -2.0689   -1.6653   -0.0891    3.5755    5.9171    7.8142
   11.3491   11.5921   14.0148   14.2520   17.5944   20.9074   23.0817   25.4826   25.5127   27.4119
   28.2186   29.4217   31.8816   31.9173   34.0551   35.1453   35.2357   36.7645   38.6815   44.9116
   52.0193   57.0571   57.1756   58.5365   59.5535   62.4864   64.1944   64.7994   67.1103   67.2010
   75.7340   84.7881   85.0706   86.6920
 146  2 -109.5330 -107.5415  -69.9692  -69.9579  -69.9506  -67.8829  -67.8742  -67.8622  -23.8921  -22.7726
         -12.9123  -12.5755  -12.4109  -11.2110  -10.7983  -10.5032  -10.2056   -9.5193   -8.4314   -8.2550
   -7.3503   -7.3285   -6.4822   -6.3526   -2.0685   -1.6596   -0.2929    3.3880    5.9497    8.0234
   11.5711   11.7208   14.1790   14.6069   17.5532   21.0934   22.8566   25.0420   25.2685   27.0038
   28.0252   28.9640   32.0590   32.1077   34.1066   34.9111   35.1815   36.4118   38.7420   44.5552
   52.3330   57.5531   57.5923   59.0153   59.4162   61.4790   63.9538   64.5943   66.7386   67.0112
   75.2526   83.4216   85.4206   86.8368
 147  2 -109.5332 -107.5418  -69.9692  -69.9567  -69.9501  -67.8829  -67.8727  -67.8617  -23.9380  -22.7762
         -12.9315  -12.5834  -12.4701  -11.1578  -10.8070  -10.5053  -10.1446   -9.5351   -8.3585   -8.2392
   -7.3074   -7.2747   -6.4542   -6.3623   -2.0638   -1.6538   -0.4959    3.2004    5.9808    8.2443
   11.5496   12.1031   14.3510   14.9560   17.5195   21.2733   22.6280   24.5973   25.0380   26.6175
   27.7942   28.4310   32.2286   32.3443   34.1703   34.7328   35.1404   36.1176   38.8133   44.1854
   52.6956   57.7530   58.0991   59.4546   59.4652   60.4709   63.7549   64.3894   66.3560   66.7902
   74.7309   82.1656   85.7462   86.9681
 148  2 -109.5334 -107.5421  -69.9693  -69.9555  -69.9496  -67.8830  -67.8714  -67.8612  -23.9819  -22.7796
         -12.9561  -12.5917  -12.5203  -11.1092  -10.8141  -10.5088  -10.0861   -9.5510   -8.2936   -8.2068
   -7.2643   -7.2225   -6.4289   -6.3737   -2.0548   -1.6480   -0.6970    3.0139    6.0108    8.4759
   11.5278   12.4939   14.5304   15.2965   17.4966   21.4443   22.3956   24.1515   24.8215   26.2549
   27.5065   27.8730   32.4160   32.5912   34.2443   34.6006   35.1112   35.8784   38.8924   43.8054
   53.1061   57.7735   58.5662   59.4606   59.6867   59.8849   63.6049   64.1894   65.9728   66.5274
   74.1720   81.0210   86.0464   87.0868
 149  2 -109.5337 -107.5424  -69.9694  -69.9543  -69.9491  -67.8830  -67.8700  -67.8608  -24.0237  -22.7827
         -12.9866  -12.6001  -12.5608  -11.0651  -10.8197  -10.5130  -10.0308   -9.5666   -8.2583   -8.1371
   -7.2212   -7.1721   -6.4069   -6.3866   -2.0420   -1.6421   -0.8945    2.8299    6.0395    8.7171
   11.5058   12.8911   14.7169   15.6242   17.4891   21.6040   22.1591   23.7075   24.6190   25.9172
   27.0757   27.4060   32.6113   32.8479   34.3262   34.5071   35.0926   35.6889   38.9758   43.4179
   53.5625   57.6892   58.5053   58.9806   59.9907   60.2738   63.5126   63.9969   65.5910   66.2277
   73.5789   79.9870   86.3205   87.1938
 150  2 -109.5339 -107.5427  -69.9694  -69.9533  -69.9486  -67.8830  -67.8688  -67.8603  -24.0632  -22.7855
         -13.0222  -12.6086  -12.5922  -11.0255  -10.8240  -10.5177   -9.9791   -9.5817   -8.2412   -8.0422
   -7.1784   -7.1236   -6.4010   -6.3887   -2.0264   -1.6363   -1.0863    2.6495    6.0671    8.9666
   11.4838   13.2919   14.9100   15.9323   17.5038   21.7490   21.9182   23.2679   24.4308   25.6059
   26.5010   27.0571   32.8039   33.1139   34.4093   34.4542   35.0833   35.5428   39.0602   43.0254
   54.0606   57.5074   57.6367   59.3292   60.3355   60.6314   63.4868   63.8135   65.2137   65.9001
   72.9549   79.0615   86.5680   87.2897
 151  2 -109.5341 -107.5430  -69.9695  -69.9523  -69.9481  -67.8831  -67.8676  -67.8598  -24.1002  -22.7882
         -13.0614  -12.6172  -12.6155  -10.9903  -10.8270  -10.5226   -9.9312   -9.5963   -8.2292   -7.9361
   -7.1361   -7.0775   -6.4169   -6.3752   -2.0101   -1.6306   -1.2692    2.4742    6.0933    9.2227
   11.4621   13.6936   15.1089   16.2099   17.5512   21.6732   21.8756   22.8354   24.2570   25.3219
   25.9057   26.7263   32.9800   33.3886   34.4239   34.5136   35.0818   35.4333   39.1419   42.6303
   54.5911   56.6775   57.4592   59.6020   60.6775   60.9575   63.5331   63.6402   64.8451   65.5561
   72.3037   78.2410   86.7889   87.3753
 152  2 -109.5343 -107.5433  -69.9695  -69.9515  -69.9475  -67.8831  -67.8665  -67.8594  -24.1346  -22.7905
         -13.1025  -12.6327  -12.6254  -10.9591  -10.8291  -10.5277   -9.8874   -9.6101   -8.2192   -7.8233
   -7.0944   -7.0337   -6.4341   -6.3667   -1.9980   -1.6251   -1.4374    2.3052    6.1181    9.4832
   11.4410   14.0931   15.3128   16.4425   17.6447   21.4247   21.9780   22.4129   24.0977   25.0655
   25.3335   26.3912   33.1228   33.6708   34.4553   34.6077   35.0867   35.3538   39.2174   42.2351
   55.1029   55.8941   57.3431   59.7964   61.0015   61.2522   63.4778   63.6497   64.4901   65.2080
   71.6293   77.5207   86.9837   87.4512
 153  2 -109.5345 -107.5435  -69.9696  -69.9507  -69.9470  -67.8831  -67.8654  -67.8589  -24.1661  -22.7926
         -13.1435  -12.6449  -12.6333  -10.9318  -10.8303  -10.5327   -9.8478   -9.6230   -8.2104   -7.7058
   -7.0536   -6.9927   -6.4526   -6.3640   -2.0012   -1.6198   -1.5788    2.1440    6.1413    9.7453
   11.4206   14.4875   15.5203   16.6178   17.7949   21.1739   21.9894   22.0618   23.9530   24.8058
   24.8370   26.0518   33.2179   33.9591   34.5444   34.7029   35.0967   35.2979   39.2836   41.8421
   54.9120   55.8907   57.2428   59.9193   61.3005   61.5159   63.3268   63.8255   64.1552   64.8675
   70.9364   76.8948   87.1531   87.5179
 154  2 -109.5347 -107.5438  -69.9696  -69.9501  -69.9464  -67.8831  -67.8645  -67.8585  -24.1947  -22.7945
         -13.1830  -12.6537  -12.6408  -10.9082  -10.8308  -10.5375   -9.8124   -9.6348   -8.2026   -7.5855
   -7.0140   -6.9547   -6.4722   -6.3675   -2.0403   -1.6718   -1.6148    1.9921    6.1626   10.0054
   11.4013   14.8734   15.7301   16.7367   17.9988   20.9227   21.6009   22.0815   23.8232   24.3424
   24.6361   25.7123   33.2627   34.2516   34.6900   34.7968   35.1103   35.2603   39.3375   41.4544
   54.2133   56.4705   57.1589   59.9845   61.5711   61.7490   63.1877   63.8482   64.0419   64.5457
   70.2296   76.3569   87.2984   87.5760
 155  2 -109.5349 -107.5440  -69.9696  -69.9496  -69.9459  -67.8832  -67.8637  -67.8581  -24.2202  -22.7961
         -13.2199  -12.6599  -12.6478  -10.8879  -10.8308  -10.5420   -9.7812   -9.6455   -8.1956   -7.4642
   -6.9756   -6.9200   -6.4927   -6.3777   -2.1256   -1.7053   -1.6102    1.8512    6.1820   10.2593
   11.3833   15.2474   15.9397   16.8127   18.2393   20.6739   21.2203   22.0516   23.7083   23.9649
   24.4620   25.3780   33.2678   34.5453   34.8610   34.9039   35.1262   35.2361   39.3766   41.0753
   53.5434   57.0547   57.1285   60.0087   61.8116   61.9521   63.0610   63.5795   64.2516   64.2784
   69.5134   75.9004   87.4212   87.6261
 156  2 -109.5350 -107.5442  -69.9697  -69.9491  -69.9453  -67.8832  -67.8630  -67.8578  -24.2425  -22.7975
         -13.2531  -12.6643  -12.6540  -10.8708  -10.8305  -10.5461   -9.7543   -9.6550   -8.1895   -7.3435
   -6.9388   -6.8890   -6.5140   -6.3952   -2.2351   -1.7006   -1.6061    1.7231    6.1992   10.5014
   11.3671   15.6056   16.1464   16.8612   18.4963   20.4311   20.8586   21.9521   23.6084   23.6905
   24.3139   25.0557   33.2481   34.8362   34.9567   35.1028   35.1433   35.2222   39.3998   40.7093
   52.9378   57.0299   57.7204   60.0065   62.0209   62.1261   62.9470   63.3621   63.9923   64.5159
   68.7928   75.5192   87.5230   87.6684
 157  2 -109.5352 -107.5443  -69.9697  -69.9488  -69.9449  -67.8832  -67.8624  -67.8575  -24.2615  -22.7986
         -13.2822  -12.6675  -12.6595  -10.8567  -10.8299  -10.5497   -9.7316   -9.6631   -8.1843   -7.2254
   -6.9039   -6.8619   -6.5357   -6.4205   -2.3457   -1.6800   -1.6025    1.6097    6.2141   10.7254
   11.3528   15.9432   16.3458   16.8933   18.7525   20.1994   20.5197   21.7903   23.5177   23.5237
   24.1908   24.7530   33.2163   35.0293   35.1142   35.1650   35.2109   35.3256   39.4070   40.3624
   52.4079   56.9879   58.3165   59.9899   62.1985   62.2716   62.8467   63.2134   63.7725   64.7389
   68.0739   75.2075   87.6057   87.7035
 158  2 -109.5353 -107.5444  -69.9697  -69.9485  -69.9445  -67.8832  -67.8619  -67.8572  -24.2772  -22.7996
         -13.3065  -12.6697  -12.6641  -10.8455  -10.8292  -10.5528   -9.7131   -9.6698   -8.1800   -7.1120
   -6.8715   -6.8392   -6.5573   -6.4537   -2.4454   -1.6547   -1.5994    1.5131    6.2265   10.9241
   11.3407   16.2536   16.5322   16.9152   18.9931   19.9854   20.2094   21.5965   23.4221   23.4542
   24.0916   24.4797   33.1812   35.0901   35.1726   35.2076   35.3884   35.5357   39.4003   40.0431
   51.9621   56.9560   58.8588   59.9673   62.3437   62.3895   62.7610   63.1548   63.5948   64.9354
   67.3653   74.9600   87.6709   87.7318
 159  2 -109.5354 -107.5446  -69.9697  -69.9483  -69.9442  -67.8832  -67.8615  -67.8570  -24.2895  -22.8003
         -13.3258  -12.6712  -12.6677  -10.8371  -10.8283  -10.5552   -9.6988   -9.6751   -8.1767   -7.0057
   -6.8425   -6.8211   -6.5779   -6.4948   -2.5279   -1.6307   -1.5970    1.4352    6.2362   11.0897
   11.3311   16.5269   16.6972   16.9303   19.2040   19.7981   19.9370   21.4082   23.3729   23.4002
   24.0155   24.2475   33.1490   35.1386   35.1860   35.2060   35.6264   35.7217   39.3838   39.7635
   51.6075   56.9330   59.3128   59.9447   62.4564   62.4803   62.6915   63.2077   63.4595   65.0965
   66.6812   74.7723   87.7199   87.7534
 160  2 -109.5354 -107.5446  -69.9698  -69.9481  -69.9439  -67.8832  -67.8612  -67.8568  -24.2983  -22.8008
         -13.3397  -12.6722  -12.6704  -10.8318  -10.8270  -10.5570   -9.6887   -9.6787   -8.1742   -6.9099
   -6.8183   -6.8079   -6.5960   -6.5425   -2.5894   -1.6112   -1.5953    1.3779    6.2433   11.2148
   11.3240   16.7482   16.8297   16.9403   19.3704   19.6491   19.7168   21.2550   23.3476   23.3615
   23.9618   24.0693   33.1235   35.1738   35.1959   35.2056   35.8202   35.8684   39.3640   39.5402
   51.3498   56.9177   59.6470   59.9261   62.5363   62.5448   62.6401   63.3645   63.3783   65.2158
   66.0496   74.6410   87.7540   87.7687
 161  2 -109.5355 -107.5447  -69.9698  -69.9480  -69.9438  -67.8832  -67.8610  -67.8567  -24.3035  -22.8011
         -13.3481  -12.6728  -12.6719  -10.8297  -10.8251  -10.5580   -9.6834   -9.6802   -8.1728   -6.8321
   -6.8015   -6.7999   -6.6092   -6.5906   -2.6273   -1.5987   -1.5942    1.3429    6.2475   11.2928
   11.3198   16.8962   16.9171   16.9461   19.4778   19.5518   19.5696   21.1559   23.3343   23.3383
   23.9297   23.9573   33.1073   35.1951   35.2019   35.2058   35.9492   35.9628   39.3481   39.3934
   51.1934   56.9090   59.8457   59.9140   62.5825   62.5847   62.6085   63.3103   63.6137   65.2890
   65.5372   74.5632   87.7741   87.7778
 162  2 -109.5355 -107.5447  -69.9698  -69.9480  -69.9437  -67.8832  -67.8610  -67.8567  -24.3053  -22.8012
         -13.3509  -12.6730  -12.6724  -10.8292  -10.8242  -10.5584   -9.6829   -9.6795   -8.1723   -6.7997
   -6.7967   -6.7927   -6.6178   -6.6126   -2.6401   -1.5945   -1.5936    1.3311    6.2489   11.3178
   11.3199   16.9469   16.9485   16.9493   19.5135   19.5174   19.5192   21.1217   23.3297   23.3308
   23.9190   23.9193   33.1018   35.2018   35.2040   35.2063   35.9947   35.9957   39.3416   39.3421
   51.1410   56.9061   59.9093   59.9111   62.5949   62.5985   62.6001   63.2922   63.7466   65.3134
   65.3138   74.5375   87.7808   87.7808
 163  2 -109.5355 -107.5447  -69.9698  -69.9481  -69.9438  -67.8832  -67.8610  -67.8568  -24.3029  -22.8010
         -13.3471  -12.6725  -12.6719  -10.8307  -10.8247  -10.5578   -9.6853   -9.6788   -8.1729   -6.8307
   -6.8233   -6.7955   -6.6050   -6.5843   -2.6225   -1.5995   -1.5952    1.3479    6.2468   11.2807
   11.3210   16.8773   16.8956   16.9551   19.4728   19.5614   19.5829   21.1696   23.3337   23.3444
   23.9402   23.9653   33.1098   35.1930   35.2001   35.2062   35.9283   35.9568   39.3742   39.3859
   51.2167   56.9101   59.8755   59.8855   62.5728   62.5821   62.6140   63.3172   63.5596   65.3135
   65.5665   74.5755   87.7724   87.7758
 164  2 -109.5354 -107.5446  -69.9697  -69.9483  -69.9439  -67.8832  -67.8612  -67.8570  -24.2956  -22.8002
         -13.3358  -12.6717  -12.6698  -10.8355  -10.8256  -10.5561   -9.6936   -9.6756   -8.1748   -6.9006
   -6.8913   -6.7948   -6.5835   -6.5259   -2.5707   -1.6158   -1.5979    1.3974    6.2402   11.1710
   11.3256   16.6819   16.7478   16.9744   19.3499   19.6824   19.7657   21.3055   23.3406   23.3917
   24.0035   24.1008   33.1330   35.1615   35.1878   35.2120   35.7428   35.8464   39.4671   39.5047
   51.4421   56.9223   59.7724   59.7974   62.4930   62.5324   62.6676   63.2180   63.3942   65.3150
   66.1174   74.6904   87.7469   87.7610
 165  2 -109.5353 -107.5445  -69.9697  -69.9486  -69.9441  -67.8832  -67.8614  -67.8574  -24.2835  -22.7989
         -13.3171  -12.6704  -12.6662  -10.8441  -10.8267  -10.5533   -9.7079   -9.6699   -8.1780   -6.9842
   -6.9822   -6.7933   -6.5660   -6.4628   -2.4871   -1.6408   -1.6020    1.4778    6.2293   10.9984
   11.3330   16.3934   16.5277   17.0066   19.1607   19.8580   20.0347   21.5069   23.3473   23.4850
   24.1098   24.3158   33.1681   35.1102   35.1658   35.2232   35.4715   35.6778   39.6102   39.6702
   51.8113   56.9443   59.5994   59.6164   62.3608   62.4441   62.7571   62.9457   63.5277   65.3224
   66.7719   74.8851   87.7029   87.7360
 166  2 -109.5352 -107.5444  -69.9697  -69.9491  -69.9444  -67.8832  -67.8618  -67.8579  -24.2667  -22.7972
         -13.2910  -12.6687  -12.6611  -10.8562  -10.8282  -10.5493   -9.7279   -9.6621   -8.1825   -7.0932
   -7.0697   -6.7913   -6.5566   -6.4021   -2.3760   -1.6718   -1.6070    1.5864    6.2140   10.7751
   11.3424   16.0393   16.2579   17.0517   18.9216   20.0660   20.3644   21.7366   23.3527   23.6480
   24.2601   24.5945   33.2090   35.0399   35.1324   35.1508   35.2406   35.4700   39.7911   39.8549
   52.3156   56.9783   59.3196   59.3559   62.1779   62.3136   62.8298   62.8829   63.7205   65.3418
   67.4634   75.1640   87.6382   87.7006
 167  2 -109.5351 -107.5442  -69.9697  -69.9497  -69.9447  -67.8831  -67.8622  -67.8585  -24.2452  -22.7950
         -13.2579  -12.6662  -12.6548  -10.8718  -10.8305  -10.5443   -9.7536   -9.6522   -8.1882   -7.2145
   -7.1593   -6.7890   -6.5556   -6.3465   -2.2426   -1.7058   -1.6115    1.7198    6.1945   10.5148
   11.3531   15.6379   15.9551   17.1099   18.6473   20.2900   20.7395   21.9502   23.3573   23.9098
   24.4563   24.9209   33.2445   34.7967   34.9661   35.0853   35.2333   35.2784   39.9992   40.0401
   52.9433   57.0273   58.9164   59.0425   61.9462   62.1393   62.8873   63.0415   63.9736   65.3796
   68.1653   75.5336   87.5499   87.6545
 168  2 -109.5349 -107.5440  -69.9696  -69.9505  -69.9450  -67.8831  -67.8628  -67.8591  -24.2192  -22.7923
         -13.2180  -12.6629  -12.6473  -10.8907  -10.8339  -10.5383   -9.7849   -9.6405   -8.1952   -7.3440
   -7.2499   -6.7866   -6.5625   -6.2973   -2.0943   -1.7396   -1.6121    1.8749    6.1707   10.2303
   11.3639   15.2009   15.6307   17.1811   18.3495   20.5194   21.1516   22.1142   23.3623   24.2839
   24.7044   25.2814   33.2560   34.4469   34.8754   35.0157   35.0323   35.3098   40.2156   40.2263
   53.6809   57.0946   58.4426   58.6629   61.6683   61.9205   63.0937   63.2301   64.2872   65.4415
   68.8634   76.0020   87.4341   87.5976
 169  2 -109.5347 -107.5437  -69.9696  -69.9514  -69.9454  -67.8831  -67.8636  -67.8598  -24.1887  -22.7892
         -13.1719  -12.6587  -12.6386  -10.9127  -10.8387  -10.5311   -9.8218   -9.6272   -8.2035   -7.4779
   -7.3406   -6.7843   -6.5766   -6.2551   -1.9454   -1.7707   -1.5982    2.0487    6.1428    9.9327
   11.3736   14.7370   15.2923   17.2655   18.0365   20.7479   21.5963   22.2220   23.3685   24.7322
   25.0364   25.6647   33.2151   34.1067   34.7821   34.8511   34.9467   35.3648   40.3772   40.4667
   54.5127   57.1835   57.9364   58.2247   61.3472   61.6569   63.4177   63.4423   64.6617   65.5321
   69.5487   76.5794   87.2859   87.5299
 170  2 -109.5345 -107.5434  -69.9695  -69.9524  -69.9459  -67.8830  -67.8645  -67.8605  -24.1540  -22.7858
         -13.1199  -12.6535  -12.6288  -10.9379  -10.8453  -10.5229   -9.8641   -9.6126   -8.2132   -7.6128
   -7.4306   -6.7824   -6.5974   -6.2206   -1.8303   -1.7967   -1.5387    2.2385    6.1108    9.6314
   11.3805   14.2536   14.9449   17.3633   17.7143   20.9720   22.0705   22.2858   23.3765   25.1420
   25.5399   26.0617   33.0931   33.7878   34.6901   34.7566   34.8523   35.4414   40.5241   40.7165
   55.4156   57.2951   57.4278   57.7459   60.9861   61.3498   63.6673   63.8353   65.0973   65.6549
   70.2150   77.2783   87.0999   87.4521
 171  2 -109.5342 -107.5431  -69.9695  -69.9536  -69.9463  -67.8830  -67.8656  -67.8612  -24.1151  -22.7821
         -13.0631  -12.6469  -12.6178  -10.9660  -10.8542  -10.5136   -9.9118   -9.5972   -8.2242   -7.7454
   -7.5189   -6.7810   -6.6242   -6.1941   -1.8160   -1.7829   -1.4025    2.4418    6.0748    9.3336
   11.3828   13.7576   14.5919   17.3873   17.4745   21.1899   22.3211   22.5716   23.3866   25.5087
   26.1908   26.4641   32.8818   33.4995   34.6048   34.7425   34.7530   35.5454   40.6577   40.9724
   56.2968   56.9374   57.3026   57.4419   60.5886   61.0033   63.8947   64.3274   65.5921   65.8152
   70.8587   78.1141   86.8698   87.3651
 172  2 -109.5340 -107.5428  -69.9694  -69.9548  -69.9468  -67.8829  -67.8669  -67.8619  -24.0725  -22.7781
         -13.0025  -12.6389  -12.6052  -10.9969  -10.8657  -10.5030   -9.9645   -9.5814   -8.2369   -7.8725
   -7.6051   -6.7807   -6.6569   -6.1755   -1.8275   -1.7779   -1.2173    2.6568    6.0351    9.0451
   11.3786   13.2558   14.2360   17.0586   17.5994   21.4006   22.3399   23.0944   23.4011   25.8820
   26.8642   26.9123   32.5999   33.2509   34.5313   34.6200   34.8252   35.6839   40.7802   41.2322
   56.3816   56.4798   57.5703   57.7136   60.1585   60.6278   64.1105   64.8810   65.9895   66.1727
   71.4780   79.1060   86.5886   87.2707
 173  2 -109.5337 -107.5425  -69.9693  -69.9561  -69.9474  -67.8829  -67.8683  -67.8626  -24.0261  -22.7738
         -12.9401  -12.6292  -12.5900  -11.0304  -10.8803  -10.4910  -10.0221   -9.5658   -8.2519   -7.9909
   -7.6884   -6.7815   -6.6951   -6.1649   -1.8307   -1.7888   -1.0115    2.8815    5.9917    8.7700
   11.3656   12.7551   13.8787   16.7303   17.7382   21.6036   22.3504   23.3966   23.6580   26.2728
   27.2546   27.6656   32.2746   33.0544   34.4745   34.4864   34.9531   35.8652   40.8940   41.4932
   55.8298   56.0649   57.7232   58.7509   59.6999   60.2496   64.3016   65.4851   66.2242   66.7956
   72.0740   80.2793   86.2491   87.1714
 174  2 -109.5335 -107.5421  -69.9693  -69.9575  -69.9479  -67.8828  -67.8697  -67.8632  -23.9764  -22.7694
         -12.8787  -12.6177  -12.5703  -11.0663  -10.8983  -10.4775  -10.0842   -9.5509   -8.2708   -8.0965
   -7.7684   -6.7839   -6.7386   -6.1619   -1.8254   -1.8064   -0.7955    3.1146    5.9449    8.5115
   11.3412   12.2623   13.5215   16.4042   17.8911   21.7983   22.3578   23.4100   24.2204   26.6814
   27.6276   28.4165   31.9278   32.9294   34.3447   34.4393   35.1207   36.0982   41.0014   41.7530
   55.1947   55.6989   57.7976   59.2149   59.8705   59.9651   64.4557   66.1294   66.4917   67.4910
   72.6505   81.6672   85.8434   87.0707
 175  2 -109.5332 -107.5418  -69.9692  -69.9589  -69.9485  -67.8827  -67.8713  -67.8639  -23.9237  -22.7648
         -12.8231  -12.6042  -12.5427  -11.1044  -10.9197  -10.4624  -10.1504   -9.5375   -8.2985   -8.1823
   -7.8445   -6.7888   -6.7864   -6.1661   -1.8275   -1.8120   -0.5738    3.3546    5.8949    8.2717
   11.2999   11.7862   13.1651   16.0815   18.0583   21.9833   22.3659   23.4145   24.8021   27.1057
   27.9764   29.1183   31.5758   32.9103   34.1987   34.4293   35.3198   36.3922   41.1047   42.0089
   54.5295   55.3850   57.6922   58.7107   59.7755   61.1149   64.5639   66.7968   66.8032   68.2552
   73.2141   83.3145   85.3639   86.9727
 176  2 -109.5329 -107.5414  -69.9691  -69.9603  -69.9491  -67.8827  -67.8729  -67.8646  -23.8681  -22.7602
         -12.7788  -12.5885  -12.5027  -11.1446  -10.9445  -10.4454  -10.2201   -9.5261   -8.3435   -8.2383
   -7.9163   -6.8406   -6.7943   -6.1767   -1.8504   -1.7911   -0.3487    3.6005    5.8421    8.0521
   11.1989   11.3728   12.8102   15.7632   18.2400   22.1558   22.3781   23.4109   25.3950   27.5431
   28.2945   29.7060   31.2306   33.0497   34.0518   34.4472   35.5470   36.7560   41.2057   42.2582
   53.8478   55.1233   57.3317   58.1889   59.8719   62.3524   64.6204   67.1397   67.4938   69.0866
   73.7750   84.8032   85.2812   86.8828
 177  2 -109.5326 -107.5411  -69.9691  -69.9618  -69.9498  -67.8826  -67.8745  -67.8653  -23.8101  -22.7555
         -12.7498  -12.5705  -12.4475  -11.1865  -10.9724  -10.4263  -10.2928   -9.5174   -8.3996   -8.2696
   -7.9836   -6.8984   -6.8031   -6.1932   -1.8742   -1.7636   -0.1219    3.8511    5.7869    7.8533
   10.8378   11.2248   12.4571   15.4501   18.4367   22.3024   22.4074   23.3966   25.9937   27.9907
   28.5771   30.1157   30.9020   33.3975   33.9077   34.4941   35.8020   37.1973   41.3062   42.4980
   53.1573   54.9106   56.7645   57.6536   60.1651   63.6062   64.6242   67.5181   68.1873   69.9810
   74.3457   84.1548   86.8059   87.6472
 178  2 -109.5324 -107.5407  -69.9690  -69.9632  -69.9504  -67.8826  -67.8760  -67.8661  -23.7500  -22.7509
         -12.7355  -12.5500  -12.3790  -11.2300  -11.0028  -10.4049  -10.3678   -9.5117   -8.4517   -8.2908
   -8.0462   -6.9604   -6.8146   -6.2147   -1.8981   -1.7307    0.1058    4.1055    5.7299    7.6754
   10.4240   11.1364   12.1059   15.1431   18.6485   22.3699   22.5054   23.3691   26.5926   28.4455
   28.8212   30.3382   30.5980   33.7706   33.9474   34.5691   36.0861   37.7220   41.4081   42.7258
   52.4640   54.7412   56.0658   57.1083   60.5798   64.5784   64.8560   67.9285   68.8675   70.9295
   74.9403   83.4130   86.7490   90.5130
 179  2 -109.5321 -107.5404  -69.9691  -69.9645  -69.9511  -67.8826  -67.8776  -67.8669  -23.6883  -22.7464
         -12.7332  -12.5270  -12.3014  -11.2749  -11.0350  -10.4442  -10.3812   -9.5092   -8.4937   -8.3081
   -8.1038   -7.0261   -6.8290   -6.2405   -1.9215   -1.6936    0.3335    4.3624    5.6717    7.5181
   10.0290   11.0376   11.7565   14.8428   18.8758   22.3938   22.6348   23.3266   27.1853   28.9038
   29.0250   30.3252   30.4258   33.6448   34.6156   34.6840   36.4011   38.3334   41.5132   42.9393
   51.7723   54.6070   55.2806   56.5563   61.0712   64.4904   66.0772   68.3658   69.5180   71.9167
   75.5713   82.5739   86.7160   94.0040
 180  2 -109.5319 -107.5401  -69.9692  -69.9657  -69.9519  -67.8827  -67.8790  -67.8677  -23.6253  -22.7420
         -12.7398  -12.5015  -12.2186  -11.3210  -11.0681  -10.5211  -10.3547   -9.5100   -8.5243   -8.3233
   -8.1566   -7.0948   -6.8465   -6.2697   -1.9440   -1.6536    0.5606    4.6210    5.6133    7.3807
    9.6588   10.9235   11.4087   14.5500   19.1190   22.4124   22.7547   23.2685   27.7644   29.1874
   29.3592   30.0902   30.4413   33.5357   34.7769   35.3795   36.7487   39.0328   41.6238   43.1367
   51.0864   54.4351   54.4984   56.0009   61.6142   64.3705   67.2416   68.8246   70.1247   72.9202
   76.2460   81.6354   86.7093   98.2641
 181  2 -109.5317 -107.5398  -69.9696  -69.9667  -69.9526  -67.8829  -67.8802  -67.8685  -23.5614  -22.7378
         -12.7533  -12.4734  -12.1338  -11.3682  -11.1013  -10.5978  -10.3255   -9.5138   -8.5444   -8.3369
   -8.2044   -7.1657   -6.8675   -6.3018   -1.9649   -1.6122    0.7869    4.8800    5.5555    7.2620
    9.3149   10.7936   11.0623   14.2656   19.3783   22.4300   22.8583   23.1962   28.3213   29.3030
   29.7934   29.9029   30.4398   33.4498   34.8947   36.1251   37.1291   39.8196   41.7429   43.3166
   50.4098   53.5499   54.4050   55.4446   62.1919   64.2318   68.3168   69.3030   70.6782   73.9114
   76.9628   80.5982   86.7255  103.4484
 182  2 -109.5315 -107.5395  -69.9702  -69.9673  -69.9534  -67.8835  -67.8811  -67.8694  -23.4971  -22.7338
         -12.7723  -12.4428  -12.0494  -11.4162  -11.1339  -10.6731  -10.2934   -9.5203   -8.5556   -8.3486
   -8.2473   -7.2380   -6.8920   -6.3358   -1.9838   -1.5706    1.0122    5.1380    5.4993    7.1607
    8.9975   10.6489   10.7171   13.9904   19.6542   22.4469   22.9429   23.1123   28.8453   29.3547
   29.7846   30.1092   30.5378   33.3956   35.0000   36.8368   37.5403   40.6915   41.8742   43.4777
   49.7460   52.6454   54.3175   54.8903   62.7902   64.0885   69.2535   69.8194   71.1756   74.8591
   77.7074   79.4672   86.7528  109.7083
 183  2 -109.5313 -107.5392  -69.9711  -69.9676  -69.9542  -67.8844  -67.8815  -67.8703  -23.4329  -22.7302
         -12.7955  -12.4101  -11.9672  -11.4648  -11.1654  -10.7460  -10.2582   -9.5291   -8.5598   -8.3581
   -8.2855   -7.3105   -6.9203   -6.3712   -2.0004   -1.5300    1.2361    5.3932    5.4459    7.0754
    8.7062   10.3729   10.4912   13.7255   19.9471   22.4629   23.0064   23.0209   29.3034   29.3458
   29.7554   30.1690   30.8829   33.3833   35.0743   37.4897   37.9778   41.6456   42.0228   43.6190
   49.0978   51.7452   54.2279   54.3401   63.3962   63.9554   69.9566   70.4449   71.6191   75.7366
   78.1847   78.5207   86.7688  117.1696
 184  2 -109.5312 -107.5390  -69.9721  -69.9677  -69.9551  -67.8855  -67.8817  -67.8712  -23.3693  -22.7268
         -12.8217  -12.3754  -11.8889  -11.5136  -11.1954  -10.8157  -10.2202   -9.5398   -8.5592   -8.3648
   -8.3192   -7.3819   -6.9524   -6.4075   -2.0142   -1.4916    1.4588    5.3960    5.6435    7.0044
    8.4404   10.0299   10.3232   13.4719   20.2573   22.4774   22.9265   23.0463   29.2444   29.7448
   29.7863   30.1368   31.3155   33.4251   35.0974   38.0674   38.4334   42.1950   42.6779   43.7396
   48.4681   50.8765   53.7963   54.1312   63.8469   63.9966   70.4528   71.1358   72.0138   76.5278
   76.9167   79.2175   86.7413  125.8972
 185  2 -109.5311 -107.5388  -69.9730  -69.9678  -69.9559  -67.8865  -67.8818  -67.8721  -23.3066  -22.7238
         -12.8495  -12.3394  -11.8161  -11.5622  -11.2241  -10.8810  -10.1797   -9.5523   -8.5559   -8.3681
   -8.3484   -7.4507   -6.9885   -6.4439   -2.0250   -1.4566    1.6802    5.3509    5.8858    6.9463
    8.1991    9.6883   10.1489   13.2309   20.5852   22.4902   22.8341   23.0601   29.1597   29.8277
   30.0902   30.0988   31.7599   33.5319   35.0514   38.5600   38.8951   42.3971   43.7834   43.8393
   47.8596   50.0690   53.2606   54.0258   63.7762   64.5780   70.8602   71.7636   72.3643   75.5364
   77.2324   79.9055   86.6353  135.8422
 186  2 -109.5309 -107.5386  -69.9739  -69.9679  -69.9568  -67.8875  -67.8819  -67.8731  -23.2454  -22.7212
         -12.8775  -12.3029  -11.7501  -11.6099  -11.2515  -10.9411  -10.1370   -9.5663   -8.5516   -8.3739
   -8.3672   -7.5149   -7.0285   -6.4802   -2.0325   -1.4258    1.9005    5.3111    6.1160    6.8997
    7.9812    9.3490    9.9736   13.0038   20.9311   22.5013   22.7481   23.0446   29.0836   29.8755
   30.0441   30.3718   32.1996   33.7096   34.9249   38.9629   39.3472   42.6344   43.9154   44.9594
   47.2752   49.3521   52.7346   53.9137   63.7552   65.1261   71.2100   72.2920   72.6728   74.0937
   77.8651   80.5213   86.4238  146.7673
 187  2 -109.5308 -107.5384  -69.9746  -69.9679  -69.9576  -67.8884  -67.8819  -67.8740  -23.1862  -22.7190
         -12.9045  -12.2671  -11.6922  -11.6556  -11.2780  -10.9951  -10.0933   -9.5811   -8.5478   -8.3947
   -8.3633   -7.5726   -7.0726   -6.5158   -2.0364   -1.3999    2.1198    5.2775    6.3282    6.8633
    7.7855    9.0132    9.8042   12.7918   21.2954   22.5105   22.6726   22.9967   29.0206   29.9222
   30.0034   30.5714   32.6242   33.9543   34.7203   39.2773   39.7699   42.9088   43.9707   46.1974
   46.7183   48.7503   52.2198   53.8008   63.7938   65.6272   71.5042   72.6039   72.7172   72.9387
   78.4506   81.0431   86.0981  158.1596
 188  2 -109.5307 -107.5383  -69.9753  -69.9679  -69.9585  -67.8891  -67.8820  -67.8750  -23.1294  -22.7173
         -12.9292  -12.2340  -11.6974  -11.6437  -11.3037  -11.0422  -10.0498   -9.5963   -8.5452   -8.4120
   -8.3563   -7.6214   -7.1206   -6.5503   -2.0367   -1.3798    2.3382    5.2505    6.5144    6.8360
    7.6106    8.6823    9.6500   12.5962   21.6779   22.5183   22.6105   22.9128   28.9714   29.9676
   29.9702   30.7102   33.0105   34.2535   34.4664   39.5089   40.1403   43.2163   44.0059   46.1939
   47.4915   48.2796   51.7174   53.6957   63.8999   66.0686   71.0838   71.7398   73.0425   73.1572
   79.0145   81.4573   85.6751  169.1642
 189  2 -109.5306 -107.5381  -69.9759  -69.9680  -69.9594  -67.8898  -67.8821  -67.8760  -23.0754  -22.7160
         -12.9502  -12.2063  -11.7331  -11.6060  -11.3285  -11.0816  -10.0083   -9.6105   -8.5439   -8.4259
   -8.3482   -7.6586   -7.1725   -6.5835   -2.0332   -1.3657    2.5560    5.2305    6.6637    6.8169
    7.4554    8.3580    9.5228   12.4182   22.0778   22.5258   22.5641   22.7903   28.9364   29.9456
   30.0122   30.8058   33.2736   34.2656   34.5903   39.6665   40.4340   43.5442   44.0247   45.7131
   47.9457   48.8332   51.2283   53.6088   64.0793   66.4405   69.5500   71.9129   73.2727   73.3224
   79.5731   81.7571   85.1990  178.6065
 190  2 -109.5305 -107.5380  -69.9763  -69.9680  -69.9603  -67.8903  -67.8821  -67.8770  -23.0246  -22.7152
         -12.9665  -12.1873  -11.7593  -11.5808  -11.3518  -11.1127   -9.9714   -9.6219   -8.5437   -8.4365
   -8.3412   -7.6817   -7.2282   -6.6150   -2.0259   -1.3580    2.7733    5.2178    6.7635    6.8055
    7.3187    8.0421    9.4359   12.2588   22.4620   22.5350   22.5660   22.6282   28.9154   29.9302
   30.0564   30.8749   33.2157   34.3401   34.9494   39.7589   40.6272   43.8562   44.0324   45.3093
   47.7454   50.2113   50.7535   53.5504   64.3360   66.7380   68.0219   72.0206   73.4120   73.4275
   80.1153   81.9407   84.7476  185.1778
 191  2 -109.5304 -107.5379  -69.9766  -69.9680  -69.9612  -67.8906  -67.8822  -67.8779  -22.9773  -22.7149
         -12.9771  -12.1806  -11.7731  -11.5704  -11.3722  -11.1348   -9.9419   -9.6282   -8.5445   -8.4442
   -8.3369   -7.6887   -7.2875   -6.6445   -2.0148   -1.3567    2.9903    5.2126    6.8011    6.8022
    7.1994    7.7361    9.4014   12.1189   22.4226   22.5196   22.5241   22.9539   28.9085   29.9242
   30.1008   30.9313   32.8984   34.6532   35.3186   39.7924   40.7016   44.0320   44.0345   45.0999
   47.6702   50.2935   51.6103   53.5279   64.6721   66.5215   66.9615   72.0609   73.4634   73.4672
   80.5725   82.0087   84.4516  187.7909
 192  2 -109.5302 -107.5378  -69.9768  -69.9681  -69.9621  -67.8908  -67.8823  -67.8789  -22.9339  -22.7150
         -12.9814  -12.1876  -11.7736  -11.5767  -11.3883  -11.1470   -9.9224   -9.6269   -8.5464   -8.4493
   -8.3362   -7.6785   -7.3501   -6.6720   -2.0001   -1.3619    3.2071    5.2148    6.7743    6.8036
    7.0964    7.4416    9.4248   11.9992   22.1827   22.5212   22.5317   23.4123   28.9157   29.9279
   30.1453   30.9852   32.5089   35.0385   35.6898   39.7695   40.6497   43.9052   44.0333   45.2503
   47.7099   49.8491   53.0035   53.5468   65.0788   65.0881   67.1173   72.0330   73.4280   73.4394
   80.8013   81.9617   84.5059  185.9713
 193  2 -109.5301 -107.5377  -69.9768  -69.9681  -69.9630  -67.8909  -67.8825  -67.8798  -22.8946  -22.7157
         -12.9788  -12.2068  -11.7628  -11.5998  -11.4003  -11.1488   -9.9137   -9.6173   -8.5496   -8.4521
   -8.3386   -7.6517   -7.4157   -6.6970   -1.9818   -1.3732    3.4238    5.2243    6.6841    6.8125
    7.0078    7.1603    9.5022   11.8999   21.9086   22.5196   22.5575   23.8925   28.9372   29.9410
   30.1899   31.0440   32.1128   35.4444   36.0579   39.6885   40.4768   43.6054   44.0272   45.6315
   47.8547   49.4205   53.5926   54.3577   63.7434   65.5831   67.2162   71.9374   73.3051   73.3456
   80.7070   81.7991   85.0450  180.0520
 194  2 -109.5301 -107.5376  -69.9768  -69.9681  -69.9639  -67.8908  -67.8827  -67.8805  -22.8596  -22.7168
         -12.9689  -12.2346  -11.7448  -11.6373  -11.4105  -11.1396   -9.9142   -9.6005   -8.5548   -8.4531
   -8.3426   -7.6098   -7.4839   -6.7196   -1.9602   -1.3902    3.6402    5.2407    6.5428    6.8192
    6.9020    6.9320    9.6225   11.8211   21.6066   22.5157   22.6009   24.3930   28.9734   29.9630
   30.2343   31.1131   31.7309   35.8577   36.4200   39.5436   40.1996   43.2766   44.0111   46.1019
   48.0964   49.0082   53.6769   55.5549   62.6165   66.1554   67.2714   71.7759   73.0919   73.1906
   80.3769   81.5203   86.0117  171.0353
 195  2 -109.5300 -107.5376  -69.9766  -69.9681  -69.9648  -67.8906  -67.8831  -67.8811  -22.8290  -22.7184
         -12.9517  -12.2673  -11.7237  -11.6863  -11.4212  -11.1194   -9.9209   -9.5794   -8.5625   -8.4528
   -8.3461   -7.5558   -7.5538   -6.7395   -1.9354   -1.4124    3.8562    5.2636    6.3630    6.6289
    6.8631    6.8680    9.7723   11.7627   21.2830   22.5098   22.6603   24.9131   29.0248   29.9932
   30.2782   31.1964   31.3702   36.2744   36.7748   39.3265   39.8412   42.9641   43.9793   46.6193
   48.4278   48.6125   53.7799   56.3767   61.9272   66.8023   67.2972   71.5514   72.7844   72.9810
   79.9410   81.1265   87.3006  160.2199
 196  2 -109.5299 -107.5375  -69.9763  -69.9682  -69.9656  -67.8903  -67.8837  -67.8815  -22.8028  -22.7204
         -12.9274  -12.3022  -11.7445  -11.7018  -11.4339  -11.0886   -9.9305   -9.5565   -8.5730   -8.4517
   -8.3474   -7.6258   -7.4912   -6.7566   -1.9077   -1.4390    4.0711    5.2921    6.1554    6.3912
    6.8151    6.8957    9.9393   11.7241   20.9440   22.5018   22.7336   25.4524   29.0922   30.0293
   30.3210   31.0321   31.2965   36.6936   37.1220   39.0282   39.4263   42.6832   43.9281   47.1700
   48.2339   48.8422   53.8923   56.4877   62.0090   67.3070   67.5207   71.2674   72.3778   72.7234
   79.4744   80.6231   88.8603  148.8240
 197  2 -109.5298 -107.5375  -69.9759  -69.9682  -69.9665  -67.8899  -67.8844  -67.8816  -22.7809  -22.7229
         -12.8963  -12.3372  -11.8101  -11.6806  -11.4490  -11.0482   -9.9410   -9.5338   -8.5861   -8.4506
   -8.3456   -7.6981   -7.4194   -6.7708   -1.8774   -1.4692    4.2838    5.3247    5.9286    6.1691
    6.7725    6.9400   10.1137   11.7045   20.5950   22.4918   22.8180   26.0100   29.1772   30.0657
   30.3624   30.7196   31.4156   37.1153   37.4618   38.6422   38.9783   42.4391   43.8553   47.7389
   47.8819   49.3326   54.0051   55.9049   62.8426   67.3126   68.3072   70.9276   71.8684   72.4223
   79.0117   80.0222   90.6825  137.7662
 198  2 -109.5298 -107.5375  -69.9754  -69.9682  -69.9672  -67.8895  -67.8851  -67.8817  -22.7634  -22.7258
         -12.8594  -12.3712  -11.8818  -11.6603  -11.4662  -10.9997   -9.9509   -9.5123   -8.6010   -8.4505
   -8.3405   -7.7701   -7.3424   -6.7820   -1.8449   -1.5020    4.4913    5.3585    5.6886    5.9683
    6.7392    6.9959   10.2881   11.7031   20.2406   22.4799   22.9096   26.5853   29.2816   30.0789
   30.4019   30.4526   31.5551   37.5391   37.7946   38.1676   38.5179   42.2308   43.7604   47.5219
   48.3571   49.8909   54.1115   54.9790   64.0745   67.3240   69.1580   70.5313   71.2578   72.0796
   78.5687   79.3431   92.7836  127.6184
 199  2 -109.5298 -107.5375  -69.9749  -69.9684  -69.9678  -67.8891  -67.8857  -67.8817  -22.7500  -22.7290
         -12.8177  -12.4032  -11.9578  -11.6405  -11.4849  -10.9449   -9.9595   -9.4925   -8.6167   -8.4525
   -8.3323   -7.8402   -7.2621   -6.7900   -1.8106   -1.5364    4.6866    5.3874    5.4399    5.8009
    6.7143    7.0646   10.4569   11.7185   19.8842   22.4663   23.0040   27.1769   29.4075   29.9730
   30.3230   30.4393   31.7161   37.5980   37.9748   38.0444   38.1384   42.0536   43.6438   47.1936
   48.9821   50.5080   53.9330   54.2138   65.4722   67.3488   70.0568   70.0696   70.5723   71.6934
   78.1527   78.6111   95.1968  118.6614
 200  2 -109.5298 -107.5375  -69.9744  -69.9689  -69.9679  -67.8891  -67.8859  -67.8817  -22.7406  -22.7326
         -12.7729  -12.4328  -12.0364  -11.6207  -11.5046  -10.8855   -9.9666   -9.4747   -8.6320   -8.4583
   -8.3217   -7.9070   -7.1802   -6.7947   -1.7748   -1.5714    4.8486    5.1856    5.4037    5.6944
    6.6970    7.1475   10.6160   11.7495   19.5286   22.4514   23.0965   27.7835   29.5573   29.7404
   30.3346   30.4748   31.8992   36.9611   37.6160   38.4038   38.4488   41.9010   43.5063   46.8813
   49.6268   51.1733   52.8730   54.3019   66.9359   67.3925   69.4011   69.9243   71.0374   71.2609
   77.7676   77.8549   97.9692  110.9721
 201  2 -109.5298 -107.5376  -69.9740  -69.9693  -69.9679  -67.8894  -67.8856  -67.8817  -22.7365  -22.7348
         -12.7277  -12.4596  -12.1148  -11.6003  -11.5242  -10.8233   -9.9722   -9.4590   -8.6457   -8.4699
   -8.3091   -7.9683   -7.0983   -6.7961   -1.7380   -1.6058    4.9221    4.9283    5.4357    5.6736
    6.6863    7.2462   10.7622   11.7945   19.1757   22.4356   23.1821   28.4032   29.4854   29.7324
   30.3772   30.5094   32.1051   36.2591   37.2003   38.7678   38.8382   41.7669   43.3489   46.5853
   50.2879   51.8303   51.8753   54.3891   67.4583   68.4197   68.4995   69.3940   70.7726   72.0626
   77.1030   77.4158  101.1611  104.5018
 202  2 -109.5299 -107.5376  -69.9737  -69.9696  -69.9679  -67.8900  -67.8850  -67.8815  -22.7406  -22.7324
         -12.6860  -12.4834  -12.1894  -11.5787  -11.5429  -10.7597   -9.9766   -9.4453   -8.6567   -8.4895
   -8.2952   -8.0218   -7.0175   -6.7941   -1.7007   -1.6386    4.6696    4.8695    5.5349    5.7234
    6.6815    7.3621   10.8936   11.8519   18.8268   22.4196   23.2569   29.0338   29.2361   29.9313
   30.4131   30.5463   32.3338   35.5171   36.8146   39.0843   39.2740   41.6460   43.1725   46.3057
   50.8257   50.9623   52.6019   54.4806   67.4424   67.5498   68.9113   69.8878   70.2419   73.1373
   76.3785   77.1000   99.1326  104.8465
 203  2 -109.5299 -107.5376  -69.9750  -69.9681  -69.9681  -67.8881  -67.8868  -67.8817  -22.7407  -22.7324
         -12.6872  -12.4830  -12.1894  -11.5771  -11.5418  -10.7597   -9.9777   -9.4460   -8.6603   -8.4897
   -8.2960   -8.0184   -7.0172   -6.7931   -1.7007   -1.6384    4.6679    4.8702    5.5347    5.7229
    6.6816    7.3637   10.8932   11.8520   18.8278   22.4193   23.2570   29.0324   29.2346   29.9309
   30.4136   30.5474   32.3345   35.5153   36.8131   39.0854   39.2765   41.6457   43.1739   46.3040
   50.8234   50.9638   52.6014   54.4812   67.4436   67.5470   68.9113   69.8875   70.2413   73.1394
   76.3769   77.1033   99.1329  104.8483
 204  2 -109.5299 -107.5377  -69.9754  -69.9681  -69.9676  -67.8876  -67.8871  -67.8818  -22.7426  -22.7323
         -12.6712  -12.4928  -12.2204  -11.5668  -11.5497  -10.7307   -9.9794   -9.4404   -8.6640   -8.5018
   -8.2894   -8.0395   -6.9811   -6.7911   -1.6837   -1.6525    4.5503    4.8190    5.5886    5.7676
    6.6811    7.4224   10.9476   11.8818   18.6709   22.4121   23.2866   29.1252   29.3220   30.0271
   30.4214   30.5673   32.4460   35.1735   36.6485   39.2286   39.4743   41.5939   43.0878   46.1823
   50.3822   51.2739   52.9366   54.5267   66.9320   67.5929   68.6992   69.9534   70.5774   73.6441
   76.0609   76.9724   97.0168  106.7097
 205  2 -109.5299 -107.5377  -69.9757  -69.9681  -69.9672  -67.8875  -67.8871  -67.8818  -22.7446  -22.7328
         -12.6582  -12.5021  -12.2484  -11.5571  -11.5562  -10.7019   -9.9810   -9.4353   -8.6669   -8.5159
   -8.2826   -8.0584   -6.9457   -6.7885   -1.6667   -1.6659    4.4329    4.7593    5.6362    5.8291
    6.6816    7.4850   10.9986   11.9137   18.5152   22.4051   23.3130   29.0186   29.6130   30.1241
   30.4199   30.5919   32.5623   34.8346   36.4906   39.3715   39.6714   41.5437   42.9981   46.0639
   49.9515   51.5857   53.2733   54.5760   66.4023   67.6447   68.4910   69.6825   71.2343   74.1588
   75.7542   76.8498   95.0827  108.7001
 206  2 -109.5300 -107.5378  -69.9761  -69.9681  -69.9667  -67.8879  -67.8866  -67.8818  -22.7466  -22.7338
         -12.6494  -12.5107  -12.2724  -11.5639  -11.5452  -10.6733   -9.9824   -9.4305   -8.6687   -8.5322
   -8.2757   -8.0751   -6.9109   -6.7852   -1.6785   -1.6498    4.3158    4.6945    5.6759    5.9056
    6.6830    7.5517   11.0461   11.9474   18.3607   22.3983   23.3363   28.9152   29.9052   30.2178
   30.4054   30.6252   32.6833   34.5038   36.3395   39.5141   39.8675   41.4947   42.9049   45.9489
   49.5317   51.8990   53.6104   54.6300   65.8590   67.7001   68.2871   69.3981   71.8884   74.6830
   75.4572   76.7360   93.3161  110.8292
 207  2 -109.5300 -107.5378  -69.9764  -69.9681  -69.9663  -67.8883  -67.8861  -67.8818  -22.7487  -22.7354
         -12.6460  -12.5186  -12.2913  -11.5700  -11.5338  -10.6451   -9.9837   -9.4261   -8.6696   -8.5504
   -8.2687   -8.0898   -6.8768   -6.7811   -1.6903   -1.6330    4.1990    4.6267    5.7097    5.9926
    6.6852    7.6225   11.0902   11.9828   18.2075   22.3919   23.3564   28.8151   30.1980   30.3015
   30.3735   30.6738   32.8088   34.1874   36.1951   39.6564   40.0622   41.4468   42.8086   45.8371
   49.1231   52.2133   53.9471   54.6896   65.3052   67.7581   68.0886   69.1043   72.5354   75.1674
   75.2190   76.6315   91.7025  113.1072
 208  2 -109.5301 -107.5379  -69.9767  -69.9681  -69.9658  -67.8886  -67.8855  -67.8818  -22.7508  -22.7375
         -12.6488  -12.5260  -12.3042  -11.5753  -11.5220  -10.6174   -9.9850   -9.4221   -8.6693   -8.5706
   -8.2617   -8.1024   -6.8435   -6.7764   -1.7011   -1.6163    4.0826    4.5572    5.7401    6.0865
    6.6882    7.6976   11.1308   12.0198   18.0556   22.3858   23.3733   28.7184   30.3175   30.3678
   30.4922   30.7447   32.9390   33.8924   36.0573   39.7986   40.2549   41.3997   42.7091   45.7287
   48.7260   52.5283   54.2824   54.7559   64.7434   67.8111   67.9028   68.8030   73.1736   74.8911
   75.7601   76.5367   90.2282  115.5447
 209  2 -109.5301 -107.5379  -69.9771  -69.9681  -69.9653  -67.8890  -67.8850  -67.8819  -22.7529  -22.7400
         -12.6583  -12.5328  -12.3110  -11.5796  -11.5098  -10.5903   -9.9862   -9.4184   -8.6678   -8.5925
   -8.2547   -8.1132   -6.8111   -6.7711   -1.7109   -1.5999    3.9669    4.4868    5.7684    6.1851
    6.6919    7.7769   11.1679   12.0582   17.9052   22.3802   23.3871   28.6252   30.2331   30.4141
   30.7857   30.8403   33.0736   33.6268   35.9258   39.9406   40.4451   41.3533   42.6067   45.6236
   48.3406   52.8436   54.6155   54.8296   64.1763   67.6972   67.8914   68.4958   73.7985   74.6248
   76.3122   76.4523   88.8802  118.1529
 210  2 -109.5302 -107.5380  -69.9774  -69.9682  -69.9648  -67.8893  -67.8845  -67.8819  -22.7550  -22.7429
         -12.6740  -12.5389  -12.3121  -11.5829  -11.4972  -10.5639   -9.9874   -9.4150   -8.6651   -8.6159
   -8.2476   -8.1223   -6.7797   -6.7651   -1.7196   -1.5836    3.8518    4.4159    5.7955    6.2872
    6.6962    7.8605   11.2016   12.0978   17.7562   22.3750   23.3979   28.5355   30.1131   30.4439
   30.9564   31.0791   33.2125   33.3982   35.8005   40.0826   40.6321   41.3073   42.5016   45.5217
   47.9670   53.1588   54.9115   54.9457   63.6062   67.5172   67.9533   68.1841   74.2799   74.4985
   76.3787   76.8733   87.6465  120.9430
 211  2 -109.5302 -107.5380  -69.9777  -69.9682  -69.9643  -67.8897  -67.8839  -67.8819  -22.7571  -22.7461
         -12.6950  -12.5445  -12.3085  -11.5851  -11.4841  -10.5384   -9.9886   -9.4120   -8.6611   -8.6405
   -8.2406   -8.1299   -6.7584   -6.7492   -1.7270   -1.5676    3.7375    4.3449    5.8216    6.3920
    6.7011    7.9485   11.2320   12.1385   17.6086   22.3703   23.4061   28.4492   29.9536   30.4627
   31.0871   31.3719   33.2124   33.3557   35.6812   40.2245   40.8151   41.2617   42.3940   45.4230
   47.6052   53.4734   55.0024   55.2722   63.0352   67.3419   67.8697   68.0173   74.0738   75.0543
   76.3167   77.4432   86.5158  123.9264
 212  2 -109.5303 -107.5381  -69.9781  -69.9682  -69.9638  -67.8900  -67.8834  -67.8819  -22.7592  -22.7497
         -12.7199  -12.5495  -12.3017  -11.5860  -11.4706  -10.5137   -9.9898   -9.4092   -8.6660   -8.6558
   -8.2337   -8.1364   -6.7512   -6.7197   -1.7332   -1.5520    3.6240    4.2740    5.8469    6.4993
    6.7065    8.0408   11.2592   12.1800   17.4623   22.3662   23.4117   28.3664   29.7533   30.4745
   31.2279   31.6636   33.0722   33.5029   35.5678   40.3665   40.9934   41.2165   42.2843   45.3277
   47.2555   53.7869   55.1030   55.5944   62.4654   67.1731   67.5541   68.0809   73.8207   75.6497
   76.2668   78.0217   85.4781  127.1144
 213  2 -109.5303 -107.5381  -69.9784  -69.9682  -69.9633  -67.8904  -67.8829  -67.8819  -22.7613  -22.7537
         -12.7477  -12.5540  -12.2928  -11.5857  -11.4567  -10.4899   -9.9911   -9.4067   -8.6922   -8.6491
   -8.2268   -8.1418   -6.7435   -6.6913   -1.7381   -1.5366    3.5115    4.2034    5.8715    6.6088
    6.7124    8.1375   11.2833   12.2223   17.3175   22.3625   23.4152   28.2865   29.5151   30.4815
   31.3756   31.9538   32.9767   33.6540   35.4600   40.5084   41.1542   41.1832   42.1725   45.2355
   46.9178   54.0987   55.2136   55.9118   61.8986   67.0116   67.2387   68.1428   73.5667   76.2298
   76.2364   78.6086   84.5242  130.5176
 214  2 -109.5304 -107.5382  -69.9787  -69.9682  -69.9628  -67.8907  -67.8823  -67.8819  -22.7635  -22.7578
         -12.7774  -12.5580  -12.2829  -11.5840  -11.4424  -10.4673   -9.9924   -9.4045   -8.7188   -8.6411
   -8.2200   -8.1464   -6.7352   -6.6640   -1.7416   -1.5217    3.4000    4.1332    5.8955    6.7186
    6.7206    8.2384   11.3043   12.2651   17.1739   22.3592   23.4166   28.2092   29.2449   30.4852
   31.5282   32.2421   32.9219   33.8087   35.3580   40.6505   41.1228   41.3357   42.0590   45.1465
   46.5920   54.4083   55.3347   56.2238   61.3364   66.8576   66.9251   68.2021   73.3129   76.2061
   76.8115   79.2037   83.6459  134.1460
 215  2 -109.5304 -107.5383  -69.9790  -69.9682  -69.9624  -67.8910  -67.8819  -67.8818  -22.7656  -22.7622
         -12.8083  -12.5615  -12.2727  -11.5809  -11.4277  -10.4458   -9.9938   -9.4025   -8.7456   -8.6317
   -8.2133   -8.1503   -6.7264   -6.6378   -1.7436   -1.5071    3.2897    4.0636    5.9188    6.7252
    6.8345    8.3434   11.3224   12.3083   17.0314   22.3563   23.4165   28.1330   28.9507   30.4864
   31.6840   32.5276   32.9024   33.9667   35.2617   40.7925   41.0770   41.4953   41.9442   45.0608
   46.2784   54.7150   55.4665   56.5301   60.7802   66.6145   66.7113   68.2577   73.0586   76.1963
   77.3739   79.8067   82.8359  138.0081
 216  2 -109.5305 -107.5383  -69.9793  -69.9682  -69.9619  -67.8913  -67.8819  -67.8813  -22.7676  -22.7668
         -12.8398  -12.5645  -12.2627  -11.5764  -11.4126  -10.4256   -9.9953   -9.4007   -8.7725   -8.6210
   -8.2067   -8.1538   -6.7172   -6.6128   -1.7442   -1.4929    3.1807    3.9945    5.9414    6.7321
    6.9508    8.4526   11.3379   12.3518   16.8899   22.3537   23.4150   28.0542   28.6432   30.4855
   31.8415   32.8081   32.9145   34.1278   35.1712   40.9346   41.0302   41.6473   41.8282   44.9781
   45.9767   55.0178   55.6092   56.8300   60.2316   66.3082   66.5729   68.3089   72.8029   76.2009
   77.9228   80.4173   82.0880  142.1100
 217  2 -109.5306 -107.5384  -69.9796  -69.9682  -69.9614  -67.8916  -67.8819  -67.8807  -22.7715  -22.7697
         -12.8716  -12.5671  -12.2534  -11.5706  -11.3972  -10.4067   -9.9968   -9.3991   -8.7991   -8.6089
   -8.2003   -8.1568   -6.7075   -6.5889   -1.7433   -1.4792    3.0730    3.9261    5.9634    6.7392
    7.0696    8.5658   11.3507   12.3953   16.7493   22.3511   23.4124   27.9594   28.3419   30.4830
   31.9993   32.9422   33.0938   34.2915   35.0870   40.9826   41.0765   41.7117   41.7905   44.8987
   45.6870   55.3156   55.7627   57.1231   59.6921   66.0072   66.4425   68.3550   72.5449   76.2201
   78.4575   81.0352   81.3965  146.4555
 218  2 -109.5306 -107.5384  -69.9798  -69.9682  -69.9609  -67.8919  -67.8819  -67.8802  -22.7764  -22.7717
         -12.9032  -12.5693  -12.2450  -11.5636  -11.3814  -10.3891   -9.9984   -9.3977   -8.8253   -8.5956
   -8.1941   -8.1595   -6.6976   -6.5663   -1.7409   -1.4660    2.9669    3.8586    5.9847    6.7464
    7.1910    8.6827   11.3611   12.4388   16.6092   22.3484   23.4090   27.7968   28.1039   30.4790
   32.1560   32.9974   33.3680   34.4574   35.0095   40.9340   41.2175   41.5955   41.9241   44.8224
   45.4092   55.6068   55.9270   57.4088   59.1637   65.7128   66.3199   68.3954   72.2838   76.2541
   78.9773   80.7565   81.6600  151.0441
 219  2 -109.5307 -107.5385  -69.9801  -69.9682  -69.9605  -67.8922  -67.8820  -67.8797  -22.7814  -22.7737
         -12.9345  -12.5710  -12.2377  -11.5553  -11.3653  -10.3730  -10.0001   -9.3965   -8.8511   -8.5812
   -8.1880   -8.1621   -6.6873   -6.5448   -1.7370   -1.4533    2.8623    3.7919    6.0053    6.7538
    7.3151    8.8033   11.3693   12.4820   16.4695   22.3453   23.4050   27.5219   27.9781   30.4738
   32.3100   33.0682   33.6389   34.6250   34.9395   40.8843   41.3512   41.4863   42.0470   44.7492
   45.1433   55.8885   56.1018   57.6864   58.6497   65.4260   66.2053   68.4299   72.0191   76.3028
   79.4818   80.1637   82.2911  155.8708
 220  2 -109.5308 -107.5386  -69.9804  -69.9682  -69.9600  -67.8925  -67.8820  -67.8792  -22.7864  -22.7757
         -12.9653  -12.5724  -12.2315  -11.5460  -11.3489  -10.3584  -10.0018   -9.3953   -8.8761   -8.5655
   -8.1821   -8.1644   -6.6769   -6.5245   -1.7315   -1.4411    2.7595    3.7262    6.0252    6.7613
    7.4422    8.9272   11.3755   12.5249   16.3298   22.3414   23.4007   27.1990   27.9033   30.4675
   32.4594   33.1530   33.9050   34.7927   34.8790   40.8332   41.3438   41.5180   42.1586   44.6792
   44.8893   56.1547   56.2866   57.9515   58.1600   65.1476   66.0985   68.4583   71.7501   76.3659
   79.6144   79.9703   82.9279  160.9243
 221  2 -109.5308 -107.5386  -69.9806  -69.9683  -69.9596  -67.8928  -67.8820  -67.8787  -22.7914  -22.7776
         -12.9954  -12.5735  -12.2264  -11.5357  -11.3322  -10.3453  -10.0035   -9.3943   -8.9004   -8.5489
   -8.1765   -8.1667   -6.6662   -6.5055   -1.7246   -1.4295    2.6585    3.6615    6.0443    6.7688
    7.5725    9.0542   11.3797   12.5673   16.1897   22.3364   23.3962   26.8658   27.8451   30.4603
   32.6024   33.2500   34.1655   34.8239   34.9654   40.7806   41.2314   41.6549   42.2581   44.6122
   44.6469   56.3877   56.4810   57.6958   58.2200   64.8786   65.9995   68.4808   71.4766   76.4429
   79.1054   80.4423   83.5695  166.1861
 222  2 -109.5309 -107.5387  -69.9809  -69.9683  -69.9592  -67.8930  -67.8820  -67.8783  -22.7964  -22.7795
         -13.0247  -12.5742  -12.2224  -11.5247  -11.3154  -10.3337  -10.0053   -9.3934   -8.9237   -8.5313
   -8.1710   -8.1689   -6.6555   -6.4876   -1.7162   -1.4184    2.5596    3.5981    6.0627    6.7762
    7.7062    9.1840   11.3823   12.6090   16.0490   22.3296   23.3917   26.5332   27.7948   30.4523
   32.7365   33.3575   34.4198   34.7838   35.1344   40.7261   41.1146   41.7963   42.3449   44.4163
   44.5483   56.5170   56.6842   57.3493   58.4695   64.6201   65.9081   68.4977   71.1981   76.5331
   78.6337   80.8973   84.2151  171.6297
 223  2 -109.5309 -107.5387  -69.9811  -69.9683  -69.9587  -67.8933  -67.8820  -67.8778  -22.8014  -22.7813
         -13.0531  -12.5747  -12.2194  -11.5131  -11.2984  -10.3238  -10.0072   -9.3926   -8.9461   -8.5129
   -8.1711   -8.1658   -6.6447   -6.4709   -1.7064   -1.4078    2.4628    3.5360    6.0803    6.7837
    7.8434    9.3163   11.3834   12.6498   15.9072   22.3205   23.3873   26.2061   27.7497   30.4436
   32.8593   33.4745   34.6674   34.7565   35.3034   40.6696   40.9974   41.9384   42.4184   44.1973
   44.4875   56.3678   56.8954   57.2855   58.7093   64.3730   65.8242   68.5094   70.9147   76.6356
   78.1969   81.3347   84.8633  177.2187
 224  2 -109.5310 -107.5388  -69.9814  -69.9683  -69.9583  -67.8935  -67.8820  -67.8774  -22.8063  -22.7831
         -13.0805  -12.5749  -12.2173  -11.5011  -11.2812  -10.3154  -10.0090   -9.3918   -8.9673   -8.4937
   -8.1733   -8.1609   -6.6339   -6.4554   -1.6953   -1.3979    2.3684    3.4754    6.0971    6.7910
    7.9843    9.4505   11.3831   12.6897   15.7639   22.3081   23.3832   25.8877   27.7089   30.4344
   32.9680   33.5998   34.7447   34.9077   35.4710   40.6109   40.8807   42.0803   42.4785   43.9898
   44.4298   56.0036   57.1137   57.4414   58.9380   64.1384   65.7477   68.5167   70.6262   76.7490
   77.7928   81.7541   85.5128  182.9073
 225  2 -109.5311 -107.5389  -69.9816  -69.9683  -69.9580  -67.8937  -67.8820  -67.8769  -22.8112  -22.7848
         -13.1069  -12.5749  -12.2161  -11.4888  -11.2640  -10.3086  -10.0109   -9.3911   -8.9874   -8.4740
   -8.1754   -8.1562   -6.6232   -6.4410   -1.6830   -1.3884    2.2765    3.4165    6.1132    6.7981
    8.1290    9.5863   11.3817   12.7285   15.6187   22.2916   23.3795   25.5805   27.6716   30.4246
   33.0601   33.7326   34.7505   35.1400   35.6365   40.5496   40.7648   42.2216   42.5249   43.7937
   44.3751   55.5880   57.3378   57.6538   59.1546   63.9173   65.6785   68.5203   70.3327   76.8717
   77.4197   82.1550   86.1619  188.6399
 226  2 -109.5311 -107.5389  -69.9818  -69.9683  -69.9576  -67.8940  -67.8820  -67.8765  -22.8159  -22.7864
         -13.1321  -12.5747  -12.2155  -11.4764  -11.2468  -10.3033  -10.0127   -9.3905   -9.0062   -8.4538
   -8.1776   -8.1518   -6.6126   -6.4278   -1.6695   -1.3796    2.1874    3.3593    6.1284    6.8051
    8.2776    9.7230   11.3793   12.7660   15.4712   22.2698   23.3761   25.2871   27.6377   30.4146
   33.1338   33.8721   34.7751   35.3639   35.7991   40.4857   40.6501   42.3620   42.5576   43.6090
   44.3234   55.1680   57.5664   57.8759   59.3584   63.7112   65.6163   68.5212   70.0344   76.9955
   77.0827   82.5369   86.8086  194.3518
 227  2 -109.5312 -107.5390  -69.9820  -69.9683  -69.9572  -67.8942  -67.8820  -67.8761  -22.8205  -22.7880
         -13.1561  -12.5743  -12.2155  -11.4641  -11.2297  -10.2995  -10.0145   -9.3899   -9.0238   -8.4334
   -8.1797   -8.1477   -6.6023   -6.4156   -1.6549   -1.3714    2.1011    3.3040    6.1428    6.8119
    8.4303    9.8601   11.3761   12.8022   15.3212   22.2413   23.3732   25.0098   27.6067   30.4043
   33.1885   34.0174   34.8188   35.5786   35.9578   40.4189   40.5367   42.5010   42.5771   43.4354
   44.2748   54.7562   57.7979   58.0953   59.5486   63.5213   65.5609   68.5202   69.7315   76.7543
   77.1444   82.8995   87.4506  199.9712
 228  2 -109.5312 -107.5390  -69.9822  -69.9683  -69.9569  -67.8944  -67.8820  -67.8758  -22.8249  -22.7895
         -13.1789  -12.5738  -12.2161  -11.4520  -11.2128  -10.2972  -10.0163   -9.3894   -9.0402   -8.4128
   -8.1819   -8.1439   -6.5923   -6.4046   -1.6396   -1.3637    2.0180    3.2509    6.1564    6.8184
    8.5868    9.9968   11.3722   12.8369   15.1683   22.2045   23.3707   24.7511   27.5785   30.3939
   33.2250   34.1676   34.8803   35.7837   36.1119   40.3491   40.4250   42.5838   42.6380   43.2731
   44.2291   54.3577   58.0303   58.3072   59.7247   63.3493   65.5123   68.5181   69.4245   76.4635
   77.2863   83.2423   88.0851  205.4221
 229  2 -109.5313 -107.5391  -69.9824  -69.9683  -69.9566  -67.8946  -67.8820  -67.8754  -22.8291  -22.7909
         -13.2004  -12.5732  -12.2170  -11.4402  -11.1960  -10.2961  -10.0180   -9.3889   -9.0552   -8.3923
   -8.1840   -8.1405   -6.5826   -6.3945   -1.6235   -1.3566    1.9382    3.2001    6.1692    6.8247
    8.7472   10.1325   11.3679   12.8700   15.0124   22.1581   23.3687   24.5137   27.5529   30.3835
   33.2456   34.3221   34.9570   35.9786   36.2605   40.2763   40.3153   42.5784   42.7725   43.1217
   44.1865   53.9755   58.2613   58.5091   59.8863   63.1973   65.4701   68.5158   69.1136   76.1967
   77.4316   83.5648   88.7091  210.6281
 230  2 -109.5313 -107.5391  -69.9825  -69.9683  -69.9563  -67.8947  -67.8820  -67.8751  -22.8332  -22.7923
         -13.2206  -12.5725  -12.2182  -11.4288  -11.1796  -10.2963  -10.0196   -9.3884   -9.0689   -8.3720
   -8.1861   -8.1373   -6.5732   -6.3855   -1.6069   -1.3500    1.8621    3.1518    6.1811    6.8306
    8.9111   10.2662   11.3632   12.9013   14.8535   22.1004   23.3671   24.2998   27.5299   30.3733
   33.2530   34.4796   35.0456   36.1627   36.4027   40.2004   40.2081   42.5622   42.9037   42.9814
   44.1468   53.6116   58.4883   58.6997   60.0332   63.0675   65.4341   68.5138   68.7996   75.9531
   77.5780   83.8668   89.3192  215.5166
 231  2 -109.5314 -107.5392  -69.9827  -69.9684  -69.9560  -67.8949  -67.8820  -67.8748  -22.8370  -22.7935
         -13.2394  -12.5717  -12.2196  -11.4180  -11.1636  -10.2975  -10.0212   -9.3880   -9.0814   -8.3521
   -8.1881   -8.1346   -6.5644   -6.3774   -1.5900   -1.3440    1.7899    3.1062    6.1921    6.8362
    9.0782   10.3970   11.3583   12.9308   14.6915   22.0308   23.3659   24.1113   27.5092   30.3632
   33.2504   34.6392   35.1424   36.3355   36.5378   40.1036   40.1216   42.5362   42.8518   43.0310
   44.1102   53.2675   58.7080   58.8777   60.1652   62.9626   65.4039   68.4830   68.5128   75.7317
   77.7235   84.1479   89.9114  220.0237
 232  2 -109.5314 -107.5392  -69.9828  -69.9684  -69.9557  -67.8951  -67.8820  -67.8745  -22.8405  -22.7947
         -13.2568  -12.5710  -12.2212  -11.4077  -11.1482  -10.2997  -10.0226   -9.3875   -9.0927   -8.3327
   -8.1900   -8.1321   -6.5560   -6.3701   -1.5730   -1.3385    1.7218    3.0634    6.2023    6.8415
    9.2480   10.5238   11.3533   12.9584   14.5270   21.9491   23.3651   23.9491   27.4907   30.3535
   33.2405   34.7995   35.2442   36.4966   36.6649   40.0025   40.0402   42.5021   42.7331   43.1534
   44.0764   52.9448   58.9170   59.0426   60.2825   62.8854   65.3792   68.1647   68.5130   75.5316
   77.8660   84.4078   90.4817  224.0984
 233  2 -109.5314 -107.5392  -69.9830  -69.9684  -69.9555  -67.8952  -67.8820  -67.8742  -22.8438  -22.7958
         -13.2728  -12.5701  -12.2228  -11.3982  -11.1334  -10.3026  -10.0240   -9.3872   -9.1027   -8.3141
   -8.1919   -8.1301   -6.5482   -6.3638   -1.5562   -1.3336    1.6582    3.0236    6.2117    6.8463
    9.4197   10.6456   11.3484   12.9838   14.3604   21.8569   23.3645   23.8130   27.4742   30.3443
   33.2259   34.9592   35.3478   36.6454   36.7834   39.9052   39.9567   42.4615   42.6250   43.2700
   44.0457   52.6448   59.1113   59.1937   60.3856   62.8392   65.3594   67.8455   68.5145   75.3518
   78.0036   84.6461   91.0255  227.7064
 234  2 -109.5315 -107.5393  -69.9831  -69.9684  -69.9553  -67.8953  -67.8820  -67.8740  -22.8469  -22.7967
         -13.2874  -12.5693  -12.2245  -11.3894  -11.1194  -10.3062  -10.0253   -9.3868   -9.1116   -8.2964
   -8.1936   -8.1285   -6.5410   -6.3582   -1.5398   -1.3292    1.5994    2.9870    6.2201    6.8508
    9.5922   10.7611   11.3436   13.0072   14.1927   21.7566   23.3643   23.7015   27.4598   30.3355
   33.2085   35.1164   35.4504   36.7814   36.8925   39.8126   39.8719   42.4164   42.5274   43.3797
   44.0179   52.3690   59.2871   59.3306   60.4750   62.8267   65.3441   67.5265   68.5175   75.1917
   78.1344   84.8625   91.5381  230.8318
 235  2 -109.5315 -107.5393  -69.9832  -69.9684  -69.9551  -67.8955  -67.8820  -67.8738  -22.8496  -22.7976
         -13.3004  -12.5686  -12.2261  -11.3815  -11.1064  -10.3100  -10.0264   -9.3865   -9.1193   -8.2798
   -8.1952   -8.1273   -6.5344   -6.3534   -1.5241   -1.3253    1.5457    2.9538    6.2277    6.8548
    9.7641   10.8691   11.3391   13.0283   14.0252   21.6520   23.3643   23.6121   27.4472   30.3275
   33.1898   35.2692   35.5498   36.9043   36.9917   39.7253   39.7868   42.3686   42.4404   43.4816
   43.9931   52.1184   59.4411   59.4531   60.5514   62.8502   65.3327   67.2093   68.5216   75.0503
   78.2567   85.0569   92.0145  233.4772
 236  2 -109.5315 -107.5393  -69.9833  -69.9684  -69.9549  -67.8956  -67.8820  -67.8736  -22.8521  -22.7984
         -13.3120  -12.5679  -12.2276  -11.3743  -11.0944  -10.3141  -10.0275   -9.3862   -9.1260   -8.2644
   -8.1967   -8.1264   -6.5286   -6.3493   -1.5094   -1.3219    1.4973    2.9241    6.2344    6.8584
    9.9334   10.9682   11.3348   13.0471   13.8599   21.5474   23.3644   23.5416   27.4364   30.3201
   33.1711   35.4152   35.6437   37.0137   37.0804   39.6444   39.7028   42.3203   42.3638   43.5747
   43.9712   51.8943   59.5610   59.5711   60.6158   62.9102   65.3247   66.8955   68.5267   74.9272
   78.3689   85.2290   92.4497  235.6624
 237  2 -109.5316 -107.5394  -69.9834  -69.9684  -69.9548  -67.8956  -67.8820  -67.8734  -22.8542  -22.7991
         -13.3221  -12.5672  -12.2290  -11.3681  -11.0836  -10.3182  -10.0284   -9.3860   -9.1317   -8.2504
   -8.1980   -8.1260   -6.5234   -6.3459   -1.4959   -1.3190    1.4546    2.8981    6.2402    6.8616
   10.0977   11.0572   11.3310   13.0636   13.6994   21.4471   23.3646   23.4870   27.4272   30.3136
   33.1533   35.5518   35.7301   37.1093   37.1582   39.5709   39.6219   42.2735   42.2976   43.6578
   43.9522   51.6978   59.6543   59.6764   60.6690   63.0050   65.3193   66.5877   68.5324   74.8217
   78.4693   85.3785   92.8390  237.4210
 238  2 -109.5316 -107.5394  -69.9835  -69.9684  -69.9546  -67.8957  -67.8820  -67.8733  -22.8560  -22.7997
         -13.3306  -12.5666  -12.2302  -11.3628  -11.0742  -10.3220  -10.0291   -9.3858   -9.1364   -8.2381
   -8.1991   -8.1259   -6.5190   -6.3431   -1.4840   -1.3166    1.4179    2.8759    6.2451    6.8642
   10.2533   11.1347   11.3277   13.0776   13.5471   21.3552   23.3649   23.4453   27.4196   30.3079
   33.1372   35.6760   35.8071   37.1907   37.2247   39.5058   39.5462   42.2300   42.2416   43.7300
   43.9362   51.5297   59.7330   59.7581   60.7121   63.1301   65.3160   66.2895   68.5382   74.7332
   78.5567   85.5054   93.1776  238.7960
 239  2 -109.5316 -107.5394  -69.9835  -69.9684  -69.9545  -67.8958  -67.8820  -67.8731  -22.8575  -22.8002
         -13.3376  -12.5661  -12.2312  -11.3584  -11.0663  -10.3254  -10.0298   -9.3856   -9.1402   -8.2275
   -8.2001   -8.1261   -6.5153   -6.3408   -1.4739   -1.3146    1.3875    2.8575    6.2492    6.8665
   10.3957   11.1995   11.3249   13.0892   13.4079   21.2751   23.3652   23.4143   27.4135   30.3032
   33.1234   35.7844   35.8731   37.2576   37.2794   39.4504   39.4784   42.1917   42.1960   43.7905
   43.9230   51.3910   59.7972   59.8186   60.7458   63.2779   65.3143   66.0061   68.5437   74.6614
   78.6298   85.6094   93.4612  239.8349
 240  2 -109.5316 -107.5394  -69.9836  -69.9684  -69.9544  -67.8958  -67.8820  -67.8730  -22.8587  -22.8005
         -13.3431  -12.5657  -12.2321  -11.3550  -11.0600  -10.3283  -10.0303   -9.3855   -9.1431   -8.2189
   -8.2008   -8.1265   -6.5125   -6.3391   -1.4657   -1.3130    1.3635    2.8431    6.2523    6.8682
   10.5188   11.2505   11.3227   13.0982   13.2878   21.2099   23.3655   23.3919   27.4088   30.2995
   33.1122   35.8737   35.9263   37.3099   37.3223   39.4057   39.4214   42.1602   42.1605   43.8383
   43.9128   51.2824   59.8469   59.8613   60.7711   63.4362   65.3135   65.7467   68.5484   74.6060
   78.6878   85.6904   93.6860  240.5847
 241  2 -109.5316 -107.5394  -69.9836  -69.9684  -69.9544  -67.8959  -67.8820  -67.8730  -22.8596  -22.8008
         -13.3470  -12.5654  -12.2327  -11.3525  -11.0554  -10.3304  -10.0306   -9.3854   -9.1451   -8.2126
   -8.2014   -8.1270   -6.5104   -6.3379   -1.4597   -1.3120    1.3463    2.8328    6.2545    6.8694
   10.6154   11.2871   11.3211   13.1047   13.1938   21.1617   23.3657   23.3769   27.4055   30.2968
   33.1040   35.9404   35.9654   37.3474   37.3530   39.3730   39.3780   42.1351   42.1367   43.8730
   43.9055   51.2044   59.8824   59.8891   60.7887   63.5867   65.3133   65.5265   68.5521   74.5666
   78.7297   85.7483   93.8489  241.0869
 242  2 -109.5316 -107.5394  -69.9836  -69.9684  -69.9543  -67.8959  -67.8820  -67.8729  -22.8601  -22.8010
         -13.3493  -12.5653  -12.2330  -11.3510  -11.0526  -10.3318  -10.0309   -9.3853   -9.1463   -8.2086
   -8.2017   -8.1273   -6.5092   -6.3372   -1.4561   -1.3113    1.3359    2.8266    6.2559    6.8702
   10.6777   11.3090   11.3201   13.1086   13.1334   21.1321   23.3658   23.3683   27.4036   30.2952
   33.0990   35.9817   35.9893   37.3699   37.3715   39.3508   39.3530   42.1199   42.1222   43.8940
   43.9012   51.1574   59.9036   59.9047   60.7990   63.7013   65.3134   65.3713   68.5544   74.5430
   78.7551   85.7831   93.9476  241.3744
 243  2 -109.5316 -107.5394  -69.9837  -69.9684  -69.9543  -67.8959  -67.8820  -67.8729  -22.8602  -22.8010
         -13.3501  -12.5652  -12.2332  -11.3505  -11.0516  -10.3322  -10.0309   -9.3853   -9.1468   -8.2073
   -8.2018   -8.1275   -6.5087   -6.3369   -1.4549   -1.3111    1.3324    2.8245    6.2563    6.8704
   10.6993   11.3163   11.3197   13.1099   13.1125   21.1222   23.3655   23.3659   27.4029   30.2946
   33.0974   35.9957   35.9974   37.3774   37.3777   39.3415   39.3462   42.1149   42.1173   43.8997
   43.9011   51.1417   59.9097   59.9107   60.8024   63.7454   65.3134   65.3137   68.5552   74.5352
   78.7636   85.7947   93.9806  241.4678
 244  2 -109.5316 -107.5394  -69.9836  -69.9684  -69.9543  -67.8958  -67.8820  -67.8729  -22.8602  -22.8039
         -13.3446  -12.5649  -12.2351  -11.3515  -11.0514  -10.3341  -10.0281   -9.3876   -9.1478   -8.2058
   -8.2017   -8.1281   -6.5066   -6.3365   -1.4563   -1.3128    1.3318    2.8307    6.2607    6.8705
   10.6472   11.3231   11.3271   13.1091   13.1629   21.1315   23.3587   23.3591   27.4049   30.2927
   33.0924   35.9282   35.9298   37.3453   37.3483   39.4060   39.4106   42.1294   42.1325   43.8907
   43.9136   51.1048   59.5855   59.5864   60.7924   63.7387   65.6585   65.6590   68.5503   74.4969
   78.5901   85.7657   94.0743  240.2489
 245  2 -109.5316 -107.5394  -69.9835  -69.9684  -69.9543  -67.8957  -67.8820  -67.8729  -22.8601  -22.8125
         -13.3283  -12.5641  -12.2410  -11.3544  -11.0505  -10.3399  -10.0197   -9.3942   -9.1508   -8.2015
   -8.2012   -8.1298   -6.5004   -6.3350   -1.4607   -1.3178    1.3301    2.8491    6.2741    6.8708
   10.5043   11.3437   11.3486   13.0989   13.3091   21.1599   23.3382   23.3386   27.4110   30.2867
   33.0773   35.7415   35.7429   37.2510   37.2644   39.5827   39.5867   42.1644   42.1736   43.8682
   43.9531   50.9960   58.7937   58.7944   60.7623   63.7184   66.5145   66.5151   68.5363   74.3830
   78.0981   85.6791   94.3228  236.6236
 246  2 -109.5316 -107.5394  -69.9832  -69.9684  -69.9542  -67.8954  -67.8820  -67.8728  -22.8598  -22.8267
         -13.3013  -12.5628  -12.2505  -11.3597  -11.0488  -10.3494  -10.0067   -9.4041   -9.1557   -8.2012
   -8.1938   -8.1325   -6.4901   -6.3327   -1.4679   -1.3262    1.3267    2.8793    6.2965    6.8713
   10.2988   11.3779   11.3837   13.0821   13.5205   21.2079   23.3041   23.3044   27.4219   30.2756
   33.0522   35.4697   35.4708   37.1032   37.1355   39.8331   39.8367   42.1961   42.2284   43.8449
   44.0242   50.8217   57.7994   57.8000   60.7121   63.6848   67.6196   67.6207   68.5154   74.1966
   77.3585   85.5356   94.6453  230.7003
 247  2 -109.5316 -107.5394  -69.9829  -69.9684  -69.9541  -67.8951  -67.8820  -67.8727  -22.8595  -22.8464
         -13.2638  -12.5610  -12.2634  -11.3681  -11.0455  -10.3623   -9.9906   -9.4158   -9.1626   -8.2012
   -8.1836   -8.1358   -6.4758   -6.3295   -1.4777   -1.3378    1.3212    2.9205    6.3283    6.8718
   10.0568   11.4255   11.4321   13.0588   13.7714   21.2765   23.2562   23.2563   27.4382   30.2582
   33.0168   35.1459   35.1464   36.9135   36.9734   40.1178   40.1211   42.1937   42.2815   43.8376
   44.1328   50.5915   56.7542   56.7547   60.6418   63.6385   68.4898   68.8294   68.8305   73.9424
   76.4536   85.3368   94.9450  222.6936
 248  2 -109.5316 -107.5394  -69.9825  -69.9683  -69.9540  -67.8946  -67.8820  -67.8725  -22.8714  -22.8590
         -13.2161  -12.5587  -12.2792  -11.3803  -11.0402  -10.3784   -9.9736   -9.4267   -9.1712   -8.2017
   -8.1709   -8.1392   -6.4578   -6.3254   -1.4902   -1.3524    1.3127    2.9717    6.3698    6.8722
    9.7967   11.4863   11.4938   13.0293   14.0435   21.3670   23.1944   23.1944   27.4611   30.2324
   32.9713   34.7937   34.7938   36.6944   36.7892   40.4027   40.4059   42.1315   42.3187   43.8583
   44.2831   50.3185   55.7364   55.7369   60.5520   63.5798   68.4634   70.0736   70.0758   73.6266
   75.4556   85.0845   95.1348  212.9436
 249  2 -109.5316 -107.5394  -69.9820  -69.9683  -69.9538  -67.8940  -67.8820  -67.8723  -22.9013  -22.8585
         -13.1587  -12.5562  -12.2974  -11.3973  -11.0320  -10.3973   -9.9586   -9.4337   -9.1814   -8.2032
   -8.1558   -8.1421   -6.4364   -6.3206   -1.5049   -1.3700    1.3002    3.0318    6.4217    6.8724
    9.5304   11.5600   11.5684   12.9939   14.3252   21.4812   23.1184   23.1186   27.4915   30.1956
   32.9159   34.4283   34.4289   36.4584   36.5912   40.6588   40.6621   42.0006   42.3310   43.9049
   44.4755   50.0178   54.7947   54.7951   60.4436   63.5097   68.4373   71.3166   71.3208   73.2562
   74.4186   84.7812   95.1486  201.9029
 250  2 -109.5316 -107.5394  -69.9814  -69.9683  -69.9536  -67.8934  -67.8820  -67.8721  -22.9359  -22.8579
         -13.0920  -12.5534  -12.3176  -11.4197  -11.0204  -10.4186   -9.9492   -9.4329   -9.1933   -8.2059
   -8.1439   -8.1387   -6.4119   -6.3151   -1.5217   -1.3902    1.2826    3.0993    6.4843    6.8723
    9.2657   11.6463   11.6559   12.9529   14.6095   21.6210   23.0286   23.0290   27.5307   30.1447
   32.8513   34.0599   34.0613   36.2165   36.3849   40.8596   40.8632   41.8078   42.3155   43.9626
   44.7059   49.7060   53.9656   53.9659   60.3187   63.4290   68.4122   72.5277   72.5446   72.8387
   73.3871   84.4298   94.9446  190.0882
 251  2 -109.5317 -107.5394  -69.9807  -69.9682  -69.9534  -67.8926  -67.8820  -67.8719  -22.9748  -22.8571
         -13.0168  -12.5504  -12.3391  -11.4481  -11.0049  -10.4420   -9.9484   -9.4210   -9.2065   -8.2099
   -8.1442   -8.1197   -6.3846   -6.3089   -1.5403   -1.4130    1.2589    3.1724    6.5579    6.8717
    9.0079   11.7446   11.7557   12.9070   14.8925   21.7885   22.9250   22.9256   27.5795   30.0765
   32.7787   33.6949   33.6971   35.9789   36.1727   40.9804   40.9849   41.5664   42.2734   44.0142
   44.9682   49.4008   53.2794   53.2796   60.1802   63.3389   68.3862   72.3306   72.3823   73.7338
   73.7451   84.0334   94.5031  178.0133
 252  2 -109.5317 -107.5395  -69.9799  -69.9682  -69.9531  -67.8918  -67.8820  -67.8716  -23.0176  -22.8563
         -12.9336  -12.5474  -12.3615  -11.4831  -10.9853  -10.4669   -9.9579   -9.3962   -9.2210   -8.2148
   -8.1428   -8.0990   -6.3551   -6.3022   -1.5604   -1.4379    1.2278    3.2495    6.6425    6.8711
    8.7612   11.8544   11.8676   12.8567   15.1723   21.9855   22.8080   22.8088   27.6388   29.9874
   32.6998   33.3370   33.3400   35.7543   35.9552   41.0005   41.0069   41.2889   42.2080   44.0461
   45.2556   49.1196   52.7601   52.7601   60.0321   63.2408   68.3551   71.3364   71.8937   74.8794
   74.8844   83.5954   93.8240  166.1291
 253  2 -109.5317 -107.5395  -69.9791  -69.9682  -69.9529  -67.8909  -67.8820  -67.8713  -23.0640  -22.8553
         -12.8434  -12.5445  -12.3842  -11.5245  -10.9616  -10.4929   -9.9771   -9.3586   -9.2367   -8.2202
   -8.1400   -8.0768   -6.3237   -6.2949   -1.5815   -1.4647    1.1882    3.3283    6.7346    6.8736
    8.5291   11.9747   11.9911   12.8030   15.4482   22.2135   22.6781   22.6791   27.7093   29.8741
   32.6170   32.9884   32.9920   35.5500   35.7312   40.9018   40.9175   40.9899   42.1226   44.0508
   45.5624   48.8798   52.4216   52.4216   59.8791   63.1360   68.3117   70.3699   71.3814   75.9751
   75.9789   83.1195   92.9231  154.7859
 254  2 -109.5317 -107.5395  -69.9781  -69.9682  -69.9526  -67.8898  -67.8820  -67.8710  -23.1134  -22.8542
         -12.7473  -12.5418  -12.4064  -11.5725  -10.9336  -10.5196  -10.0042   -9.3101   -9.2534   -8.2252
   -8.1357   -8.0532   -6.2910   -6.2873   -1.6034   -1.4931    1.1390    3.4067    6.8063    6.9064
    8.3154   12.1038   12.1257   12.7475   15.7206   22.4728   22.5362   22.5374   27.7912   29.7340
   32.5332   32.6497   32.6538   35.3720   35.4983   40.6347   40.7165   40.7241   42.0207   44.0258
   45.8843   48.6986   52.2650   52.2651   59.7259   63.0262   68.2435   69.4413   70.8525   77.0170
   77.0204   82.6096   91.8271  144.2243
 255  2 -109.5317 -107.5396  -69.9772  -69.9682  -69.9523  -67.8887  -67.8820  -67.8706  -23.1655  -22.8529
         -12.6474  -12.5394  -12.4265  -11.6268  -10.9017  -10.5466  -10.0368   -9.2710   -9.2529   -8.2292
   -8.1300   -8.0282   -6.2795   -6.2577   -1.6256   -1.5226    1.0794    3.4824    6.8135    7.0121
    8.1245   12.2380   12.2710   12.6940   15.9906   22.3834   22.3847   22.7624   27.8847   29.5657
   32.3205   32.3249   32.4522   35.2244   35.2536   40.2874   40.4164   40.4186   41.9052   43.9721
   46.2183   48.5927   52.2779   52.2782   59.5772   62.9134   68.1009   68.5914   70.3141   78.0024
   78.0060   82.0695   90.5695  134.5852
 256  2 -109.5318 -107.5396  -69.9761  -69.9682  -69.9520  -67.8876  -67.8820  -67.8703  -23.2198  -22.8515
         -12.5512  -12.5375  -12.4377  -11.6870  -10.8660  -10.5734  -10.0726   -9.2894   -9.1893   -8.2315
   -8.1229   -8.0021   -6.2714   -6.2243   -1.6477   -1.5530    1.0087    3.5529    6.7915    7.1528
    7.9621   12.3641   12.4264   12.6558   16.2594   22.2208   22.2223   23.0784   27.9898   29.3688
   31.9998   32.0041   32.3778   34.9932   35.1093   39.9165   40.0390   40.0397   41.7785   43.8931
   46.5625   48.5793   52.4383   52.4386   59.4371   62.7996   67.5422   68.1525   69.7728   78.9297
   78.9343   81.5035   89.1858  125.9310
 257  2 -109.5318 -107.5397  -69.9750  -69.9681  -69.9516  -67.8864  -67.8820  -67.8699  -23.2759  -22.8500
         -12.5361  -12.5042  -12.3953  -11.7526  -10.8266  -10.5996  -10.1100   -9.3086   -9.1212   -8.2316
   -8.1140   -7.9746   -6.2633   -6.1914   -1.6692   -1.5839    0.9263    3.6152    6.7512    7.3144
    7.8347   12.4317   12.5913   12.6831   16.5288   22.0500   22.0517   23.4145   28.1060   29.1448
   31.6855   31.6892   32.3144   34.7130   35.0270   39.5257   39.6094   39.6094   41.6429   43.7935
   46.9157   48.6752   52.7196   52.7200   59.3088   62.6874   66.7266   67.9565   69.2350   79.7955
   79.8050   80.9183   87.7097  118.2682
 258  2 -109.5319 -107.5398  -69.9739  -69.9681  -69.9513  -67.8852  -67.8819  -67.8695  -23.3334  -22.8483
         -12.5355  -12.5126  -12.2940  -11.8230  -10.7837  -10.6251  -10.1476   -9.3282   -9.0501   -8.2290
   -8.1031   -7.9459   -6.2553   -6.1596   -1.6898   -1.6147    0.8321    3.6665    6.6922    7.4951
    7.7487   12.4095   12.7650   12.8072   16.8001   21.8727   21.8745   23.7600   28.2327   28.8961
   31.3752   31.3777   32.2666   34.4086   34.9762   39.1167   39.1515   39.1519   41.5003   43.6780
   47.2779   48.8975   53.0958   53.0963   59.1947   62.5799   65.9161   67.7344   68.7066   80.2701
   80.6183   80.6476   86.1712  111.5672
 259  2 -109.5320 -107.5399  -69.9727  -69.9680  -69.9509  -67.8842  -67.8816  -67.8690  -23.3919  -22.8466
         -12.5357  -12.5298  -12.1814  -11.8976  -10.7376  -10.6494  -10.1845   -9.3484   -8.9773   -8.2233
   -8.0895   -7.9159   -6.2475   -6.1297   -1.7089   -1.6450    0.7260    3.7038    6.6163    7.6673
    7.7340   12.3526   12.9470   12.9729   17.0748   21.6906   21.6925   24.1009   28.3688   28.6260
   31.0662   31.0667   32.2388   34.0748   34.9542   38.6861   38.6874   38.6923   41.3526   43.5514
   47.6491   49.2617   53.5438   53.5443   59.0966   62.4811   65.1375   67.4535   68.1930   79.6675
   81.3750   81.3819   84.5967  105.7761
 260  2 -109.5321 -107.5400  -69.9716  -69.9678  -69.9505  -67.8835  -67.8808  -67.8686  -23.4509  -22.8446
         -12.5481  -12.5367  -12.0664  -11.9755  -10.6885  -10.6724  -10.2199   -9.3688   -8.9040   -8.2145
   -8.0725   -7.8846   -6.2401   -6.1023   -1.7263   -1.6745    0.6083    3.7238    6.5295    7.6842
    7.9362   12.2860   13.1365   13.1551   17.3542   21.5057   21.5077   24.4195   28.3387   28.5130
   30.7532   30.7558   32.2354   33.7068   34.9576   38.2305   38.2324   38.2559   41.2017   43.4177
   48.0303   49.7797   54.0443   54.0449   59.0152   62.3964   64.4006   67.0989   67.6990   79.0312
   82.0731   82.0820   83.0135  100.8291
 261  2 -109.5322 -107.5402  -69.9707  -69.9674  -69.9501  -67.8832  -67.8797  -67.8681  -23.5101  -22.8426
         -12.5662  -12.5387  -12.0559  -11.9516  -10.6938  -10.6366  -10.2533   -9.3895   -8.8309   -8.2024
   -8.0512   -7.8518   -6.2333   -6.0779   -1.7414   -1.7026    0.4796    3.7237    6.4398    7.7110
    8.1864   12.2160   13.3329   13.3474   17.6391   21.3198   21.3219   24.6964   28.0380   28.6627
   30.4343   30.4419   32.2599   33.3003   34.9826   37.7942   37.7994   37.8166   41.0491   43.2801
   48.4225   50.4558   54.5814   54.5820   58.9509   62.3334   63.7132   66.6587   67.2283   78.3832
   81.4283   82.7306   82.7335   96.6494
 262  2 -109.5323 -107.5403  -69.9700  -69.9668  -69.9497  -67.8831  -67.8783  -67.8677  -23.5691  -22.8405
         -12.5840  -12.5416  -12.1378  -11.8387  -10.7136  -10.5825  -10.2842   -9.4102   -8.7587   -8.1873
   -8.0247   -7.8175   -6.2274   -6.0571   -1.7541   -1.7289    0.3405    3.7012    6.3551    7.7646
    8.4644   12.1448   13.5354   13.5474   17.9300   21.1347   21.1370   24.9130   27.7281   28.8131
   30.1077   30.1241   32.3147   32.8530   35.0254   37.3676   37.3972   37.4012   40.8965   43.1409
   48.8272   51.2815   55.1422   55.1429   58.9034   62.3026   63.0816   66.1235   66.7844   77.7272
   79.9018   83.3283   83.3288   93.1504
 263  2 -109.5324 -107.5405  -69.9697  -69.9658  -69.9493  -67.8830  -67.8768  -67.8672  -23.6276  -22.8382
         -12.6016  -12.5455  -12.2202  -11.7290  -10.7315  -10.5272  -10.3115   -9.4309   -8.6880   -8.1691
   -7.9921   -7.7817   -6.2225   -6.0405   -1.7639   -1.7529    0.1919    3.6547    6.2809    7.8422
    8.7702   12.0738   13.7432   13.7534   18.2273   20.9523   20.9548   25.0540   27.4126   28.9528
   29.7717   29.8071   32.3631   32.4042   35.0822   36.9418   37.0315   37.0328   40.7455   43.0015
   49.2458   52.2294   55.7161   55.7169   58.8715   62.3186   62.5101   65.4888   66.3702   77.0657
   78.4537   83.8769   83.8771   90.2365
 264  2 -109.5326 -107.5408  -69.9695  -69.9646  -69.9489  -67.8830  -67.8753  -67.8668  -23.6851  -22.8359
         -12.6194  -12.5504  -12.3018  -11.6238  -10.7476  -10.4738  -10.3324   -9.4514   -8.6193   -8.1478
   -7.9529   -7.7442   -6.2188   -6.0285   -1.7741   -1.7707    0.0350    3.5840    6.2205    7.9414
    9.1046   12.0038   13.9555   13.9644   18.5307   20.7742   20.7770   25.1100   27.0950   29.0405
   29.4253   29.5206   31.8530   32.5158   35.1494   36.5337   36.7056   36.7059   40.5976   42.8627
   49.6803   53.2491   56.2944   56.2952   58.8531   61.9973   62.4033   64.7599   65.9883   76.4008
   77.1202   84.3783   84.3784   87.8095
 265  2 -109.5327 -107.5410  -69.9695  -69.9633  -69.9484  -67.8831  -67.8738  -67.8663  -23.7415  -22.8334
         -12.6388  -12.5562  -12.3805  -11.5243  -10.7618  -10.4335  -10.3364   -9.4716   -8.5533   -8.1223
   -7.9070   -7.7049   -6.2168   -6.0214   -1.7922   -1.7744   -0.1292    3.4905    6.1751    8.0604
    9.4678   11.9354   14.1714   14.1793   18.8395   20.6021   20.6054   25.0783   26.7782   28.9309
   29.0687   29.3836   31.3432   32.6562   35.2237   36.1509   36.4198   36.4203   40.4543   42.7245
   50.1323   54.2665   56.8694   56.8703   58.8441   61.5410   62.5773   63.9574   65.6411   75.7341
   75.9246   84.8346   84.8346   85.7765
 266  2 -109.5329 -107.5413  -69.9694  -69.9619  -69.9480  -67.8831  -67.8723  -67.8658  -23.7964  -22.8310
         -12.6618  -12.5628  -12.4535  -11.4314  -10.7742  -10.4256  -10.3045   -9.4914   -8.4909   -8.0911
   -7.8548   -7.6640   -6.2166   -6.0196   -1.8067   -1.7749   -0.2995    3.3766    6.1439    8.1982
    9.8593   11.8692   14.3898   14.3970   19.1524   20.4374   20.4416   24.9624   26.4649   28.6275
   28.7029   29.3254   30.9138   32.8178   35.3021   35.7969   36.1735   36.1749   40.3168   42.5863
   50.6036   55.1949   57.4350   57.4359   58.8359   61.1264   62.8592   63.1223   65.3326   74.8730
   75.0670   84.0576   85.2478   85.2478
 267  2 -109.5331 -107.5415  -69.9694  -69.9606  -69.9476  -67.8831  -67.8708  -67.8654  -23.8495  -22.8284
         -12.6927  -12.5702  -12.5161  -11.3457  -10.7849  -10.4374  -10.2503   -9.5107   -8.4335   -8.0519
   -7.7971   -7.6212   -6.2185   -6.0233   -1.8172   -1.7723   -0.4747    3.2455    6.1253    8.3537
   10.2780   11.8057   14.6099   14.6164   19.4672   20.2816   20.2878   24.7703   26.1576   28.2716
   28.3296   29.0878   30.6946   32.9957   35.3815   35.4732   35.9650   35.9678   40.1866   42.4472
   51.0959   55.9577   57.9856   57.9864   58.8090   60.7270   62.3248   63.2386   65.0722   73.9548
   74.4006   82.5897   85.6200   85.6200
 268  2 -109.5333 -107.5418  -69.9695  -69.9593  -69.9472  -67.8831  -67.8693  -67.8649  -23.9006  -22.8259
         -12.7361  -12.5781  -12.5631  -11.2677  -10.7939  -10.4534  -10.1903   -9.5293   -8.3830   -8.0021
   -7.7348   -7.5765   -6.2228   -6.0325   -1.8235   -1.7667   -0.6533    3.1008    6.1171    8.5259
   10.7220   11.7453   14.8303   14.8363   19.7775   20.1359   20.1492   24.5127   25.8583   27.8977
   27.9512   28.6216   30.7157   33.1854   35.1794   35.4587   35.7913   35.7969   40.0647   42.3061
   51.6104   56.5177   58.5166   58.5170   58.7124   60.3141   61.6680   63.6447   64.8902   73.1490
   73.7355   81.3250   85.9533   85.9533
 269  2 -109.5335 -107.5421  -69.9695  -69.9580  -69.9468  -67.8831  -67.8679  -67.8645  -23.9495  -22.8233
         -12.7916  -12.5942  -12.5866  -11.1974  -10.8013  -10.4694  -10.1296   -9.5472   -8.3404   -7.9399
   -7.6688   -7.5300   -6.2297   -6.0473   -1.8254   -1.7584   -0.8343    2.9462    6.1169    8.7138
   11.1885   11.6884   15.0499   15.0553   19.9679   20.0015   20.1395   24.2016   25.5690   27.5121
   27.5703   28.0352   30.8779   33.3829   34.9142   35.5252   35.6488   35.6653   39.9520   42.1613
   52.1482   56.8845   58.4292   59.0239   59.0250   59.9462   61.2287   63.9158   64.8709   72.4309
   73.0722   80.2284   86.2499   86.2499
 270  2 -109.5337 -107.5424  -69.9695  -69.9568  -69.9465  -67.8832  -67.8665  -67.8640  -23.9958  -22.8208
         -12.8540  -12.6143  -12.5954  -11.1349  -10.8074  -10.4844  -10.0703   -9.5643   -8.3060   -7.8648
   -7.6000   -7.4816   -6.2396   -6.0676   -1.8226   -1.7476   -1.0163    2.7853    6.1227    8.9161
   11.6354   11.6740   15.2671   15.2720   19.8711   19.8796   20.4234   23.8489   25.2913   27.1072
   27.1899   27.4206   31.1121   33.5847   34.6766   35.5129   35.5340   35.6355   39.8494   42.0112
   52.7097   57.0949   57.8726   59.5043   59.5048   59.7557   60.9799   63.9351   65.0455   71.7773
   72.4110   79.2745   86.5120   86.5120
 271  2 -109.5339 -107.5427  -69.9696  -69.9556  -69.9461  -67.8832  -67.8652  -67.8636  -24.0395  -22.8184
         -12.9181  -12.6281  -12.6044  -11.0798  -10.8123  -10.4979  -10.0136   -9.5805   -8.2786   -7.7781
   -7.5293   -7.4314   -6.2526   -6.0933   -1.8153   -1.7347   -1.1979    2.6213    6.1325    9.1312
   11.5863   12.1740   15.4802   15.4847   19.7662   19.7713   20.7182   23.4658   25.0268   26.6250
   26.8131   26.8775   31.3908   33.7873   34.4659   35.4341   35.4430   35.6905   39.7573   41.8538
   53.2949   57.0738   57.2582   59.7124   59.9549   59.9569   60.8605   63.8234   65.2306   71.1685
   71.7521   78.4442   86.7418   86.7418
 272  2 -109.5342 -107.5430  -69.9696  -69.9545  -69.9457  -67.8832  -67.8640  -67.8632  -24.0804  -22.8160
         -12.9810  -12.6382  -12.6133  -11.0317  -10.8160  -10.5099   -9.9605   -9.5956   -8.2568   -7.6819
   -7.4574   -7.3794   -6.2689   -6.1240   -1.8034   -1.7202   -1.3777    2.4570    6.1450    9.3571
   11.5415   12.6837   15.6874   15.6915   19.6736   19.6776   20.9988   23.0628   24.7770   26.0381
   26.4429   26.4579   31.7019   33.9874   34.2824   35.3664   35.3724   35.7480   39.6759   41.6868
   53.9029   56.3184   57.2494   59.7346   60.3734   60.3750   60.8376   63.6801   65.2995   70.5892
   71.0955   77.7227   86.9416   86.9416
 273  2 -109.5344 -107.5432  -69.9696  -69.9534  -69.9454  -67.8832  -67.8629  -67.8628  -24.1182  -22.8137
         -13.0409  -12.6460  -12.6222  -10.9902  -10.8189  -10.5203   -9.9117   -9.6097   -8.2393   -7.5787
   -7.3849   -7.3257   -6.2887   -6.1595   -1.7874   -1.7047   -1.5541    2.2953    6.1589    9.5912
   11.5010   13.1977   15.8864   15.8901   19.5959   19.5995   21.2564   22.6489   24.5431   25.4427
   26.0825   26.0837   32.0376   34.1280   34.1819   35.3141   35.3189   35.7999   39.6052   41.5081
   54.5318   55.5301   57.2339   59.7734   60.7582   60.7596   60.8982   63.5352   65.2284   70.0284
   70.4414   77.0981   87.1139   87.1139
 274  2 -109.5345 -107.5435  -69.9697  -69.9525  -69.9451  -67.8832  -67.8625  -67.8617  -24.1529  -22.8115
         -13.0969  -12.6522  -12.6307  -10.9547  -10.8209  -10.5292   -9.8673   -9.6226   -8.2248   -7.4713
   -7.3123   -7.2704   -6.3121   -6.1994   -1.7677   -1.7252   -1.6885    2.1386    6.1732    9.8304
   11.4648   13.7100   16.0750   16.0783   19.5342   19.5377   21.4813   22.2323   24.3265   24.8808
   25.7309   25.7354   32.3866   34.0113   34.3662   35.2753   35.2794   35.8449   39.5449   41.3150
   54.7739   55.1786   57.1945   59.8095   61.0344   61.1077   61.1092   63.3973   65.0380   69.4785
   69.7904   76.5601   87.2608   87.2608
 275  2 -109.5347 -107.5437  -69.9697  -69.9516  -69.9448  -67.8832  -67.8622  -67.8608  -24.1843  -22.8095
         -13.1483  -12.6572  -12.6388  -10.9248  -10.8224  -10.5367   -9.8278   -9.6343   -8.2128   -7.3623
   -7.2399   -7.2137   -6.3390   -6.2433   -1.8895   -1.7448   -1.6722    1.9893    6.1873   10.0709
   11.4330   14.2146   16.2504   16.2533   19.4892   19.4926   21.6590   21.8208   24.1284   24.3747
   25.3976   25.4050   32.7251   33.9511   34.5378   35.2474   35.2511   35.8829   39.4944   41.1055
   54.0671   55.8389   57.1432   59.8374   61.2369   61.4212   61.4226   63.2684   64.7670   68.9347
   69.1437   76.1001   87.3846   87.3846
 276  2 -109.5349 -107.5439  -69.9697  -69.9508  -69.9446  -67.8832  -67.8619  -67.8599  -24.2122  -22.8077
         -13.1945  -12.6612  -12.6462  -10.8998  -10.8233  -10.5428   -9.7932   -9.6447   -8.2028   -7.2550
   -7.1680   -7.1558   -6.3695   -6.2906   -2.0444   -1.7199   -1.6564    1.8498    6.2006   10.3080
   11.4054   14.7053   16.4102   16.4126   19.4607   19.4643   21.4146   21.7757   23.9484   23.9498
   25.0863   25.0953   32.9999   33.9956   34.6933   35.2284   35.2318   35.9141   39.4529   40.8779
   53.4202   56.5064   57.0893   59.8578   61.4952   61.6979   61.6994   63.1482   64.4584   68.3949
   68.5036   75.7105   87.4877   87.4877
 277  2 -109.5350 -107.5441  -69.9697  -69.9501  -69.9444  -67.8832  -67.8617  -67.8591  -24.2367  -22.8060
         -13.2352  -12.6644  -12.6530  -10.8794  -10.8239  -10.5476   -9.7635   -9.6538   -8.1945   -7.1529
   -7.0970   -7.0967   -6.4035   -6.3410   -2.1875   -1.6939   -1.6415    1.7223    6.2128   10.5361
   11.3819   15.1757   16.5517   16.5537   19.4480   19.4519   21.0262   21.8010   23.6302   23.7917
   24.8008   24.8108   33.1456   34.2026   34.8301   35.2160   35.2193   35.9390   39.4197   40.6316
   52.8414   57.0388   57.1725   59.8730   61.7996   61.9376   61.9391   63.0355   64.1508   67.8588
   67.8744   75.3848   87.5722   87.5722
 278  2 -109.5352 -107.5443  -69.9697  -69.9494  -69.9442  -67.8832  -67.8615  -67.8584  -24.2575  -22.8046
         -13.2701  -12.6670  -12.6589  -10.8631  -10.8242  -10.5513   -9.7386   -9.6616   -8.1876   -7.0607
   -7.0376   -7.0251   -6.4405   -6.3936   -2.3160   -1.6682   -1.6281    1.6092    6.2235   10.7485
   11.3625   15.6186   16.6731   16.6747   19.4491   19.4533   20.6573   21.7269   23.4367   23.6551
   24.5461   24.5562   33.1804   34.5431   34.9466   35.2085   35.2117   35.9584   39.3936   40.3688
   52.3378   56.9955   57.8250   59.8846   62.1385   62.1401   62.1445   62.9286   63.8748   67.2637
   67.3283   75.1176   87.6399   87.6399
 279  2 -109.5353 -107.5444  -69.9697  -69.9489  -69.9440  -67.8832  -67.8613  -67.8578  -24.2746  -22.8034
         -13.2990  -12.6690  -12.6639  -10.8504  -10.8243  -10.5541   -9.7184   -9.6680   -8.1820   -6.9824
   -6.9782   -6.9532   -6.4803   -6.4477   -2.4271   -1.6442   -1.6165    1.5127    6.2325   10.9380
   11.3469   16.0256   16.7728   16.7741   19.4607   19.4651   20.3144   21.5785   23.3492   23.5409
   24.3276   24.3371   33.1681   34.9359   35.0427   35.2045   35.2077   35.9729   39.3738   40.0955
   51.9156   56.9611   58.4463   59.8936   62.3055   62.3069   62.5118   62.8275   63.6500   66.6844
   66.8079   74.9045   87.6928   87.6928
 280  2 -109.5354 -107.5445  -69.9698  -69.9485  -69.9439  -67.8832  -67.8612  -67.8573  -24.2880  -22.8024
         -13.3216  -12.6705  -12.6678  -10.8409  -10.8243  -10.5561   -9.7028   -9.6730   -8.1777   -6.9199
   -6.9161   -6.8875   -6.5217   -6.5022   -2.5176   -1.6234   -1.6071    1.4349    6.2396   11.0968
   11.3350   16.3848   16.8501   16.8512   19.4782   19.4827   20.0078   21.4066   23.3240   23.4501
   24.1514   24.1590   33.1439   35.1128   35.2026   35.2050   35.3301   35.9834   39.3593   39.8254
   51.5806   56.9358   59.0102   59.9005   62.4338   62.4353   62.7354   62.8988   63.4839   66.1584
   66.3066   74.7421   87.7322   87.7322
 281  2 -109.5354 -107.5446  -69.9698  -69.9482  -69.9438  -67.8832  -67.8611  -67.8570  -24.2976  -22.8018
         -13.3379  -12.6716  -12.6707  -10.8343  -10.8243  -10.5574   -9.6917   -9.6766   -8.1747   -6.8651
   -6.8591   -6.8361   -6.5626   -6.5544   -2.5848   -1.6073   -1.6002    1.3778    6.2448   11.2170
   11.3266   16.6774   16.9050   16.9059   19.4962   19.5009   19.7540   21.2565   23.3239   23.3839
   24.0226   24.0274   33.1217   35.1648   35.2019   35.2047   35.6690   35.9904   39.3496   39.5832
   51.3376   56.9189   59.4779   59.9054   62.5254   62.5269   62.6609   63.2798   63.3737   65.7208
   65.8446   74.6279   87.7595   87.7595
 282  2 -109.5355 -107.5447  -69.9698  -69.9480  -69.9438  -67.8832  -67.8610  -67.8568  -24.3034  -22.8013
         -13.3476  -12.6724  -12.6722  -10.8305  -10.8242  -10.5582   -9.6851   -9.6787   -8.1729   -6.8197
   -6.8150   -6.8038   -6.5982   -6.5973   -2.6261   -1.5971   -1.5960    1.3429    6.2479   11.2922
   11.3216   16.8756   16.9376   16.9384   19.5095   19.5143   19.5797   21.1566   23.3287   23.3434
   23.9449   23.9466   33.1069   35.1954   35.2018   35.2047   35.9075   35.9944   39.3440   39.4073
   51.1903   56.9092   59.7965   59.9083   62.5802   62.5817   62.6120   63.3120   63.6035   65.4214
   65.4728   74.5600   87.7755   87.7755
 283  2 -109.5355 -107.5447  -69.9698  -69.9480  -69.9437  -67.8832  -67.8610  -67.8567  -24.3053  -22.8012
         -13.3509  -12.6730  -12.6724  -10.8292  -10.8242  -10.5584   -9.6829   -9.6795   -8.1723   -6.7997
   -6.7967   -6.7927   -6.6178   -6.6126   -2.6401   -1.5945   -1.5936    1.3311    6.2489   11.3178
   11.3199   16.9469   16.9485   16.9493   19.5135   19.5174   19.5192   21.1217   23.3297   23.3308
   23.9190   23.9193   33.1018   35.2018   35.2040   35.2063   35.9947   35.9957   39.3416   39.3421
   51.1410   56.9061   59.9093   59.9111   62.5949   62.5985   62.6001   63.2922   63.7466   65.3134
   65.3138   74.5375   87.7808   87.7808

siesta: Program's energy decomposition (eV):
siesta: Ebs     =     -1625.658093
siesta: Eions   =     12987.661313
siesta: Ena     =       890.726099
siesta: Ekin    =      5074.830139
siesta: Enl     =     -1685.220906
siesta: Eso     =         0.000000
siesta: Edftu   =         2.375320
siesta: DEna    =        20.738996
siesta: DUscf   =         2.569800
siesta: DUext   =         0.000000
siesta: Ex      =     -1348.343597
siesta: Ec      =       -74.166840
siesta: Exc     =     -1422.510437
siesta: EbV     =         0.000000
siesta: eta*DQ  =         0.000000
siesta: Emadel  =         0.000000
siesta: Emeta   =         0.000000
siesta: Emolmec =         0.000000
siesta: Ekinion =         0.000000
siesta: Eharris =    -10104.152324
siesta: Etot    =    -10104.152299
siesta: FreeEng =    -10104.152299

siesta: Final energy (eV):
siesta:  Band Struct. =   -1625.658093
siesta:       Kinetic =    5074.830139
siesta:       Hartree =    2999.663891
siesta:         Edftu =       2.375320
siesta:       Eso     =       0.000000
siesta:    Ext. field =       0.000000
siesta:         Exch. =   -1348.343597
siesta:         Corr. =     -74.166840
siesta:     Bulk bias =       0.000000
siesta:   Exch.-corr. =   -1422.510437
siesta:  Ion-electron =  -11169.149486
siesta:       Ion-ion =   -5589.361727
siesta:       Ekinion =       0.000000
siesta: D3 dispersion =       0.000000
siesta:         Total =  -10104.152299
siesta:         Fermi =      -4.014396

siesta: Stress tensor (static) (eV/Ang**3):
siesta:    -0.095433   -0.002102   -0.002102
siesta:    -0.002098   -0.095436   -0.001285
siesta:    -0.002098   -0.001285   -0.095436

siesta: Cell volume =         36.255857 Ang**3

siesta: Pressure (static):
siesta:                Solid            Molecule  Units
siesta:           0.00103941          0.00103941  Ry/Bohr**3
siesta:           0.09543458          0.09543449  eV/Ang**3
siesta:         152.90306029        152.90290243  kBar

Basis Enthalpy Calculation:
    Basis Pressure for species 1(NiLR0) :      0.2000000 GPa
    Basis Pressure for species 2(NiLR1) :      0.2000000 GPa
    Basis Pressure for species 3(O) :      0.2000000 GPa

    Orbital volume contribution        =           1.815507 eV
    (Free)E + p_basis*V_orbitals       =      -10102.336792 eV
    (Free)Eharris+ p_basis*V_orbitals  =      -10102.336817 eV
WARNING: BASIS_ENTHALPY and BASIS_HARRIS_ENTHALPY files are deprecated. They will be removed in future releases.
Please use system_label.BASIS_ENTHALPY in your scripts instead.

mulliken: Atomic and Orbital Populations:

mulliken: Spin UP 

Species: NiLR0               
Atom  Qatom  Qorb
               3s      4s      4s      3py     3pz     3px     4py     4pz     
               4px     3dxy    3dyz    3dz2    3dxz    3dx2-y2 3dxy    3dyz    
               3dz2    3dxz    3dx2-y2 
   1  9.432   0.994   0.296  -0.100   1.000   1.000   1.000   0.090   0.090
              0.090   1.014   1.014   0.973   1.014   0.973  -0.022  -0.022

              0.025  -0.022   0.025

Species: NiLR1               
Atom  Qatom  Qorb
               3s      4s      4s      3py     3pz     3px     4py     4pz     
               4px     3dxy    3dyz    3dz2    3dxz    3dx2-y2 3dxy    3dyz    
               3dz2    3dxz    3dx2-y2 
   2  7.684   0.999   0.295  -0.103   1.001   1.001   1.001   0.089   0.089
              0.089   1.055   1.055   0.136   1.055   0.136  -0.066  -0.066

             -0.009  -0.066  -0.009

Species: O                   
Atom  Qatom  Qorb
               2s      2s      2py     2pz     2px     2py     2pz     2px     
               3Pdxy   3Pdyz   3Pdz2   3Pdxz   3Pdx2-y2
   3  3.442   0.905  -0.016   1.019   1.019   1.019  -0.175  -0.175  -0.175
              0.005   0.005   0.004   0.005   0.004
   4  3.442   0.905  -0.016   1.019   1.019   1.019  -0.175  -0.175  -0.175
              0.005   0.005   0.004   0.005   0.004

mulliken: Qtot =       24.000

mulliken: Spin DOWN 

Species: NiLR0               
Atom  Qatom  Qorb
               3s      4s      4s      3py     3pz     3px     4py     4pz     
               4px     3dxy    3dyz    3dz2    3dxz    3dx2-y2 3dxy    3dyz    
               3dz2    3dxz    3dx2-y2 
   1  7.684   0.999   0.295  -0.103   1.001   1.001   1.001   0.089   0.089
              0.089   1.055   1.055   0.136   1.055   0.136  -0.066  -0.066

             -0.009  -0.066  -0.009

Species: NiLR1               
Atom  Qatom  Qorb
               3s      4s      4s      3py     3pz     3px     4py     4pz     
               4px     3dxy    3dyz    3dz2    3dxz    3dx2-y2 3dxy    3dyz    
               3dz2    3dxz    3dx2-y2 
   2  9.432   0.994   0.296  -0.100   1.000   1.000   1.000   0.090   0.090
              0.090   1.014   1.014   0.973   1.014   0.973  -0.022  -0.022

              0.025  -0.022   0.025

Species: O                   
Atom  Qatom  Qorb
               2s      2s      2py     2pz     2px     2py     2pz     2px     
               3Pdxy   3Pdyz   3Pdz2   3Pdxz   3Pdx2-y2
   3  3.442   0.905  -0.016   1.019   1.019   1.019  -0.175  -0.175  -0.175
              0.005   0.005   0.004   0.005   0.004
   4  3.442   0.905  -0.016   1.019   1.019   1.019  -0.175  -0.175  -0.175
              0.005   0.005   0.004   0.005   0.004

mulliken: Qtot =       24.000

Mulliken Atomic Populations:
Atom #   charge [q] valence [e]      Sz [e]  Species
     1     0.884503   17.115497    1.748427  NiLR0
     2     0.884504   17.115496   -1.748431  NiLR1
     3    -0.884504    6.884504    0.000002  O
     4    -0.884504    6.884504    0.000002  O
-------------------------------------------
 Total     0.000000               -0.000000

cite: Please indicate the Siesta version in published work: 5.4.2
cite: This calculation has made use of features in the following articles
cite: which we encourage you to cite in published work.
cite: (Please see "NIO_PBE_REFERENCE.bib" for a BibTeX file.)
        Primary SIESTA paper
          DOI: www.doi.org/10.1088/0953-8984/14/11/302
        LDA+U implementation
          DOI: www.doi.org/10.1103/PhysRevB.57.1505
        PSML pseudopotential format
          DOI: www.doi.org/10.1016/j.cpc.2018.02.011


>> End of run:   1-OCT-2026   3:11:57
Job completed
