material,mode,perturbed_site_index,perturbed_site_id,observed_site_index,observed_site_id,alpha_eV,node_id,printed_token,float_parsed_token,exact_decimal_token_fraction,half_width_fraction,half_width_electron,source_out_path,source_out_sha256,analysis_out_sha256,current_out_sha256,response_tokens_value,nominal_observation_value,certificate_observation_value_fraction,same_source,same_value
NiO,BARE,0,NiLR0,0,NiLR0,-1/100,response:798a9e9575992d7e:r1:lr_s000_m0p01_bare_scf_base_parent_reference_adaptive_798a9e9575992d7e_base,8.441189,8.441189,8441189/1000000,1/2000000,5e-07,.siestaflow/attempts/b5b71bd78b2d422fb140/attempt-1790754252920745214-0567b30e/response_798a9e9575992d7e_r1_lr_s000_m0p01_bare_scf_base_parent_referenc_b5b71bd78b2d/siesta.out,b7a8a4e817097fd7d80e7704eef0858b94a22f43e83d7ad079cb83a47af7d2fe,b7a8a4e817097fd7d80e7704eef0858b94a22f43e83d7ad079cb83a47af7d2fe,b7a8a4e817097fd7d80e7704eef0858b94a22f43e83d7ad079cb83a47af7d2fe,8.441189,8.441189,8441189/1000000,true,true
NiO,BARE,0,NiLR0,1,NiLR1,-1/100,response:798a9e9575992d7e:r1:lr_s000_m0p01_bare_scf_base_parent_reference_adaptive_798a9e9575992d7e_base,8.438666,8.438666,4219333/500000,1/2000000,5e-07,.siestaflow/attempts/b5b71bd78b2d422fb140/attempt-1790754252920745214-0567b30e/response_798a9e9575992d7e_r1_lr_s000_m0p01_bare_scf_base_parent_referenc_b5b71bd78b2d/siesta.out,b7a8a4e817097fd7d80e7704eef0858b94a22f43e83d7ad079cb83a47af7d2fe,b7a8a4e817097fd7d80e7704eef0858b94a22f43e83d7ad079cb83a47af7d2fe,b7a8a4e817097fd7d80e7704eef0858b94a22f43e83d7ad079cb83a47af7d2fe,8.438666,8.438666,4219333/500000,true,true
NiO,BARE,0,NiLR0,0,NiLR0,-1/50,response:798a9e9575992d7e:r0:lr_s000_m0p02_bare_scf_base_parent_reference_adaptive_798a9e9575992d7e_base,8.443177,8.443177,8443177/1000000,1/2000000,5e-07,.siestaflow/attempts/78c9359fc128fe227759/attempt-1790753971490645372-c04573b5/response_798a9e9575992d7e_r0_lr_s000_m0p02_bare_scf_base_parent_referenc_78c9359fc128/siesta.out,29b540d316d5e8cf7dae098af9110ccaac19e0130bc2a57cc51f2721b5faf5b3,29b540d316d5e8cf7dae098af9110ccaac19e0130bc2a57cc51f2721b5faf5b3,29b540d316d5e8cf7dae098af9110ccaac19e0130bc2a57cc51f2721b5faf5b3,8.443177,8.443177,8443177/1000000,true,true
NiO,BARE,0,NiLR0,1,NiLR1,-1/50,response:798a9e9575992d7e:r0:lr_s000_m0p02_bare_scf_base_parent_reference_adaptive_798a9e9575992d7e_base,8.438128,8.438128,527383/62500,1/2000000,5e-07,.siestaflow/attempts/78c9359fc128fe227759/attempt-1790753971490645372-c04573b5/response_798a9e9575992d7e_r0_lr_s000_m0p02_bare_scf_base_parent_referenc_78c9359fc128/siesta.out,29b540d316d5e8cf7dae098af9110ccaac19e0130bc2a57cc51f2721b5faf5b3,29b540d316d5e8cf7dae098af9110ccaac19e0130bc2a57cc51f2721b5faf5b3,29b540d316d5e8cf7dae098af9110ccaac19e0130bc2a57cc51f2721b5faf5b3,8.438128,8.438128,527383/62500,true,true
NiO,BARE,0,NiLR0,0,NiLR0,-1/25,response:798a9e9575992d7e:r0:lr_s000_m0p04_bare_scf_base_parent_reference_adaptive_798a9e9575992d7e_base,8.447161,8.447161,8447161/1000000,1/2000000,5e-07,.siestaflow/attempts/b0423f21bc6d5f9fe303/attempt-1790753925269451970-2dbc0e56/response_798a9e9575992d7e_r0_lr_s000_m0p04_bare_scf_base_parent_referenc_b0423f21bc6d/siesta.out,7449950852fdc78e82a26ff93451bcbc7668a318ec0b791b40e62e027e94c04b,7449950852fdc78e82a26ff93451bcbc7668a318ec0b791b40e62e027e94c04b,7449950852fdc78e82a26ff93451bcbc7668a318ec0b791b40e62e027e94c04b,8.447161,8.447161,8447161/1000000,true,true
NiO,BARE,0,NiLR0,1,NiLR1,-1/25,response:798a9e9575992d7e:r0:lr_s000_m0p04_bare_scf_base_parent_reference_adaptive_798a9e9575992d7e_base,8.437051,8.437051,8437051/1000000,1/2000000,5e-07,.siestaflow/attempts/b0423f21bc6d5f9fe303/attempt-1790753925269451970-2dbc0e56/response_798a9e9575992d7e_r0_lr_s000_m0p04_bare_scf_base_parent_referenc_b0423f21bc6d/siesta.out,7449950852fdc78e82a26ff93451bcbc7668a318ec0b791b40e62e027e94c04b,7449950852fdc78e82a26ff93451bcbc7668a318ec0b791b40e62e027e94c04b,7449950852fdc78e82a26ff93451bcbc7668a318ec0b791b40e62e027e94c04b,8.437051,8.437051,8437051/1000000,true,true
NiO,BARE,0,NiLR0,0,NiLR0,-3/50,response:798a9e9575992d7e:r0:lr_s000_m0p06_bare_scf_base_parent_reference_adaptive_798a9e9575992d7e_base,8.451157,8.451157,8451157/1000000,1/2000000,5e-07,.siestaflow/attempts/279dfbacee9694f899e6/attempt-1790753883054708242-795e77d9/response_798a9e9575992d7e_r0_lr_s000_m0p06_bare_scf_base_parent_referenc_279dfbacee96/siesta.out,0131d737a6320bdb2184224e8cdc49b66a0f288608b2792c830b11cf37f10257,0131d737a6320bdb2184224e8cdc49b66a0f288608b2792c830b11cf37f10257,0131d737a6320bdb2184224e8cdc49b66a0f288608b2792c830b11cf37f10257,8.451157,8.451157,8451157/1000000,true,true
NiO,BARE,0,NiLR0,1,NiLR1,-3/50,response:798a9e9575992d7e:r0:lr_s000_m0p06_bare_scf_base_parent_reference_adaptive_798a9e9575992d7e_base,8.435974,8.435974,4217987/500000,1/2000000,5e-07,.siestaflow/attempts/279dfbacee9694f899e6/attempt-1790753883054708242-795e77d9/response_798a9e9575992d7e_r0_lr_s000_m0p06_bare_scf_base_parent_referenc_279dfbacee96/siesta.out,0131d737a6320bdb2184224e8cdc49b66a0f288608b2792c830b11cf37f10257,0131d737a6320bdb2184224e8cdc49b66a0f288608b2792c830b11cf37f10257,0131d737a6320bdb2184224e8cdc49b66a0f288608b2792c830b11cf37f10257,8.435974,8.435974,4217987/500000,true,true
NiO,BARE,0,NiLR0,0,NiLR0,1/100,response:798a9e9575992d7e:r1:lr_s000_p0p01_bare_scf_base_parent_reference_adaptive_798a9e9575992d7e_base,8.437222,8.437222,4218611/500000,1/2000000,5e-07,.siestaflow/attempts/9a50dc2036d42b4cbcea/attempt-1790754277168136305-8fb60356/response_798a9e9575992d7e_r1_lr_s000_p0p01_bare_scf_base_parent_referenc_9a50dc2036d4/siesta.out,809aec96b5ae335a5443b0ded37180772bb18b99f235e79b0e0d35eb253bbb9b,809aec96b5ae335a5443b0ded37180772bb18b99f235e79b0e0d35eb253bbb9b,809aec96b5ae335a5443b0ded37180772bb18b99f235e79b0e0d35eb253bbb9b,8.437222,8.437222,4218611/500000,true,true
NiO,BARE,0,NiLR0,1,NiLR1,1/100,response:798a9e9575992d7e:r1:lr_s000_p0p01_bare_scf_base_parent_reference_adaptive_798a9e9575992d7e_base,8.439742,8.439742,4219871/500000,1/2000000,5e-07,.siestaflow/attempts/9a50dc2036d42b4cbcea/attempt-1790754277168136305-8fb60356/response_798a9e9575992d7e_r1_lr_s000_p0p01_bare_scf_base_parent_referenc_9a50dc2036d4/siesta.out,809aec96b5ae335a5443b0ded37180772bb18b99f235e79b0e0d35eb253bbb9b,809aec96b5ae335a5443b0ded37180772bb18b99f235e79b0e0d35eb253bbb9b,809aec96b5ae335a5443b0ded37180772bb18b99f235e79b0e0d35eb253bbb9b,8.439742,8.439742,4219871/500000,true,true
NiO,BARE,0,NiLR0,0,NiLR0,1/50,response:798a9e9575992d7e:r0:lr_s000_p0p02_bare_scf_base_parent_reference_adaptive_798a9e9575992d7e_base,8.435243,8.435243,8435243/1000000,1/2000000,5e-07,.siestaflow/attempts/42b4c3e3317a7ddd49ba/attempt-1790753997713725237-ef2db02c/response_798a9e9575992d7e_r0_lr_s000_p0p02_bare_scf_base_parent_referenc_42b4c3e3317a/siesta.out,d24e2ea96ae01d3f5b5841a4940f7894efa07b08926f10834638cbe2619847f1,d24e2ea96ae01d3f5b5841a4940f7894efa07b08926f10834638cbe2619847f1,d24e2ea96ae01d3f5b5841a4940f7894efa07b08926f10834638cbe2619847f1,8.435243,8.435243,8435243/1000000,true,true
NiO,BARE,0,NiLR0,1,NiLR1,1/50,response:798a9e9575992d7e:r0:lr_s000_p0p02_bare_scf_base_parent_reference_adaptive_798a9e9575992d7e_base,8.440281,8.440281,8440281/1000000,1/2000000,5e-07,.siestaflow/attempts/42b4c3e3317a7ddd49ba/attempt-1790753997713725237-ef2db02c/response_798a9e9575992d7e_r0_lr_s000_p0p02_bare_scf_base_parent_referenc_42b4c3e3317a/siesta.out,d24e2ea96ae01d3f5b5841a4940f7894efa07b08926f10834638cbe2619847f1,d24e2ea96ae01d3f5b5841a4940f7894efa07b08926f10834638cbe2619847f1,d24e2ea96ae01d3f5b5841a4940f7894efa07b08926f10834638cbe2619847f1,8.440281,8.440281,8440281/1000000,true,true
NiO,BARE,0,NiLR0,0,NiLR0,1/25,response:798a9e9575992d7e:r0:lr_s000_p0p04_bare_scf_base_parent_reference_adaptive_798a9e9575992d7e_base,8.431293,8.431293,8431293/1000000,1/2000000,5e-07,.siestaflow/attempts/2bd93c7f3363e34504bc/attempt-1790754024559479062-b7b0c7b4/response_798a9e9575992d7e_r0_lr_s000_p0p04_bare_scf_base_parent_referenc_2bd93c7f3363/siesta.out,fe59b976eca362f564ac17dfbd2bad14f85c78a2ef2697ffafd23b9906639578,fe59b976eca362f564ac17dfbd2bad14f85c78a2ef2697ffafd23b9906639578,fe59b976eca362f564ac17dfbd2bad14f85c78a2ef2697ffafd23b9906639578,8.431293,8.431293,8431293/1000000,true,true
NiO,BARE,0,NiLR0,1,NiLR1,1/25,response:798a9e9575992d7e:r0:lr_s000_p0p04_bare_scf_base_parent_reference_adaptive_798a9e9575992d7e_base,8.441357,8.441357,8441357/1000000,1/2000000,5e-07,.siestaflow/attempts/2bd93c7f3363e34504bc/attempt-1790754024559479062-b7b0c7b4/response_798a9e9575992d7e_r0_lr_s000_p0p04_bare_scf_base_parent_referenc_2bd93c7f3363/siesta.out,fe59b976eca362f564ac17dfbd2bad14f85c78a2ef2697ffafd23b9906639578,fe59b976eca362f564ac17dfbd2bad14f85c78a2ef2697ffafd23b9906639578,fe59b976eca362f564ac17dfbd2bad14f85c78a2ef2697ffafd23b9906639578,8.441357,8.441357,8441357/1000000,true,true
NiO,BARE,0,NiLR0,0,NiLR0,3/50,response:798a9e9575992d7e:r0:lr_s000_p0p06_bare_scf_base_parent_reference_adaptive_798a9e9575992d7e_base,8.427353,8.427353,8427353/1000000,1/2000000,5e-07,.siestaflow/attempts/99404e625136f669e213/attempt-1790754054756710818-d6dbb537/response_798a9e9575992d7e_r0_lr_s000_p0p06_bare_scf_base_parent_referenc_99404e625136/siesta.out,c6948b4bea05e21ba2499b932f005a47c56d5092f02a2391ebab819ec33599f6,c6948b4bea05e21ba2499b932f005a47c56d5092f02a2391ebab819ec33599f6,c6948b4bea05e21ba2499b932f005a47c56d5092f02a2391ebab819ec33599f6,8.427353,8.427353,8427353/1000000,true,true
NiO,BARE,0,NiLR0,1,NiLR1,3/50,response:798a9e9575992d7e:r0:lr_s000_p0p06_bare_scf_base_parent_reference_adaptive_798a9e9575992d7e_base,8.442434,8.442434,4221217/500000,1/2000000,5e-07,.siestaflow/attempts/99404e625136f669e213/attempt-1790754054756710818-d6dbb537/response_798a9e9575992d7e_r0_lr_s000_p0p06_bare_scf_base_parent_referenc_99404e625136/siesta.out,c6948b4bea05e21ba2499b932f005a47c56d5092f02a2391ebab819ec33599f6,c6948b4bea05e21ba2499b932f005a47c56d5092f02a2391ebab819ec33599f6,c6948b4bea05e21ba2499b932f005a47c56d5092f02a2391ebab819ec33599f6,8.442434,8.442434,4221217/500000,true,true
NiO,BARE,1,NiLR1,0,NiLR0,-1/100,response:798a9e9575992d7e:r1:lr_s001_m0p01_bare_scf_base_parent_reference_adaptive_798a9e9575992d7e_base,8.438666,8.438666,4219333/500000,1/2000000,5e-07,.siestaflow/attempts/a36ee837d7096a0c80c1/attempt-1790754310314138746-edb43499/response_798a9e9575992d7e_r1_lr_s001_m0p01_bare_scf_base_parent_referenc_a36ee837d709/siesta.out,38714f183c809d0e0b5b8e8cc629ae46cd0c188143eb9bbaf09207f301564bf2,38714f183c809d0e0b5b8e8cc629ae46cd0c188143eb9bbaf09207f301564bf2,38714f183c809d0e0b5b8e8cc629ae46cd0c188143eb9bbaf09207f301564bf2,8.438666,8.438666,4219333/500000,true,true
NiO,BARE,1,NiLR1,1,NiLR1,-1/100,response:798a9e9575992d7e:r1:lr_s001_m0p01_bare_scf_base_parent_reference_adaptive_798a9e9575992d7e_base,8.441189,8.441189,8441189/1000000,1/2000000,5e-07,.siestaflow/attempts/a36ee837d7096a0c80c1/attempt-1790754310314138746-edb43499/response_798a9e9575992d7e_r1_lr_s001_m0p01_bare_scf_base_parent_referenc_a36ee837d709/siesta.out,38714f183c809d0e0b5b8e8cc629ae46cd0c188143eb9bbaf09207f301564bf2,38714f183c809d0e0b5b8e8cc629ae46cd0c188143eb9bbaf09207f301564bf2,38714f183c809d0e0b5b8e8cc629ae46cd0c188143eb9bbaf09207f301564bf2,8.441189,8.441189,8441189/1000000,true,true
NiO,BARE,1,NiLR1,0,NiLR0,-1/50,response:798a9e9575992d7e:r0:lr_s001_m0p02_bare_scf_base_parent_reference_adaptive_798a9e9575992d7e_base,8.438128,8.438128,527383/62500,1/2000000,5e-07,.siestaflow/attempts/b53c98168922ffb12e4d/attempt-1790754146319968710-96a237aa/response_798a9e9575992d7e_r0_lr_s001_m0p02_bare_scf_base_parent_referenc_b53c98168922/siesta.out,bf4d95f031dcf0c4f33876a41bbb8fa2df8938fdcca16b6153166dd9081a8fa1,bf4d95f031dcf0c4f33876a41bbb8fa2df8938fdcca16b6153166dd9081a8fa1,bf4d95f031dcf0c4f33876a41bbb8fa2df8938fdcca16b6153166dd9081a8fa1,8.438128,8.438128,527383/62500,true,true
NiO,BARE,1,NiLR1,1,NiLR1,-1/50,response:798a9e9575992d7e:r0:lr_s001_m0p02_bare_scf_base_parent_reference_adaptive_798a9e9575992d7e_base,8.443177,8.443177,8443177/1000000,1/2000000,5e-07,.siestaflow/attempts/b53c98168922ffb12e4d/attempt-1790754146319968710-96a237aa/response_798a9e9575992d7e_r0_lr_s001_m0p02_bare_scf_base_parent_referenc_b53c98168922/siesta.out,bf4d95f031dcf0c4f33876a41bbb8fa2df8938fdcca16b6153166dd9081a8fa1,bf4d95f031dcf0c4f33876a41bbb8fa2df8938fdcca16b6153166dd9081a8fa1,bf4d95f031dcf0c4f33876a41bbb8fa2df8938fdcca16b6153166dd9081a8fa1,8.443177,8.443177,8443177/1000000,true,true
NiO,BARE,1,NiLR1,0,NiLR0,-1/25,response:798a9e9575992d7e:r0:lr_s001_m0p04_bare_scf_base_parent_reference_adaptive_798a9e9575992d7e_base,8.437052,8.437052,2109263/250000,1/2000000,5e-07,.siestaflow/attempts/8eabe13b5e16c033c403/attempt-1790754118390033341-0e53e84d/response_798a9e9575992d7e_r0_lr_s001_m0p04_bare_scf_base_parent_referenc_8eabe13b5e16/siesta.out,66874ae1f9c34ef70c1357a81f5180e577a538d5092ddb63014dbef619631cc1,66874ae1f9c34ef70c1357a81f5180e577a538d5092ddb63014dbef619631cc1,66874ae1f9c34ef70c1357a81f5180e577a538d5092ddb63014dbef619631cc1,8.437052,8.437052,2109263/250000,true,true
NiO,BARE,1,NiLR1,1,NiLR1,-1/25,response:798a9e9575992d7e:r0:lr_s001_m0p04_bare_scf_base_parent_reference_adaptive_798a9e9575992d7e_base,8.447161,8.447161,8447161/1000000,1/2000000,5e-07,.siestaflow/attempts/8eabe13b5e16c033c403/attempt-1790754118390033341-0e53e84d/response_798a9e9575992d7e_r0_lr_s001_m0p04_bare_scf_base_parent_referenc_8eabe13b5e16/siesta.out,66874ae1f9c34ef70c1357a81f5180e577a538d5092ddb63014dbef619631cc1,66874ae1f9c34ef70c1357a81f5180e577a538d5092ddb63014dbef619631cc1,66874ae1f9c34ef70c1357a81f5180e577a538d5092ddb63014dbef619631cc1,8.447161,8.447161,8447161/1000000,true,true
NiO,BARE,1,NiLR1,0,NiLR0,-3/50,response:798a9e9575992d7e:r0:lr_s001_m0p06_bare_scf_base_parent_reference_adaptive_798a9e9575992d7e_base,8.435975,8.435975,337439/40000,1/2000000,5e-07,.siestaflow/attempts/fdb714011a7e7353f7d1/attempt-1790754086619642918-b20c1c91/response_798a9e9575992d7e_r0_lr_s001_m0p06_bare_scf_base_parent_referenc_fdb714011a7e/siesta.out,e6f26baf547b991cd879a99ca61b656d7186a3b99d9b5e7f3d33ae376efe735c,e6f26baf547b991cd879a99ca61b656d7186a3b99d9b5e7f3d33ae376efe735c,e6f26baf547b991cd879a99ca61b656d7186a3b99d9b5e7f3d33ae376efe735c,8.435975,8.435975,337439/40000,true,true
NiO,BARE,1,NiLR1,1,NiLR1,-3/50,response:798a9e9575992d7e:r0:lr_s001_m0p06_bare_scf_base_parent_reference_adaptive_798a9e9575992d7e_base,8.451156,8.451156,2112789/250000,1/2000000,5e-07,.siestaflow/attempts/fdb714011a7e7353f7d1/attempt-1790754086619642918-b20c1c91/response_798a9e9575992d7e_r0_lr_s001_m0p06_bare_scf_base_parent_referenc_fdb714011a7e/siesta.out,e6f26baf547b991cd879a99ca61b656d7186a3b99d9b5e7f3d33ae376efe735c,e6f26baf547b991cd879a99ca61b656d7186a3b99d9b5e7f3d33ae376efe735c,e6f26baf547b991cd879a99ca61b656d7186a3b99d9b5e7f3d33ae376efe735c,8.451156,8.451156,2112789/250000,true,true
NiO,BARE,1,NiLR1,0,NiLR0,1/100,response:798a9e9575992d7e:r1:lr_s001_p0p01_bare_scf_base_parent_reference_adaptive_798a9e9575992d7e_base,8.439743,8.439743,8439743/1000000,1/2000000,5e-07,.siestaflow/attempts/bc6022f977321f210633/attempt-1790754344602113386-92dc4fd7/response_798a9e9575992d7e_r1_lr_s001_p0p01_bare_scf_base_parent_referenc_bc6022f97732/siesta.out,46c332a55eb6fe6131cfff01dfc459e35f437896e1e0df86644453298caf068d,46c332a55eb6fe6131cfff01dfc459e35f437896e1e0df86644453298caf068d,46c332a55eb6fe6131cfff01dfc459e35f437896e1e0df86644453298caf068d,8.439743,8.439743,8439743/1000000,true,true
NiO,BARE,1,NiLR1,1,NiLR1,1/100,response:798a9e9575992d7e:r1:lr_s001_p0p01_bare_scf_base_parent_reference_adaptive_798a9e9575992d7e_base,8.437222,8.437222,4218611/500000,1/2000000,5e-07,.siestaflow/attempts/bc6022f977321f210633/attempt-1790754344602113386-92dc4fd7/response_798a9e9575992d7e_r1_lr_s001_p0p01_bare_scf_base_parent_referenc_bc6022f97732/siesta.out,46c332a55eb6fe6131cfff01dfc459e35f437896e1e0df86644453298caf068d,46c332a55eb6fe6131cfff01dfc459e35f437896e1e0df86644453298caf068d,46c332a55eb6fe6131cfff01dfc459e35f437896e1e0df86644453298caf068d,8.437222,8.437222,4218611/500000,true,true
NiO,BARE,1,NiLR1,0,NiLR0,1/50,response:798a9e9575992d7e:r0:lr_s001_p0p02_bare_scf_base_parent_reference_adaptive_798a9e9575992d7e_base,8.440281,8.440281,8440281/1000000,1/2000000,5e-07,.siestaflow/attempts/1bb1791e303ec8e6613f/attempt-1790754176459073428-b4452c0e/response_798a9e9575992d7e_r0_lr_s001_p0p02_bare_scf_base_parent_referenc_1bb1791e303e/siesta.out,dd032745e8e6751f06c1ab906fd758cb47a2c8162b65db65943bf049ee752c94,dd032745e8e6751f06c1ab906fd758cb47a2c8162b65db65943bf049ee752c94,dd032745e8e6751f06c1ab906fd758cb47a2c8162b65db65943bf049ee752c94,8.440281,8.440281,8440281/1000000,true,true
NiO,BARE,1,NiLR1,1,NiLR1,1/50,response:798a9e9575992d7e:r0:lr_s001_p0p02_bare_scf_base_parent_reference_adaptive_798a9e9575992d7e_base,8.435243,8.435243,8435243/1000000,1/2000000,5e-07,.siestaflow/attempts/1bb1791e303ec8e6613f/attempt-1790754176459073428-b4452c0e/response_798a9e9575992d7e_r0_lr_s001_p0p02_bare_scf_base_parent_referenc_1bb1791e303e/siesta.out,dd032745e8e6751f06c1ab906fd758cb47a2c8162b65db65943bf049ee752c94,dd032745e8e6751f06c1ab906fd758cb47a2c8162b65db65943bf049ee752c94,dd032745e8e6751f06c1ab906fd758cb47a2c8162b65db65943bf049ee752c94,8.435243,8.435243,8435243/1000000,true,true
NiO,BARE,1,NiLR1,0,NiLR0,1/25,response:798a9e9575992d7e:r0:lr_s001_p0p04_bare_scf_base_parent_reference_adaptive_798a9e9575992d7e_base,8.441357,8.441357,8441357/1000000,1/2000000,5e-07,.siestaflow/attempts/6631fad4f02b44726fb7/attempt-1790754199713637025-96acdd13/response_798a9e9575992d7e_r0_lr_s001_p0p04_bare_scf_base_parent_referenc_6631fad4f02b/siesta.out,2d40c1c9b8ab00e2638d60d28713abb21b21a3d81a8cd91234a7ef162902941c,2d40c1c9b8ab00e2638d60d28713abb21b21a3d81a8cd91234a7ef162902941c,2d40c1c9b8ab00e2638d60d28713abb21b21a3d81a8cd91234a7ef162902941c,8.441357,8.441357,8441357/1000000,true,true
NiO,BARE,1,NiLR1,1,NiLR1,1/25,response:798a9e9575992d7e:r0:lr_s001_p0p04_bare_scf_base_parent_reference_adaptive_798a9e9575992d7e_base,8.431293,8.431293,8431293/1000000,1/2000000,5e-07,.siestaflow/attempts/6631fad4f02b44726fb7/attempt-1790754199713637025-96acdd13/response_798a9e9575992d7e_r0_lr_s001_p0p04_bare_scf_base_parent_referenc_6631fad4f02b/siesta.out,2d40c1c9b8ab00e2638d60d28713abb21b21a3d81a8cd91234a7ef162902941c,2d40c1c9b8ab00e2638d60d28713abb21b21a3d81a8cd91234a7ef162902941c,2d40c1c9b8ab00e2638d60d28713abb21b21a3d81a8cd91234a7ef162902941c,8.431293,8.431293,8431293/1000000,true,true
NiO,BARE,1,NiLR1,0,NiLR0,3/50,response:798a9e9575992d7e:r0:lr_s001_p0p06_bare_scf_base_parent_reference_adaptive_798a9e9575992d7e_base,8.442434,8.442434,4221217/500000,1/2000000,5e-07,.siestaflow/attempts/b4745a9232acf864483c/attempt-1790754225876785745-c55dba10/response_798a9e9575992d7e_r0_lr_s001_p0p06_bare_scf_base_parent_referenc_b4745a9232ac/siesta.out,8ae1868fce9042b36135f3c16845469d45ad1942f244ae718a387624f23c1bba,8ae1868fce9042b36135f3c16845469d45ad1942f244ae718a387624f23c1bba,8ae1868fce9042b36135f3c16845469d45ad1942f244ae718a387624f23c1bba,8.442434,8.442434,4221217/500000,true,true
NiO,BARE,1,NiLR1,1,NiLR1,3/50,response:798a9e9575992d7e:r0:lr_s001_p0p06_bare_scf_base_parent_reference_adaptive_798a9e9575992d7e_base,8.427353,8.427353,8427353/1000000,1/2000000,5e-07,.siestaflow/attempts/b4745a9232acf864483c/attempt-1790754225876785745-c55dba10/response_798a9e9575992d7e_r0_lr_s001_p0p06_bare_scf_base_parent_referenc_b4745a9232ac/siesta.out,8ae1868fce9042b36135f3c16845469d45ad1942f244ae718a387624f23c1bba,8ae1868fce9042b36135f3c16845469d45ad1942f244ae718a387624f23c1bba,8ae1868fce9042b36135f3c16845469d45ad1942f244ae718a387624f23c1bba,8.427353,8.427353,8427353/1000000,true,true
NiO,SCREENED,0,NiLR0,0,NiLR0,-1/100,response:798a9e9575992d7e:r1:lr_s000_m0p01_screened_scf_base_parent_reference_adaptive_798a9e9575992d7e_base,8.440021,8.440021,8440021/1000000,1/2000000,5e-07,.siestaflow/attempts/1b748780045a30493efa/attempt-1790754258397761765-b99774f9/response_798a9e9575992d7e_r1_lr_s000_m0p01_screened_scf_base_parent_refe_1b748780045a/siesta.out,fb71ec12997b5b33d6600dcd1b19e3d885879811cfe937bac5c3417567c3b5a3,fb71ec12997b5b33d6600dcd1b19e3d885879811cfe937bac5c3417567c3b5a3,fb71ec12997b5b33d6600dcd1b19e3d885879811cfe937bac5c3417567c3b5a3,8.440021,8.440021,8440021/1000000,true,true
NiO,SCREENED,0,NiLR0,1,NiLR1,-1/100,response:798a9e9575992d7e:r1:lr_s000_m0p01_screened_scf_base_parent_reference_adaptive_798a9e9575992d7e_base,8.439199,8.439199,8439199/1000000,1/2000000,5e-07,.siestaflow/attempts/1b748780045a30493efa/attempt-1790754258397761765-b99774f9/response_798a9e9575992d7e_r1_lr_s000_m0p01_screened_scf_base_parent_refe_1b748780045a/siesta.out,fb71ec12997b5b33d6600dcd1b19e3d885879811cfe937bac5c3417567c3b5a3,fb71ec12997b5b33d6600dcd1b19e3d885879811cfe937bac5c3417567c3b5a3,fb71ec12997b5b33d6600dcd1b19e3d885879811cfe937bac5c3417567c3b5a3,8.439199,8.439199,8439199/1000000,true,true
NiO,SCREENED,0,NiLR0,0,NiLR0,-1/50,response:798a9e9575992d7e:r0:lr_s000_m0p02_screened_scf_base_parent_reference_adaptive_798a9e9575992d7e_base,8.440834,8.440834,4220417/500000,1/2000000,5e-07,.siestaflow/attempts/cf8e3a12e36ac86f8ea5/attempt-1790753978107023371-e9d55d2a/response_798a9e9575992d7e_r0_lr_s000_m0p02_screened_scf_base_parent_refe_cf8e3a12e36a/siesta.out,3e4a2fec52901715c240cb74437649dd19722676792b3aa0584a65fba6fd70e9,3e4a2fec52901715c240cb74437649dd19722676792b3aa0584a65fba6fd70e9,3e4a2fec52901715c240cb74437649dd19722676792b3aa0584a65fba6fd70e9,8.440834,8.440834,4220417/500000,true,true
NiO,SCREENED,0,NiLR0,1,NiLR1,-1/50,response:798a9e9575992d7e:r0:lr_s000_m0p02_screened_scf_base_parent_reference_adaptive_798a9e9575992d7e_base,8.439190,8.43919,843919/100000,1/2000000,5e-07,.siestaflow/attempts/cf8e3a12e36ac86f8ea5/attempt-1790753978107023371-e9d55d2a/response_798a9e9575992d7e_r0_lr_s000_m0p02_screened_scf_base_parent_refe_cf8e3a12e36a/siesta.out,3e4a2fec52901715c240cb74437649dd19722676792b3aa0584a65fba6fd70e9,3e4a2fec52901715c240cb74437649dd19722676792b3aa0584a65fba6fd70e9,3e4a2fec52901715c240cb74437649dd19722676792b3aa0584a65fba6fd70e9,8.439190,8.43919,843919/100000,true,true
NiO,SCREENED,0,NiLR0,0,NiLR0,-1/25,response:798a9e9575992d7e:r0:lr_s000_m0p04_screened_scf_base_parent_reference_adaptive_798a9e9575992d7e_base,8.442460,8.44246,422123/50000,1/2000000,5e-07,.siestaflow/attempts/0055dc25593fee61eb94/attempt-1790753932659646007-a265ccee/response_798a9e9575992d7e_r0_lr_s000_m0p04_screened_scf_base_parent_refe_0055dc25593f/siesta.out,7100ccbbf8716b0b71448323f6138875de9e396166f8d61fc3c86a53f06cc50a,7100ccbbf8716b0b71448323f6138875de9e396166f8d61fc3c86a53f06cc50a,7100ccbbf8716b0b71448323f6138875de9e396166f8d61fc3c86a53f06cc50a,8.442460,8.44246,422123/50000,true,true
NiO,SCREENED,0,NiLR0,1,NiLR1,-1/25,response:798a9e9575992d7e:r0:lr_s000_m0p04_screened_scf_base_parent_reference_adaptive_798a9e9575992d7e_base,8.439172,8.439172,2109793/250000,1/2000000,5e-07,.siestaflow/attempts/0055dc25593fee61eb94/attempt-1790753932659646007-a265ccee/response_798a9e9575992d7e_r0_lr_s000_m0p04_screened_scf_base_parent_refe_0055dc25593f/siesta.out,7100ccbbf8716b0b71448323f6138875de9e396166f8d61fc3c86a53f06cc50a,7100ccbbf8716b0b71448323f6138875de9e396166f8d61fc3c86a53f06cc50a,7100ccbbf8716b0b71448323f6138875de9e396166f8d61fc3c86a53f06cc50a,8.439172,8.439172,2109793/250000,true,true
NiO,SCREENED,0,NiLR0,0,NiLR0,-3/50,response:798a9e9575992d7e:r0:lr_s000_m0p06_screened_scf_base_parent_reference_adaptive_798a9e9575992d7e_base,8.444090,8.44409,844409/100000,1/2000000,5e-07,.siestaflow/attempts/e197c4caaaf836a77b29/attempt-1790753890285188343-c193d61a/response_798a9e9575992d7e_r0_lr_s000_m0p06_screened_scf_base_parent_refe_e197c4caaaf8/siesta.out,ba327e1febafbd25cb4df4c3d743ca7644e41575300bdec2e3b0c5c981301a11,ba327e1febafbd25cb4df4c3d743ca7644e41575300bdec2e3b0c5c981301a11,ba327e1febafbd25cb4df4c3d743ca7644e41575300bdec2e3b0c5c981301a11,8.444090,8.44409,844409/100000,true,true
NiO,SCREENED,0,NiLR0,1,NiLR1,-3/50,response:798a9e9575992d7e:r0:lr_s000_m0p06_screened_scf_base_parent_reference_adaptive_798a9e9575992d7e_base,8.439153,8.439153,8439153/1000000,1/2000000,5e-07,.siestaflow/attempts/e197c4caaaf836a77b29/attempt-1790753890285188343-c193d61a/response_798a9e9575992d7e_r0_lr_s000_m0p06_screened_scf_base_parent_refe_e197c4caaaf8/siesta.out,ba327e1febafbd25cb4df4c3d743ca7644e41575300bdec2e3b0c5c981301a11,ba327e1febafbd25cb4df4c3d743ca7644e41575300bdec2e3b0c5c981301a11,ba327e1febafbd25cb4df4c3d743ca7644e41575300bdec2e3b0c5c981301a11,8.439153,8.439153,8439153/1000000,true,true
NiO,SCREENED,0,NiLR0,0,NiLR0,1/100,response:798a9e9575992d7e:r1:lr_s000_p0p01_screened_scf_base_parent_reference_adaptive_798a9e9575992d7e_base,8.438395,8.438395,1687679/200000,1/2000000,5e-07,.siestaflow/attempts/e1ec7e5835d2621ee54e/attempt-1790754283365746993-59ccfccc/response_798a9e9575992d7e_r1_lr_s000_p0p01_screened_scf_base_parent_refe_e1ec7e5835d2/siesta.out,82aa859316b7de0447f1aec1239571a9a8186ff94b850053dc14674f88907ecd,82aa859316b7de0447f1aec1239571a9a8186ff94b850053dc14674f88907ecd,82aa859316b7de0447f1aec1239571a9a8186ff94b850053dc14674f88907ecd,8.438395,8.438395,1687679/200000,true,true
NiO,SCREENED,0,NiLR0,1,NiLR1,1/100,response:798a9e9575992d7e:r1:lr_s000_p0p01_screened_scf_base_parent_reference_adaptive_798a9e9575992d7e_base,8.439217,8.439217,8439217/1000000,1/2000000,5e-07,.siestaflow/attempts/e1ec7e5835d2621ee54e/attempt-1790754283365746993-59ccfccc/response_798a9e9575992d7e_r1_lr_s000_p0p01_screened_scf_base_parent_refe_e1ec7e5835d2/siesta.out,82aa859316b7de0447f1aec1239571a9a8186ff94b850053dc14674f88907ecd,82aa859316b7de0447f1aec1239571a9a8186ff94b850053dc14674f88907ecd,82aa859316b7de0447f1aec1239571a9a8186ff94b850053dc14674f88907ecd,8.439217,8.439217,8439217/1000000,true,true
NiO,SCREENED,0,NiLR0,0,NiLR0,1/50,response:798a9e9575992d7e:r0:lr_s000_p0p02_screened_scf_base_parent_reference_adaptive_798a9e9575992d7e_base,8.437583,8.437583,8437583/1000000,1/2000000,5e-07,.siestaflow/attempts/9d4316d6eb9da29ed735/attempt-1790754004297148441-d681a12e/response_798a9e9575992d7e_r0_lr_s000_p0p02_screened_scf_base_parent_refe_9d4316d6eb9d/siesta.out,feca32743c16dfd9071ae780cc28b2379ac3e98c3756b345d2288f479d6343e3,feca32743c16dfd9071ae780cc28b2379ac3e98c3756b345d2288f479d6343e3,feca32743c16dfd9071ae780cc28b2379ac3e98c3756b345d2288f479d6343e3,8.437583,8.437583,8437583/1000000,true,true
NiO,SCREENED,0,NiLR0,1,NiLR1,1/50,response:798a9e9575992d7e:r0:lr_s000_p0p02_screened_scf_base_parent_reference_adaptive_798a9e9575992d7e_base,8.439226,8.439226,4219613/500000,1/2000000,5e-07,.siestaflow/attempts/9d4316d6eb9da29ed735/attempt-1790754004297148441-d681a12e/response_798a9e9575992d7e_r0_lr_s000_p0p02_screened_scf_base_parent_refe_9d4316d6eb9d/siesta.out,feca32743c16dfd9071ae780cc28b2379ac3e98c3756b345d2288f479d6343e3,feca32743c16dfd9071ae780cc28b2379ac3e98c3756b345d2288f479d6343e3,feca32743c16dfd9071ae780cc28b2379ac3e98c3756b345d2288f479d6343e3,8.439226,8.439226,4219613/500000,true,true
NiO,SCREENED,0,NiLR0,0,NiLR0,1/25,response:798a9e9575992d7e:r0:lr_s000_p0p04_screened_scf_base_parent_reference_adaptive_798a9e9575992d7e_base,8.435958,8.435958,4217979/500000,1/2000000,5e-07,.siestaflow/attempts/fcf7d1da188cd3d93d87/attempt-1790754031814283452-6f6cff3d/response_798a9e9575992d7e_r0_lr_s000_p0p04_screened_scf_base_parent_refe_fcf7d1da188c/siesta.out,97356abaa427a5d762b018e7782f2549b06324eebc3403a83dda364e7b65d37b,97356abaa427a5d762b018e7782f2549b06324eebc3403a83dda364e7b65d37b,97356abaa427a5d762b018e7782f2549b06324eebc3403a83dda364e7b65d37b,8.435958,8.435958,4217979/500000,true,true
NiO,SCREENED,0,NiLR0,1,NiLR1,1/25,response:798a9e9575992d7e:r0:lr_s000_p0p04_screened_scf_base_parent_reference_adaptive_798a9e9575992d7e_base,8.439245,8.439245,1687849/200000,1/2000000,5e-07,.siestaflow/attempts/fcf7d1da188cd3d93d87/attempt-1790754031814283452-6f6cff3d/response_798a9e9575992d7e_r0_lr_s000_p0p04_screened_scf_base_parent_refe_fcf7d1da188c/siesta.out,97356abaa427a5d762b018e7782f2549b06324eebc3403a83dda364e7b65d37b,97356abaa427a5d762b018e7782f2549b06324eebc3403a83dda364e7b65d37b,97356abaa427a5d762b018e7782f2549b06324eebc3403a83dda364e7b65d37b,8.439245,8.439245,1687849/200000,true,true
NiO,SCREENED,0,NiLR0,0,NiLR0,3/50,response:798a9e9575992d7e:r0:lr_s000_p0p06_screened_scf_base_parent_reference_adaptive_798a9e9575992d7e_base,8.434335,8.434335,1686867/200000,1/2000000,5e-07,.siestaflow/attempts/471c1b2e7b3ec98e6e40/attempt-1790754061363146576-a6ee0b07/response_798a9e9575992d7e_r0_lr_s000_p0p06_screened_scf_base_parent_refe_471c1b2e7b3e/siesta.out,3b2a11ca6d17840a5e039b5a203eacc0e0ba7d3033905d4a607763f3df534d88,3b2a11ca6d17840a5e039b5a203eacc0e0ba7d3033905d4a607763f3df534d88,3b2a11ca6d17840a5e039b5a203eacc0e0ba7d3033905d4a607763f3df534d88,8.434335,8.434335,1686867/200000,true,true
NiO,SCREENED,0,NiLR0,1,NiLR1,3/50,response:798a9e9575992d7e:r0:lr_s000_p0p06_screened_scf_base_parent_reference_adaptive_798a9e9575992d7e_base,8.439263,8.439263,8439263/1000000,1/2000000,5e-07,.siestaflow/attempts/471c1b2e7b3ec98e6e40/attempt-1790754061363146576-a6ee0b07/response_798a9e9575992d7e_r0_lr_s000_p0p06_screened_scf_base_parent_refe_471c1b2e7b3e/siesta.out,3b2a11ca6d17840a5e039b5a203eacc0e0ba7d3033905d4a607763f3df534d88,3b2a11ca6d17840a5e039b5a203eacc0e0ba7d3033905d4a607763f3df534d88,3b2a11ca6d17840a5e039b5a203eacc0e0ba7d3033905d4a607763f3df534d88,8.439263,8.439263,8439263/1000000,true,true
NiO,SCREENED,1,NiLR1,0,NiLR0,-1/100,response:798a9e9575992d7e:r1:lr_s001_m0p01_screened_scf_base_parent_reference_adaptive_798a9e9575992d7e_base,8.439199,8.439199,8439199/1000000,1/2000000,5e-07,.siestaflow/attempts/b509ea9bcd13f0d50530/attempt-1790754318299617458-fd8f1c43/response_798a9e9575992d7e_r1_lr_s001_m0p01_screened_scf_base_parent_refe_b509ea9bcd13/siesta.out,883e26250070c93cdd9e7d19ce556726066ce41b1abb512c9e688827bc30817b,883e26250070c93cdd9e7d19ce556726066ce41b1abb512c9e688827bc30817b,883e26250070c93cdd9e7d19ce556726066ce41b1abb512c9e688827bc30817b,8.439199,8.439199,8439199/1000000,true,true
NiO,SCREENED,1,NiLR1,1,NiLR1,-1/100,response:798a9e9575992d7e:r1:lr_s001_m0p01_screened_scf_base_parent_reference_adaptive_798a9e9575992d7e_base,8.440021,8.440021,8440021/1000000,1/2000000,5e-07,.siestaflow/attempts/b509ea9bcd13f0d50530/attempt-1790754318299617458-fd8f1c43/response_798a9e9575992d7e_r1_lr_s001_m0p01_screened_scf_base_parent_refe_b509ea9bcd13/siesta.out,883e26250070c93cdd9e7d19ce556726066ce41b1abb512c9e688827bc30817b,883e26250070c93cdd9e7d19ce556726066ce41b1abb512c9e688827bc30817b,883e26250070c93cdd9e7d19ce556726066ce41b1abb512c9e688827bc30817b,8.440021,8.440021,8440021/1000000,true,true
NiO,SCREENED,1,NiLR1,0,NiLR0,-1/50,response:798a9e9575992d7e:r0:lr_s001_m0p02_screened_scf_base_parent_reference_adaptive_798a9e9575992d7e_base,8.439190,8.43919,843919/100000,1/2000000,5e-07,.siestaflow/attempts/14264b48b16a672fb91e/attempt-1790754152122407513-3ba9a358/response_798a9e9575992d7e_r0_lr_s001_m0p02_screened_scf_base_parent_refe_14264b48b16a/siesta.out,cd6e9ff0a773fae0073ff12d55ebf2e64da941c0068b951a0dc61ab2e685f3f0,cd6e9ff0a773fae0073ff12d55ebf2e64da941c0068b951a0dc61ab2e685f3f0,cd6e9ff0a773fae0073ff12d55ebf2e64da941c0068b951a0dc61ab2e685f3f0,8.439190,8.43919,843919/100000,true,true
NiO,SCREENED,1,NiLR1,1,NiLR1,-1/50,response:798a9e9575992d7e:r0:lr_s001_m0p02_screened_scf_base_parent_reference_adaptive_798a9e9575992d7e_base,8.440834,8.440834,4220417/500000,1/2000000,5e-07,.siestaflow/attempts/14264b48b16a672fb91e/attempt-1790754152122407513-3ba9a358/response_798a9e9575992d7e_r0_lr_s001_m0p02_screened_scf_base_parent_refe_14264b48b16a/siesta.out,cd6e9ff0a773fae0073ff12d55ebf2e64da941c0068b951a0dc61ab2e685f3f0,cd6e9ff0a773fae0073ff12d55ebf2e64da941c0068b951a0dc61ab2e685f3f0,cd6e9ff0a773fae0073ff12d55ebf2e64da941c0068b951a0dc61ab2e685f3f0,8.440834,8.440834,4220417/500000,true,true
NiO,SCREENED,1,NiLR1,0,NiLR0,-1/25,response:798a9e9575992d7e:r0:lr_s001_m0p04_screened_scf_base_parent_reference_adaptive_798a9e9575992d7e_base,8.439172,8.439172,2109793/250000,1/2000000,5e-07,.siestaflow/attempts/938646a16b3c26dc4ccc/attempt-1790754124513032685-0d967393/response_798a9e9575992d7e_r0_lr_s001_m0p04_screened_scf_base_parent_refe_938646a16b3c/siesta.out,8164205bc0b114978e867a83d9b8eba69646221aed847609757c9d2205576d28,8164205bc0b114978e867a83d9b8eba69646221aed847609757c9d2205576d28,8164205bc0b114978e867a83d9b8eba69646221aed847609757c9d2205576d28,8.439172,8.439172,2109793/250000,true,true
NiO,SCREENED,1,NiLR1,1,NiLR1,-1/25,response:798a9e9575992d7e:r0:lr_s001_m0p04_screened_scf_base_parent_reference_adaptive_798a9e9575992d7e_base,8.442460,8.44246,422123/50000,1/2000000,5e-07,.siestaflow/attempts/938646a16b3c26dc4ccc/attempt-1790754124513032685-0d967393/response_798a9e9575992d7e_r0_lr_s001_m0p04_screened_scf_base_parent_refe_938646a16b3c/siesta.out,8164205bc0b114978e867a83d9b8eba69646221aed847609757c9d2205576d28,8164205bc0b114978e867a83d9b8eba69646221aed847609757c9d2205576d28,8164205bc0b114978e867a83d9b8eba69646221aed847609757c9d2205576d28,8.442460,8.44246,422123/50000,true,true
NiO,SCREENED,1,NiLR1,0,NiLR0,-3/50,response:798a9e9575992d7e:r0:lr_s001_m0p06_screened_scf_base_parent_reference_adaptive_798a9e9575992d7e_base,8.439153,8.439153,8439153/1000000,1/2000000,5e-07,.siestaflow/attempts/2800f680776a3b129855/attempt-1790754093235673086-8ece151f/response_798a9e9575992d7e_r0_lr_s001_m0p06_screened_scf_base_parent_refe_2800f680776a/siesta.out,876dd8532239f937d8662e9a73dd852db5cb4a33132ed42fbfa9bcdef06f9163,876dd8532239f937d8662e9a73dd852db5cb4a33132ed42fbfa9bcdef06f9163,876dd8532239f937d8662e9a73dd852db5cb4a33132ed42fbfa9bcdef06f9163,8.439153,8.439153,8439153/1000000,true,true
NiO,SCREENED,1,NiLR1,1,NiLR1,-3/50,response:798a9e9575992d7e:r0:lr_s001_m0p06_screened_scf_base_parent_reference_adaptive_798a9e9575992d7e_base,8.444090,8.44409,844409/100000,1/2000000,5e-07,.siestaflow/attempts/2800f680776a3b129855/attempt-1790754093235673086-8ece151f/response_798a9e9575992d7e_r0_lr_s001_m0p06_screened_scf_base_parent_refe_2800f680776a/siesta.out,876dd8532239f937d8662e9a73dd852db5cb4a33132ed42fbfa9bcdef06f9163,876dd8532239f937d8662e9a73dd852db5cb4a33132ed42fbfa9bcdef06f9163,876dd8532239f937d8662e9a73dd852db5cb4a33132ed42fbfa9bcdef06f9163,8.444090,8.44409,844409/100000,true,true
NiO,SCREENED,1,NiLR1,0,NiLR0,1/100,response:798a9e9575992d7e:r1:lr_s001_p0p01_screened_scf_base_parent_reference_adaptive_798a9e9575992d7e_base,8.439217,8.439217,8439217/1000000,1/2000000,5e-07,.siestaflow/attempts/c21f07dd177092545396/attempt-1790754352836996695-9046e347/response_798a9e9575992d7e_r1_lr_s001_p0p01_screened_scf_base_parent_refe_c21f07dd1770/siesta.out,084c0459e5273d726ee531ee5badb9bdbaab96c5143b6d9cec9b5a6dd5b21914,084c0459e5273d726ee531ee5badb9bdbaab96c5143b6d9cec9b5a6dd5b21914,084c0459e5273d726ee531ee5badb9bdbaab96c5143b6d9cec9b5a6dd5b21914,8.439217,8.439217,8439217/1000000,true,true
NiO,SCREENED,1,NiLR1,1,NiLR1,1/100,response:798a9e9575992d7e:r1:lr_s001_p0p01_screened_scf_base_parent_reference_adaptive_798a9e9575992d7e_base,8.438395,8.438395,1687679/200000,1/2000000,5e-07,.siestaflow/attempts/c21f07dd177092545396/attempt-1790754352836996695-9046e347/response_798a9e9575992d7e_r1_lr_s001_p0p01_screened_scf_base_parent_refe_c21f07dd1770/siesta.out,084c0459e5273d726ee531ee5badb9bdbaab96c5143b6d9cec9b5a6dd5b21914,084c0459e5273d726ee531ee5badb9bdbaab96c5143b6d9cec9b5a6dd5b21914,084c0459e5273d726ee531ee5badb9bdbaab96c5143b6d9cec9b5a6dd5b21914,8.438395,8.438395,1687679/200000,true,true
NiO,SCREENED,1,NiLR1,0,NiLR0,1/50,response:798a9e9575992d7e:r0:lr_s001_p0p02_screened_scf_base_parent_reference_adaptive_798a9e9575992d7e_base,8.439226,8.439226,4219613/500000,1/2000000,5e-07,.siestaflow/attempts/83129aaeb55295654767/attempt-1790754182262405540-30731745/response_798a9e9575992d7e_r0_lr_s001_p0p02_screened_scf_base_parent_refe_83129aaeb552/siesta.out,f888d2bbb122bb1669a5966fa4d7515ea8ec7723374a95c463cc8cf169978615,f888d2bbb122bb1669a5966fa4d7515ea8ec7723374a95c463cc8cf169978615,f888d2bbb122bb1669a5966fa4d7515ea8ec7723374a95c463cc8cf169978615,8.439226,8.439226,4219613/500000,true,true
NiO,SCREENED,1,NiLR1,1,NiLR1,1/50,response:798a9e9575992d7e:r0:lr_s001_p0p02_screened_scf_base_parent_reference_adaptive_798a9e9575992d7e_base,8.437583,8.437583,8437583/1000000,1/2000000,5e-07,.siestaflow/attempts/83129aaeb55295654767/attempt-1790754182262405540-30731745/response_798a9e9575992d7e_r0_lr_s001_p0p02_screened_scf_base_parent_refe_83129aaeb552/siesta.out,f888d2bbb122bb1669a5966fa4d7515ea8ec7723374a95c463cc8cf169978615,f888d2bbb122bb1669a5966fa4d7515ea8ec7723374a95c463cc8cf169978615,f888d2bbb122bb1669a5966fa4d7515ea8ec7723374a95c463cc8cf169978615,8.437583,8.437583,8437583/1000000,true,true
NiO,SCREENED,1,NiLR1,0,NiLR0,1/25,response:798a9e9575992d7e:r0:lr_s001_p0p04_screened_scf_base_parent_reference_adaptive_798a9e9575992d7e_base,8.439245,8.439245,1687849/200000,1/2000000,5e-07,.siestaflow/attempts/0040642cb962058c55db/attempt-1790754205442926906-9b9a7bfe/response_798a9e9575992d7e_r0_lr_s001_p0p04_screened_scf_base_parent_refe_0040642cb962/siesta.out,b3b9c76c8cf96f91f9df1901f94f9c5de01221a34279662d4165ba7c8fa6bf57,b3b9c76c8cf96f91f9df1901f94f9c5de01221a34279662d4165ba7c8fa6bf57,b3b9c76c8cf96f91f9df1901f94f9c5de01221a34279662d4165ba7c8fa6bf57,8.439245,8.439245,1687849/200000,true,true
NiO,SCREENED,1,NiLR1,1,NiLR1,1/25,response:798a9e9575992d7e:r0:lr_s001_p0p04_screened_scf_base_parent_reference_adaptive_798a9e9575992d7e_base,8.435958,8.435958,4217979/500000,1/2000000,5e-07,.siestaflow/attempts/0040642cb962058c55db/attempt-1790754205442926906-9b9a7bfe/response_798a9e9575992d7e_r0_lr_s001_p0p04_screened_scf_base_parent_refe_0040642cb962/siesta.out,b3b9c76c8cf96f91f9df1901f94f9c5de01221a34279662d4165ba7c8fa6bf57,b3b9c76c8cf96f91f9df1901f94f9c5de01221a34279662d4165ba7c8fa6bf57,b3b9c76c8cf96f91f9df1901f94f9c5de01221a34279662d4165ba7c8fa6bf57,8.435958,8.435958,4217979/500000,true,true
NiO,SCREENED,1,NiLR1,0,NiLR0,3/50,response:798a9e9575992d7e:r0:lr_s001_p0p06_screened_scf_base_parent_reference_adaptive_798a9e9575992d7e_base,8.439263,8.439263,8439263/1000000,1/2000000,5e-07,.siestaflow/attempts/01ee000a8ee5911a9086/attempt-1790754231847987175-6b8972af/response_798a9e9575992d7e_r0_lr_s001_p0p06_screened_scf_base_parent_refe_01ee000a8ee5/siesta.out,97d87071b701188f2d89c7254653cdbceb65cbaa99bca90fc8b2723f845d54be,97d87071b701188f2d89c7254653cdbceb65cbaa99bca90fc8b2723f845d54be,97d87071b701188f2d89c7254653cdbceb65cbaa99bca90fc8b2723f845d54be,8.439263,8.439263,8439263/1000000,true,true
NiO,SCREENED,1,NiLR1,1,NiLR1,3/50,response:798a9e9575992d7e:r0:lr_s001_p0p06_screened_scf_base_parent_reference_adaptive_798a9e9575992d7e_base,8.434335,8.434335,1686867/200000,1/2000000,5e-07,.siestaflow/attempts/01ee000a8ee5911a9086/attempt-1790754231847987175-6b8972af/response_798a9e9575992d7e_r0_lr_s001_p0p06_screened_scf_base_parent_refe_01ee000a8ee5/siesta.out,97d87071b701188f2d89c7254653cdbceb65cbaa99bca90fc8b2723f845d54be,97d87071b701188f2d89c7254653cdbceb65cbaa99bca90fc8b2723f845d54be,97d87071b701188f2d89c7254653cdbceb65cbaa99bca90fc8b2723f845d54be,8.434335,8.434335,1686867/200000,true,true
MnO,BARE,0,MnLR0,0,MnLR0,-1/200,response:b5a71575343d562d:r2:lr_s000_m0p005_bare_scf_base_parent_reference_adaptive_b5a71575343d562d_base,4.832590,4.83259,483259/100000,1/2000000,5e-07,.siestaflow/attempts/9534560acefbc32d5ee1/attempt-1790755213871949998-a0082db3/response_b5a71575343d562d_r2_lr_s000_m0p005_bare_scf_base_parent_referen_9534560acefb/siesta.out,16d5ff7174a667af8ae6aa84d8741674bd352d6d4feadda5d08eaae626f3d011,16d5ff7174a667af8ae6aa84d8741674bd352d6d4feadda5d08eaae626f3d011,16d5ff7174a667af8ae6aa84d8741674bd352d6d4feadda5d08eaae626f3d011,4.832590,4.83259,483259/100000,true,true
MnO,BARE,0,MnLR0,1,MnLR1,-1/200,response:b5a71575343d562d:r2:lr_s000_m0p005_bare_scf_base_parent_reference_adaptive_b5a71575343d562d_base,4.831724,4.831724,1207931/250000,1/2000000,5e-07,.siestaflow/attempts/9534560acefbc32d5ee1/attempt-1790755213871949998-a0082db3/response_b5a71575343d562d_r2_lr_s000_m0p005_bare_scf_base_parent_referen_9534560acefb/siesta.out,16d5ff7174a667af8ae6aa84d8741674bd352d6d4feadda5d08eaae626f3d011,16d5ff7174a667af8ae6aa84d8741674bd352d6d4feadda5d08eaae626f3d011,16d5ff7174a667af8ae6aa84d8741674bd352d6d4feadda5d08eaae626f3d011,4.831724,4.831724,1207931/250000,true,true
MnO,BARE,0,MnLR0,0,MnLR0,-1/100,response:b5a71575343d562d:r1:lr_s000_m0p01_bare_scf_base_parent_reference_adaptive_b5a71575343d562d_base,4.833252,4.833252,1208313/250000,1/2000000,5e-07,.siestaflow/attempts/4b184b2113b804ef50ff/attempt-1790755154693428174-0d53efd7/response_b5a71575343d562d_r1_lr_s000_m0p01_bare_scf_base_parent_referenc_4b184b2113b8/siesta.out,3d2fe599936937a84bbaa9a7410623bce922e66d06c2c67507143a6535f80aa5,3d2fe599936937a84bbaa9a7410623bce922e66d06c2c67507143a6535f80aa5,3d2fe599936937a84bbaa9a7410623bce922e66d06c2c67507143a6535f80aa5,4.833252,4.833252,1208313/250000,true,true
MnO,BARE,0,MnLR0,1,MnLR1,-1/100,response:b5a71575343d562d:r1:lr_s000_m0p01_bare_scf_base_parent_reference_adaptive_b5a71575343d562d_base,4.831521,4.831521,4831521/1000000,1/2000000,5e-07,.siestaflow/attempts/4b184b2113b804ef50ff/attempt-1790755154693428174-0d53efd7/response_b5a71575343d562d_r1_lr_s000_m0p01_bare_scf_base_parent_referenc_4b184b2113b8/siesta.out,3d2fe599936937a84bbaa9a7410623bce922e66d06c2c67507143a6535f80aa5,3d2fe599936937a84bbaa9a7410623bce922e66d06c2c67507143a6535f80aa5,3d2fe599936937a84bbaa9a7410623bce922e66d06c2c67507143a6535f80aa5,4.831521,4.831521,4831521/1000000,true,true
MnO,BARE,0,MnLR0,0,MnLR0,-1/50,response:b5a71575343d562d:r0:lr_s000_m0p02_bare_scf_base_parent_reference_adaptive_b5a71575343d562d_base,4.834578,4.834578,2417289/500000,1/2000000,5e-07,.siestaflow/attempts/94953884d2222c564a9c/attempt-1790754987598063764-9594e7a3/response_b5a71575343d562d_r0_lr_s000_m0p02_bare_scf_base_parent_referenc_94953884d222/siesta.out,ad6dcc0407a091d45a3488b84c1b866f5f0e3bd56bd117fa2367ba7c4289e95c,ad6dcc0407a091d45a3488b84c1b866f5f0e3bd56bd117fa2367ba7c4289e95c,ad6dcc0407a091d45a3488b84c1b866f5f0e3bd56bd117fa2367ba7c4289e95c,4.834578,4.834578,2417289/500000,true,true
MnO,BARE,0,MnLR0,1,MnLR1,-1/50,response:b5a71575343d562d:r0:lr_s000_m0p02_bare_scf_base_parent_reference_adaptive_b5a71575343d562d_base,4.831114,4.831114,2415557/500000,1/2000000,5e-07,.siestaflow/attempts/94953884d2222c564a9c/attempt-1790754987598063764-9594e7a3/response_b5a71575343d562d_r0_lr_s000_m0p02_bare_scf_base_parent_referenc_94953884d222/siesta.out,ad6dcc0407a091d45a3488b84c1b866f5f0e3bd56bd117fa2367ba7c4289e95c,ad6dcc0407a091d45a3488b84c1b866f5f0e3bd56bd117fa2367ba7c4289e95c,ad6dcc0407a091d45a3488b84c1b866f5f0e3bd56bd117fa2367ba7c4289e95c,4.831114,4.831114,2415557/500000,true,true
MnO,BARE,0,MnLR0,0,MnLR0,-1/25,response:b5a71575343d562d:r0:lr_s000_m0p04_bare_scf_base_parent_reference_adaptive_b5a71575343d562d_base,4.837235,4.837235,967447/200000,1/2000000,5e-07,.siestaflow/attempts/d220a2db1d723be7fa37/attempt-1790754970905245871-395c8dbb/response_b5a71575343d562d_r0_lr_s000_m0p04_bare_scf_base_parent_referenc_d220a2db1d72/siesta.out,106367592d9952747e5d44112b600be3d45a95ced7f1c72c6b0e2aac50aa2048,106367592d9952747e5d44112b600be3d45a95ced7f1c72c6b0e2aac50aa2048,106367592d9952747e5d44112b600be3d45a95ced7f1c72c6b0e2aac50aa2048,4.837235,4.837235,967447/200000,true,true
MnO,BARE,0,MnLR0,1,MnLR1,-1/25,response:b5a71575343d562d:r0:lr_s000_m0p04_bare_scf_base_parent_reference_adaptive_b5a71575343d562d_base,4.830300,4.8303,48303/10000,1/2000000,5e-07,.siestaflow/attempts/d220a2db1d723be7fa37/attempt-1790754970905245871-395c8dbb/response_b5a71575343d562d_r0_lr_s000_m0p04_bare_scf_base_parent_referenc_d220a2db1d72/siesta.out,106367592d9952747e5d44112b600be3d45a95ced7f1c72c6b0e2aac50aa2048,106367592d9952747e5d44112b600be3d45a95ced7f1c72c6b0e2aac50aa2048,106367592d9952747e5d44112b600be3d45a95ced7f1c72c6b0e2aac50aa2048,4.830300,4.8303,48303/10000,true,true
MnO,BARE,0,MnLR0,0,MnLR0,-3/50,response:b5a71575343d562d:r0:lr_s000_m0p06_bare_scf_base_parent_reference_adaptive_b5a71575343d562d_base,4.839898,4.839898,2419949/500000,1/2000000,5e-07,.siestaflow/attempts/14e2e31e6f34f3b18ba7/attempt-1790754956469262855-23971126/response_b5a71575343d562d_r0_lr_s000_m0p06_bare_scf_base_parent_referenc_14e2e31e6f34/siesta.out,8a5d664651d30e182b58d91006ff6ec183a7a4196162fb3f184f683b7a5749c9,8a5d664651d30e182b58d91006ff6ec183a7a4196162fb3f184f683b7a5749c9,8a5d664651d30e182b58d91006ff6ec183a7a4196162fb3f184f683b7a5749c9,4.839898,4.839898,2419949/500000,true,true
MnO,BARE,0,MnLR0,1,MnLR1,-3/50,response:b5a71575343d562d:r0:lr_s000_m0p06_bare_scf_base_parent_reference_adaptive_b5a71575343d562d_base,4.829485,4.829485,965897/200000,1/2000000,5e-07,.siestaflow/attempts/14e2e31e6f34f3b18ba7/attempt-1790754956469262855-23971126/response_b5a71575343d562d_r0_lr_s000_m0p06_bare_scf_base_parent_referenc_14e2e31e6f34/siesta.out,8a5d664651d30e182b58d91006ff6ec183a7a4196162fb3f184f683b7a5749c9,8a5d664651d30e182b58d91006ff6ec183a7a4196162fb3f184f683b7a5749c9,8a5d664651d30e182b58d91006ff6ec183a7a4196162fb3f184f683b7a5749c9,4.829485,4.829485,965897/200000,true,true
MnO,BARE,0,MnLR0,0,MnLR0,1/200,response:b5a71575343d562d:r2:lr_s000_p0p005_bare_scf_base_parent_reference_adaptive_b5a71575343d562d_base,4.831265,4.831265,966253/200000,1/2000000,5e-07,.siestaflow/attempts/5fbf3c5a07483e97fcd8/attempt-1790755227151971926-37eb1fa2/response_b5a71575343d562d_r2_lr_s000_p0p005_bare_scf_base_parent_referen_5fbf3c5a0748/siesta.out,b8efc47b331aa274c2c38cbbb793330d11a7532632c0e72a47bb51bd68a9147a,b8efc47b331aa274c2c38cbbb793330d11a7532632c0e72a47bb51bd68a9147a,b8efc47b331aa274c2c38cbbb793330d11a7532632c0e72a47bb51bd68a9147a,4.831265,4.831265,966253/200000,true,true
MnO,BARE,0,MnLR0,1,MnLR1,1/200,response:b5a71575343d562d:r2:lr_s000_p0p005_bare_scf_base_parent_reference_adaptive_b5a71575343d562d_base,4.832131,4.832131,4832131/1000000,1/2000000,5e-07,.siestaflow/attempts/5fbf3c5a07483e97fcd8/attempt-1790755227151971926-37eb1fa2/response_b5a71575343d562d_r2_lr_s000_p0p005_bare_scf_base_parent_referen_5fbf3c5a0748/siesta.out,b8efc47b331aa274c2c38cbbb793330d11a7532632c0e72a47bb51bd68a9147a,b8efc47b331aa274c2c38cbbb793330d11a7532632c0e72a47bb51bd68a9147a,b8efc47b331aa274c2c38cbbb793330d11a7532632c0e72a47bb51bd68a9147a,4.832131,4.832131,4832131/1000000,true,true
MnO,BARE,0,MnLR0,0,MnLR0,1/100,response:b5a71575343d562d:r1:lr_s000_p0p01_bare_scf_base_parent_reference_adaptive_b5a71575343d562d_base,4.830604,4.830604,1207651/250000,1/2000000,5e-07,.siestaflow/attempts/d42bd42318351967d34d/attempt-1790755168691827245-b98d39c3/response_b5a71575343d562d_r1_lr_s000_p0p01_bare_scf_base_parent_referenc_d42bd4231835/siesta.out,45c023e4580bb325252375b29a4885e17f3af58342c52b352caf38b331073ca8,45c023e4580bb325252375b29a4885e17f3af58342c52b352caf38b331073ca8,45c023e4580bb325252375b29a4885e17f3af58342c52b352caf38b331073ca8,4.830604,4.830604,1207651/250000,true,true
MnO,BARE,0,MnLR0,1,MnLR1,1/100,response:b5a71575343d562d:r1:lr_s000_p0p01_bare_scf_base_parent_reference_adaptive_b5a71575343d562d_base,4.832334,4.832334,2416167/500000,1/2000000,5e-07,.siestaflow/attempts/d42bd42318351967d34d/attempt-1790755168691827245-b98d39c3/response_b5a71575343d562d_r1_lr_s000_p0p01_bare_scf_base_parent_referenc_d42bd4231835/siesta.out,45c023e4580bb325252375b29a4885e17f3af58342c52b352caf38b331073ca8,45c023e4580bb325252375b29a4885e17f3af58342c52b352caf38b331073ca8,45c023e4580bb325252375b29a4885e17f3af58342c52b352caf38b331073ca8,4.832334,4.832334,2416167/500000,true,true
MnO,BARE,0,MnLR0,0,MnLR0,1/50,response:b5a71575343d562d:r0:lr_s000_p0p02_bare_scf_base_parent_reference_adaptive_b5a71575343d562d_base,4.829282,4.829282,2414641/500000,1/2000000,5e-07,.siestaflow/attempts/ae15a18ec09a819c90f0/attempt-1790755004695692885-078b7190/response_b5a71575343d562d_r0_lr_s000_p0p02_bare_scf_base_parent_referenc_ae15a18ec09a/siesta.out,e3d31592eee4304abe0d3638138f4e6093ceba12b8ab4ff2724c9588d7d988bc,e3d31592eee4304abe0d3638138f4e6093ceba12b8ab4ff2724c9588d7d988bc,e3d31592eee4304abe0d3638138f4e6093ceba12b8ab4ff2724c9588d7d988bc,4.829282,4.829282,2414641/500000,true,true
MnO,BARE,0,MnLR0,1,MnLR1,1/50,response:b5a71575343d562d:r0:lr_s000_p0p02_bare_scf_base_parent_reference_adaptive_b5a71575343d562d_base,4.832741,4.832741,4832741/1000000,1/2000000,5e-07,.siestaflow/attempts/ae15a18ec09a819c90f0/attempt-1790755004695692885-078b7190/response_b5a71575343d562d_r0_lr_s000_p0p02_bare_scf_base_parent_referenc_ae15a18ec09a/siesta.out,e3d31592eee4304abe0d3638138f4e6093ceba12b8ab4ff2724c9588d7d988bc,e3d31592eee4304abe0d3638138f4e6093ceba12b8ab4ff2724c9588d7d988bc,e3d31592eee4304abe0d3638138f4e6093ceba12b8ab4ff2724c9588d7d988bc,4.832741,4.832741,4832741/1000000,true,true
MnO,BARE,0,MnLR0,0,MnLR0,1/25,response:b5a71575343d562d:r0:lr_s000_p0p04_bare_scf_base_parent_reference_adaptive_b5a71575343d562d_base,4.826641,4.826641,4826641/1000000,1/2000000,5e-07,.siestaflow/attempts/96946ec6b04e086bc8a0/attempt-1790755021166981226-1f535ad3/response_b5a71575343d562d_r0_lr_s000_p0p04_bare_scf_base_parent_referenc_96946ec6b04e/siesta.out,68dead3567a3fec7207d82f47564c25bb459b36720a5c98502c88728d8372abd,68dead3567a3fec7207d82f47564c25bb459b36720a5c98502c88728d8372abd,68dead3567a3fec7207d82f47564c25bb459b36720a5c98502c88728d8372abd,4.826641,4.826641,4826641/1000000,true,true
MnO,BARE,0,MnLR0,1,MnLR1,1/25,response:b5a71575343d562d:r0:lr_s000_p0p04_bare_scf_base_parent_reference_adaptive_b5a71575343d562d_base,4.833554,4.833554,2416777/500000,1/2000000,5e-07,.siestaflow/attempts/96946ec6b04e086bc8a0/attempt-1790755021166981226-1f535ad3/response_b5a71575343d562d_r0_lr_s000_p0p04_bare_scf_base_parent_referenc_96946ec6b04e/siesta.out,68dead3567a3fec7207d82f47564c25bb459b36720a5c98502c88728d8372abd,68dead3567a3fec7207d82f47564c25bb459b36720a5c98502c88728d8372abd,68dead3567a3fec7207d82f47564c25bb459b36720a5c98502c88728d8372abd,4.833554,4.833554,2416777/500000,true,true
MnO,BARE,0,MnLR0,0,MnLR0,3/50,response:b5a71575343d562d:r0:lr_s000_p0p06_bare_scf_base_parent_reference_adaptive_b5a71575343d562d_base,4.824006,4.824006,2412003/500000,1/2000000,5e-07,.siestaflow/attempts/0791ee072c5929c45223/attempt-1790755038909831980-1803d9f2/response_b5a71575343d562d_r0_lr_s000_p0p06_bare_scf_base_parent_referenc_0791ee072c59/siesta.out,19d69a7320a8b3464b4ce6f56c310d055519d7d5910e79dfb2e83768906f0d12,19d69a7320a8b3464b4ce6f56c310d055519d7d5910e79dfb2e83768906f0d12,19d69a7320a8b3464b4ce6f56c310d055519d7d5910e79dfb2e83768906f0d12,4.824006,4.824006,2412003/500000,true,true
MnO,BARE,0,MnLR0,1,MnLR1,3/50,response:b5a71575343d562d:r0:lr_s000_p0p06_bare_scf_base_parent_reference_adaptive_b5a71575343d562d_base,4.834367,4.834367,4834367/1000000,1/2000000,5e-07,.siestaflow/attempts/0791ee072c5929c45223/attempt-1790755038909831980-1803d9f2/response_b5a71575343d562d_r0_lr_s000_p0p06_bare_scf_base_parent_referenc_0791ee072c59/siesta.out,19d69a7320a8b3464b4ce6f56c310d055519d7d5910e79dfb2e83768906f0d12,19d69a7320a8b3464b4ce6f56c310d055519d7d5910e79dfb2e83768906f0d12,19d69a7320a8b3464b4ce6f56c310d055519d7d5910e79dfb2e83768906f0d12,4.834367,4.834367,4834367/1000000,true,true
MnO,BARE,1,MnLR1,0,MnLR0,-1/200,response:b5a71575343d562d:r2:lr_s001_m0p005_bare_scf_base_parent_reference_adaptive_b5a71575343d562d_base,4.831724,4.831724,1207931/250000,1/2000000,5e-07,.siestaflow/attempts/d6aef6e154be4d30e2ee/attempt-1790755240424363093-a0e203c3/response_b5a71575343d562d_r2_lr_s001_m0p005_bare_scf_base_parent_referen_d6aef6e154be/siesta.out,420310998e4dd38491d1226c2fb258a7fa900ca131290f5d1e39c0037dd625a7,420310998e4dd38491d1226c2fb258a7fa900ca131290f5d1e39c0037dd625a7,420310998e4dd38491d1226c2fb258a7fa900ca131290f5d1e39c0037dd625a7,4.831724,4.831724,1207931/250000,true,true
MnO,BARE,1,MnLR1,1,MnLR1,-1/200,response:b5a71575343d562d:r2:lr_s001_m0p005_bare_scf_base_parent_reference_adaptive_b5a71575343d562d_base,4.832590,4.83259,483259/100000,1/2000000,5e-07,.siestaflow/attempts/d6aef6e154be4d30e2ee/attempt-1790755240424363093-a0e203c3/response_b5a71575343d562d_r2_lr_s001_m0p005_bare_scf_base_parent_referen_d6aef6e154be/siesta.out,420310998e4dd38491d1226c2fb258a7fa900ca131290f5d1e39c0037dd625a7,420310998e4dd38491d1226c2fb258a7fa900ca131290f5d1e39c0037dd625a7,420310998e4dd38491d1226c2fb258a7fa900ca131290f5d1e39c0037dd625a7,4.832590,4.83259,483259/100000,true,true
MnO,BARE,1,MnLR1,0,MnLR0,-1/100,response:b5a71575343d562d:r1:lr_s001_m0p01_bare_scf_base_parent_reference_adaptive_b5a71575343d562d_base,4.831521,4.831521,4831521/1000000,1/2000000,5e-07,.siestaflow/attempts/0d074f99eff619e7a2f8/attempt-1790755183067613859-1ca238f0/response_b5a71575343d562d_r1_lr_s001_m0p01_bare_scf_base_parent_referenc_0d074f99eff6/siesta.out,b35687acf5782fd5aaaa71bb1cde79aa0efb02d50b36ef98c95afc031058047b,b35687acf5782fd5aaaa71bb1cde79aa0efb02d50b36ef98c95afc031058047b,b35687acf5782fd5aaaa71bb1cde79aa0efb02d50b36ef98c95afc031058047b,4.831521,4.831521,4831521/1000000,true,true
MnO,BARE,1,MnLR1,1,MnLR1,-1/100,response:b5a71575343d562d:r1:lr_s001_m0p01_bare_scf_base_parent_reference_adaptive_b5a71575343d562d_base,4.833252,4.833252,1208313/250000,1/2000000,5e-07,.siestaflow/attempts/0d074f99eff619e7a2f8/attempt-1790755183067613859-1ca238f0/response_b5a71575343d562d_r1_lr_s001_m0p01_bare_scf_base_parent_referenc_0d074f99eff6/siesta.out,b35687acf5782fd5aaaa71bb1cde79aa0efb02d50b36ef98c95afc031058047b,b35687acf5782fd5aaaa71bb1cde79aa0efb02d50b36ef98c95afc031058047b,b35687acf5782fd5aaaa71bb1cde79aa0efb02d50b36ef98c95afc031058047b,4.833252,4.833252,1208313/250000,true,true
MnO,BARE,1,MnLR1,0,MnLR0,-1/50,response:b5a71575343d562d:r0:lr_s001_m0p02_bare_scf_base_parent_reference_adaptive_b5a71575343d562d_base,4.831114,4.831114,2415557/500000,1/2000000,5e-07,.siestaflow/attempts/3fb4f605eb5d13add156/attempt-1790755088572365633-d49614e4/response_b5a71575343d562d_r0_lr_s001_m0p02_bare_scf_base_parent_referenc_3fb4f605eb5d/siesta.out,572c0a7dff343724e3ee43b7b1407c579880be8bc339b3c6f28723534fb5ad5c,572c0a7dff343724e3ee43b7b1407c579880be8bc339b3c6f28723534fb5ad5c,572c0a7dff343724e3ee43b7b1407c579880be8bc339b3c6f28723534fb5ad5c,4.831114,4.831114,2415557/500000,true,true
MnO,BARE,1,MnLR1,1,MnLR1,-1/50,response:b5a71575343d562d:r0:lr_s001_m0p02_bare_scf_base_parent_reference_adaptive_b5a71575343d562d_base,4.834578,4.834578,2417289/500000,1/2000000,5e-07,.siestaflow/attempts/3fb4f605eb5d13add156/attempt-1790755088572365633-d49614e4/response_b5a71575343d562d_r0_lr_s001_m0p02_bare_scf_base_parent_referenc_3fb4f605eb5d/siesta.out,572c0a7dff343724e3ee43b7b1407c579880be8bc339b3c6f28723534fb5ad5c,572c0a7dff343724e3ee43b7b1407c579880be8bc339b3c6f28723534fb5ad5c,572c0a7dff343724e3ee43b7b1407c579880be8bc339b3c6f28723534fb5ad5c,4.834578,4.834578,2417289/500000,true,true
MnO,BARE,1,MnLR1,0,MnLR0,-1/25,response:b5a71575343d562d:r0:lr_s001_m0p04_bare_scf_base_parent_reference_adaptive_b5a71575343d562d_base,4.830300,4.8303,48303/10000,1/2000000,5e-07,.siestaflow/attempts/fa9d2de3ee6724d4ff3c/attempt-1790755072599118893-467f0abd/response_b5a71575343d562d_r0_lr_s001_m0p04_bare_scf_base_parent_referenc_fa9d2de3ee67/siesta.out,183a2ee0c4a7e3929dabcc3fd904535b2ba47860c2f6592a996ff0a1d8c6f65b,183a2ee0c4a7e3929dabcc3fd904535b2ba47860c2f6592a996ff0a1d8c6f65b,183a2ee0c4a7e3929dabcc3fd904535b2ba47860c2f6592a996ff0a1d8c6f65b,4.830300,4.8303,48303/10000,true,true
MnO,BARE,1,MnLR1,1,MnLR1,-1/25,response:b5a71575343d562d:r0:lr_s001_m0p04_bare_scf_base_parent_reference_adaptive_b5a71575343d562d_base,4.837235,4.837235,967447/200000,1/2000000,5e-07,.siestaflow/attempts/fa9d2de3ee6724d4ff3c/attempt-1790755072599118893-467f0abd/response_b5a71575343d562d_r0_lr_s001_m0p04_bare_scf_base_parent_referenc_fa9d2de3ee67/siesta.out,183a2ee0c4a7e3929dabcc3fd904535b2ba47860c2f6592a996ff0a1d8c6f65b,183a2ee0c4a7e3929dabcc3fd904535b2ba47860c2f6592a996ff0a1d8c6f65b,183a2ee0c4a7e3929dabcc3fd904535b2ba47860c2f6592a996ff0a1d8c6f65b,4.837235,4.837235,967447/200000,true,true
MnO,BARE,1,MnLR1,0,MnLR0,-3/50,response:b5a71575343d562d:r0:lr_s001_m0p06_bare_scf_base_parent_reference_adaptive_b5a71575343d562d_base,4.829485,4.829485,965897/200000,1/2000000,5e-07,.siestaflow/attempts/75e0330cbbccf29d3f38/attempt-1790755057252865414-c66b3bef/response_b5a71575343d562d_r0_lr_s001_m0p06_bare_scf_base_parent_referenc_75e0330cbbcc/siesta.out,f2419734124f4115ff2d3eb2ff39ecf656f378bacad9b4ca6bd4ed7e60945e0d,f2419734124f4115ff2d3eb2ff39ecf656f378bacad9b4ca6bd4ed7e60945e0d,f2419734124f4115ff2d3eb2ff39ecf656f378bacad9b4ca6bd4ed7e60945e0d,4.829485,4.829485,965897/200000,true,true
MnO,BARE,1,MnLR1,1,MnLR1,-3/50,response:b5a71575343d562d:r0:lr_s001_m0p06_bare_scf_base_parent_reference_adaptive_b5a71575343d562d_base,4.839898,4.839898,2419949/500000,1/2000000,5e-07,.siestaflow/attempts/75e0330cbbccf29d3f38/attempt-1790755057252865414-c66b3bef/response_b5a71575343d562d_r0_lr_s001_m0p06_bare_scf_base_parent_referenc_75e0330cbbcc/siesta.out,f2419734124f4115ff2d3eb2ff39ecf656f378bacad9b4ca6bd4ed7e60945e0d,f2419734124f4115ff2d3eb2ff39ecf656f378bacad9b4ca6bd4ed7e60945e0d,f2419734124f4115ff2d3eb2ff39ecf656f378bacad9b4ca6bd4ed7e60945e0d,4.839898,4.839898,2419949/500000,true,true
MnO,BARE,1,MnLR1,0,MnLR0,1/200,response:b5a71575343d562d:r2:lr_s001_p0p005_bare_scf_base_parent_reference_adaptive_b5a71575343d562d_base,4.832131,4.832131,4832131/1000000,1/2000000,5e-07,.siestaflow/attempts/3fff034faf6c287259e9/attempt-1790755255452892561-5691425d/response_b5a71575343d562d_r2_lr_s001_p0p005_bare_scf_base_parent_referen_3fff034faf6c/siesta.out,c622fd9100becca4f702e72e787b12d639675e21c3ca42a42f3da8ad4bdfcedf,c622fd9100becca4f702e72e787b12d639675e21c3ca42a42f3da8ad4bdfcedf,c622fd9100becca4f702e72e787b12d639675e21c3ca42a42f3da8ad4bdfcedf,4.832131,4.832131,4832131/1000000,true,true
MnO,BARE,1,MnLR1,1,MnLR1,1/200,response:b5a71575343d562d:r2:lr_s001_p0p005_bare_scf_base_parent_reference_adaptive_b5a71575343d562d_base,4.831265,4.831265,966253/200000,1/2000000,5e-07,.siestaflow/attempts/3fff034faf6c287259e9/attempt-1790755255452892561-5691425d/response_b5a71575343d562d_r2_lr_s001_p0p005_bare_scf_base_parent_referen_3fff034faf6c/siesta.out,c622fd9100becca4f702e72e787b12d639675e21c3ca42a42f3da8ad4bdfcedf,c622fd9100becca4f702e72e787b12d639675e21c3ca42a42f3da8ad4bdfcedf,c622fd9100becca4f702e72e787b12d639675e21c3ca42a42f3da8ad4bdfcedf,4.831265,4.831265,966253/200000,true,true
MnO,BARE,1,MnLR1,0,MnLR0,1/100,response:b5a71575343d562d:r1:lr_s001_p0p01_bare_scf_base_parent_reference_adaptive_b5a71575343d562d_base,4.832334,4.832334,2416167/500000,1/2000000,5e-07,.siestaflow/attempts/26f8c6514fc9680e4685/attempt-1790755198498094995-220b004e/response_b5a71575343d562d_r1_lr_s001_p0p01_bare_scf_base_parent_referenc_26f8c6514fc9/siesta.out,96dd76581f3de81f94f7720f24659b2ba06123ec0290c64ced0f6a0dd68ab83d,96dd76581f3de81f94f7720f24659b2ba06123ec0290c64ced0f6a0dd68ab83d,96dd76581f3de81f94f7720f24659b2ba06123ec0290c64ced0f6a0dd68ab83d,4.832334,4.832334,2416167/500000,true,true
MnO,BARE,1,MnLR1,1,MnLR1,1/100,response:b5a71575343d562d:r1:lr_s001_p0p01_bare_scf_base_parent_reference_adaptive_b5a71575343d562d_base,4.830604,4.830604,1207651/250000,1/2000000,5e-07,.siestaflow/attempts/26f8c6514fc9680e4685/attempt-1790755198498094995-220b004e/response_b5a71575343d562d_r1_lr_s001_p0p01_bare_scf_base_parent_referenc_26f8c6514fc9/siesta.out,96dd76581f3de81f94f7720f24659b2ba06123ec0290c64ced0f6a0dd68ab83d,96dd76581f3de81f94f7720f24659b2ba06123ec0290c64ced0f6a0dd68ab83d,96dd76581f3de81f94f7720f24659b2ba06123ec0290c64ced0f6a0dd68ab83d,4.830604,4.830604,1207651/250000,true,true
MnO,BARE,1,MnLR1,0,MnLR0,1/50,response:b5a71575343d562d:r0:lr_s001_p0p02_bare_scf_base_parent_reference_adaptive_b5a71575343d562d_base,4.832741,4.832741,4832741/1000000,1/2000000,5e-07,.siestaflow/attempts/4ab38416aa033a19fdfd/attempt-1790755107517301035-a36a4dba/response_b5a71575343d562d_r0_lr_s001_p0p02_bare_scf_base_parent_referenc_4ab38416aa03/siesta.out,be48fa951b8c3d1d83f660a79287a9cb81a32d516951d96eefa282db47b68ea9,be48fa951b8c3d1d83f660a79287a9cb81a32d516951d96eefa282db47b68ea9,be48fa951b8c3d1d83f660a79287a9cb81a32d516951d96eefa282db47b68ea9,4.832741,4.832741,4832741/1000000,true,true
MnO,BARE,1,MnLR1,1,MnLR1,1/50,response:b5a71575343d562d:r0:lr_s001_p0p02_bare_scf_base_parent_reference_adaptive_b5a71575343d562d_base,4.829282,4.829282,2414641/500000,1/2000000,5e-07,.siestaflow/attempts/4ab38416aa033a19fdfd/attempt-1790755107517301035-a36a4dba/response_b5a71575343d562d_r0_lr_s001_p0p02_bare_scf_base_parent_referenc_4ab38416aa03/siesta.out,be48fa951b8c3d1d83f660a79287a9cb81a32d516951d96eefa282db47b68ea9,be48fa951b8c3d1d83f660a79287a9cb81a32d516951d96eefa282db47b68ea9,be48fa951b8c3d1d83f660a79287a9cb81a32d516951d96eefa282db47b68ea9,4.829282,4.829282,2414641/500000,true,true
MnO,BARE,1,MnLR1,0,MnLR0,1/25,response:b5a71575343d562d:r0:lr_s001_p0p04_bare_scf_base_parent_reference_adaptive_b5a71575343d562d_base,4.833554,4.833554,2416777/500000,1/2000000,5e-07,.siestaflow/attempts/53856d0354ea83d304d7/attempt-1790755122758173249-3f6bc887/response_b5a71575343d562d_r0_lr_s001_p0p04_bare_scf_base_parent_referenc_53856d0354ea/siesta.out,5b0995afcc003080330ed60cee1f7273c117740ecdb559417dee79cae9e2fddd,5b0995afcc003080330ed60cee1f7273c117740ecdb559417dee79cae9e2fddd,5b0995afcc003080330ed60cee1f7273c117740ecdb559417dee79cae9e2fddd,4.833554,4.833554,2416777/500000,true,true
MnO,BARE,1,MnLR1,1,MnLR1,1/25,response:b5a71575343d562d:r0:lr_s001_p0p04_bare_scf_base_parent_reference_adaptive_b5a71575343d562d_base,4.826641,4.826641,4826641/1000000,1/2000000,5e-07,.siestaflow/attempts/53856d0354ea83d304d7/attempt-1790755122758173249-3f6bc887/response_b5a71575343d562d_r0_lr_s001_p0p04_bare_scf_base_parent_referenc_53856d0354ea/siesta.out,5b0995afcc003080330ed60cee1f7273c117740ecdb559417dee79cae9e2fddd,5b0995afcc003080330ed60cee1f7273c117740ecdb559417dee79cae9e2fddd,5b0995afcc003080330ed60cee1f7273c117740ecdb559417dee79cae9e2fddd,4.826641,4.826641,4826641/1000000,true,true
MnO,BARE,1,MnLR1,0,MnLR0,3/50,response:b5a71575343d562d:r0:lr_s001_p0p06_bare_scf_base_parent_reference_adaptive_b5a71575343d562d_base,4.834367,4.834367,4834367/1000000,1/2000000,5e-07,.siestaflow/attempts/9709ba4b06634167a1d9/attempt-1790755139436619181-1ea5e841/response_b5a71575343d562d_r0_lr_s001_p0p06_bare_scf_base_parent_referenc_9709ba4b0663/siesta.out,0962566ce8f2a771b9c966631ef426a1a67933fa31e8faba5642a0a7b0807c97,0962566ce8f2a771b9c966631ef426a1a67933fa31e8faba5642a0a7b0807c97,0962566ce8f2a771b9c966631ef426a1a67933fa31e8faba5642a0a7b0807c97,4.834367,4.834367,4834367/1000000,true,true
MnO,BARE,1,MnLR1,1,MnLR1,3/50,response:b5a71575343d562d:r0:lr_s001_p0p06_bare_scf_base_parent_reference_adaptive_b5a71575343d562d_base,4.824006,4.824006,2412003/500000,1/2000000,5e-07,.siestaflow/attempts/9709ba4b06634167a1d9/attempt-1790755139436619181-1ea5e841/response_b5a71575343d562d_r0_lr_s001_p0p06_bare_scf_base_parent_referenc_9709ba4b0663/siesta.out,0962566ce8f2a771b9c966631ef426a1a67933fa31e8faba5642a0a7b0807c97,0962566ce8f2a771b9c966631ef426a1a67933fa31e8faba5642a0a7b0807c97,0962566ce8f2a771b9c966631ef426a1a67933fa31e8faba5642a0a7b0807c97,4.824006,4.824006,2412003/500000,true,true
MnO,SCREENED,0,MnLR0,0,MnLR0,-1/200,response:b5a71575343d562d:r2:lr_s000_m0p005_screened_scf_base_parent_reference_adaptive_b5a71575343d562d_base,4.832186,4.832186,2416093/500000,1/2000000,5e-07,.siestaflow/attempts/384cc145fd3d5cfa44de/attempt-1790755218037368226-35b9088b/response_b5a71575343d562d_r2_lr_s000_m0p005_screened_scf_base_parent_ref_384cc145fd3d/siesta.out,5aa0e6bd76d0e0ad86d76775e4bed8305beb5b224afc699dcdc9f2070f3d5c49,5aa0e6bd76d0e0ad86d76775e4bed8305beb5b224afc699dcdc9f2070f3d5c49,5aa0e6bd76d0e0ad86d76775e4bed8305beb5b224afc699dcdc9f2070f3d5c49,4.832186,4.832186,2416093/500000,true,true
MnO,SCREENED,0,MnLR0,1,MnLR1,-1/200,response:b5a71575343d562d:r2:lr_s000_m0p005_screened_scf_base_parent_reference_adaptive_b5a71575343d562d_base,4.831900,4.8319,48319/10000,1/2000000,5e-07,.siestaflow/attempts/384cc145fd3d5cfa44de/attempt-1790755218037368226-35b9088b/response_b5a71575343d562d_r2_lr_s000_m0p005_screened_scf_base_parent_ref_384cc145fd3d/siesta.out,5aa0e6bd76d0e0ad86d76775e4bed8305beb5b224afc699dcdc9f2070f3d5c49,5aa0e6bd76d0e0ad86d76775e4bed8305beb5b224afc699dcdc9f2070f3d5c49,5aa0e6bd76d0e0ad86d76775e4bed8305beb5b224afc699dcdc9f2070f3d5c49,4.831900,4.8319,48319/10000,true,true
MnO,SCREENED,0,MnLR0,0,MnLR0,-1/100,response:b5a71575343d562d:r1:lr_s000_m0p01_screened_scf_base_parent_reference_adaptive_b5a71575343d562d_base,4.832446,4.832446,2416223/500000,1/2000000,5e-07,.siestaflow/attempts/0da3b147a5cbf912af0a/attempt-1790755158869923087-1be9f283/response_b5a71575343d562d_r1_lr_s000_m0p01_screened_scf_base_parent_refe_0da3b147a5cb/siesta.out,8d2665b1bdf174d0c6e6809509614dd71b8c0db92e7748a439d47890899dc548,8d2665b1bdf174d0c6e6809509614dd71b8c0db92e7748a439d47890899dc548,8d2665b1bdf174d0c6e6809509614dd71b8c0db92e7748a439d47890899dc548,4.832446,4.832446,2416223/500000,true,true
MnO,SCREENED,0,MnLR0,1,MnLR1,-1/100,response:b5a71575343d562d:r1:lr_s000_m0p01_screened_scf_base_parent_reference_adaptive_b5a71575343d562d_base,4.831873,4.831873,4831873/1000000,1/2000000,5e-07,.siestaflow/attempts/0da3b147a5cbf912af0a/attempt-1790755158869923087-1be9f283/response_b5a71575343d562d_r1_lr_s000_m0p01_screened_scf_base_parent_refe_0da3b147a5cb/siesta.out,8d2665b1bdf174d0c6e6809509614dd71b8c0db92e7748a439d47890899dc548,8d2665b1bdf174d0c6e6809509614dd71b8c0db92e7748a439d47890899dc548,8d2665b1bdf174d0c6e6809509614dd71b8c0db92e7748a439d47890899dc548,4.831873,4.831873,4831873/1000000,true,true
MnO,SCREENED,0,MnLR0,0,MnLR0,-1/50,response:b5a71575343d562d:r0:lr_s000_m0p02_screened_scf_base_parent_reference_adaptive_b5a71575343d562d_base,4.832965,4.832965,966593/200000,1/2000000,5e-07,.siestaflow/attempts/2c3f5cdecb21b388a52b/attempt-1790754993333953768-87993550/response_b5a71575343d562d_r0_lr_s000_m0p02_screened_scf_base_parent_refe_2c3f5cdecb21/siesta.out,0d4653f4efcc3f61338e6143430c672fbb41f9462f7289b8577c6c536d9f4aa6,0d4653f4efcc3f61338e6143430c672fbb41f9462f7289b8577c6c536d9f4aa6,0d4653f4efcc3f61338e6143430c672fbb41f9462f7289b8577c6c536d9f4aa6,4.832965,4.832965,966593/200000,true,true
MnO,SCREENED,0,MnLR0,1,MnLR1,-1/50,response:b5a71575343d562d:r0:lr_s000_m0p02_screened_scf_base_parent_reference_adaptive_b5a71575343d562d_base,4.831818,4.831818,2415909/500000,1/2000000,5e-07,.siestaflow/attempts/2c3f5cdecb21b388a52b/attempt-1790754993333953768-87993550/response_b5a71575343d562d_r0_lr_s000_m0p02_screened_scf_base_parent_refe_2c3f5cdecb21/siesta.out,0d4653f4efcc3f61338e6143430c672fbb41f9462f7289b8577c6c536d9f4aa6,0d4653f4efcc3f61338e6143430c672fbb41f9462f7289b8577c6c536d9f4aa6,0d4653f4efcc3f61338e6143430c672fbb41f9462f7289b8577c6c536d9f4aa6,4.831818,4.831818,2415909/500000,true,true
MnO,SCREENED,0,MnLR0,0,MnLR0,-1/25,response:b5a71575343d562d:r0:lr_s000_m0p04_screened_scf_base_parent_reference_adaptive_b5a71575343d562d_base,4.834003,4.834003,4834003/1000000,1/2000000,5e-07,.siestaflow/attempts/378c34a798c48ceb0080/attempt-1790754975183333410-0209bcff/response_b5a71575343d562d_r0_lr_s000_m0p04_screened_scf_base_parent_refe_378c34a798c4/siesta.out,d35ebbbbba9a863ad5eeca470b486c9ad44c10e72810992d396e5dede6aab72d,d35ebbbbba9a863ad5eeca470b486c9ad44c10e72810992d396e5dede6aab72d,d35ebbbbba9a863ad5eeca470b486c9ad44c10e72810992d396e5dede6aab72d,4.834003,4.834003,4834003/1000000,true,true
MnO,SCREENED,0,MnLR0,1,MnLR1,-1/25,response:b5a71575343d562d:r0:lr_s000_m0p04_screened_scf_base_parent_reference_adaptive_b5a71575343d562d_base,4.831709,4.831709,4831709/1000000,1/2000000,5e-07,.siestaflow/attempts/378c34a798c48ceb0080/attempt-1790754975183333410-0209bcff/response_b5a71575343d562d_r0_lr_s000_m0p04_screened_scf_base_parent_refe_378c34a798c4/siesta.out,d35ebbbbba9a863ad5eeca470b486c9ad44c10e72810992d396e5dede6aab72d,d35ebbbbba9a863ad5eeca470b486c9ad44c10e72810992d396e5dede6aab72d,d35ebbbbba9a863ad5eeca470b486c9ad44c10e72810992d396e5dede6aab72d,4.831709,4.831709,4831709/1000000,true,true
MnO,SCREENED,0,MnLR0,0,MnLR0,-3/50,response:b5a71575343d562d:r0:lr_s000_m0p06_screened_scf_base_parent_reference_adaptive_b5a71575343d562d_base,4.835042,4.835042,2417521/500000,1/2000000,5e-07,.siestaflow/attempts/fa9194dcbf4a361d3c69/attempt-1790754960687838859-66760534/response_b5a71575343d562d_r0_lr_s000_m0p06_screened_scf_base_parent_refe_fa9194dcbf4a/siesta.out,b4993f4afed16b2dea92b773c8e88d741db3a2d0f83e7136bc560556f7d5eeed,b4993f4afed16b2dea92b773c8e88d741db3a2d0f83e7136bc560556f7d5eeed,b4993f4afed16b2dea92b773c8e88d741db3a2d0f83e7136bc560556f7d5eeed,4.835042,4.835042,2417521/500000,true,true
MnO,SCREENED,0,MnLR0,1,MnLR1,-3/50,response:b5a71575343d562d:r0:lr_s000_m0p06_screened_scf_base_parent_reference_adaptive_b5a71575343d562d_base,4.831602,4.831602,2415801/500000,1/2000000,5e-07,.siestaflow/attempts/fa9194dcbf4a361d3c69/attempt-1790754960687838859-66760534/response_b5a71575343d562d_r0_lr_s000_m0p06_screened_scf_base_parent_refe_fa9194dcbf4a/siesta.out,b4993f4afed16b2dea92b773c8e88d741db3a2d0f83e7136bc560556f7d5eeed,b4993f4afed16b2dea92b773c8e88d741db3a2d0f83e7136bc560556f7d5eeed,b4993f4afed16b2dea92b773c8e88d741db3a2d0f83e7136bc560556f7d5eeed,4.831602,4.831602,2415801/500000,true,true
MnO,SCREENED,0,MnLR0,0,MnLR0,1/200,response:b5a71575343d562d:r2:lr_s000_p0p005_screened_scf_base_parent_reference_adaptive_b5a71575343d562d_base,4.831665,4.831665,966333/200000,1/2000000,5e-07,.siestaflow/attempts/bd53694d6a5128e3a026/attempt-1790755231276002425-fc89df85/response_b5a71575343d562d_r2_lr_s000_p0p005_screened_scf_base_parent_ref_bd53694d6a51/siesta.out,1a404c54a8ce909270c65f9d516b431f25f5c70fd4cd12ff32b443bdd1893a78,1a404c54a8ce909270c65f9d516b431f25f5c70fd4cd12ff32b443bdd1893a78,1a404c54a8ce909270c65f9d516b431f25f5c70fd4cd12ff32b443bdd1893a78,4.831665,4.831665,966333/200000,true,true
MnO,SCREENED,0,MnLR0,1,MnLR1,1/200,response:b5a71575343d562d:r2:lr_s000_p0p005_screened_scf_base_parent_reference_adaptive_b5a71575343d562d_base,4.831954,4.831954,2415977/500000,1/2000000,5e-07,.siestaflow/attempts/bd53694d6a5128e3a026/attempt-1790755231276002425-fc89df85/response_b5a71575343d562d_r2_lr_s000_p0p005_screened_scf_base_parent_ref_bd53694d6a51/siesta.out,1a404c54a8ce909270c65f9d516b431f25f5c70fd4cd12ff32b443bdd1893a78,1a404c54a8ce909270c65f9d516b431f25f5c70fd4cd12ff32b443bdd1893a78,1a404c54a8ce909270c65f9d516b431f25f5c70fd4cd12ff32b443bdd1893a78,4.831954,4.831954,2415977/500000,true,true
MnO,SCREENED,0,MnLR0,0,MnLR0,1/100,response:b5a71575343d562d:r1:lr_s000_p0p01_screened_scf_base_parent_reference_adaptive_b5a71575343d562d_base,4.831408,4.831408,301963/62500,1/2000000,5e-07,.siestaflow/attempts/f38d81a01e6ae12b4c53/attempt-1790755173182096026-1381f7e6/response_b5a71575343d562d_r1_lr_s000_p0p01_screened_scf_base_parent_refe_f38d81a01e6a/siesta.out,40852e0b47718ed9102bf59c4c97687926307d05e99088c892b408c7a87c28ff,40852e0b47718ed9102bf59c4c97687926307d05e99088c892b408c7a87c28ff,40852e0b47718ed9102bf59c4c97687926307d05e99088c892b408c7a87c28ff,4.831408,4.831408,301963/62500,true,true
MnO,SCREENED,0,MnLR0,1,MnLR1,1/100,response:b5a71575343d562d:r1:lr_s000_p0p01_screened_scf_base_parent_reference_adaptive_b5a71575343d562d_base,4.831981,4.831981,4831981/1000000,1/2000000,5e-07,.siestaflow/attempts/f38d81a01e6ae12b4c53/attempt-1790755173182096026-1381f7e6/response_b5a71575343d562d_r1_lr_s000_p0p01_screened_scf_base_parent_refe_f38d81a01e6a/siesta.out,40852e0b47718ed9102bf59c4c97687926307d05e99088c892b408c7a87c28ff,40852e0b47718ed9102bf59c4c97687926307d05e99088c892b408c7a87c28ff,40852e0b47718ed9102bf59c4c97687926307d05e99088c892b408c7a87c28ff,4.831981,4.831981,4831981/1000000,true,true
MnO,SCREENED,0,MnLR0,0,MnLR0,1/50,response:b5a71575343d562d:r0:lr_s000_p0p02_screened_scf_base_parent_reference_adaptive_b5a71575343d562d_base,4.830889,4.830889,4830889/1000000,1/2000000,5e-07,.siestaflow/attempts/53838763819f10743bf7/attempt-1790755009969382048-e05d3e7c/response_b5a71575343d562d_r0_lr_s000_p0p02_screened_scf_base_parent_refe_53838763819f/siesta.out,f07716c45c00976e46f791714eff0fdf345cce947b4eff62705017e359a54117,f07716c45c00976e46f791714eff0fdf345cce947b4eff62705017e359a54117,f07716c45c00976e46f791714eff0fdf345cce947b4eff62705017e359a54117,4.830889,4.830889,4830889/1000000,true,true
MnO,SCREENED,0,MnLR0,1,MnLR1,1/50,response:b5a71575343d562d:r0:lr_s000_p0p02_screened_scf_base_parent_reference_adaptive_b5a71575343d562d_base,4.832036,4.832036,1208009/250000,1/2000000,5e-07,.siestaflow/attempts/53838763819f10743bf7/attempt-1790755009969382048-e05d3e7c/response_b5a71575343d562d_r0_lr_s000_p0p02_screened_scf_base_parent_refe_53838763819f/siesta.out,f07716c45c00976e46f791714eff0fdf345cce947b4eff62705017e359a54117,f07716c45c00976e46f791714eff0fdf345cce947b4eff62705017e359a54117,f07716c45c00976e46f791714eff0fdf345cce947b4eff62705017e359a54117,4.832036,4.832036,1208009/250000,true,true
MnO,SCREENED,0,MnLR0,0,MnLR0,1/25,response:b5a71575343d562d:r0:lr_s000_p0p04_screened_scf_base_parent_reference_adaptive_b5a71575343d562d_base,4.829852,4.829852,1207463/250000,1/2000000,5e-07,.siestaflow/attempts/ae4a350d02172d396803/attempt-1790755025369580407-9cfa5e0b/response_b5a71575343d562d_r0_lr_s000_p0p04_screened_scf_base_parent_refe_ae4a350d0217/siesta.out,70b87c3727fb63e199e8b6161749e9970ea0826c5579af01a0214de4080d5afc,70b87c3727fb63e199e8b6161749e9970ea0826c5579af01a0214de4080d5afc,70b87c3727fb63e199e8b6161749e9970ea0826c5579af01a0214de4080d5afc,4.829852,4.829852,1207463/250000,true,true
MnO,SCREENED,0,MnLR0,1,MnLR1,1/25,response:b5a71575343d562d:r0:lr_s000_p0p04_screened_scf_base_parent_reference_adaptive_b5a71575343d562d_base,4.832145,4.832145,966429/200000,1/2000000,5e-07,.siestaflow/attempts/ae4a350d02172d396803/attempt-1790755025369580407-9cfa5e0b/response_b5a71575343d562d_r0_lr_s000_p0p04_screened_scf_base_parent_refe_ae4a350d0217/siesta.out,70b87c3727fb63e199e8b6161749e9970ea0826c5579af01a0214de4080d5afc,70b87c3727fb63e199e8b6161749e9970ea0826c5579af01a0214de4080d5afc,70b87c3727fb63e199e8b6161749e9970ea0826c5579af01a0214de4080d5afc,4.832145,4.832145,966429/200000,true,true
MnO,SCREENED,0,MnLR0,0,MnLR0,3/50,response:b5a71575343d562d:r0:lr_s000_p0p06_screened_scf_base_parent_reference_adaptive_b5a71575343d562d_base,4.828816,4.828816,301801/62500,1/2000000,5e-07,.siestaflow/attempts/599d4fffb5fc3326635c/attempt-1790755043147657135-9271ea85/response_b5a71575343d562d_r0_lr_s000_p0p06_screened_scf_base_parent_refe_599d4fffb5fc/siesta.out,5587210bd0a90ac30115cf3f999ea37387987dcccadca9075daca9f55101a9b9,5587210bd0a90ac30115cf3f999ea37387987dcccadca9075daca9f55101a9b9,5587210bd0a90ac30115cf3f999ea37387987dcccadca9075daca9f55101a9b9,4.828816,4.828816,301801/62500,true,true
MnO,SCREENED,0,MnLR0,1,MnLR1,3/50,response:b5a71575343d562d:r0:lr_s000_p0p06_screened_scf_base_parent_reference_adaptive_b5a71575343d562d_base,4.832254,4.832254,2416127/500000,1/2000000,5e-07,.siestaflow/attempts/599d4fffb5fc3326635c/attempt-1790755043147657135-9271ea85/response_b5a71575343d562d_r0_lr_s000_p0p06_screened_scf_base_parent_refe_599d4fffb5fc/siesta.out,5587210bd0a90ac30115cf3f999ea37387987dcccadca9075daca9f55101a9b9,5587210bd0a90ac30115cf3f999ea37387987dcccadca9075daca9f55101a9b9,5587210bd0a90ac30115cf3f999ea37387987dcccadca9075daca9f55101a9b9,4.832254,4.832254,2416127/500000,true,true
MnO,SCREENED,1,MnLR1,0,MnLR0,-1/200,response:b5a71575343d562d:r2:lr_s001_m0p005_screened_scf_base_parent_reference_adaptive_b5a71575343d562d_base,4.831900,4.8319,48319/10000,1/2000000,5e-07,.siestaflow/attempts/946d529807107b5e8223/attempt-1790755245019843546-80eebcd4/response_b5a71575343d562d_r2_lr_s001_m0p005_screened_scf_base_parent_ref_946d52980710/siesta.out,84b0a0aa6642465cd983c3d357d082e0fbe488dda25d9c5bcfd9957d254b8f19,84b0a0aa6642465cd983c3d357d082e0fbe488dda25d9c5bcfd9957d254b8f19,84b0a0aa6642465cd983c3d357d082e0fbe488dda25d9c5bcfd9957d254b8f19,4.831900,4.8319,48319/10000,true,true
MnO,SCREENED,1,MnLR1,1,MnLR1,-1/200,response:b5a71575343d562d:r2:lr_s001_m0p005_screened_scf_base_parent_reference_adaptive_b5a71575343d562d_base,4.832186,4.832186,2416093/500000,1/2000000,5e-07,.siestaflow/attempts/946d529807107b5e8223/attempt-1790755245019843546-80eebcd4/response_b5a71575343d562d_r2_lr_s001_m0p005_screened_scf_base_parent_ref_946d52980710/siesta.out,84b0a0aa6642465cd983c3d357d082e0fbe488dda25d9c5bcfd9957d254b8f19,84b0a0aa6642465cd983c3d357d082e0fbe488dda25d9c5bcfd9957d254b8f19,84b0a0aa6642465cd983c3d357d082e0fbe488dda25d9c5bcfd9957d254b8f19,4.832186,4.832186,2416093/500000,true,true
MnO,SCREENED,1,MnLR1,0,MnLR0,-1/100,response:b5a71575343d562d:r1:lr_s001_m0p01_screened_scf_base_parent_reference_adaptive_b5a71575343d562d_base,4.831873,4.831873,4831873/1000000,1/2000000,5e-07,.siestaflow/attempts/35e6c0fcf72c780a0758/attempt-1790755187216599991-fa2d45cb/response_b5a71575343d562d_r1_lr_s001_m0p01_screened_scf_base_parent_refe_35e6c0fcf72c/siesta.out,9bfc258212b9285855967b7bc227b9eedd8adfafd09dcdd48025cee3b2c0d018,9bfc258212b9285855967b7bc227b9eedd8adfafd09dcdd48025cee3b2c0d018,9bfc258212b9285855967b7bc227b9eedd8adfafd09dcdd48025cee3b2c0d018,4.831873,4.831873,4831873/1000000,true,true
MnO,SCREENED,1,MnLR1,1,MnLR1,-1/100,response:b5a71575343d562d:r1:lr_s001_m0p01_screened_scf_base_parent_reference_adaptive_b5a71575343d562d_base,4.832446,4.832446,2416223/500000,1/2000000,5e-07,.siestaflow/attempts/35e6c0fcf72c780a0758/attempt-1790755187216599991-fa2d45cb/response_b5a71575343d562d_r1_lr_s001_m0p01_screened_scf_base_parent_refe_35e6c0fcf72c/siesta.out,9bfc258212b9285855967b7bc227b9eedd8adfafd09dcdd48025cee3b2c0d018,9bfc258212b9285855967b7bc227b9eedd8adfafd09dcdd48025cee3b2c0d018,9bfc258212b9285855967b7bc227b9eedd8adfafd09dcdd48025cee3b2c0d018,4.832446,4.832446,2416223/500000,true,true
MnO,SCREENED,1,MnLR1,0,MnLR0,-1/50,response:b5a71575343d562d:r0:lr_s001_m0p02_screened_scf_base_parent_reference_adaptive_b5a71575343d562d_base,4.831818,4.831818,2415909/500000,1/2000000,5e-07,.siestaflow/attempts/87867fe64f90f9adfdc4/attempt-1790755093548961343-64f7b8ab/response_b5a71575343d562d_r0_lr_s001_m0p02_screened_scf_base_parent_refe_87867fe64f90/siesta.out,ed42cda3e14aca10b4fc998f63a57a241954a0af79b57d67d9e8d5527e84afe9,ed42cda3e14aca10b4fc998f63a57a241954a0af79b57d67d9e8d5527e84afe9,ed42cda3e14aca10b4fc998f63a57a241954a0af79b57d67d9e8d5527e84afe9,4.831818,4.831818,2415909/500000,true,true
MnO,SCREENED,1,MnLR1,1,MnLR1,-1/50,response:b5a71575343d562d:r0:lr_s001_m0p02_screened_scf_base_parent_reference_adaptive_b5a71575343d562d_base,4.832964,4.832964,1208241/250000,1/2000000,5e-07,.siestaflow/attempts/87867fe64f90f9adfdc4/attempt-1790755093548961343-64f7b8ab/response_b5a71575343d562d_r0_lr_s001_m0p02_screened_scf_base_parent_refe_87867fe64f90/siesta.out,ed42cda3e14aca10b4fc998f63a57a241954a0af79b57d67d9e8d5527e84afe9,ed42cda3e14aca10b4fc998f63a57a241954a0af79b57d67d9e8d5527e84afe9,ed42cda3e14aca10b4fc998f63a57a241954a0af79b57d67d9e8d5527e84afe9,4.832964,4.832964,1208241/250000,true,true
MnO,SCREENED,1,MnLR1,0,MnLR0,-1/25,response:b5a71575343d562d:r0:lr_s001_m0p04_screened_scf_base_parent_reference_adaptive_b5a71575343d562d_base,4.831710,4.83171,483171/100000,1/2000000,5e-07,.siestaflow/attempts/b43063889745ede15fec/attempt-1790755076951999548-a99e5681/response_b5a71575343d562d_r0_lr_s001_m0p04_screened_scf_base_parent_refe_b43063889745/siesta.out,17e1a90cbda0a78218505d45fe2b96fa3983123b7fa6aadd03ce1ead0140eab3,17e1a90cbda0a78218505d45fe2b96fa3983123b7fa6aadd03ce1ead0140eab3,17e1a90cbda0a78218505d45fe2b96fa3983123b7fa6aadd03ce1ead0140eab3,4.831710,4.83171,483171/100000,true,true
MnO,SCREENED,1,MnLR1,1,MnLR1,-1/25,response:b5a71575343d562d:r0:lr_s001_m0p04_screened_scf_base_parent_reference_adaptive_b5a71575343d562d_base,4.834003,4.834003,4834003/1000000,1/2000000,5e-07,.siestaflow/attempts/b43063889745ede15fec/attempt-1790755076951999548-a99e5681/response_b5a71575343d562d_r0_lr_s001_m0p04_screened_scf_base_parent_refe_b43063889745/siesta.out,17e1a90cbda0a78218505d45fe2b96fa3983123b7fa6aadd03ce1ead0140eab3,17e1a90cbda0a78218505d45fe2b96fa3983123b7fa6aadd03ce1ead0140eab3,17e1a90cbda0a78218505d45fe2b96fa3983123b7fa6aadd03ce1ead0140eab3,4.834003,4.834003,4834003/1000000,true,true
MnO,SCREENED,1,MnLR1,0,MnLR0,-3/50,response:b5a71575343d562d:r0:lr_s001_m0p06_screened_scf_base_parent_reference_adaptive_b5a71575343d562d_base,4.831602,4.831602,2415801/500000,1/2000000,5e-07,.siestaflow/attempts/3986beb8cea3efd0dde3/attempt-1790755061556855856-337c53ef/response_b5a71575343d562d_r0_lr_s001_m0p06_screened_scf_base_parent_refe_3986beb8cea3/siesta.out,86c30988af877e1c15d11aea6bbfdb4f6abd75ccd8fee68fa6941d8b935b764c,86c30988af877e1c15d11aea6bbfdb4f6abd75ccd8fee68fa6941d8b935b764c,86c30988af877e1c15d11aea6bbfdb4f6abd75ccd8fee68fa6941d8b935b764c,4.831602,4.831602,2415801/500000,true,true
MnO,SCREENED,1,MnLR1,1,MnLR1,-3/50,response:b5a71575343d562d:r0:lr_s001_m0p06_screened_scf_base_parent_reference_adaptive_b5a71575343d562d_base,4.835042,4.835042,2417521/500000,1/2000000,5e-07,.siestaflow/attempts/3986beb8cea3efd0dde3/attempt-1790755061556855856-337c53ef/response_b5a71575343d562d_r0_lr_s001_m0p06_screened_scf_base_parent_refe_3986beb8cea3/siesta.out,86c30988af877e1c15d11aea6bbfdb4f6abd75ccd8fee68fa6941d8b935b764c,86c30988af877e1c15d11aea6bbfdb4f6abd75ccd8fee68fa6941d8b935b764c,86c30988af877e1c15d11aea6bbfdb4f6abd75ccd8fee68fa6941d8b935b764c,4.835042,4.835042,2417521/500000,true,true
MnO,SCREENED,1,MnLR1,0,MnLR0,1/200,response:b5a71575343d562d:r2:lr_s001_p0p005_screened_scf_base_parent_reference_adaptive_b5a71575343d562d_base,4.831954,4.831954,2415977/500000,1/2000000,5e-07,.siestaflow/attempts/363042ccad24b5db630d/attempt-1790755259790924454-cb9b6dc9/response_b5a71575343d562d_r2_lr_s001_p0p005_screened_scf_base_parent_ref_363042ccad24/siesta.out,2a36c42e731fd5801b82324d9b85e5da0168fe1d30bc71e734994462ca777b35,2a36c42e731fd5801b82324d9b85e5da0168fe1d30bc71e734994462ca777b35,2a36c42e731fd5801b82324d9b85e5da0168fe1d30bc71e734994462ca777b35,4.831954,4.831954,2415977/500000,true,true
MnO,SCREENED,1,MnLR1,1,MnLR1,1/200,response:b5a71575343d562d:r2:lr_s001_p0p005_screened_scf_base_parent_reference_adaptive_b5a71575343d562d_base,4.831665,4.831665,966333/200000,1/2000000,5e-07,.siestaflow/attempts/363042ccad24b5db630d/attempt-1790755259790924454-cb9b6dc9/response_b5a71575343d562d_r2_lr_s001_p0p005_screened_scf_base_parent_ref_363042ccad24/siesta.out,2a36c42e731fd5801b82324d9b85e5da0168fe1d30bc71e734994462ca777b35,2a36c42e731fd5801b82324d9b85e5da0168fe1d30bc71e734994462ca777b35,2a36c42e731fd5801b82324d9b85e5da0168fe1d30bc71e734994462ca777b35,4.831665,4.831665,966333/200000,true,true
MnO,SCREENED,1,MnLR1,0,MnLR0,1/100,response:b5a71575343d562d:r1:lr_s001_p0p01_screened_scf_base_parent_reference_adaptive_b5a71575343d562d_base,4.831981,4.831981,4831981/1000000,1/2000000,5e-07,.siestaflow/attempts/49501bb2ec96c2493040/attempt-1790755203099886806-91315159/response_b5a71575343d562d_r1_lr_s001_p0p01_screened_scf_base_parent_refe_49501bb2ec96/siesta.out,0e97bddf892de777bbaedcb1c2aa42c3423ce52fcd25588601a50768a0e56d03,0e97bddf892de777bbaedcb1c2aa42c3423ce52fcd25588601a50768a0e56d03,0e97bddf892de777bbaedcb1c2aa42c3423ce52fcd25588601a50768a0e56d03,4.831981,4.831981,4831981/1000000,true,true
MnO,SCREENED,1,MnLR1,1,MnLR1,1/100,response:b5a71575343d562d:r1:lr_s001_p0p01_screened_scf_base_parent_reference_adaptive_b5a71575343d562d_base,4.831408,4.831408,301963/62500,1/2000000,5e-07,.siestaflow/attempts/49501bb2ec96c2493040/attempt-1790755203099886806-91315159/response_b5a71575343d562d_r1_lr_s001_p0p01_screened_scf_base_parent_refe_49501bb2ec96/siesta.out,0e97bddf892de777bbaedcb1c2aa42c3423ce52fcd25588601a50768a0e56d03,0e97bddf892de777bbaedcb1c2aa42c3423ce52fcd25588601a50768a0e56d03,0e97bddf892de777bbaedcb1c2aa42c3423ce52fcd25588601a50768a0e56d03,4.831408,4.831408,301963/62500,true,true
MnO,SCREENED,1,MnLR1,0,MnLR0,1/50,response:b5a71575343d562d:r0:lr_s001_p0p02_screened_scf_base_parent_reference_adaptive_b5a71575343d562d_base,4.832036,4.832036,1208009/250000,1/2000000,5e-07,.siestaflow/attempts/1e4760eef64a7a861d87/attempt-1790755111731146017-86ac3d87/response_b5a71575343d562d_r0_lr_s001_p0p02_screened_scf_base_parent_refe_1e4760eef64a/siesta.out,8a06a9a574f7d147e9d7921e720f909c3c61bbcf59421f45da5837484417b3af,8a06a9a574f7d147e9d7921e720f909c3c61bbcf59421f45da5837484417b3af,8a06a9a574f7d147e9d7921e720f909c3c61bbcf59421f45da5837484417b3af,4.832036,4.832036,1208009/250000,true,true
MnO,SCREENED,1,MnLR1,1,MnLR1,1/50,response:b5a71575343d562d:r0:lr_s001_p0p02_screened_scf_base_parent_reference_adaptive_b5a71575343d562d_base,4.830889,4.830889,4830889/1000000,1/2000000,5e-07,.siestaflow/attempts/1e4760eef64a7a861d87/attempt-1790755111731146017-86ac3d87/response_b5a71575343d562d_r0_lr_s001_p0p02_screened_scf_base_parent_refe_1e4760eef64a/siesta.out,8a06a9a574f7d147e9d7921e720f909c3c61bbcf59421f45da5837484417b3af,8a06a9a574f7d147e9d7921e720f909c3c61bbcf59421f45da5837484417b3af,8a06a9a574f7d147e9d7921e720f909c3c61bbcf59421f45da5837484417b3af,4.830889,4.830889,4830889/1000000,true,true
MnO,SCREENED,1,MnLR1,0,MnLR0,1/25,response:b5a71575343d562d:r0:lr_s001_p0p04_screened_scf_base_parent_reference_adaptive_b5a71575343d562d_base,4.832145,4.832145,966429/200000,1/2000000,5e-07,.siestaflow/attempts/2b624784a17cafbb88f7/attempt-1790755128463915329-0d859777/response_b5a71575343d562d_r0_lr_s001_p0p04_screened_scf_base_parent_refe_2b624784a17c/siesta.out,bb78bb470dd9819987278676e4849fb586b7c8fe18bf23485505f823ecc1471a,bb78bb470dd9819987278676e4849fb586b7c8fe18bf23485505f823ecc1471a,bb78bb470dd9819987278676e4849fb586b7c8fe18bf23485505f823ecc1471a,4.832145,4.832145,966429/200000,true,true
MnO,SCREENED,1,MnLR1,1,MnLR1,1/25,response:b5a71575343d562d:r0:lr_s001_p0p04_screened_scf_base_parent_reference_adaptive_b5a71575343d562d_base,4.829852,4.829852,1207463/250000,1/2000000,5e-07,.siestaflow/attempts/2b624784a17cafbb88f7/attempt-1790755128463915329-0d859777/response_b5a71575343d562d_r0_lr_s001_p0p04_screened_scf_base_parent_refe_2b624784a17c/siesta.out,bb78bb470dd9819987278676e4849fb586b7c8fe18bf23485505f823ecc1471a,bb78bb470dd9819987278676e4849fb586b7c8fe18bf23485505f823ecc1471a,bb78bb470dd9819987278676e4849fb586b7c8fe18bf23485505f823ecc1471a,4.829852,4.829852,1207463/250000,true,true
MnO,SCREENED,1,MnLR1,0,MnLR0,3/50,response:b5a71575343d562d:r0:lr_s001_p0p06_screened_scf_base_parent_reference_adaptive_b5a71575343d562d_base,4.832254,4.832254,2416127/500000,1/2000000,5e-07,.siestaflow/attempts/ae120b49024d9df036ca/attempt-1790755143775119711-8f279ce4/response_b5a71575343d562d_r0_lr_s001_p0p06_screened_scf_base_parent_refe_ae120b49024d/siesta.out,8766e7a83674838d4950f0d0efc1bb74b16f64b33c7da56835fde8afd63f7aeb,8766e7a83674838d4950f0d0efc1bb74b16f64b33c7da56835fde8afd63f7aeb,8766e7a83674838d4950f0d0efc1bb74b16f64b33c7da56835fde8afd63f7aeb,4.832254,4.832254,2416127/500000,true,true
MnO,SCREENED,1,MnLR1,1,MnLR1,3/50,response:b5a71575343d562d:r0:lr_s001_p0p06_screened_scf_base_parent_reference_adaptive_b5a71575343d562d_base,4.828816,4.828816,301801/62500,1/2000000,5e-07,.siestaflow/attempts/ae120b49024d9df036ca/attempt-1790755143775119711-8f279ce4/response_b5a71575343d562d_r0_lr_s001_p0p06_screened_scf_base_parent_refe_ae120b49024d/siesta.out,8766e7a83674838d4950f0d0efc1bb74b16f64b33c7da56835fde8afd63f7aeb,8766e7a83674838d4950f0d0efc1bb74b16f64b33c7da56835fde8afd63f7aeb,8766e7a83674838d4950f0d0efc1bb74b16f64b33c7da56835fde8afd63f7aeb,4.828816,4.828816,301801/62500,true,true
FeO,BARE,0,FeLR0,0,FeLR0,-1/50,response:e2afbdb392e1eec9:r0:lr_s000_m0p02_bare_scf_base_parent_reference_adaptive_e2afbdb392e1eec9_base,6.352025,6.352025,254081/40000,1/2000000,5e-07,.siestaflow/attempts/381818df88d0b2c8774e/attempt-1790755457066268270-e1894b3c/response_e2afbdb392e1eec9_r0_lr_s000_m0p02_bare_scf_base_parent_referenc_381818df88d0/siesta.out,ae54b434bc30bb33c3cc6a32356ff431cbb7e58e42d3a9c32c423840d04fa7ee,ae54b434bc30bb33c3cc6a32356ff431cbb7e58e42d3a9c32c423840d04fa7ee,ae54b434bc30bb33c3cc6a32356ff431cbb7e58e42d3a9c32c423840d04fa7ee,6.352025,6.352025,254081/40000,true,true
FeO,BARE,0,FeLR0,1,FeLR1,-1/50,response:e2afbdb392e1eec9:r0:lr_s000_m0p02_bare_scf_base_parent_reference_adaptive_e2afbdb392e1eec9_base,6.285582,6.285582,3142791/500000,1/2000000,5e-07,.siestaflow/attempts/381818df88d0b2c8774e/attempt-1790755457066268270-e1894b3c/response_e2afbdb392e1eec9_r0_lr_s000_m0p02_bare_scf_base_parent_referenc_381818df88d0/siesta.out,ae54b434bc30bb33c3cc6a32356ff431cbb7e58e42d3a9c32c423840d04fa7ee,ae54b434bc30bb33c3cc6a32356ff431cbb7e58e42d3a9c32c423840d04fa7ee,ae54b434bc30bb33c3cc6a32356ff431cbb7e58e42d3a9c32c423840d04fa7ee,6.285582,6.285582,3142791/500000,true,true
FeO,BARE,0,FeLR0,0,FeLR0,-1/25,response:e2afbdb392e1eec9:r0:lr_s000_m0p04_bare_scf_base_parent_reference_adaptive_e2afbdb392e1eec9_base,6.386817,6.386817,6386817/1000000,1/2000000,5e-07,.siestaflow/attempts/3c3266c3e4c1adc898e8/attempt-1790755427502453997-8e371488/response_e2afbdb392e1eec9_r0_lr_s000_m0p04_bare_scf_base_parent_referenc_3c3266c3e4c1/siesta.out,cb001c2ae21d2ff873a828c9abc448658d1261afd36f8d34062b92d1c07e9c93,cb001c2ae21d2ff873a828c9abc448658d1261afd36f8d34062b92d1c07e9c93,cb001c2ae21d2ff873a828c9abc448658d1261afd36f8d34062b92d1c07e9c93,6.386817,6.386817,6386817/1000000,true,true
FeO,BARE,0,FeLR0,1,FeLR1,-1/25,response:e2afbdb392e1eec9:r0:lr_s000_m0p04_bare_scf_base_parent_reference_adaptive_e2afbdb392e1eec9_base,6.254028,6.254028,1563507/250000,1/2000000,5e-07,.siestaflow/attempts/3c3266c3e4c1adc898e8/attempt-1790755427502453997-8e371488/response_e2afbdb392e1eec9_r0_lr_s000_m0p04_bare_scf_base_parent_referenc_3c3266c3e4c1/siesta.out,cb001c2ae21d2ff873a828c9abc448658d1261afd36f8d34062b92d1c07e9c93,cb001c2ae21d2ff873a828c9abc448658d1261afd36f8d34062b92d1c07e9c93,cb001c2ae21d2ff873a828c9abc448658d1261afd36f8d34062b92d1c07e9c93,6.254028,6.254028,1563507/250000,true,true
FeO,BARE,0,FeLR0,0,FeLR0,-3/50,response:e2afbdb392e1eec9:r0:lr_s000_m0p06_bare_scf_base_parent_reference_adaptive_e2afbdb392e1eec9_base,6.421241,6.421241,6421241/1000000,1/2000000,5e-07,.siestaflow/attempts/9d783458a6a5f02d8e08/attempt-1790755399313568494-c9a0ec31/response_e2afbdb392e1eec9_r0_lr_s000_m0p06_bare_scf_base_parent_referenc_9d783458a6a5/siesta.out,3be9546d254b1e9c6827ef68fa36620601159f39cd0528199b2b7d21f3c1862c,3be9546d254b1e9c6827ef68fa36620601159f39cd0528199b2b7d21f3c1862c,3be9546d254b1e9c6827ef68fa36620601159f39cd0528199b2b7d21f3c1862c,6.421241,6.421241,6421241/1000000,true,true
FeO,BARE,0,FeLR0,1,FeLR1,-3/50,response:e2afbdb392e1eec9:r0:lr_s000_m0p06_bare_scf_base_parent_reference_adaptive_e2afbdb392e1eec9_base,6.223092,6.223092,1555773/250000,1/2000000,5e-07,.siestaflow/attempts/9d783458a6a5f02d8e08/attempt-1790755399313568494-c9a0ec31/response_e2afbdb392e1eec9_r0_lr_s000_m0p06_bare_scf_base_parent_referenc_9d783458a6a5/siesta.out,3be9546d254b1e9c6827ef68fa36620601159f39cd0528199b2b7d21f3c1862c,3be9546d254b1e9c6827ef68fa36620601159f39cd0528199b2b7d21f3c1862c,3be9546d254b1e9c6827ef68fa36620601159f39cd0528199b2b7d21f3c1862c,6.223092,6.223092,1555773/250000,true,true
FeO,BARE,0,FeLR0,0,FeLR0,1/50,response:e2afbdb392e1eec9:r0:lr_s000_p0p02_bare_scf_base_parent_reference_adaptive_e2afbdb392e1eec9_base,6.283075,6.283075,251323/40000,1/2000000,5e-07,.siestaflow/attempts/6176a7469545c5dd60dd/attempt-1790755481552478940-58fad887/response_e2afbdb392e1eec9_r0_lr_s000_p0p02_bare_scf_base_parent_referenc_6176a7469545/siesta.out,ae866f04cb0fa4c24b520177090cff33a58eee5c62587f89882613a45a2d6c42,ae866f04cb0fa4c24b520177090cff33a58eee5c62587f89882613a45a2d6c42,ae866f04cb0fa4c24b520177090cff33a58eee5c62587f89882613a45a2d6c42,6.283075,6.283075,251323/40000,true,true
FeO,BARE,0,FeLR0,1,FeLR1,1/50,response:e2afbdb392e1eec9:r0:lr_s000_p0p02_bare_scf_base_parent_reference_adaptive_e2afbdb392e1eec9_base,6.348915,6.348915,1269783/200000,1/2000000,5e-07,.siestaflow/attempts/6176a7469545c5dd60dd/attempt-1790755481552478940-58fad887/response_e2afbdb392e1eec9_r0_lr_s000_p0p02_bare_scf_base_parent_referenc_6176a7469545/siesta.out,ae866f04cb0fa4c24b520177090cff33a58eee5c62587f89882613a45a2d6c42,ae866f04cb0fa4c24b520177090cff33a58eee5c62587f89882613a45a2d6c42,ae866f04cb0fa4c24b520177090cff33a58eee5c62587f89882613a45a2d6c42,6.348915,6.348915,1269783/200000,true,true
FeO,BARE,0,FeLR0,0,FeLR0,1/25,response:e2afbdb392e1eec9:r0:lr_s000_p0p04_bare_scf_base_parent_reference_adaptive_e2afbdb392e1eec9_base,6.249556,6.249556,1562389/250000,1/2000000,5e-07,.siestaflow/attempts/6729db2e4485410e23c9/attempt-1790755508188801508-91d98b4b/response_e2afbdb392e1eec9_r0_lr_s000_p0p04_bare_scf_base_parent_referenc_6729db2e4485/siesta.out,6ac097ff124d0cb52abff6b2e79bb73301eabcd48138290c109c46135087a0ff,6ac097ff124d0cb52abff6b2e79bb73301eabcd48138290c109c46135087a0ff,6ac097ff124d0cb52abff6b2e79bb73301eabcd48138290c109c46135087a0ff,6.249556,6.249556,1562389/250000,true,true
FeO,BARE,0,FeLR0,1,FeLR1,1/25,response:e2afbdb392e1eec9:r0:lr_s000_p0p04_bare_scf_base_parent_reference_adaptive_e2afbdb392e1eec9_base,6.380039,6.380039,6380039/1000000,1/2000000,5e-07,.siestaflow/attempts/6729db2e4485410e23c9/attempt-1790755508188801508-91d98b4b/response_e2afbdb392e1eec9_r0_lr_s000_p0p04_bare_scf_base_parent_referenc_6729db2e4485/siesta.out,6ac097ff124d0cb52abff6b2e79bb73301eabcd48138290c109c46135087a0ff,6ac097ff124d0cb52abff6b2e79bb73301eabcd48138290c109c46135087a0ff,6ac097ff124d0cb52abff6b2e79bb73301eabcd48138290c109c46135087a0ff,6.380039,6.380039,6380039/1000000,true,true
FeO,BARE,0,FeLR0,0,FeLR0,3/50,response:e2afbdb392e1eec9:r0:lr_s000_p0p06_bare_scf_base_parent_reference_adaptive_e2afbdb392e1eec9_base,6.217055,6.217055,1243411/200000,1/2000000,5e-07,.siestaflow/attempts/c182595ee1890a7b60b0/attempt-1790755536725408699-6777f725/response_e2afbdb392e1eec9_r0_lr_s000_p0p06_bare_scf_base_parent_referenc_c182595ee189/siesta.out,735afe7747f4e1489dbbec6b6e06d568dd20f5d23b080d2411109e8fa909b4e5,735afe7747f4e1489dbbec6b6e06d568dd20f5d23b080d2411109e8fa909b4e5,735afe7747f4e1489dbbec6b6e06d568dd20f5d23b080d2411109e8fa909b4e5,6.217055,6.217055,1243411/200000,true,true
FeO,BARE,0,FeLR0,1,FeLR1,3/50,response:e2afbdb392e1eec9:r0:lr_s000_p0p06_bare_scf_base_parent_reference_adaptive_e2afbdb392e1eec9_base,6.410374,6.410374,3205187/500000,1/2000000,5e-07,.siestaflow/attempts/c182595ee1890a7b60b0/attempt-1790755536725408699-6777f725/response_e2afbdb392e1eec9_r0_lr_s000_p0p06_bare_scf_base_parent_referenc_c182595ee189/siesta.out,735afe7747f4e1489dbbec6b6e06d568dd20f5d23b080d2411109e8fa909b4e5,735afe7747f4e1489dbbec6b6e06d568dd20f5d23b080d2411109e8fa909b4e5,735afe7747f4e1489dbbec6b6e06d568dd20f5d23b080d2411109e8fa909b4e5,6.410374,6.410374,3205187/500000,true,true
FeO,BARE,1,FeLR1,0,FeLR0,-1/50,response:e2afbdb392e1eec9:r0:lr_s001_m0p02_bare_scf_base_parent_reference_adaptive_e2afbdb392e1eec9_base,6.285585,6.285585,1257117/200000,1/2000000,5e-07,.siestaflow/attempts/0163cfc667e9407bcd17/attempt-1790755623602768401-17c330f5/response_e2afbdb392e1eec9_r0_lr_s001_m0p02_bare_scf_base_parent_referenc_0163cfc667e9/siesta.out,ca45f491ae388f43f852cdc564b4d676cf4ab76ef5e0e1edd971608fb7f4fe84,ca45f491ae388f43f852cdc564b4d676cf4ab76ef5e0e1edd971608fb7f4fe84,ca45f491ae388f43f852cdc564b4d676cf4ab76ef5e0e1edd971608fb7f4fe84,6.285585,6.285585,1257117/200000,true,true
FeO,BARE,1,FeLR1,1,FeLR1,-1/50,response:e2afbdb392e1eec9:r0:lr_s001_m0p02_bare_scf_base_parent_reference_adaptive_e2afbdb392e1eec9_base,6.352023,6.352023,6352023/1000000,1/2000000,5e-07,.siestaflow/attempts/0163cfc667e9407bcd17/attempt-1790755623602768401-17c330f5/response_e2afbdb392e1eec9_r0_lr_s001_m0p02_bare_scf_base_parent_referenc_0163cfc667e9/siesta.out,ca45f491ae388f43f852cdc564b4d676cf4ab76ef5e0e1edd971608fb7f4fe84,ca45f491ae388f43f852cdc564b4d676cf4ab76ef5e0e1edd971608fb7f4fe84,ca45f491ae388f43f852cdc564b4d676cf4ab76ef5e0e1edd971608fb7f4fe84,6.352023,6.352023,6352023/1000000,true,true
FeO,BARE,1,FeLR1,0,FeLR0,-1/25,response:e2afbdb392e1eec9:r0:lr_s001_m0p04_bare_scf_base_parent_reference_adaptive_e2afbdb392e1eec9_base,6.254031,6.254031,6254031/1000000,1/2000000,5e-07,.siestaflow/attempts/9babbbcb0cc95e839ebf/attempt-1790755598622996093-2cf52f13/response_e2afbdb392e1eec9_r0_lr_s001_m0p04_bare_scf_base_parent_referenc_9babbbcb0cc9/siesta.out,1ffcecb84dd2ef9b2f3ffbd1ba4a9006d8724cc554ef69c17692f02abbc8d2b5,1ffcecb84dd2ef9b2f3ffbd1ba4a9006d8724cc554ef69c17692f02abbc8d2b5,1ffcecb84dd2ef9b2f3ffbd1ba4a9006d8724cc554ef69c17692f02abbc8d2b5,6.254031,6.254031,6254031/1000000,true,true
FeO,BARE,1,FeLR1,1,FeLR1,-1/25,response:e2afbdb392e1eec9:r0:lr_s001_m0p04_bare_scf_base_parent_reference_adaptive_e2afbdb392e1eec9_base,6.386815,6.386815,1277363/200000,1/2000000,5e-07,.siestaflow/attempts/9babbbcb0cc95e839ebf/attempt-1790755598622996093-2cf52f13/response_e2afbdb392e1eec9_r0_lr_s001_m0p04_bare_scf_base_parent_referenc_9babbbcb0cc9/siesta.out,1ffcecb84dd2ef9b2f3ffbd1ba4a9006d8724cc554ef69c17692f02abbc8d2b5,1ffcecb84dd2ef9b2f3ffbd1ba4a9006d8724cc554ef69c17692f02abbc8d2b5,1ffcecb84dd2ef9b2f3ffbd1ba4a9006d8724cc554ef69c17692f02abbc8d2b5,6.386815,6.386815,1277363/200000,true,true
FeO,BARE,1,FeLR1,0,FeLR0,-3/50,response:e2afbdb392e1eec9:r0:lr_s001_m0p06_bare_scf_base_parent_reference_adaptive_e2afbdb392e1eec9_base,6.223095,6.223095,1244619/200000,1/2000000,5e-07,.siestaflow/attempts/1d8bb0c158b939cd9043/attempt-1790755568510691618-dbd60aef/response_e2afbdb392e1eec9_r0_lr_s001_m0p06_bare_scf_base_parent_referenc_1d8bb0c158b9/siesta.out,04c4e732b42883b16c213d77f502fe77e3578e005d8c308d0f55b5f6fac318b3,04c4e732b42883b16c213d77f502fe77e3578e005d8c308d0f55b5f6fac318b3,04c4e732b42883b16c213d77f502fe77e3578e005d8c308d0f55b5f6fac318b3,6.223095,6.223095,1244619/200000,true,true
FeO,BARE,1,FeLR1,1,FeLR1,-3/50,response:e2afbdb392e1eec9:r0:lr_s001_m0p06_bare_scf_base_parent_reference_adaptive_e2afbdb392e1eec9_base,6.421238,6.421238,3210619/500000,1/2000000,5e-07,.siestaflow/attempts/1d8bb0c158b939cd9043/attempt-1790755568510691618-dbd60aef/response_e2afbdb392e1eec9_r0_lr_s001_m0p06_bare_scf_base_parent_referenc_1d8bb0c158b9/siesta.out,04c4e732b42883b16c213d77f502fe77e3578e005d8c308d0f55b5f6fac318b3,04c4e732b42883b16c213d77f502fe77e3578e005d8c308d0f55b5f6fac318b3,04c4e732b42883b16c213d77f502fe77e3578e005d8c308d0f55b5f6fac318b3,6.421238,6.421238,3210619/500000,true,true
FeO,BARE,1,FeLR1,0,FeLR0,1/50,response:e2afbdb392e1eec9:r0:lr_s001_p0p02_bare_scf_base_parent_reference_adaptive_e2afbdb392e1eec9_base,6.348918,6.348918,3174459/500000,1/2000000,5e-07,.siestaflow/attempts/a5b75d83679edb4be1ea/attempt-1790755647582215582-5ef79265/response_e2afbdb392e1eec9_r0_lr_s001_p0p02_bare_scf_base_parent_referenc_a5b75d83679e/siesta.out,24d7913974cf8b3172a59f7a18567ce3ab06da1434361add967f065d661e4955,24d7913974cf8b3172a59f7a18567ce3ab06da1434361add967f065d661e4955,24d7913974cf8b3172a59f7a18567ce3ab06da1434361add967f065d661e4955,6.348918,6.348918,3174459/500000,true,true
FeO,BARE,1,FeLR1,1,FeLR1,1/50,response:e2afbdb392e1eec9:r0:lr_s001_p0p02_bare_scf_base_parent_reference_adaptive_e2afbdb392e1eec9_base,6.283072,6.283072,98173/15625,1/2000000,5e-07,.siestaflow/attempts/a5b75d83679edb4be1ea/attempt-1790755647582215582-5ef79265/response_e2afbdb392e1eec9_r0_lr_s001_p0p02_bare_scf_base_parent_referenc_a5b75d83679e/siesta.out,24d7913974cf8b3172a59f7a18567ce3ab06da1434361add967f065d661e4955,24d7913974cf8b3172a59f7a18567ce3ab06da1434361add967f065d661e4955,24d7913974cf8b3172a59f7a18567ce3ab06da1434361add967f065d661e4955,6.283072,6.283072,98173/15625,true,true
FeO,BARE,1,FeLR1,0,FeLR0,1/25,response:e2afbdb392e1eec9:r0:lr_s001_p0p04_bare_scf_base_parent_reference_adaptive_e2afbdb392e1eec9_base,6.380042,6.380042,3190021/500000,1/2000000,5e-07,.siestaflow/attempts/82084d24a6605659a636/attempt-1790755674767555463-e4cc2b3a/response_e2afbdb392e1eec9_r0_lr_s001_p0p04_bare_scf_base_parent_referenc_82084d24a660/siesta.out,0c4bd9a2e57fc4397bcf684312d2131cac2febe9a92575101e459ff92a41fd6e,0c4bd9a2e57fc4397bcf684312d2131cac2febe9a92575101e459ff92a41fd6e,0c4bd9a2e57fc4397bcf684312d2131cac2febe9a92575101e459ff92a41fd6e,6.380042,6.380042,3190021/500000,true,true
FeO,BARE,1,FeLR1,1,FeLR1,1/25,response:e2afbdb392e1eec9:r0:lr_s001_p0p04_bare_scf_base_parent_reference_adaptive_e2afbdb392e1eec9_base,6.249554,6.249554,3124777/500000,1/2000000,5e-07,.siestaflow/attempts/82084d24a6605659a636/attempt-1790755674767555463-e4cc2b3a/response_e2afbdb392e1eec9_r0_lr_s001_p0p04_bare_scf_base_parent_referenc_82084d24a660/siesta.out,0c4bd9a2e57fc4397bcf684312d2131cac2febe9a92575101e459ff92a41fd6e,0c4bd9a2e57fc4397bcf684312d2131cac2febe9a92575101e459ff92a41fd6e,0c4bd9a2e57fc4397bcf684312d2131cac2febe9a92575101e459ff92a41fd6e,6.249554,6.249554,3124777/500000,true,true
FeO,BARE,1,FeLR1,0,FeLR0,3/50,response:e2afbdb392e1eec9:r0:lr_s001_p0p06_bare_scf_base_parent_reference_adaptive_e2afbdb392e1eec9_base,6.410377,6.410377,6410377/1000000,1/2000000,5e-07,.siestaflow/attempts/7e1f5fa0e585f10d6192/attempt-1790755703011841686-c3dcf4a5/response_e2afbdb392e1eec9_r0_lr_s001_p0p06_bare_scf_base_parent_referenc_7e1f5fa0e585/siesta.out,6a07263d43b9cda429620d91a8e6cd8821be007093920004e12fa7ce4431b83a,6a07263d43b9cda429620d91a8e6cd8821be007093920004e12fa7ce4431b83a,6a07263d43b9cda429620d91a8e6cd8821be007093920004e12fa7ce4431b83a,6.410377,6.410377,6410377/1000000,true,true
FeO,BARE,1,FeLR1,1,FeLR1,3/50,response:e2afbdb392e1eec9:r0:lr_s001_p0p06_bare_scf_base_parent_reference_adaptive_e2afbdb392e1eec9_base,6.217053,6.217053,6217053/1000000,1/2000000,5e-07,.siestaflow/attempts/7e1f5fa0e585f10d6192/attempt-1790755703011841686-c3dcf4a5/response_e2afbdb392e1eec9_r0_lr_s001_p0p06_bare_scf_base_parent_referenc_7e1f5fa0e585/siesta.out,6a07263d43b9cda429620d91a8e6cd8821be007093920004e12fa7ce4431b83a,6a07263d43b9cda429620d91a8e6cd8821be007093920004e12fa7ce4431b83a,6a07263d43b9cda429620d91a8e6cd8821be007093920004e12fa7ce4431b83a,6.217053,6.217053,6217053/1000000,true,true
FeO,SCREENED,0,FeLR0,0,FeLR0,-1/50,response:e2afbdb392e1eec9:r0:lr_s000_m0p02_screened_scf_base_parent_reference_adaptive_e2afbdb392e1eec9_base,6.319677,6.319677,6319677/1000000,1/2000000,5e-07,.siestaflow/attempts/69f99609ebf44378823d/attempt-1790755462780847433-7759bd31/response_e2afbdb392e1eec9_r0_lr_s000_m0p02_screened_scf_base_parent_refe_69f99609ebf4/siesta.out,4aede7bff82b4ddc134ff6c05118eef00ea882e79d67184ee89b8c0537b75b33,4aede7bff82b4ddc134ff6c05118eef00ea882e79d67184ee89b8c0537b75b33,4aede7bff82b4ddc134ff6c05118eef00ea882e79d67184ee89b8c0537b75b33,6.319677,6.319677,6319677/1000000,true,true
FeO,SCREENED,0,FeLR0,1,FeLR1,-1/50,response:e2afbdb392e1eec9:r0:lr_s000_m0p02_screened_scf_base_parent_reference_adaptive_e2afbdb392e1eec9_base,6.316620,6.31662,315831/50000,1/2000000,5e-07,.siestaflow/attempts/69f99609ebf44378823d/attempt-1790755462780847433-7759bd31/response_e2afbdb392e1eec9_r0_lr_s000_m0p02_screened_scf_base_parent_refe_69f99609ebf4/siesta.out,4aede7bff82b4ddc134ff6c05118eef00ea882e79d67184ee89b8c0537b75b33,4aede7bff82b4ddc134ff6c05118eef00ea882e79d67184ee89b8c0537b75b33,4aede7bff82b4ddc134ff6c05118eef00ea882e79d67184ee89b8c0537b75b33,6.316620,6.31662,315831/50000,true,true
FeO,SCREENED,0,FeLR0,0,FeLR0,-1/25,response:e2afbdb392e1eec9:r0:lr_s000_m0p04_screened_scf_base_parent_reference_adaptive_e2afbdb392e1eec9_base,6.322025,6.322025,252881/40000,1/2000000,5e-07,.siestaflow/attempts/e16bcfd3a5e9109eec5c/attempt-1790755433148879704-08e2ce54/response_e2afbdb392e1eec9_r0_lr_s000_m0p04_screened_scf_base_parent_refe_e16bcfd3a5e9/siesta.out,40b4b8da52b71556d2cd1273a7c0fb99a9afbf3bd14fe19746813fe65f527811,40b4b8da52b71556d2cd1273a7c0fb99a9afbf3bd14fe19746813fe65f527811,40b4b8da52b71556d2cd1273a7c0fb99a9afbf3bd14fe19746813fe65f527811,6.322025,6.322025,252881/40000,true,true
FeO,SCREENED,0,FeLR0,1,FeLR1,-1/25,response:e2afbdb392e1eec9:r0:lr_s000_m0p04_screened_scf_base_parent_reference_adaptive_e2afbdb392e1eec9_base,6.315912,6.315912,789489/125000,1/2000000,5e-07,.siestaflow/attempts/e16bcfd3a5e9109eec5c/attempt-1790755433148879704-08e2ce54/response_e2afbdb392e1eec9_r0_lr_s000_m0p04_screened_scf_base_parent_refe_e16bcfd3a5e9/siesta.out,40b4b8da52b71556d2cd1273a7c0fb99a9afbf3bd14fe19746813fe65f527811,40b4b8da52b71556d2cd1273a7c0fb99a9afbf3bd14fe19746813fe65f527811,40b4b8da52b71556d2cd1273a7c0fb99a9afbf3bd14fe19746813fe65f527811,6.315912,6.315912,789489/125000,true,true
FeO,SCREENED,0,FeLR0,0,FeLR0,-3/50,response:e2afbdb392e1eec9:r0:lr_s000_m0p06_screened_scf_base_parent_reference_adaptive_e2afbdb392e1eec9_base,6.324373,6.324373,6324373/1000000,1/2000000,5e-07,.siestaflow/attempts/2d6348f7afc5f65573d8/attempt-1790755405075211772-aedab8c5/response_e2afbdb392e1eec9_r0_lr_s000_m0p06_screened_scf_base_parent_refe_2d6348f7afc5/siesta.out,7a564bac7334982887ac2d6b6f44dde74dd7e221f4421b0c847165cf7fdf4ea6,7a564bac7334982887ac2d6b6f44dde74dd7e221f4421b0c847165cf7fdf4ea6,7a564bac7334982887ac2d6b6f44dde74dd7e221f4421b0c847165cf7fdf4ea6,6.324373,6.324373,6324373/1000000,true,true
FeO,SCREENED,0,FeLR0,1,FeLR1,-3/50,response:e2afbdb392e1eec9:r0:lr_s000_m0p06_screened_scf_base_parent_reference_adaptive_e2afbdb392e1eec9_base,6.315203,6.315203,6315203/1000000,1/2000000,5e-07,.siestaflow/attempts/2d6348f7afc5f65573d8/attempt-1790755405075211772-aedab8c5/response_e2afbdb392e1eec9_r0_lr_s000_m0p06_screened_scf_base_parent_refe_2d6348f7afc5/siesta.out,7a564bac7334982887ac2d6b6f44dde74dd7e221f4421b0c847165cf7fdf4ea6,7a564bac7334982887ac2d6b6f44dde74dd7e221f4421b0c847165cf7fdf4ea6,7a564bac7334982887ac2d6b6f44dde74dd7e221f4421b0c847165cf7fdf4ea6,6.315203,6.315203,6315203/1000000,true,true
FeO,SCREENED,0,FeLR0,0,FeLR0,1/50,response:e2afbdb392e1eec9:r0:lr_s000_p0p02_screened_scf_base_parent_reference_adaptive_e2afbdb392e1eec9_base,6.314975,6.314975,252599/40000,1/2000000,5e-07,.siestaflow/attempts/df560e78ad03eeef70c4/attempt-1790755487087523661-8f3d3a03/response_e2afbdb392e1eec9_r0_lr_s000_p0p02_screened_scf_base_parent_refe_df560e78ad03/siesta.out,ab48d192e6376a21cd407347d8d522b3931393c4591f8824604338f5b7fa2445,ab48d192e6376a21cd407347d8d522b3931393c4591f8824604338f5b7fa2445,ab48d192e6376a21cd407347d8d522b3931393c4591f8824604338f5b7fa2445,6.314975,6.314975,252599/40000,true,true
FeO,SCREENED,0,FeLR0,1,FeLR1,1/50,response:e2afbdb392e1eec9:r0:lr_s000_p0p02_screened_scf_base_parent_reference_adaptive_e2afbdb392e1eec9_base,6.318031,6.318031,6318031/1000000,1/2000000,5e-07,.siestaflow/attempts/df560e78ad03eeef70c4/attempt-1790755487087523661-8f3d3a03/response_e2afbdb392e1eec9_r0_lr_s000_p0p02_screened_scf_base_parent_refe_df560e78ad03/siesta.out,ab48d192e6376a21cd407347d8d522b3931393c4591f8824604338f5b7fa2445,ab48d192e6376a21cd407347d8d522b3931393c4591f8824604338f5b7fa2445,ab48d192e6376a21cd407347d8d522b3931393c4591f8824604338f5b7fa2445,6.318031,6.318031,6318031/1000000,true,true
FeO,SCREENED,0,FeLR0,0,FeLR0,1/25,response:e2afbdb392e1eec9:r0:lr_s000_p0p04_screened_scf_base_parent_reference_adaptive_e2afbdb392e1eec9_base,6.312620,6.31262,315631/50000,1/2000000,5e-07,.siestaflow/attempts/b84a704b7180eb66feb4/attempt-1790755513571333576-65dae169/response_e2afbdb392e1eec9_r0_lr_s000_p0p04_screened_scf_base_parent_refe_b84a704b7180/siesta.out,66651724a923efb0fc70f42b3c17cdea8dd38ed54e03ce539650991cdc82abc9,66651724a923efb0fc70f42b3c17cdea8dd38ed54e03ce539650991cdc82abc9,66651724a923efb0fc70f42b3c17cdea8dd38ed54e03ce539650991cdc82abc9,6.312620,6.31262,315631/50000,true,true
FeO,SCREENED,0,FeLR0,1,FeLR1,1/25,response:e2afbdb392e1eec9:r0:lr_s000_p0p04_screened_scf_base_parent_reference_adaptive_e2afbdb392e1eec9_base,6.318731,6.318731,6318731/1000000,1/2000000,5e-07,.siestaflow/attempts/b84a704b7180eb66feb4/attempt-1790755513571333576-65dae169/response_e2afbdb392e1eec9_r0_lr_s000_p0p04_screened_scf_base_parent_refe_b84a704b7180/siesta.out,66651724a923efb0fc70f42b3c17cdea8dd38ed54e03ce539650991cdc82abc9,66651724a923efb0fc70f42b3c17cdea8dd38ed54e03ce539650991cdc82abc9,66651724a923efb0fc70f42b3c17cdea8dd38ed54e03ce539650991cdc82abc9,6.318731,6.318731,6318731/1000000,true,true
FeO,SCREENED,0,FeLR0,0,FeLR0,3/50,response:e2afbdb392e1eec9:r0:lr_s000_p0p06_screened_scf_base_parent_reference_adaptive_e2afbdb392e1eec9_base,6.310261,6.310261,6310261/1000000,1/2000000,5e-07,.siestaflow/attempts/621ef0202bf33f853083/attempt-1790755543333764759-98128407/response_e2afbdb392e1eec9_r0_lr_s000_p0p06_screened_scf_base_parent_refe_621ef0202bf3/siesta.out,d4bc0631c506171cb08dfab04d21503bb5a32ae56a7860da3a7663470a440906,d4bc0631c506171cb08dfab04d21503bb5a32ae56a7860da3a7663470a440906,d4bc0631c506171cb08dfab04d21503bb5a32ae56a7860da3a7663470a440906,6.310261,6.310261,6310261/1000000,true,true
FeO,SCREENED,0,FeLR0,1,FeLR1,3/50,response:e2afbdb392e1eec9:r0:lr_s000_p0p06_screened_scf_base_parent_reference_adaptive_e2afbdb392e1eec9_base,6.319427,6.319427,6319427/1000000,1/2000000,5e-07,.siestaflow/attempts/621ef0202bf33f853083/attempt-1790755543333764759-98128407/response_e2afbdb392e1eec9_r0_lr_s000_p0p06_screened_scf_base_parent_refe_621ef0202bf3/siesta.out,d4bc0631c506171cb08dfab04d21503bb5a32ae56a7860da3a7663470a440906,d4bc0631c506171cb08dfab04d21503bb5a32ae56a7860da3a7663470a440906,d4bc0631c506171cb08dfab04d21503bb5a32ae56a7860da3a7663470a440906,6.319427,6.319427,6319427/1000000,true,true
FeO,SCREENED,1,FeLR1,0,FeLR0,-1/50,response:e2afbdb392e1eec9:r0:lr_s001_m0p02_screened_scf_base_parent_reference_adaptive_e2afbdb392e1eec9_base,6.316620,6.31662,315831/50000,1/2000000,5e-07,.siestaflow/attempts/311d74c775ee070d96d7/attempt-1790755628956626303-c2273dc9/response_e2afbdb392e1eec9_r0_lr_s001_m0p02_screened_scf_base_parent_refe_311d74c775ee/siesta.out,b679cce4d6edde6df8ad895a15bbb4c748bc8f14c1bf165aac9194021d2a1edb,b679cce4d6edde6df8ad895a15bbb4c748bc8f14c1bf165aac9194021d2a1edb,b679cce4d6edde6df8ad895a15bbb4c748bc8f14c1bf165aac9194021d2a1edb,6.316620,6.31662,315831/50000,true,true
FeO,SCREENED,1,FeLR1,1,FeLR1,-1/50,response:e2afbdb392e1eec9:r0:lr_s001_m0p02_screened_scf_base_parent_reference_adaptive_e2afbdb392e1eec9_base,6.319677,6.319677,6319677/1000000,1/2000000,5e-07,.siestaflow/attempts/311d74c775ee070d96d7/attempt-1790755628956626303-c2273dc9/response_e2afbdb392e1eec9_r0_lr_s001_m0p02_screened_scf_base_parent_refe_311d74c775ee/siesta.out,b679cce4d6edde6df8ad895a15bbb4c748bc8f14c1bf165aac9194021d2a1edb,b679cce4d6edde6df8ad895a15bbb4c748bc8f14c1bf165aac9194021d2a1edb,b679cce4d6edde6df8ad895a15bbb4c748bc8f14c1bf165aac9194021d2a1edb,6.319677,6.319677,6319677/1000000,true,true
FeO,SCREENED,1,FeLR1,0,FeLR0,-1/25,response:e2afbdb392e1eec9:r0:lr_s001_m0p04_screened_scf_base_parent_reference_adaptive_e2afbdb392e1eec9_base,6.315912,6.315912,789489/125000,1/2000000,5e-07,.siestaflow/attempts/4ed479c55ef99ff63345/attempt-1790755604323959517-86783da6/response_e2afbdb392e1eec9_r0_lr_s001_m0p04_screened_scf_base_parent_refe_4ed479c55ef9/siesta.out,501b76f8706c31762e2644cccb6cacd6ac8f5e1cdca26776feca8a0297b37b06,501b76f8706c31762e2644cccb6cacd6ac8f5e1cdca26776feca8a0297b37b06,501b76f8706c31762e2644cccb6cacd6ac8f5e1cdca26776feca8a0297b37b06,6.315912,6.315912,789489/125000,true,true
FeO,SCREENED,1,FeLR1,1,FeLR1,-1/25,response:e2afbdb392e1eec9:r0:lr_s001_m0p04_screened_scf_base_parent_reference_adaptive_e2afbdb392e1eec9_base,6.322025,6.322025,252881/40000,1/2000000,5e-07,.siestaflow/attempts/4ed479c55ef99ff63345/attempt-1790755604323959517-86783da6/response_e2afbdb392e1eec9_r0_lr_s001_m0p04_screened_scf_base_parent_refe_4ed479c55ef9/siesta.out,501b76f8706c31762e2644cccb6cacd6ac8f5e1cdca26776feca8a0297b37b06,501b76f8706c31762e2644cccb6cacd6ac8f5e1cdca26776feca8a0297b37b06,501b76f8706c31762e2644cccb6cacd6ac8f5e1cdca26776feca8a0297b37b06,6.322025,6.322025,252881/40000,true,true
FeO,SCREENED,1,FeLR1,0,FeLR0,-3/50,response:e2afbdb392e1eec9:r0:lr_s001_m0p06_screened_scf_base_parent_reference_adaptive_e2afbdb392e1eec9_base,6.315203,6.315203,6315203/1000000,1/2000000,5e-07,.siestaflow/attempts/3a8774fd49968a9149e8/attempt-1790755574238903728-3aab76ac/response_e2afbdb392e1eec9_r0_lr_s001_m0p06_screened_scf_base_parent_refe_3a8774fd4996/siesta.out,87fd17404167544822e9e4b29e32dde971354ab72acb5a96e9af943358fa4f09,87fd17404167544822e9e4b29e32dde971354ab72acb5a96e9af943358fa4f09,87fd17404167544822e9e4b29e32dde971354ab72acb5a96e9af943358fa4f09,6.315203,6.315203,6315203/1000000,true,true
FeO,SCREENED,1,FeLR1,1,FeLR1,-3/50,response:e2afbdb392e1eec9:r0:lr_s001_m0p06_screened_scf_base_parent_reference_adaptive_e2afbdb392e1eec9_base,6.324373,6.324373,6324373/1000000,1/2000000,5e-07,.siestaflow/attempts/3a8774fd49968a9149e8/attempt-1790755574238903728-3aab76ac/response_e2afbdb392e1eec9_r0_lr_s001_m0p06_screened_scf_base_parent_refe_3a8774fd4996/siesta.out,87fd17404167544822e9e4b29e32dde971354ab72acb5a96e9af943358fa4f09,87fd17404167544822e9e4b29e32dde971354ab72acb5a96e9af943358fa4f09,87fd17404167544822e9e4b29e32dde971354ab72acb5a96e9af943358fa4f09,6.324373,6.324373,6324373/1000000,true,true
FeO,SCREENED,1,FeLR1,0,FeLR0,1/50,response:e2afbdb392e1eec9:r0:lr_s001_p0p02_screened_scf_base_parent_reference_adaptive_e2afbdb392e1eec9_base,6.318031,6.318031,6318031/1000000,1/2000000,5e-07,.siestaflow/attempts/d55177b6a8135f3d2564/attempt-1790755652951589004-9c98540c/response_e2afbdb392e1eec9_r0_lr_s001_p0p02_screened_scf_base_parent_refe_d55177b6a813/siesta.out,7abf616ddb7166933e1f07feb44acf53ba0d13c2fbf2c90ec70ef370dab3bf5a,7abf616ddb7166933e1f07feb44acf53ba0d13c2fbf2c90ec70ef370dab3bf5a,7abf616ddb7166933e1f07feb44acf53ba0d13c2fbf2c90ec70ef370dab3bf5a,6.318031,6.318031,6318031/1000000,true,true
FeO,SCREENED,1,FeLR1,1,FeLR1,1/50,response:e2afbdb392e1eec9:r0:lr_s001_p0p02_screened_scf_base_parent_reference_adaptive_e2afbdb392e1eec9_base,6.314975,6.314975,252599/40000,1/2000000,5e-07,.siestaflow/attempts/d55177b6a8135f3d2564/attempt-1790755652951589004-9c98540c/response_e2afbdb392e1eec9_r0_lr_s001_p0p02_screened_scf_base_parent_refe_d55177b6a813/siesta.out,7abf616ddb7166933e1f07feb44acf53ba0d13c2fbf2c90ec70ef370dab3bf5a,7abf616ddb7166933e1f07feb44acf53ba0d13c2fbf2c90ec70ef370dab3bf5a,7abf616ddb7166933e1f07feb44acf53ba0d13c2fbf2c90ec70ef370dab3bf5a,6.314975,6.314975,252599/40000,true,true
FeO,SCREENED,1,FeLR1,0,FeLR0,1/25,response:e2afbdb392e1eec9:r0:lr_s001_p0p04_screened_scf_base_parent_reference_adaptive_e2afbdb392e1eec9_base,6.318731,6.318731,6318731/1000000,1/2000000,5e-07,.siestaflow/attempts/1a3e15f1aad1a054c64f/attempt-1790755680441311068-2fffae1c/response_e2afbdb392e1eec9_r0_lr_s001_p0p04_screened_scf_base_parent_refe_1a3e15f1aad1/siesta.out,75c7410f75a0f59a2899ad278418b767043526f1a841a257b6dc274e90ac5235,75c7410f75a0f59a2899ad278418b767043526f1a841a257b6dc274e90ac5235,75c7410f75a0f59a2899ad278418b767043526f1a841a257b6dc274e90ac5235,6.318731,6.318731,6318731/1000000,true,true
FeO,SCREENED,1,FeLR1,1,FeLR1,1/25,response:e2afbdb392e1eec9:r0:lr_s001_p0p04_screened_scf_base_parent_reference_adaptive_e2afbdb392e1eec9_base,6.312620,6.31262,315631/50000,1/2000000,5e-07,.siestaflow/attempts/1a3e15f1aad1a054c64f/attempt-1790755680441311068-2fffae1c/response_e2afbdb392e1eec9_r0_lr_s001_p0p04_screened_scf_base_parent_refe_1a3e15f1aad1/siesta.out,75c7410f75a0f59a2899ad278418b767043526f1a841a257b6dc274e90ac5235,75c7410f75a0f59a2899ad278418b767043526f1a841a257b6dc274e90ac5235,75c7410f75a0f59a2899ad278418b767043526f1a841a257b6dc274e90ac5235,6.312620,6.31262,315631/50000,true,true
FeO,SCREENED,1,FeLR1,0,FeLR0,3/50,response:e2afbdb392e1eec9:r0:lr_s001_p0p06_screened_scf_base_parent_reference_adaptive_e2afbdb392e1eec9_base,6.319427,6.319427,6319427/1000000,1/2000000,5e-07,.siestaflow/attempts/ee4c179527e2cfce1236/attempt-1790755708397736299-ea32a4be/response_e2afbdb392e1eec9_r0_lr_s001_p0p06_screened_scf_base_parent_refe_ee4c179527e2/siesta.out,df3b60abdea39d0e2f47d987e7e14d761a1e15aa1bb676a50979ce518c65f342,df3b60abdea39d0e2f47d987e7e14d761a1e15aa1bb676a50979ce518c65f342,df3b60abdea39d0e2f47d987e7e14d761a1e15aa1bb676a50979ce518c65f342,6.319427,6.319427,6319427/1000000,true,true
FeO,SCREENED,1,FeLR1,1,FeLR1,3/50,response:e2afbdb392e1eec9:r0:lr_s001_p0p06_screened_scf_base_parent_reference_adaptive_e2afbdb392e1eec9_base,6.310261,6.310261,6310261/1000000,1/2000000,5e-07,.siestaflow/attempts/ee4c179527e2cfce1236/attempt-1790755708397736299-ea32a4be/response_e2afbdb392e1eec9_r0_lr_s001_p0p06_screened_scf_base_parent_refe_ee4c179527e2/siesta.out,df3b60abdea39d0e2f47d987e7e14d761a1e15aa1bb676a50979ce518c65f342,df3b60abdea39d0e2f47d987e7e14d761a1e15aa1bb676a50979ce518c65f342,df3b60abdea39d0e2f47d987e7e14d761a1e15aa1bb676a50979ce518c65f342,6.310261,6.310261,6310261/1000000,true,true
CoO,BARE,0,CoLR0,0,CoLR0,-1/200,response:34bd13d63df29a69:r2:lr_s000_m0p005_bare_scf_base_parent_reference_adaptive_34bd13d63df29a69_base,7.393387,7.393387,7393387/1000000,1/2000000,5e-07,.siestaflow/attempts/b35d467e62cbcff3b8e3/attempt-1790756261109488931-76ef2a4c/response_34bd13d63df29a69_r2_lr_s000_m0p005_bare_scf_base_parent_referen_b35d467e62cb/siesta.out,276f2d57ed04d1f4cd6f5c578a7c7dca018ff8c6f412e3f3bb18445d37268444,276f2d57ed04d1f4cd6f5c578a7c7dca018ff8c6f412e3f3bb18445d37268444,276f2d57ed04d1f4cd6f5c578a7c7dca018ff8c6f412e3f3bb18445d37268444,7.393387,7.393387,7393387/1000000,true,true
CoO,BARE,0,CoLR0,1,CoLR1,-1/200,response:34bd13d63df29a69:r2:lr_s000_m0p005_bare_scf_base_parent_reference_adaptive_34bd13d63df29a69_base,7.380537,7.380537,7380537/1000000,1/2000000,5e-07,.siestaflow/attempts/b35d467e62cbcff3b8e3/attempt-1790756261109488931-76ef2a4c/response_34bd13d63df29a69_r2_lr_s000_m0p005_bare_scf_base_parent_referen_b35d467e62cb/siesta.out,276f2d57ed04d1f4cd6f5c578a7c7dca018ff8c6f412e3f3bb18445d37268444,276f2d57ed04d1f4cd6f5c578a7c7dca018ff8c6f412e3f3bb18445d37268444,276f2d57ed04d1f4cd6f5c578a7c7dca018ff8c6f412e3f3bb18445d37268444,7.380537,7.380537,7380537/1000000,true,true
CoO,BARE,0,CoLR0,0,CoLR0,-1/100,response:34bd13d63df29a69:r1:lr_s000_m0p01_bare_scf_base_parent_reference_adaptive_34bd13d63df29a69_base,7.400182,7.400182,3700091/500000,1/2000000,5e-07,.siestaflow/attempts/e88496fdd22cc39e111a/attempt-1790756164706848900-b9b16467/response_34bd13d63df29a69_r1_lr_s000_m0p01_bare_scf_base_parent_referenc_e88496fdd22c/siesta.out,5c30f8965daa790813912e6363b324ea0d26698c9250a7d74015b6603ea98eb0,5c30f8965daa790813912e6363b324ea0d26698c9250a7d74015b6603ea98eb0,5c30f8965daa790813912e6363b324ea0d26698c9250a7d74015b6603ea98eb0,7.400182,7.400182,3700091/500000,true,true
CoO,BARE,0,CoLR0,1,CoLR1,-1/100,response:34bd13d63df29a69:r1:lr_s000_m0p01_bare_scf_base_parent_reference_adaptive_34bd13d63df29a69_base,7.374509,7.374509,7374509/1000000,1/2000000,5e-07,.siestaflow/attempts/e88496fdd22cc39e111a/attempt-1790756164706848900-b9b16467/response_34bd13d63df29a69_r1_lr_s000_m0p01_bare_scf_base_parent_referenc_e88496fdd22c/siesta.out,5c30f8965daa790813912e6363b324ea0d26698c9250a7d74015b6603ea98eb0,5c30f8965daa790813912e6363b324ea0d26698c9250a7d74015b6603ea98eb0,5c30f8965daa790813912e6363b324ea0d26698c9250a7d74015b6603ea98eb0,7.374509,7.374509,7374509/1000000,true,true
CoO,BARE,0,CoLR0,0,CoLR0,-1/50,response:34bd13d63df29a69:r0:lr_s000_m0p02_bare_scf_base_parent_reference_adaptive_34bd13d63df29a69_base,7.413773,7.413773,7413773/1000000,1/2000000,5e-07,.siestaflow/attempts/ad13da81db39fc048426/attempt-1790755883744024443-70b41745/response_34bd13d63df29a69_r0_lr_s000_m0p02_bare_scf_base_parent_referenc_ad13da81db39/siesta.out,c1197ae1f7a74e75dfa4f31cb7e4fe78e6fcf4fb08e522c3546e6a57203b49f4,c1197ae1f7a74e75dfa4f31cb7e4fe78e6fcf4fb08e522c3546e6a57203b49f4,c1197ae1f7a74e75dfa4f31cb7e4fe78e6fcf4fb08e522c3546e6a57203b49f4,7.413773,7.413773,7413773/1000000,true,true
CoO,BARE,0,CoLR0,1,CoLR1,-1/50,response:34bd13d63df29a69:r0:lr_s000_m0p02_bare_scf_base_parent_reference_adaptive_34bd13d63df29a69_base,7.362489,7.362489,7362489/1000000,1/2000000,5e-07,.siestaflow/attempts/ad13da81db39fc048426/attempt-1790755883744024443-70b41745/response_34bd13d63df29a69_r0_lr_s000_m0p02_bare_scf_base_parent_referenc_ad13da81db39/siesta.out,c1197ae1f7a74e75dfa4f31cb7e4fe78e6fcf4fb08e522c3546e6a57203b49f4,c1197ae1f7a74e75dfa4f31cb7e4fe78e6fcf4fb08e522c3546e6a57203b49f4,c1197ae1f7a74e75dfa4f31cb7e4fe78e6fcf4fb08e522c3546e6a57203b49f4,7.362489,7.362489,7362489/1000000,true,true
CoO,BARE,0,CoLR0,0,CoLR0,-1/25,response:34bd13d63df29a69:r0:lr_s000_m0p04_bare_scf_base_parent_reference_adaptive_34bd13d63df29a69_base,7.440748,7.440748,1860187/250000,1/2000000,5e-07,.siestaflow/attempts/92e3fc023ffbeeb8beed/attempt-1790755854256120678-d4dd1914/response_34bd13d63df29a69_r0_lr_s000_m0p04_bare_scf_base_parent_referenc_92e3fc023ffb/siesta.out,9114a838075e467ddc9ac9854fa93e4e57f0d7ec63a1720172210a950e76eb19,9114a838075e467ddc9ac9854fa93e4e57f0d7ec63a1720172210a950e76eb19,9114a838075e467ddc9ac9854fa93e4e57f0d7ec63a1720172210a950e76eb19,7.440748,7.440748,1860187/250000,true,true
CoO,BARE,0,CoLR0,1,CoLR1,-1/25,response:34bd13d63df29a69:r0:lr_s000_m0p04_bare_scf_base_parent_reference_adaptive_34bd13d63df29a69_base,7.338808,7.338808,917351/125000,1/2000000,5e-07,.siestaflow/attempts/92e3fc023ffbeeb8beed/attempt-1790755854256120678-d4dd1914/response_34bd13d63df29a69_r0_lr_s000_m0p04_bare_scf_base_parent_referenc_92e3fc023ffb/siesta.out,9114a838075e467ddc9ac9854fa93e4e57f0d7ec63a1720172210a950e76eb19,9114a838075e467ddc9ac9854fa93e4e57f0d7ec63a1720172210a950e76eb19,9114a838075e467ddc9ac9854fa93e4e57f0d7ec63a1720172210a950e76eb19,7.338808,7.338808,917351/125000,true,true
CoO,BARE,0,CoLR0,0,CoLR0,-3/50,response:34bd13d63df29a69:r0:lr_s000_m0p06_bare_scf_base_parent_reference_adaptive_34bd13d63df29a69_base,7.467046,7.467046,3733523/500000,1/2000000,5e-07,.siestaflow/attempts/d1f87272161e850765ca/attempt-1790755824909097918-ab80ba3e/response_34bd13d63df29a69_r0_lr_s000_m0p06_bare_scf_base_parent_referenc_d1f87272161e/siesta.out,768383f3aad0391db1a5b5f9c9e17167d11dad18a4e0a35aa517bb6e161e93b2,768383f3aad0391db1a5b5f9c9e17167d11dad18a4e0a35aa517bb6e161e93b2,768383f3aad0391db1a5b5f9c9e17167d11dad18a4e0a35aa517bb6e161e93b2,7.467046,7.467046,3733523/500000,true,true
CoO,BARE,0,CoLR0,1,CoLR1,-3/50,response:34bd13d63df29a69:r0:lr_s000_m0p06_bare_scf_base_parent_reference_adaptive_34bd13d63df29a69_base,7.315995,7.315995,1463199/200000,1/2000000,5e-07,.siestaflow/attempts/d1f87272161e850765ca/attempt-1790755824909097918-ab80ba3e/response_34bd13d63df29a69_r0_lr_s000_m0p06_bare_scf_base_parent_referenc_d1f87272161e/siesta.out,768383f3aad0391db1a5b5f9c9e17167d11dad18a4e0a35aa517bb6e161e93b2,768383f3aad0391db1a5b5f9c9e17167d11dad18a4e0a35aa517bb6e161e93b2,768383f3aad0391db1a5b5f9c9e17167d11dad18a4e0a35aa517bb6e161e93b2,7.315995,7.315995,1463199/200000,true,true
CoO,BARE,0,CoLR0,0,CoLR0,1/200,response:34bd13d63df29a69:r2:lr_s000_p0p005_bare_scf_base_parent_reference_adaptive_34bd13d63df29a69_base,7.379836,7.379836,1844959/250000,1/2000000,5e-07,.siestaflow/attempts/bb9f2abf254777ce69ac/attempt-1790756284744248841-ab9dc784/response_34bd13d63df29a69_r2_lr_s000_p0p005_bare_scf_base_parent_referen_bb9f2abf2547/siesta.out,0a7459270222c667a70b292497124a6b85987e354a6142c1f6aff4e47f8d205d,0a7459270222c667a70b292497124a6b85987e354a6142c1f6aff4e47f8d205d,0a7459270222c667a70b292497124a6b85987e354a6142c1f6aff4e47f8d205d,7.379836,7.379836,1844959/250000,true,true
CoO,BARE,0,CoLR0,1,CoLR1,1/200,response:34bd13d63df29a69:r2:lr_s000_p0p005_bare_scf_base_parent_reference_adaptive_34bd13d63df29a69_base,7.392592,7.392592,462037/62500,1/2000000,5e-07,.siestaflow/attempts/bb9f2abf254777ce69ac/attempt-1790756284744248841-ab9dc784/response_34bd13d63df29a69_r2_lr_s000_p0p005_bare_scf_base_parent_referen_bb9f2abf2547/siesta.out,0a7459270222c667a70b292497124a6b85987e354a6142c1f6aff4e47f8d205d,0a7459270222c667a70b292497124a6b85987e354a6142c1f6aff4e47f8d205d,0a7459270222c667a70b292497124a6b85987e354a6142c1f6aff4e47f8d205d,7.392592,7.392592,462037/62500,true,true
CoO,BARE,0,CoLR0,0,CoLR0,1/100,response:34bd13d63df29a69:r1:lr_s000_p0p01_bare_scf_base_parent_reference_adaptive_34bd13d63df29a69_base,7.373094,7.373094,3686547/500000,1/2000000,5e-07,.siestaflow/attempts/591d03434d55b38f52e5/attempt-1790756187725412732-0c45a5df/response_34bd13d63df29a69_r1_lr_s000_p0p01_bare_scf_base_parent_referenc_591d03434d55/siesta.out,e0b09f5e80bdd90ca5028eb923af8ec6b7fbd2249e7a1bc049ec2a8d2a42dd27,e0b09f5e80bdd90ca5028eb923af8ec6b7fbd2249e7a1bc049ec2a8d2a42dd27,e0b09f5e80bdd90ca5028eb923af8ec6b7fbd2249e7a1bc049ec2a8d2a42dd27,7.373094,7.373094,3686547/500000,true,true
CoO,BARE,0,CoLR0,1,CoLR1,1/100,response:34bd13d63df29a69:r1:lr_s000_p0p01_bare_scf_base_parent_reference_adaptive_34bd13d63df29a69_base,7.398603,7.398603,7398603/1000000,1/2000000,5e-07,.siestaflow/attempts/591d03434d55b38f52e5/attempt-1790756187725412732-0c45a5df/response_34bd13d63df29a69_r1_lr_s000_p0p01_bare_scf_base_parent_referenc_591d03434d55/siesta.out,e0b09f5e80bdd90ca5028eb923af8ec6b7fbd2249e7a1bc049ec2a8d2a42dd27,e0b09f5e80bdd90ca5028eb923af8ec6b7fbd2249e7a1bc049ec2a8d2a42dd27,e0b09f5e80bdd90ca5028eb923af8ec6b7fbd2249e7a1bc049ec2a8d2a42dd27,7.398603,7.398603,7398603/1000000,true,true
CoO,BARE,0,CoLR0,0,CoLR0,1/50,response:34bd13d63df29a69:r0:lr_s000_p0p02_bare_scf_base_parent_reference_adaptive_34bd13d63df29a69_base,7.359710,7.35971,735971/100000,1/2000000,5e-07,.siestaflow/attempts/f382f704d61862b56d92/attempt-1790755909631633860-5f709b20/response_34bd13d63df29a69_r0_lr_s000_p0p02_bare_scf_base_parent_referenc_f382f704d618/siesta.out,cbf889529686cce5e1fb0cc10dada6dcf8f7bc1c4f5d9beace8b589bd3740466,cbf889529686cce5e1fb0cc10dada6dcf8f7bc1c4f5d9beace8b589bd3740466,cbf889529686cce5e1fb0cc10dada6dcf8f7bc1c4f5d9beace8b589bd3740466,7.359710,7.35971,735971/100000,true,true
CoO,BARE,0,CoLR0,1,CoLR1,1/50,response:34bd13d63df29a69:r0:lr_s000_p0p02_bare_scf_base_parent_reference_adaptive_34bd13d63df29a69_base,7.410560,7.41056,23158/3125,1/2000000,5e-07,.siestaflow/attempts/f382f704d61862b56d92/attempt-1790755909631633860-5f709b20/response_34bd13d63df29a69_r0_lr_s000_p0p02_bare_scf_base_parent_referenc_f382f704d618/siesta.out,cbf889529686cce5e1fb0cc10dada6dcf8f7bc1c4f5d9beace8b589bd3740466,cbf889529686cce5e1fb0cc10dada6dcf8f7bc1c4f5d9beace8b589bd3740466,cbf889529686cce5e1fb0cc10dada6dcf8f7bc1c4f5d9beace8b589bd3740466,7.410560,7.41056,23158/3125,true,true
CoO,BARE,0,CoLR0,0,CoLR0,1/25,response:34bd13d63df29a69:r0:lr_s000_p0p04_bare_scf_base_parent_reference_adaptive_34bd13d63df29a69_base,7.333529,7.333529,7333529/1000000,1/2000000,5e-07,.siestaflow/attempts/5ad593898e876c90acba/attempt-1790755936404053962-5c803132/response_34bd13d63df29a69_r0_lr_s000_p0p04_bare_scf_base_parent_referenc_5ad593898e87/siesta.out,1e57428332959d1facdcf009f4e1b68fd4ea169b7a2319e3ed5c14978900269b,1e57428332959d1facdcf009f4e1b68fd4ea169b7a2319e3ed5c14978900269b,1e57428332959d1facdcf009f4e1b68fd4ea169b7a2319e3ed5c14978900269b,7.333529,7.333529,7333529/1000000,true,true
CoO,BARE,0,CoLR0,1,CoLR1,1/25,response:34bd13d63df29a69:r0:lr_s000_p0p04_bare_scf_base_parent_reference_adaptive_34bd13d63df29a69_base,7.434011,7.434011,7434011/1000000,1/2000000,5e-07,.siestaflow/attempts/5ad593898e876c90acba/attempt-1790755936404053962-5c803132/response_34bd13d63df29a69_r0_lr_s000_p0p04_bare_scf_base_parent_referenc_5ad593898e87/siesta.out,1e57428332959d1facdcf009f4e1b68fd4ea169b7a2319e3ed5c14978900269b,1e57428332959d1facdcf009f4e1b68fd4ea169b7a2319e3ed5c14978900269b,1e57428332959d1facdcf009f4e1b68fd4ea169b7a2319e3ed5c14978900269b,7.434011,7.434011,7434011/1000000,true,true
CoO,BARE,0,CoLR0,0,CoLR0,3/50,response:34bd13d63df29a69:r0:lr_s000_p0p06_bare_scf_base_parent_reference_adaptive_34bd13d63df29a69_base,7.308455,7.308455,1461691/200000,1/2000000,5e-07,.siestaflow/attempts/eef3de1425deff899123/attempt-1790755965247152681-7662cc5f/response_34bd13d63df29a69_r0_lr_s000_p0p06_bare_scf_base_parent_referenc_eef3de1425de/siesta.out,c22a1d942734acd85efdd68f18d304bd62e04e46d9a020ad375e57356fd72a5d,c22a1d942734acd85efdd68f18d304bd62e04e46d9a020ad375e57356fd72a5d,c22a1d942734acd85efdd68f18d304bd62e04e46d9a020ad375e57356fd72a5d,7.308455,7.308455,1461691/200000,true,true
CoO,BARE,0,CoLR0,1,CoLR1,3/50,response:34bd13d63df29a69:r0:lr_s000_p0p06_bare_scf_base_parent_reference_adaptive_34bd13d63df29a69_base,7.456492,7.456492,1864123/250000,1/2000000,5e-07,.siestaflow/attempts/eef3de1425deff899123/attempt-1790755965247152681-7662cc5f/response_34bd13d63df29a69_r0_lr_s000_p0p06_bare_scf_base_parent_referenc_eef3de1425de/siesta.out,c22a1d942734acd85efdd68f18d304bd62e04e46d9a020ad375e57356fd72a5d,c22a1d942734acd85efdd68f18d304bd62e04e46d9a020ad375e57356fd72a5d,c22a1d942734acd85efdd68f18d304bd62e04e46d9a020ad375e57356fd72a5d,7.456492,7.456492,1864123/250000,true,true
CoO,BARE,1,CoLR1,0,CoLR0,-1/200,response:34bd13d63df29a69:r2:lr_s001_m0p005_bare_scf_base_parent_reference_adaptive_34bd13d63df29a69_base,7.380573,7.380573,7380573/1000000,1/2000000,5e-07,.siestaflow/attempts/294007b77ca4f3aff9ba/attempt-1790756311750564690-85ef2f58/response_34bd13d63df29a69_r2_lr_s001_m0p005_bare_scf_base_parent_referen_294007b77ca4/siesta.out,d11eda792a66b082fedeb003781a608e2c67259d9c69c275a2c5cad8d8afb3a7,d11eda792a66b082fedeb003781a608e2c67259d9c69c275a2c5cad8d8afb3a7,d11eda792a66b082fedeb003781a608e2c67259d9c69c275a2c5cad8d8afb3a7,7.380573,7.380573,7380573/1000000,true,true
CoO,BARE,1,CoLR1,1,CoLR1,-1/200,response:34bd13d63df29a69:r2:lr_s001_m0p005_bare_scf_base_parent_reference_adaptive_34bd13d63df29a69_base,7.393351,7.393351,7393351/1000000,1/2000000,5e-07,.siestaflow/attempts/294007b77ca4f3aff9ba/attempt-1790756311750564690-85ef2f58/response_34bd13d63df29a69_r2_lr_s001_m0p005_bare_scf_base_parent_referen_294007b77ca4/siesta.out,d11eda792a66b082fedeb003781a608e2c67259d9c69c275a2c5cad8d8afb3a7,d11eda792a66b082fedeb003781a608e2c67259d9c69c275a2c5cad8d8afb3a7,d11eda792a66b082fedeb003781a608e2c67259d9c69c275a2c5cad8d8afb3a7,7.393351,7.393351,7393351/1000000,true,true
CoO,BARE,1,CoLR1,0,CoLR0,-1/100,response:34bd13d63df29a69:r1:lr_s001_m0p01_bare_scf_base_parent_reference_adaptive_34bd13d63df29a69_base,7.374545,7.374545,1474909/200000,1/2000000,5e-07,.siestaflow/attempts/d87d8246bfe6b8bcc086/attempt-1790756212683366006-ab718962/response_34bd13d63df29a69_r1_lr_s001_m0p01_bare_scf_base_parent_referenc_d87d8246bfe6/siesta.out,21f0985f6635aa0b253298d5b0a7611085be70eefc30803cbc53d75c36f9f74d,21f0985f6635aa0b253298d5b0a7611085be70eefc30803cbc53d75c36f9f74d,21f0985f6635aa0b253298d5b0a7611085be70eefc30803cbc53d75c36f9f74d,7.374545,7.374545,1474909/200000,true,true
CoO,BARE,1,CoLR1,1,CoLR1,-1/100,response:34bd13d63df29a69:r1:lr_s001_m0p01_bare_scf_base_parent_reference_adaptive_34bd13d63df29a69_base,7.400146,7.400146,3700073/500000,1/2000000,5e-07,.siestaflow/attempts/d87d8246bfe6b8bcc086/attempt-1790756212683366006-ab718962/response_34bd13d63df29a69_r1_lr_s001_m0p01_bare_scf_base_parent_referenc_d87d8246bfe6/siesta.out,21f0985f6635aa0b253298d5b0a7611085be70eefc30803cbc53d75c36f9f74d,21f0985f6635aa0b253298d5b0a7611085be70eefc30803cbc53d75c36f9f74d,21f0985f6635aa0b253298d5b0a7611085be70eefc30803cbc53d75c36f9f74d,7.400146,7.400146,3700073/500000,true,true
CoO,BARE,1,CoLR1,0,CoLR0,-1/50,response:34bd13d63df29a69:r0:lr_s001_m0p02_bare_scf_base_parent_reference_adaptive_34bd13d63df29a69_base,7.362525,7.362525,294501/40000,1/2000000,5e-07,.siestaflow/attempts/6be07e207e6daca8a672/attempt-1790756054895397063-8101a94c/response_34bd13d63df29a69_r0_lr_s001_m0p02_bare_scf_base_parent_referenc_6be07e207e6d/siesta.out,9c9189ad506dcf0c62d2de2dfec1ded275be8ea0c43bf412b6971cc878bbeffd,9c9189ad506dcf0c62d2de2dfec1ded275be8ea0c43bf412b6971cc878bbeffd,9c9189ad506dcf0c62d2de2dfec1ded275be8ea0c43bf412b6971cc878bbeffd,7.362525,7.362525,294501/40000,true,true
CoO,BARE,1,CoLR1,1,CoLR1,-1/50,response:34bd13d63df29a69:r0:lr_s001_m0p02_bare_scf_base_parent_reference_adaptive_34bd13d63df29a69_base,7.413738,7.413738,3706869/500000,1/2000000,5e-07,.siestaflow/attempts/6be07e207e6daca8a672/attempt-1790756054895397063-8101a94c/response_34bd13d63df29a69_r0_lr_s001_m0p02_bare_scf_base_parent_referenc_6be07e207e6d/siesta.out,9c9189ad506dcf0c62d2de2dfec1ded275be8ea0c43bf412b6971cc878bbeffd,9c9189ad506dcf0c62d2de2dfec1ded275be8ea0c43bf412b6971cc878bbeffd,9c9189ad506dcf0c62d2de2dfec1ded275be8ea0c43bf412b6971cc878bbeffd,7.413738,7.413738,3706869/500000,true,true
CoO,BARE,1,CoLR1,0,CoLR0,-1/25,response:34bd13d63df29a69:r0:lr_s001_m0p04_bare_scf_base_parent_reference_adaptive_34bd13d63df29a69_base,7.338842,7.338842,3669421/500000,1/2000000,5e-07,.siestaflow/attempts/2cf881d2c401ec8647d5/attempt-1790756024820195442-4f45a7ad/response_34bd13d63df29a69_r0_lr_s001_m0p04_bare_scf_base_parent_referenc_2cf881d2c401/siesta.out,8284bd52d4806e36a838bcb8faa4ce664ea52d0530d040f8637a33112ab636f8,8284bd52d4806e36a838bcb8faa4ce664ea52d0530d040f8637a33112ab636f8,8284bd52d4806e36a838bcb8faa4ce664ea52d0530d040f8637a33112ab636f8,7.338842,7.338842,3669421/500000,true,true
CoO,BARE,1,CoLR1,1,CoLR1,-1/25,response:34bd13d63df29a69:r0:lr_s001_m0p04_bare_scf_base_parent_reference_adaptive_34bd13d63df29a69_base,7.440713,7.440713,7440713/1000000,1/2000000,5e-07,.siestaflow/attempts/2cf881d2c401ec8647d5/attempt-1790756024820195442-4f45a7ad/response_34bd13d63df29a69_r0_lr_s001_m0p04_bare_scf_base_parent_referenc_2cf881d2c401/siesta.out,8284bd52d4806e36a838bcb8faa4ce664ea52d0530d040f8637a33112ab636f8,8284bd52d4806e36a838bcb8faa4ce664ea52d0530d040f8637a33112ab636f8,8284bd52d4806e36a838bcb8faa4ce664ea52d0530d040f8637a33112ab636f8,7.440713,7.440713,7440713/1000000,true,true
CoO,BARE,1,CoLR1,0,CoLR0,-3/50,response:34bd13d63df29a69:r0:lr_s001_m0p06_bare_scf_base_parent_reference_adaptive_34bd13d63df29a69_base,7.316028,7.316028,1829007/250000,1/2000000,5e-07,.siestaflow/attempts/a33612fb2f13f9f12c9b/attempt-1790755995025031850-1c4b3f7b/response_34bd13d63df29a69_r0_lr_s001_m0p06_bare_scf_base_parent_referenc_a33612fb2f13/siesta.out,4f2e1e31aacd3bb72b6c338f3afb89c9be71da041da2d4e29fd085a3d2a1d482,4f2e1e31aacd3bb72b6c338f3afb89c9be71da041da2d4e29fd085a3d2a1d482,4f2e1e31aacd3bb72b6c338f3afb89c9be71da041da2d4e29fd085a3d2a1d482,7.316028,7.316028,1829007/250000,true,true
CoO,BARE,1,CoLR1,1,CoLR1,-3/50,response:34bd13d63df29a69:r0:lr_s001_m0p06_bare_scf_base_parent_reference_adaptive_34bd13d63df29a69_base,7.467013,7.467013,7467013/1000000,1/2000000,5e-07,.siestaflow/attempts/a33612fb2f13f9f12c9b/attempt-1790755995025031850-1c4b3f7b/response_34bd13d63df29a69_r0_lr_s001_m0p06_bare_scf_base_parent_referenc_a33612fb2f13/siesta.out,4f2e1e31aacd3bb72b6c338f3afb89c9be71da041da2d4e29fd085a3d2a1d482,4f2e1e31aacd3bb72b6c338f3afb89c9be71da041da2d4e29fd085a3d2a1d482,4f2e1e31aacd3bb72b6c338f3afb89c9be71da041da2d4e29fd085a3d2a1d482,7.467013,7.467013,7467013/1000000,true,true
CoO,BARE,1,CoLR1,0,CoLR0,1/200,response:34bd13d63df29a69:r2:lr_s001_p0p005_bare_scf_base_parent_reference_adaptive_34bd13d63df29a69_base,7.392627,7.392627,7392627/1000000,1/2000000,5e-07,.siestaflow/attempts/995b565fd29b709b1a6a/attempt-1790756335932349429-69174964/response_34bd13d63df29a69_r2_lr_s001_p0p005_bare_scf_base_parent_referen_995b565fd29b/siesta.out,f8d8cefdb82cb1d92a8dccb8c0c2387eed3b6d0edb29b78f077c889eb23e30af,f8d8cefdb82cb1d92a8dccb8c0c2387eed3b6d0edb29b78f077c889eb23e30af,f8d8cefdb82cb1d92a8dccb8c0c2387eed3b6d0edb29b78f077c889eb23e30af,7.392627,7.392627,7392627/1000000,true,true
CoO,BARE,1,CoLR1,1,CoLR1,1/200,response:34bd13d63df29a69:r2:lr_s001_p0p005_bare_scf_base_parent_reference_adaptive_34bd13d63df29a69_base,7.379801,7.379801,7379801/1000000,1/2000000,5e-07,.siestaflow/attempts/995b565fd29b709b1a6a/attempt-1790756335932349429-69174964/response_34bd13d63df29a69_r2_lr_s001_p0p005_bare_scf_base_parent_referen_995b565fd29b/siesta.out,f8d8cefdb82cb1d92a8dccb8c0c2387eed3b6d0edb29b78f077c889eb23e30af,f8d8cefdb82cb1d92a8dccb8c0c2387eed3b6d0edb29b78f077c889eb23e30af,f8d8cefdb82cb1d92a8dccb8c0c2387eed3b6d0edb29b78f077c889eb23e30af,7.379801,7.379801,7379801/1000000,true,true
CoO,BARE,1,CoLR1,0,CoLR0,1/100,response:34bd13d63df29a69:r1:lr_s001_p0p01_bare_scf_base_parent_reference_adaptive_34bd13d63df29a69_base,7.398639,7.398639,7398639/1000000,1/2000000,5e-07,.siestaflow/attempts/73f576919a82bdd5488e/attempt-1790756236162032171-2e2792ba/response_34bd13d63df29a69_r1_lr_s001_p0p01_bare_scf_base_parent_referenc_73f576919a82/siesta.out,afc7431b5f97476e200539dba8c504391cd0e674450fbffde23b2ed2204ac492,afc7431b5f97476e200539dba8c504391cd0e674450fbffde23b2ed2204ac492,afc7431b5f97476e200539dba8c504391cd0e674450fbffde23b2ed2204ac492,7.398639,7.398639,7398639/1000000,true,true
CoO,BARE,1,CoLR1,1,CoLR1,1/100,response:34bd13d63df29a69:r1:lr_s001_p0p01_bare_scf_base_parent_reference_adaptive_34bd13d63df29a69_base,7.373058,7.373058,3686529/500000,1/2000000,5e-07,.siestaflow/attempts/73f576919a82bdd5488e/attempt-1790756236162032171-2e2792ba/response_34bd13d63df29a69_r1_lr_s001_p0p01_bare_scf_base_parent_referenc_73f576919a82/siesta.out,afc7431b5f97476e200539dba8c504391cd0e674450fbffde23b2ed2204ac492,afc7431b5f97476e200539dba8c504391cd0e674450fbffde23b2ed2204ac492,afc7431b5f97476e200539dba8c504391cd0e674450fbffde23b2ed2204ac492,7.373058,7.373058,3686529/500000,true,true
CoO,BARE,1,CoLR1,0,CoLR0,1/50,response:34bd13d63df29a69:r0:lr_s001_p0p02_bare_scf_base_parent_reference_adaptive_34bd13d63df29a69_base,7.410596,7.410596,1852649/250000,1/2000000,5e-07,.siestaflow/attempts/0d6f0a8802cc1a2b7560/attempt-1790756079836797909-a2f83aa8/response_34bd13d63df29a69_r0_lr_s001_p0p02_bare_scf_base_parent_referenc_0d6f0a8802cc/siesta.out,350646d7997e31078803c42b25bd618f53cced4c70c22964cb093bfc66a51873,350646d7997e31078803c42b25bd618f53cced4c70c22964cb093bfc66a51873,350646d7997e31078803c42b25bd618f53cced4c70c22964cb093bfc66a51873,7.410596,7.410596,1852649/250000,true,true
CoO,BARE,1,CoLR1,1,CoLR1,1/50,response:34bd13d63df29a69:r0:lr_s001_p0p02_bare_scf_base_parent_reference_adaptive_34bd13d63df29a69_base,7.359675,7.359675,294387/40000,1/2000000,5e-07,.siestaflow/attempts/0d6f0a8802cc1a2b7560/attempt-1790756079836797909-a2f83aa8/response_34bd13d63df29a69_r0_lr_s001_p0p02_bare_scf_base_parent_referenc_0d6f0a8802cc/siesta.out,350646d7997e31078803c42b25bd618f53cced4c70c22964cb093bfc66a51873,350646d7997e31078803c42b25bd618f53cced4c70c22964cb093bfc66a51873,350646d7997e31078803c42b25bd618f53cced4c70c22964cb093bfc66a51873,7.359675,7.359675,294387/40000,true,true
CoO,BARE,1,CoLR1,0,CoLR0,1/25,response:34bd13d63df29a69:r0:lr_s001_p0p04_bare_scf_base_parent_reference_adaptive_34bd13d63df29a69_base,7.434045,7.434045,1486809/200000,1/2000000,5e-07,.siestaflow/attempts/eea6a5191d79219bd917/attempt-1790756107119563593-62929ba5/response_34bd13d63df29a69_r0_lr_s001_p0p04_bare_scf_base_parent_referenc_eea6a5191d79/siesta.out,99faa7e0c53416a81ea8ec1237d8d6fdbfe50bfa37c77e9159d919e85eb77f2f,99faa7e0c53416a81ea8ec1237d8d6fdbfe50bfa37c77e9159d919e85eb77f2f,99faa7e0c53416a81ea8ec1237d8d6fdbfe50bfa37c77e9159d919e85eb77f2f,7.434045,7.434045,1486809/200000,true,true
CoO,BARE,1,CoLR1,1,CoLR1,1/25,response:34bd13d63df29a69:r0:lr_s001_p0p04_bare_scf_base_parent_reference_adaptive_34bd13d63df29a69_base,7.333495,7.333495,1466699/200000,1/2000000,5e-07,.siestaflow/attempts/eea6a5191d79219bd917/attempt-1790756107119563593-62929ba5/response_34bd13d63df29a69_r0_lr_s001_p0p04_bare_scf_base_parent_referenc_eea6a5191d79/siesta.out,99faa7e0c53416a81ea8ec1237d8d6fdbfe50bfa37c77e9159d919e85eb77f2f,99faa7e0c53416a81ea8ec1237d8d6fdbfe50bfa37c77e9159d919e85eb77f2f,99faa7e0c53416a81ea8ec1237d8d6fdbfe50bfa37c77e9159d919e85eb77f2f,7.333495,7.333495,1466699/200000,true,true
CoO,BARE,1,CoLR1,0,CoLR0,3/50,response:34bd13d63df29a69:r0:lr_s001_p0p06_bare_scf_base_parent_reference_adaptive_34bd13d63df29a69_base,7.456525,7.456525,298261/40000,1/2000000,5e-07,.siestaflow/attempts/7491f42977cc77bb3be3/attempt-1790756133551670315-46fbba1c/response_34bd13d63df29a69_r0_lr_s001_p0p06_bare_scf_base_parent_referenc_7491f42977cc/siesta.out,bb2b3ad80bcbab8989f8ef18201af7c4bf489521119d1b0e2ccde06b4a9fedd4,bb2b3ad80bcbab8989f8ef18201af7c4bf489521119d1b0e2ccde06b4a9fedd4,bb2b3ad80bcbab8989f8ef18201af7c4bf489521119d1b0e2ccde06b4a9fedd4,7.456525,7.456525,298261/40000,true,true
CoO,BARE,1,CoLR1,1,CoLR1,3/50,response:34bd13d63df29a69:r0:lr_s001_p0p06_bare_scf_base_parent_reference_adaptive_34bd13d63df29a69_base,7.308423,7.308423,7308423/1000000,1/2000000,5e-07,.siestaflow/attempts/7491f42977cc77bb3be3/attempt-1790756133551670315-46fbba1c/response_34bd13d63df29a69_r0_lr_s001_p0p06_bare_scf_base_parent_referenc_7491f42977cc/siesta.out,bb2b3ad80bcbab8989f8ef18201af7c4bf489521119d1b0e2ccde06b4a9fedd4,bb2b3ad80bcbab8989f8ef18201af7c4bf489521119d1b0e2ccde06b4a9fedd4,bb2b3ad80bcbab8989f8ef18201af7c4bf489521119d1b0e2ccde06b4a9fedd4,7.308423,7.308423,7308423/1000000,true,true
CoO,SCREENED,0,CoLR0,0,CoLR0,-1/200,response:34bd13d63df29a69:r2:lr_s000_m0p005_screened_scf_base_parent_reference_adaptive_34bd13d63df29a69_base,7.387172,7.387172,1846793/250000,1/2000000,5e-07,.siestaflow/attempts/753000f03e3198d07850/attempt-1790756266370493331-b8ebd406/response_34bd13d63df29a69_r2_lr_s000_m0p005_screened_scf_base_parent_ref_753000f03e31/siesta.out,d50e2c0482dc41a7cf136391039ac6522434adb96aed43294d899fab47733c87,d50e2c0482dc41a7cf136391039ac6522434adb96aed43294d899fab47733c87,d50e2c0482dc41a7cf136391039ac6522434adb96aed43294d899fab47733c87,7.387172,7.387172,1846793/250000,true,true
CoO,SCREENED,0,CoLR0,1,CoLR1,-1/200,response:34bd13d63df29a69:r2:lr_s000_m0p005_screened_scf_base_parent_reference_adaptive_34bd13d63df29a69_base,7.386413,7.386413,7386413/1000000,1/2000000,5e-07,.siestaflow/attempts/753000f03e3198d07850/attempt-1790756266370493331-b8ebd406/response_34bd13d63df29a69_r2_lr_s000_m0p005_screened_scf_base_parent_ref_753000f03e31/siesta.out,d50e2c0482dc41a7cf136391039ac6522434adb96aed43294d899fab47733c87,d50e2c0482dc41a7cf136391039ac6522434adb96aed43294d899fab47733c87,d50e2c0482dc41a7cf136391039ac6522434adb96aed43294d899fab47733c87,7.386413,7.386413,7386413/1000000,true,true
CoO,SCREENED,0,CoLR0,0,CoLR0,-1/100,response:34bd13d63df29a69:r1:lr_s000_m0p01_screened_scf_base_parent_reference_adaptive_34bd13d63df29a69_base,7.387755,7.387755,1477551/200000,1/2000000,5e-07,.siestaflow/attempts/49b642fd44dae8456f32/attempt-1790756170072072984-f02ac085/response_34bd13d63df29a69_r1_lr_s000_m0p01_screened_scf_base_parent_refe_49b642fd44da/siesta.out,cad20e70bb6ff7623f494b4c37d60b8bea92c4c895f43384a40c72d244efa807,cad20e70bb6ff7623f494b4c37d60b8bea92c4c895f43384a40c72d244efa807,cad20e70bb6ff7623f494b4c37d60b8bea92c4c895f43384a40c72d244efa807,7.387755,7.387755,1477551/200000,true,true
CoO,SCREENED,0,CoLR0,1,CoLR1,-1/100,response:34bd13d63df29a69:r1:lr_s000_m0p01_screened_scf_base_parent_reference_adaptive_34bd13d63df29a69_base,7.386243,7.386243,7386243/1000000,1/2000000,5e-07,.siestaflow/attempts/49b642fd44dae8456f32/attempt-1790756170072072984-f02ac085/response_34bd13d63df29a69_r1_lr_s000_m0p01_screened_scf_base_parent_refe_49b642fd44da/siesta.out,cad20e70bb6ff7623f494b4c37d60b8bea92c4c895f43384a40c72d244efa807,cad20e70bb6ff7623f494b4c37d60b8bea92c4c895f43384a40c72d244efa807,cad20e70bb6ff7623f494b4c37d60b8bea92c4c895f43384a40c72d244efa807,7.386243,7.386243,7386243/1000000,true,true
CoO,SCREENED,0,CoLR0,0,CoLR0,-1/50,response:34bd13d63df29a69:r0:lr_s000_m0p02_screened_scf_base_parent_reference_adaptive_34bd13d63df29a69_base,7.388929,7.388929,7388929/1000000,1/2000000,5e-07,.siestaflow/attempts/711a3e8dbfda7dd5b04f/attempt-1790755890226761988-1fafd2e2/response_34bd13d63df29a69_r0_lr_s000_m0p02_screened_scf_base_parent_refe_711a3e8dbfda/siesta.out,3d522a77b485836a873ea3ef1fe87197e1b4b6febf2ba587a208dfed1fad7a48,3d522a77b485836a873ea3ef1fe87197e1b4b6febf2ba587a208dfed1fad7a48,3d522a77b485836a873ea3ef1fe87197e1b4b6febf2ba587a208dfed1fad7a48,7.388929,7.388929,7388929/1000000,true,true
CoO,SCREENED,0,CoLR0,1,CoLR1,-1/50,response:34bd13d63df29a69:r0:lr_s000_m0p02_screened_scf_base_parent_reference_adaptive_34bd13d63df29a69_base,7.385894,7.385894,3692947/500000,1/2000000,5e-07,.siestaflow/attempts/711a3e8dbfda7dd5b04f/attempt-1790755890226761988-1fafd2e2/response_34bd13d63df29a69_r0_lr_s000_m0p02_screened_scf_base_parent_refe_711a3e8dbfda/siesta.out,3d522a77b485836a873ea3ef1fe87197e1b4b6febf2ba587a208dfed1fad7a48,3d522a77b485836a873ea3ef1fe87197e1b4b6febf2ba587a208dfed1fad7a48,3d522a77b485836a873ea3ef1fe87197e1b4b6febf2ba587a208dfed1fad7a48,7.385894,7.385894,3692947/500000,true,true
CoO,SCREENED,0,CoLR0,0,CoLR0,-1/25,response:34bd13d63df29a69:r0:lr_s000_m0p04_screened_scf_base_parent_reference_adaptive_34bd13d63df29a69_base,7.391272,7.391272,923909/125000,1/2000000,5e-07,.siestaflow/attempts/9250fc0dfd4baef6557e/attempt-1790755859759685292-d77a8f7f/response_34bd13d63df29a69_r0_lr_s000_m0p04_screened_scf_base_parent_refe_9250fc0dfd4b/siesta.out,de760a260c8fc4430e6e47d4aed452f502804a31fad44fea2688838aac557c31,de760a260c8fc4430e6e47d4aed452f502804a31fad44fea2688838aac557c31,de760a260c8fc4430e6e47d4aed452f502804a31fad44fea2688838aac557c31,7.391272,7.391272,923909/125000,true,true
CoO,SCREENED,0,CoLR0,1,CoLR1,-1/25,response:34bd13d63df29a69:r0:lr_s000_m0p04_screened_scf_base_parent_reference_adaptive_34bd13d63df29a69_base,7.385200,7.3852,18463/2500,1/2000000,5e-07,.siestaflow/attempts/9250fc0dfd4baef6557e/attempt-1790755859759685292-d77a8f7f/response_34bd13d63df29a69_r0_lr_s000_m0p04_screened_scf_base_parent_refe_9250fc0dfd4b/siesta.out,de760a260c8fc4430e6e47d4aed452f502804a31fad44fea2688838aac557c31,de760a260c8fc4430e6e47d4aed452f502804a31fad44fea2688838aac557c31,de760a260c8fc4430e6e47d4aed452f502804a31fad44fea2688838aac557c31,7.385200,7.3852,18463/2500,true,true
CoO,SCREENED,0,CoLR0,0,CoLR0,-3/50,response:34bd13d63df29a69:r0:lr_s000_m0p06_screened_scf_base_parent_reference_adaptive_34bd13d63df29a69_base,7.393610,7.39361,739361/100000,1/2000000,5e-07,.siestaflow/attempts/844a7703a085c37684e4/attempt-1790755830422473172-584a540b/response_34bd13d63df29a69_r0_lr_s000_m0p06_screened_scf_base_parent_refe_844a7703a085/siesta.out,88e255ec08ad28cbe169a64d1effc37cd7c25ce6d65bd50860b711a00b7e9162,88e255ec08ad28cbe169a64d1effc37cd7c25ce6d65bd50860b711a00b7e9162,88e255ec08ad28cbe169a64d1effc37cd7c25ce6d65bd50860b711a00b7e9162,7.393610,7.39361,739361/100000,true,true
CoO,SCREENED,0,CoLR0,1,CoLR1,-3/50,response:34bd13d63df29a69:r0:lr_s000_m0p06_screened_scf_base_parent_reference_adaptive_34bd13d63df29a69_base,7.384515,7.384515,1476903/200000,1/2000000,5e-07,.siestaflow/attempts/844a7703a085c37684e4/attempt-1790755830422473172-584a540b/response_34bd13d63df29a69_r0_lr_s000_m0p06_screened_scf_base_parent_refe_844a7703a085/siesta.out,88e255ec08ad28cbe169a64d1effc37cd7c25ce6d65bd50860b711a00b7e9162,88e255ec08ad28cbe169a64d1effc37cd7c25ce6d65bd50860b711a00b7e9162,88e255ec08ad28cbe169a64d1effc37cd7c25ce6d65bd50860b711a00b7e9162,7.384515,7.384515,1476903/200000,true,true
CoO,SCREENED,0,CoLR0,0,CoLR0,1/200,response:34bd13d63df29a69:r2:lr_s000_p0p005_screened_scf_base_parent_reference_adaptive_34bd13d63df29a69_base,7.386000,7.386,3693/500,1/2000000,5e-07,.siestaflow/attempts/ca01f0f4fa5924738854/attempt-1790756290015289685-6266291f/response_34bd13d63df29a69_r2_lr_s000_p0p005_screened_scf_base_parent_ref_ca01f0f4fa59/siesta.out,0aeed5bba88bfaeb89a6eb841ff87eb472e4479f79cf521863ccb7254e1f9486,0aeed5bba88bfaeb89a6eb841ff87eb472e4479f79cf521863ccb7254e1f9486,0aeed5bba88bfaeb89a6eb841ff87eb472e4479f79cf521863ccb7254e1f9486,7.386000,7.386,3693/500,true,true
CoO,SCREENED,0,CoLR0,1,CoLR1,1/200,response:34bd13d63df29a69:r2:lr_s000_p0p005_screened_scf_base_parent_reference_adaptive_34bd13d63df29a69_base,7.386759,7.386759,7386759/1000000,1/2000000,5e-07,.siestaflow/attempts/ca01f0f4fa5924738854/attempt-1790756290015289685-6266291f/response_34bd13d63df29a69_r2_lr_s000_p0p005_screened_scf_base_parent_ref_ca01f0f4fa59/siesta.out,0aeed5bba88bfaeb89a6eb841ff87eb472e4479f79cf521863ccb7254e1f9486,0aeed5bba88bfaeb89a6eb841ff87eb472e4479f79cf521863ccb7254e1f9486,0aeed5bba88bfaeb89a6eb841ff87eb472e4479f79cf521863ccb7254e1f9486,7.386759,7.386759,7386759/1000000,true,true
CoO,SCREENED,0,CoLR0,0,CoLR0,1/100,response:34bd13d63df29a69:r1:lr_s000_p0p01_screened_scf_base_parent_reference_adaptive_34bd13d63df29a69_base,7.385414,7.385414,3692707/500000,1/2000000,5e-07,.siestaflow/attempts/b52e3160b0d3f0dc2e44/attempt-1790756192988171498-904bbbcb/response_34bd13d63df29a69_r1_lr_s000_p0p01_screened_scf_base_parent_refe_b52e3160b0d3/siesta.out,e329c2ad87b3d43d15708a763f0ab66d3cc619755517e365708fe8c8b13c5cf2,e329c2ad87b3d43d15708a763f0ab66d3cc619755517e365708fe8c8b13c5cf2,e329c2ad87b3d43d15708a763f0ab66d3cc619755517e365708fe8c8b13c5cf2,7.385414,7.385414,3692707/500000,true,true
CoO,SCREENED,0,CoLR0,1,CoLR1,1/100,response:34bd13d63df29a69:r1:lr_s000_p0p01_screened_scf_base_parent_reference_adaptive_34bd13d63df29a69_base,7.386933,7.386933,7386933/1000000,1/2000000,5e-07,.siestaflow/attempts/b52e3160b0d3f0dc2e44/attempt-1790756192988171498-904bbbcb/response_34bd13d63df29a69_r1_lr_s000_p0p01_screened_scf_base_parent_refe_b52e3160b0d3/siesta.out,e329c2ad87b3d43d15708a763f0ab66d3cc619755517e365708fe8c8b13c5cf2,e329c2ad87b3d43d15708a763f0ab66d3cc619755517e365708fe8c8b13c5cf2,e329c2ad87b3d43d15708a763f0ab66d3cc619755517e365708fe8c8b13c5cf2,7.386933,7.386933,7386933/1000000,true,true
CoO,SCREENED,0,CoLR0,0,CoLR0,1/50,response:34bd13d63df29a69:r0:lr_s000_p0p02_screened_scf_base_parent_reference_adaptive_34bd13d63df29a69_base,7.384242,7.384242,3692121/500000,1/2000000,5e-07,.siestaflow/attempts/fc9a6599b11cb9b646d0/attempt-1790755915307334426-04fe2e4f/response_34bd13d63df29a69_r0_lr_s000_p0p02_screened_scf_base_parent_refe_fc9a6599b11c/siesta.out,d325305b0a320867ce754d3613cbec44a46f867f7980e50389bbc5799df24978,d325305b0a320867ce754d3613cbec44a46f867f7980e50389bbc5799df24978,d325305b0a320867ce754d3613cbec44a46f867f7980e50389bbc5799df24978,7.384242,7.384242,3692121/500000,true,true
CoO,SCREENED,0,CoLR0,1,CoLR1,1/50,response:34bd13d63df29a69:r0:lr_s000_p0p02_screened_scf_base_parent_reference_adaptive_34bd13d63df29a69_base,7.387280,7.38728,92341/12500,1/2000000,5e-07,.siestaflow/attempts/fc9a6599b11cb9b646d0/attempt-1790755915307334426-04fe2e4f/response_34bd13d63df29a69_r0_lr_s000_p0p02_screened_scf_base_parent_refe_fc9a6599b11c/siesta.out,d325305b0a320867ce754d3613cbec44a46f867f7980e50389bbc5799df24978,d325305b0a320867ce754d3613cbec44a46f867f7980e50389bbc5799df24978,d325305b0a320867ce754d3613cbec44a46f867f7980e50389bbc5799df24978,7.387280,7.38728,92341/12500,true,true
CoO,SCREENED,0,CoLR0,0,CoLR0,1/25,response:34bd13d63df29a69:r0:lr_s000_p0p04_screened_scf_base_parent_reference_adaptive_34bd13d63df29a69_base,7.381899,7.381899,7381899/1000000,1/2000000,5e-07,.siestaflow/attempts/b3a21f91e0220f61fb18/attempt-1790755942061311476-95f5935d/response_34bd13d63df29a69_r0_lr_s000_p0p04_screened_scf_base_parent_refe_b3a21f91e022/siesta.out,eb7cddd9816893c6499400e1deaad91b91f162d91f937dd792fd978f87356e05,eb7cddd9816893c6499400e1deaad91b91f162d91f937dd792fd978f87356e05,eb7cddd9816893c6499400e1deaad91b91f162d91f937dd792fd978f87356e05,7.381899,7.381899,7381899/1000000,true,true
CoO,SCREENED,0,CoLR0,1,CoLR1,1/25,response:34bd13d63df29a69:r0:lr_s000_p0p04_screened_scf_base_parent_reference_adaptive_34bd13d63df29a69_base,7.387973,7.387973,7387973/1000000,1/2000000,5e-07,.siestaflow/attempts/b3a21f91e0220f61fb18/attempt-1790755942061311476-95f5935d/response_34bd13d63df29a69_r0_lr_s000_p0p04_screened_scf_base_parent_refe_b3a21f91e022/siesta.out,eb7cddd9816893c6499400e1deaad91b91f162d91f937dd792fd978f87356e05,eb7cddd9816893c6499400e1deaad91b91f162d91f937dd792fd978f87356e05,eb7cddd9816893c6499400e1deaad91b91f162d91f937dd792fd978f87356e05,7.387973,7.387973,7387973/1000000,true,true
CoO,SCREENED,0,CoLR0,0,CoLR0,3/50,response:34bd13d63df29a69:r0:lr_s000_p0p06_screened_scf_base_parent_reference_adaptive_34bd13d63df29a69_base,7.379557,7.379557,7379557/1000000,1/2000000,5e-07,.siestaflow/attempts/05866562dd7edf44e54c/attempt-1790755970625285094-140a2744/response_34bd13d63df29a69_r0_lr_s000_p0p06_screened_scf_base_parent_refe_05866562dd7e/siesta.out,c6e5012da10b81b4d6cbce65a2f07690b667aaefe3019b43fe0532240f7bb09c,c6e5012da10b81b4d6cbce65a2f07690b667aaefe3019b43fe0532240f7bb09c,c6e5012da10b81b4d6cbce65a2f07690b667aaefe3019b43fe0532240f7bb09c,7.379557,7.379557,7379557/1000000,true,true
CoO,SCREENED,0,CoLR0,1,CoLR1,3/50,response:34bd13d63df29a69:r0:lr_s000_p0p06_screened_scf_base_parent_reference_adaptive_34bd13d63df29a69_base,7.388669,7.388669,7388669/1000000,1/2000000,5e-07,.siestaflow/attempts/05866562dd7edf44e54c/attempt-1790755970625285094-140a2744/response_34bd13d63df29a69_r0_lr_s000_p0p06_screened_scf_base_parent_refe_05866562dd7e/siesta.out,c6e5012da10b81b4d6cbce65a2f07690b667aaefe3019b43fe0532240f7bb09c,c6e5012da10b81b4d6cbce65a2f07690b667aaefe3019b43fe0532240f7bb09c,c6e5012da10b81b4d6cbce65a2f07690b667aaefe3019b43fe0532240f7bb09c,7.388669,7.388669,7388669/1000000,true,true
CoO,SCREENED,1,CoLR1,0,CoLR0,-1/200,response:34bd13d63df29a69:r2:lr_s001_m0p005_screened_scf_base_parent_reference_adaptive_34bd13d63df29a69_base,7.386413,7.386413,7386413/1000000,1/2000000,5e-07,.siestaflow/attempts/ff303287edb447fdaa4b/attempt-1790756317039863804-99327899/response_34bd13d63df29a69_r2_lr_s001_m0p005_screened_scf_base_parent_ref_ff303287edb4/siesta.out,43f4a175728b83c8c959df42b305a51814e953da44ff5ea5b55a3b0aff3674ab,43f4a175728b83c8c959df42b305a51814e953da44ff5ea5b55a3b0aff3674ab,43f4a175728b83c8c959df42b305a51814e953da44ff5ea5b55a3b0aff3674ab,7.386413,7.386413,7386413/1000000,true,true
CoO,SCREENED,1,CoLR1,1,CoLR1,-1/200,response:34bd13d63df29a69:r2:lr_s001_m0p005_screened_scf_base_parent_reference_adaptive_34bd13d63df29a69_base,7.387172,7.387172,1846793/250000,1/2000000,5e-07,.siestaflow/attempts/ff303287edb447fdaa4b/attempt-1790756317039863804-99327899/response_34bd13d63df29a69_r2_lr_s001_m0p005_screened_scf_base_parent_ref_ff303287edb4/siesta.out,43f4a175728b83c8c959df42b305a51814e953da44ff5ea5b55a3b0aff3674ab,43f4a175728b83c8c959df42b305a51814e953da44ff5ea5b55a3b0aff3674ab,43f4a175728b83c8c959df42b305a51814e953da44ff5ea5b55a3b0aff3674ab,7.387172,7.387172,1846793/250000,true,true
CoO,SCREENED,1,CoLR1,0,CoLR0,-1/100,response:34bd13d63df29a69:r1:lr_s001_m0p01_screened_scf_base_parent_reference_adaptive_34bd13d63df29a69_base,7.386243,7.386243,7386243/1000000,1/2000000,5e-07,.siestaflow/attempts/bd251f24a4ddb300d01a/attempt-1790756217684693372-810659b5/response_34bd13d63df29a69_r1_lr_s001_m0p01_screened_scf_base_parent_refe_bd251f24a4dd/siesta.out,e278ae61737d3d96d6297870debcd4c2a90bbdea9a52ec6124d9108fc8a869e4,e278ae61737d3d96d6297870debcd4c2a90bbdea9a52ec6124d9108fc8a869e4,e278ae61737d3d96d6297870debcd4c2a90bbdea9a52ec6124d9108fc8a869e4,7.386243,7.386243,7386243/1000000,true,true
CoO,SCREENED,1,CoLR1,1,CoLR1,-1/100,response:34bd13d63df29a69:r1:lr_s001_m0p01_screened_scf_base_parent_reference_adaptive_34bd13d63df29a69_base,7.387755,7.387755,1477551/200000,1/2000000,5e-07,.siestaflow/attempts/bd251f24a4ddb300d01a/attempt-1790756217684693372-810659b5/response_34bd13d63df29a69_r1_lr_s001_m0p01_screened_scf_base_parent_refe_bd251f24a4dd/siesta.out,e278ae61737d3d96d6297870debcd4c2a90bbdea9a52ec6124d9108fc8a869e4,e278ae61737d3d96d6297870debcd4c2a90bbdea9a52ec6124d9108fc8a869e4,e278ae61737d3d96d6297870debcd4c2a90bbdea9a52ec6124d9108fc8a869e4,7.387755,7.387755,1477551/200000,true,true
CoO,SCREENED,1,CoLR1,0,CoLR0,-1/50,response:34bd13d63df29a69:r0:lr_s001_m0p02_screened_scf_base_parent_reference_adaptive_34bd13d63df29a69_base,7.385894,7.385894,3692947/500000,1/2000000,5e-07,.siestaflow/attempts/66b43be61ae2b759621f/attempt-1790756060372819556-48a219d4/response_34bd13d63df29a69_r0_lr_s001_m0p02_screened_scf_base_parent_refe_66b43be61ae2/siesta.out,b7207ad89bc198a2d1bb992a0d126abdb4593c6e537ede7ef8d90224f35a3eb4,b7207ad89bc198a2d1bb992a0d126abdb4593c6e537ede7ef8d90224f35a3eb4,b7207ad89bc198a2d1bb992a0d126abdb4593c6e537ede7ef8d90224f35a3eb4,7.385894,7.385894,3692947/500000,true,true
CoO,SCREENED,1,CoLR1,1,CoLR1,-1/50,response:34bd13d63df29a69:r0:lr_s001_m0p02_screened_scf_base_parent_reference_adaptive_34bd13d63df29a69_base,7.388929,7.388929,7388929/1000000,1/2000000,5e-07,.siestaflow/attempts/66b43be61ae2b759621f/attempt-1790756060372819556-48a219d4/response_34bd13d63df29a69_r0_lr_s001_m0p02_screened_scf_base_parent_refe_66b43be61ae2/siesta.out,b7207ad89bc198a2d1bb992a0d126abdb4593c6e537ede7ef8d90224f35a3eb4,b7207ad89bc198a2d1bb992a0d126abdb4593c6e537ede7ef8d90224f35a3eb4,b7207ad89bc198a2d1bb992a0d126abdb4593c6e537ede7ef8d90224f35a3eb4,7.388929,7.388929,7388929/1000000,true,true
CoO,SCREENED,1,CoLR1,0,CoLR0,-1/25,response:34bd13d63df29a69:r0:lr_s001_m0p04_screened_scf_base_parent_reference_adaptive_34bd13d63df29a69_base,7.385200,7.3852,18463/2500,1/2000000,5e-07,.siestaflow/attempts/8380341de1cc95bde905/attempt-1790756029930459776-5b4f05e1/response_34bd13d63df29a69_r0_lr_s001_m0p04_screened_scf_base_parent_refe_8380341de1cc/siesta.out,2aedc95149daf8e2fd376bd0bd7e4a806acd75490b5c2828550433c6377bc531,2aedc95149daf8e2fd376bd0bd7e4a806acd75490b5c2828550433c6377bc531,2aedc95149daf8e2fd376bd0bd7e4a806acd75490b5c2828550433c6377bc531,7.385200,7.3852,18463/2500,true,true
CoO,SCREENED,1,CoLR1,1,CoLR1,-1/25,response:34bd13d63df29a69:r0:lr_s001_m0p04_screened_scf_base_parent_reference_adaptive_34bd13d63df29a69_base,7.391272,7.391272,923909/125000,1/2000000,5e-07,.siestaflow/attempts/8380341de1cc95bde905/attempt-1790756029930459776-5b4f05e1/response_34bd13d63df29a69_r0_lr_s001_m0p04_screened_scf_base_parent_refe_8380341de1cc/siesta.out,2aedc95149daf8e2fd376bd0bd7e4a806acd75490b5c2828550433c6377bc531,2aedc95149daf8e2fd376bd0bd7e4a806acd75490b5c2828550433c6377bc531,2aedc95149daf8e2fd376bd0bd7e4a806acd75490b5c2828550433c6377bc531,7.391272,7.391272,923909/125000,true,true
CoO,SCREENED,1,CoLR1,0,CoLR0,-3/50,response:34bd13d63df29a69:r0:lr_s001_m0p06_screened_scf_base_parent_reference_adaptive_34bd13d63df29a69_base,7.384515,7.384515,1476903/200000,1/2000000,5e-07,.siestaflow/attempts/53f73ee0268708208cae/attempt-1790756000388208292-887503c0/response_34bd13d63df29a69_r0_lr_s001_m0p06_screened_scf_base_parent_refe_53f73ee02687/siesta.out,c79fbf2a62b11a5c457a0b52f456ff955c132f0f416834a8ac29af5f41a947d6,c79fbf2a62b11a5c457a0b52f456ff955c132f0f416834a8ac29af5f41a947d6,c79fbf2a62b11a5c457a0b52f456ff955c132f0f416834a8ac29af5f41a947d6,7.384515,7.384515,1476903/200000,true,true
CoO,SCREENED,1,CoLR1,1,CoLR1,-3/50,response:34bd13d63df29a69:r0:lr_s001_m0p06_screened_scf_base_parent_reference_adaptive_34bd13d63df29a69_base,7.393610,7.39361,739361/100000,1/2000000,5e-07,.siestaflow/attempts/53f73ee0268708208cae/attempt-1790756000388208292-887503c0/response_34bd13d63df29a69_r0_lr_s001_m0p06_screened_scf_base_parent_refe_53f73ee02687/siesta.out,c79fbf2a62b11a5c457a0b52f456ff955c132f0f416834a8ac29af5f41a947d6,c79fbf2a62b11a5c457a0b52f456ff955c132f0f416834a8ac29af5f41a947d6,c79fbf2a62b11a5c457a0b52f456ff955c132f0f416834a8ac29af5f41a947d6,7.393610,7.39361,739361/100000,true,true
CoO,SCREENED,1,CoLR1,0,CoLR0,1/200,response:34bd13d63df29a69:r2:lr_s001_p0p005_screened_scf_base_parent_reference_adaptive_34bd13d63df29a69_base,7.386759,7.386759,7386759/1000000,1/2000000,5e-07,.siestaflow/attempts/2677b7d21a0696a973c4/attempt-1790756340821202074-6d22c5ae/response_34bd13d63df29a69_r2_lr_s001_p0p005_screened_scf_base_parent_ref_2677b7d21a06/siesta.out,bcd1c98284c6273e872da2959b1acc38ddbc475002bf93fd9dcca60a245b2362,bcd1c98284c6273e872da2959b1acc38ddbc475002bf93fd9dcca60a245b2362,bcd1c98284c6273e872da2959b1acc38ddbc475002bf93fd9dcca60a245b2362,7.386759,7.386759,7386759/1000000,true,true
CoO,SCREENED,1,CoLR1,1,CoLR1,1/200,response:34bd13d63df29a69:r2:lr_s001_p0p005_screened_scf_base_parent_reference_adaptive_34bd13d63df29a69_base,7.386000,7.386,3693/500,1/2000000,5e-07,.siestaflow/attempts/2677b7d21a0696a973c4/attempt-1790756340821202074-6d22c5ae/response_34bd13d63df29a69_r2_lr_s001_p0p005_screened_scf_base_parent_ref_2677b7d21a06/siesta.out,bcd1c98284c6273e872da2959b1acc38ddbc475002bf93fd9dcca60a245b2362,bcd1c98284c6273e872da2959b1acc38ddbc475002bf93fd9dcca60a245b2362,bcd1c98284c6273e872da2959b1acc38ddbc475002bf93fd9dcca60a245b2362,7.386000,7.386,3693/500,true,true
CoO,SCREENED,1,CoLR1,0,CoLR0,1/100,response:34bd13d63df29a69:r1:lr_s001_p0p01_screened_scf_base_parent_reference_adaptive_34bd13d63df29a69_base,7.386933,7.386933,7386933/1000000,1/2000000,5e-07,.siestaflow/attempts/76326c608c06b5f46725/attempt-1790756241445307471-897d8c6a/response_34bd13d63df29a69_r1_lr_s001_p0p01_screened_scf_base_parent_refe_76326c608c06/siesta.out,f7ca5197a07cadb7b100afbdd36ecc331dbc27d73db18abee66a8538da07a1d0,f7ca5197a07cadb7b100afbdd36ecc331dbc27d73db18abee66a8538da07a1d0,f7ca5197a07cadb7b100afbdd36ecc331dbc27d73db18abee66a8538da07a1d0,7.386933,7.386933,7386933/1000000,true,true
CoO,SCREENED,1,CoLR1,1,CoLR1,1/100,response:34bd13d63df29a69:r1:lr_s001_p0p01_screened_scf_base_parent_reference_adaptive_34bd13d63df29a69_base,7.385414,7.385414,3692707/500000,1/2000000,5e-07,.siestaflow/attempts/76326c608c06b5f46725/attempt-1790756241445307471-897d8c6a/response_34bd13d63df29a69_r1_lr_s001_p0p01_screened_scf_base_parent_refe_76326c608c06/siesta.out,f7ca5197a07cadb7b100afbdd36ecc331dbc27d73db18abee66a8538da07a1d0,f7ca5197a07cadb7b100afbdd36ecc331dbc27d73db18abee66a8538da07a1d0,f7ca5197a07cadb7b100afbdd36ecc331dbc27d73db18abee66a8538da07a1d0,7.385414,7.385414,3692707/500000,true,true
CoO,SCREENED,1,CoLR1,0,CoLR0,1/50,response:34bd13d63df29a69:r0:lr_s001_p0p02_screened_scf_base_parent_reference_adaptive_34bd13d63df29a69_base,7.387280,7.38728,92341/12500,1/2000000,5e-07,.siestaflow/attempts/10e08387f1c3c36064c4/attempt-1790756085404161702-4563c2bb/response_34bd13d63df29a69_r0_lr_s001_p0p02_screened_scf_base_parent_refe_10e08387f1c3/siesta.out,b13f0091bfb3a157aeae52bd2ef613a979cd2579392723fc5c3a85425ee3b5b3,b13f0091bfb3a157aeae52bd2ef613a979cd2579392723fc5c3a85425ee3b5b3,b13f0091bfb3a157aeae52bd2ef613a979cd2579392723fc5c3a85425ee3b5b3,7.387280,7.38728,92341/12500,true,true
CoO,SCREENED,1,CoLR1,1,CoLR1,1/50,response:34bd13d63df29a69:r0:lr_s001_p0p02_screened_scf_base_parent_reference_adaptive_34bd13d63df29a69_base,7.384242,7.384242,3692121/500000,1/2000000,5e-07,.siestaflow/attempts/10e08387f1c3c36064c4/attempt-1790756085404161702-4563c2bb/response_34bd13d63df29a69_r0_lr_s001_p0p02_screened_scf_base_parent_refe_10e08387f1c3/siesta.out,b13f0091bfb3a157aeae52bd2ef613a979cd2579392723fc5c3a85425ee3b5b3,b13f0091bfb3a157aeae52bd2ef613a979cd2579392723fc5c3a85425ee3b5b3,b13f0091bfb3a157aeae52bd2ef613a979cd2579392723fc5c3a85425ee3b5b3,7.384242,7.384242,3692121/500000,true,true
CoO,SCREENED,1,CoLR1,0,CoLR0,1/25,response:34bd13d63df29a69:r0:lr_s001_p0p04_screened_scf_base_parent_reference_adaptive_34bd13d63df29a69_base,7.387974,7.387974,3693987/500000,1/2000000,5e-07,.siestaflow/attempts/db63c8daac252a74f5c2/attempt-1790756112373347183-f1b86fa9/response_34bd13d63df29a69_r0_lr_s001_p0p04_screened_scf_base_parent_refe_db63c8daac25/siesta.out,a1ec47816dcdbb37fa0e31608102daaff86e8d057d25289ee2ebc2e4d7a7ae89,a1ec47816dcdbb37fa0e31608102daaff86e8d057d25289ee2ebc2e4d7a7ae89,a1ec47816dcdbb37fa0e31608102daaff86e8d057d25289ee2ebc2e4d7a7ae89,7.387974,7.387974,3693987/500000,true,true
CoO,SCREENED,1,CoLR1,1,CoLR1,1/25,response:34bd13d63df29a69:r0:lr_s001_p0p04_screened_scf_base_parent_reference_adaptive_34bd13d63df29a69_base,7.381898,7.381898,3690949/500000,1/2000000,5e-07,.siestaflow/attempts/db63c8daac252a74f5c2/attempt-1790756112373347183-f1b86fa9/response_34bd13d63df29a69_r0_lr_s001_p0p04_screened_scf_base_parent_refe_db63c8daac25/siesta.out,a1ec47816dcdbb37fa0e31608102daaff86e8d057d25289ee2ebc2e4d7a7ae89,a1ec47816dcdbb37fa0e31608102daaff86e8d057d25289ee2ebc2e4d7a7ae89,a1ec47816dcdbb37fa0e31608102daaff86e8d057d25289ee2ebc2e4d7a7ae89,7.381898,7.381898,3690949/500000,true,true
CoO,SCREENED,1,CoLR1,0,CoLR0,3/50,response:34bd13d63df29a69:r0:lr_s001_p0p06_screened_scf_base_parent_reference_adaptive_34bd13d63df29a69_base,7.388664,7.388664,923583/125000,1/2000000,5e-07,.siestaflow/attempts/0485cc8543279db134bd/attempt-1790756139186395149-3a3906e1/response_34bd13d63df29a69_r0_lr_s001_p0p06_screened_scf_base_parent_refe_0485cc854327/siesta.out,a3b93644f81e19bb398283afe437af765d5e72561edae2479f1bcf3e4509ccaa,a3b93644f81e19bb398283afe437af765d5e72561edae2479f1bcf3e4509ccaa,a3b93644f81e19bb398283afe437af765d5e72561edae2479f1bcf3e4509ccaa,7.388664,7.388664,923583/125000,true,true
CoO,SCREENED,1,CoLR1,1,CoLR1,3/50,response:34bd13d63df29a69:r0:lr_s001_p0p06_screened_scf_base_parent_reference_adaptive_34bd13d63df29a69_base,7.379560,7.37956,184489/25000,1/2000000,5e-07,.siestaflow/attempts/0485cc8543279db134bd/attempt-1790756139186395149-3a3906e1/response_34bd13d63df29a69_r0_lr_s001_p0p06_screened_scf_base_parent_refe_0485cc854327/siesta.out,a3b93644f81e19bb398283afe437af765d5e72561edae2479f1bcf3e4509ccaa,a3b93644f81e19bb398283afe437af765d5e72561edae2479f1bcf3e4509ccaa,a3b93644f81e19bb398283afe437af765d5e72561edae2479f1bcf3e4509ccaa,7.379560,7.37956,184489/25000,true,true
