Executable      : /home/jmc/.local/siesta-5.4.2-openmpi/bin/siesta
Version         : 5.4.2
Architecture    : x86_64
Compiler version: GNU-13.3.0
Compiler flags  : -fallow-argument-mismatch -O3 -march=native
Parallelisations: MPI
Lua support
ELSI support. Solvers:
   ELPA (internal) 
   NTPoly
   OMM
DFT-D3 support

Runtime information:
* Directory : /mnt/c/Users/Jairo/Downloads/SIESTAFLOW_HUBBARD_RESPONSE_BACKBONE_V0_1_0/campaigns/mno_afmii_strict_lr_v3r2/results/response-matrix-foreground-recovery-v4/B_BARE_m0d100
* Running on 4 nodes in parallel.
>> Start of run:  21-SEP-2026  18:28:38

                           *********************** 
                           *  WELCOME TO SIESTA  * 
                           *********************** 

 NOTE: Siesta V5 introduces some new defaults for basis-set generation
 NOTE: which might lead to slightly different numerical results.
 NOTE: Please see the manual for full details and compatibility measures.


reinit: Reading from standard input
reinit: Dumping input in INPUT_TMP.44989
************************** Dump of input data file ****************************
SystemName MnO PBE LR-U SC222
SystemLabel B_BARE_m0d100
NumberOfAtoms 32
NumberOfSpecies 17
%block ChemicalSpeciesLabel
  1 25 MnLR00
  2 25 MnLR01
  3 25 MnLR02
  4 25 MnLR03
  5 25 MnLR04
  6 25 MnLR05
  7 25 MnLR06
  8 25 MnLR07
  9 25 MnLR08
  10 25 MnLR09
  11 25 MnLR10
  12 25 MnLR11
  13 25 MnLR12
  14 25 MnLR13
  15 25 MnLR14
  16 25 MnLR15
  17 8 O
%endblock ChemicalSpeciesLabel
LatticeConstant 4.4300 Ang
%block LatticeVectors
  0.000000 2.000000 2.000000
  1.000000 0.000000 1.000000
  1.000000 1.000000 0.000000
%endblock LatticeVectors
AtomicCoordinatesFormat Fractional
%block AtomicCoordinatesAndAtomicSpecies
  0.00000000 0.00000000 0.00000000 1 # MnLR00
  0.25000000 0.00000000 0.00000000 2 # MnLR01
  0.12500000 0.25000000 0.25000000 17 # O
  0.37500000 0.25000000 0.25000000 17 # O
  0.00000000 0.00000000 0.50000000 3 # MnLR02
  0.25000000 0.00000000 0.50000000 4 # MnLR03
  0.12500000 0.25000000 0.75000000 17 # O
  0.37500000 0.25000000 0.75000000 17 # O
  0.00000000 0.50000000 0.00000000 5 # MnLR04
  0.25000000 0.50000000 0.00000000 6 # MnLR05
  0.12500000 0.75000000 0.25000000 17 # O
  0.37500000 0.75000000 0.25000000 17 # O
  0.00000000 0.50000000 0.50000000 7 # MnLR06
  0.25000000 0.50000000 0.50000000 8 # MnLR07
  0.12500000 0.75000000 0.75000000 17 # O
  0.37500000 0.75000000 0.75000000 17 # O
  0.50000000 0.00000000 0.00000000 9 # MnLR08
  0.75000000 0.00000000 0.00000000 10 # MnLR09
  0.62500000 0.25000000 0.25000000 17 # O
  0.87500000 0.25000000 0.25000000 17 # O
  0.50000000 0.00000000 0.50000000 11 # MnLR10
  0.75000000 0.00000000 0.50000000 12 # MnLR11
  0.62500000 0.25000000 0.75000000 17 # O
  0.87500000 0.25000000 0.75000000 17 # O
  0.50000000 0.50000000 0.00000000 13 # MnLR12
  0.75000000 0.50000000 0.00000000 14 # MnLR13
  0.62500000 0.75000000 0.25000000 17 # O
  0.87500000 0.75000000 0.25000000 17 # O
  0.50000000 0.50000000 0.50000000 15 # MnLR14
  0.75000000 0.50000000 0.50000000 16 # MnLR15
  0.62500000 0.75000000 0.75000000 17 # O
  0.87500000 0.75000000 0.75000000 17 # O
%endblock AtomicCoordinatesAndAtomicSpecies
XC.Functional GGA
XC.Authors PBE
Spin polarized
PAO.BasisSize DZP
PAO.EnergyShift 0.005 Ry
PAO.SplitNorm 0.15
PAO.BasisType split
MeshCutoff 200 Ry
%block kgrid_Monkhorst_Pack
  3 0 0 0.0
  0 3 0 0.0
  0 0 3 0.0
%endblock kgrid_Monkhorst_Pack
OccupationFunction FD
ElectronicTemperature 300 K
MD.NumCGsteps 0
Write.DM true
WriteMullikenPop 1
%block DM.InitSpin
  1 +5.0
  2 -5.0
  3 +0.0
  4 +0.0
  5 +5.0
  6 -5.0
  7 +0.0
  8 +0.0
  9 +5.0
  10 -5.0
  11 +0.0
  12 +0.0
  13 +5.0
  14 -5.0
  15 +0.0
  16 +0.0
  17 +5.0
  18 -5.0
  19 +0.0
  20 +0.0
  21 +5.0
  22 -5.0
  23 +0.0
  24 +0.0
  25 +5.0
  26 -5.0
  27 +0.0
  28 +0.0
  29 +5.0
  30 -5.0
  31 +0.0
  32 +0.0
%endblock DM.InitSpin
%block DFTU.Proj
  MnLR00 1
  3 2
  +0.0000 0.0000
  0.0000 0.0500
  MnLR01 1
  3 2
  -0.1000 0.0000
  0.0000 0.0500
  MnLR02 1
  3 2
  +0.0000 0.0000
  0.0000 0.0500
  MnLR03 1
  3 2
  +0.0000 0.0000
  0.0000 0.0500
  MnLR04 1
  3 2
  +0.0000 0.0000
  0.0000 0.0500
  MnLR05 1
  3 2
  +0.0000 0.0000
  0.0000 0.0500
  MnLR06 1
  3 2
  +0.0000 0.0000
  0.0000 0.0500
  MnLR07 1
  3 2
  +0.0000 0.0000
  0.0000 0.0500
  MnLR08 1
  3 2
  +0.0000 0.0000
  0.0000 0.0500
  MnLR09 1
  3 2
  +0.0000 0.0000
  0.0000 0.0500
  MnLR10 1
  3 2
  +0.0000 0.0000
  0.0000 0.0500
  MnLR11 1
  3 2
  +0.0000 0.0000
  0.0000 0.0500
  MnLR12 1
  3 2
  +0.0000 0.0000
  0.0000 0.0500
  MnLR13 1
  3 2
  +0.0000 0.0000
  0.0000 0.0500
  MnLR14 1
  3 2
  +0.0000 0.0000
  0.0000 0.0500
  MnLR15 1
  3 2
  +0.0000 0.0000
  0.0000 0.0500
%endblock DFTU.Proj
DFTU.ProjectorGenerationMethod 2
DFTU.CutoffNorm 0.90
DFTU.PotentialShift true
DFTU.FirstIteration true
MaxSCFIterations 1
SCF.MustConverge F
SCF.Mix Hamiltonian
SCF.Mixer.Method Pulay
SCF.Mixer.Weight 0.05
SCF.Mixer.History 8
DM.UseSaveDM true
************************** End of input data file *****************************

reinit: -----------------------------------------------------------------------
reinit: System Name: MnO PBE LR-U SC222
reinit: -----------------------------------------------------------------------
reinit: System Label: B_BARE_m0d100
reinit: -----------------------------------------------------------------------

NOTE on units for spin output: 
{S} is the spin magnetic moment, in units of the Bohr magneton,
assuming a g-factor for the electron spin of exactly 2.
The spin magnetic moment is then numerically equal to the charge inbalance,
in units of electrons, between the spin-up and -down channels.


initatom: Reading input for the pseudopotentials and atomic orbitals ----------
Species number:   1 Atomic number:   25 Label: MnLR00
Species number:   2 Atomic number:   25 Label: MnLR01
Species number:   3 Atomic number:   25 Label: MnLR02
Species number:   4 Atomic number:   25 Label: MnLR03
Species number:   5 Atomic number:   25 Label: MnLR04
Species number:   6 Atomic number:   25 Label: MnLR05
Species number:   7 Atomic number:   25 Label: MnLR06
Species number:   8 Atomic number:   25 Label: MnLR07
Species number:   9 Atomic number:   25 Label: MnLR08
Species number:  10 Atomic number:   25 Label: MnLR09
Species number:  11 Atomic number:   25 Label: MnLR10
Species number:  12 Atomic number:   25 Label: MnLR11
Species number:  13 Atomic number:   25 Label: MnLR12
Species number:  14 Atomic number:   25 Label: MnLR13
Species number:  15 Atomic number:   25 Label: MnLR14
Species number:  16 Atomic number:   25 Label: MnLR15
Species number:  17 Atomic number:    8 Label: O

Ground state valence configuration (from tables):   4s02  4p00  3d05  4f00
Ground state valence configuration (from tables):   4s02  4p00  3d05  4f00
Ground state valence configuration (from tables):   4s02  4p00  3d05  4f00
Ground state valence configuration (from tables):   4s02  4p00  3d05  4f00
Ground state valence configuration (from tables):   4s02  4p00  3d05  4f00
Ground state valence configuration (from tables):   4s02  4p00  3d05  4f00
Ground state valence configuration (from tables):   4s02  4p00  3d05  4f00
Ground state valence configuration (from tables):   4s02  4p00  3d05  4f00
Ground state valence configuration (from tables):   4s02  4p00  3d05  4f00
Ground state valence configuration (from tables):   4s02  4p00  3d05  4f00
Ground state valence configuration (from tables):   4s02  4p00  3d05  4f00
Ground state valence configuration (from tables):   4s02  4p00  3d05  4f00
Ground state valence configuration (from tables):   4s02  4p00  3d05  4f00
Ground state valence configuration (from tables):   4s02  4p00  3d05  4f00
Ground state valence configuration (from tables):   4s02  4p00  3d05  4f00
Ground state valence configuration (from tables):   4s02  4p00  3d05  4f00
Ground state valence configuration (from tables):   2s02  2p04  3d00  4f00

---- Processing specs for species: MnLR00
Reading pseudopotential information in PSML from:
  MnLR00.psml
PSML file version: 1.1
Using libxc ids:  101 130
GGA--PBE XC_GGA_X_PBE--XC_GGA_C_PBE pb
PSML uuid: 124d3920-be63-11e7-41c0-f3027dc3db3e
Semicore shell(s) with  8 electrons included in the valence for MnLR00

---- Processing specs for species: MnLR01
Reading pseudopotential information in PSML from:
  MnLR01.psml
PSML file version: 1.1
Using libxc ids:  101 130
GGA--PBE XC_GGA_X_PBE--XC_GGA_C_PBE pb
PSML uuid: 124d3920-be63-11e7-41c0-f3027dc3db3e
Semicore shell(s) with  8 electrons included in the valence for MnLR01

---- Processing specs for species: MnLR02
Reading pseudopotential information in PSML from:
  MnLR02.psml
PSML file version: 1.1
Using libxc ids:  101 130
GGA--PBE XC_GGA_X_PBE--XC_GGA_C_PBE pb
PSML uuid: 124d3920-be63-11e7-41c0-f3027dc3db3e
Semicore shell(s) with  8 electrons included in the valence for MnLR02

---- Processing specs for species: MnLR03
Reading pseudopotential information in PSML from:
  MnLR03.psml
PSML file version: 1.1
Using libxc ids:  101 130
GGA--PBE XC_GGA_X_PBE--XC_GGA_C_PBE pb
PSML uuid: 124d3920-be63-11e7-41c0-f3027dc3db3e
Semicore shell(s) with  8 electrons included in the valence for MnLR03

---- Processing specs for species: MnLR04
Reading pseudopotential information in PSML from:
  MnLR04.psml
PSML file version: 1.1
Using libxc ids:  101 130
GGA--PBE XC_GGA_X_PBE--XC_GGA_C_PBE pb
PSML uuid: 124d3920-be63-11e7-41c0-f3027dc3db3e
Semicore shell(s) with  8 electrons included in the valence for MnLR04

---- Processing specs for species: MnLR05
Reading pseudopotential information in PSML from:
  MnLR05.psml
PSML file version: 1.1
Using libxc ids:  101 130
GGA--PBE XC_GGA_X_PBE--XC_GGA_C_PBE pb
PSML uuid: 124d3920-be63-11e7-41c0-f3027dc3db3e
Semicore shell(s) with  8 electrons included in the valence for MnLR05

---- Processing specs for species: MnLR06
Reading pseudopotential information in PSML from:
  MnLR06.psml
PSML file version: 1.1
Using libxc ids:  101 130
GGA--PBE XC_GGA_X_PBE--XC_GGA_C_PBE pb
PSML uuid: 124d3920-be63-11e7-41c0-f3027dc3db3e
Semicore shell(s) with  8 electrons included in the valence for MnLR06

---- Processing specs for species: MnLR07
Reading pseudopotential information in PSML from:
  MnLR07.psml
PSML file version: 1.1
Using libxc ids:  101 130
GGA--PBE XC_GGA_X_PBE--XC_GGA_C_PBE pb
PSML uuid: 124d3920-be63-11e7-41c0-f3027dc3db3e
Semicore shell(s) with  8 electrons included in the valence for MnLR07

---- Processing specs for species: MnLR08
Reading pseudopotential information in PSML from:
  MnLR08.psml
PSML file version: 1.1
Using libxc ids:  101 130
GGA--PBE XC_GGA_X_PBE--XC_GGA_C_PBE pb
PSML uuid: 124d3920-be63-11e7-41c0-f3027dc3db3e
Semicore shell(s) with  8 electrons included in the valence for MnLR08

---- Processing specs for species: MnLR09
Reading pseudopotential information in PSML from:
  MnLR09.psml
PSML file version: 1.1
Using libxc ids:  101 130
GGA--PBE XC_GGA_X_PBE--XC_GGA_C_PBE pb
PSML uuid: 124d3920-be63-11e7-41c0-f3027dc3db3e
Semicore shell(s) with  8 electrons included in the valence for MnLR09

---- Processing specs for species: MnLR10
Reading pseudopotential information in PSML from:
  MnLR10.psml
PSML file version: 1.1
Using libxc ids:  101 130
GGA--PBE XC_GGA_X_PBE--XC_GGA_C_PBE pb
PSML uuid: 124d3920-be63-11e7-41c0-f3027dc3db3e
Semicore shell(s) with  8 electrons included in the valence for MnLR10

---- Processing specs for species: MnLR11
Reading pseudopotential information in PSML from:
  MnLR11.psml
PSML file version: 1.1
Using libxc ids:  101 130
GGA--PBE XC_GGA_X_PBE--XC_GGA_C_PBE pb
PSML uuid: 124d3920-be63-11e7-41c0-f3027dc3db3e
Semicore shell(s) with  8 electrons included in the valence for MnLR11

---- Processing specs for species: MnLR12
Reading pseudopotential information in PSML from:
  MnLR12.psml
PSML file version: 1.1
Using libxc ids:  101 130
GGA--PBE XC_GGA_X_PBE--XC_GGA_C_PBE pb
PSML uuid: 124d3920-be63-11e7-41c0-f3027dc3db3e
Semicore shell(s) with  8 electrons included in the valence for MnLR12

---- Processing specs for species: MnLR13
Reading pseudopotential information in PSML from:
  MnLR13.psml
PSML file version: 1.1
Using libxc ids:  101 130
GGA--PBE XC_GGA_X_PBE--XC_GGA_C_PBE pb
PSML uuid: 124d3920-be63-11e7-41c0-f3027dc3db3e
Semicore shell(s) with  8 electrons included in the valence for MnLR13

---- Processing specs for species: MnLR14
Reading pseudopotential information in PSML from:
  MnLR14.psml
PSML file version: 1.1
Using libxc ids:  101 130
GGA--PBE XC_GGA_X_PBE--XC_GGA_C_PBE pb
PSML uuid: 124d3920-be63-11e7-41c0-f3027dc3db3e
Semicore shell(s) with  8 electrons included in the valence for MnLR14

---- Processing specs for species: MnLR15
Reading pseudopotential information in PSML from:
  MnLR15.psml
PSML file version: 1.1
Using libxc ids:  101 130
GGA--PBE XC_GGA_X_PBE--XC_GGA_C_PBE pb
PSML uuid: 124d3920-be63-11e7-41c0-f3027dc3db3e
Semicore shell(s) with  8 electrons included in the valence for MnLR15

---- Processing specs for species: O
Reading pseudopotential information in PSML from:
  O.psml
PSML file version: 1.1
Using libxc ids:  101 130
GGA--PBE XC_GGA_X_PBE--XC_GGA_C_PBE pb
PSML uuid: 3cff85a0-be41-11e7-6c5c-1b1fe64d18ef

---- Pseudopotential check for Mn

Pseudized shells:
3s( 2.00) rc: 1.11
3p( 6.00) rc: 1.11
3d( 5.00) rc: 1.36
Valence configuration for ps generation: 3s:3p:3d:4s: Total charge:  15.000000
Semicore shell(s): 3s 3p
Fallback to non-perturbative polarization scheme for MnLR00
Please see the manual if this is not desired in principle

---- Pseudopotential check for Mn

Pseudized shells:
3s( 2.00) rc: 1.11
3p( 6.00) rc: 1.11
3d( 5.00) rc: 1.36
Valence configuration for ps generation: 3s:3p:3d:4s: Total charge:  15.000000
Semicore shell(s): 3s 3p
Fallback to non-perturbative polarization scheme for MnLR01
Please see the manual if this is not desired in principle

---- Pseudopotential check for Mn

Pseudized shells:
3s( 2.00) rc: 1.11
3p( 6.00) rc: 1.11
3d( 5.00) rc: 1.36
Valence configuration for ps generation: 3s:3p:3d:4s: Total charge:  15.000000
Semicore shell(s): 3s 3p
Fallback to non-perturbative polarization scheme for MnLR02
Please see the manual if this is not desired in principle

---- Pseudopotential check for Mn

Pseudized shells:
3s( 2.00) rc: 1.11
3p( 6.00) rc: 1.11
3d( 5.00) rc: 1.36
Valence configuration for ps generation: 3s:3p:3d:4s: Total charge:  15.000000
Semicore shell(s): 3s 3p
Fallback to non-perturbative polarization scheme for MnLR03
Please see the manual if this is not desired in principle

---- Pseudopotential check for Mn

Pseudized shells:
3s( 2.00) rc: 1.11
3p( 6.00) rc: 1.11
3d( 5.00) rc: 1.36
Valence configuration for ps generation: 3s:3p:3d:4s: Total charge:  15.000000
Semicore shell(s): 3s 3p
Fallback to non-perturbative polarization scheme for MnLR04
Please see the manual if this is not desired in principle

---- Pseudopotential check for Mn

Pseudized shells:
3s( 2.00) rc: 1.11
3p( 6.00) rc: 1.11
3d( 5.00) rc: 1.36
Valence configuration for ps generation: 3s:3p:3d:4s: Total charge:  15.000000
Semicore shell(s): 3s 3p
Fallback to non-perturbative polarization scheme for MnLR05
Please see the manual if this is not desired in principle

---- Pseudopotential check for Mn

Pseudized shells:
3s( 2.00) rc: 1.11
3p( 6.00) rc: 1.11
3d( 5.00) rc: 1.36
Valence configuration for ps generation: 3s:3p:3d:4s: Total charge:  15.000000
Semicore shell(s): 3s 3p
Fallback to non-perturbative polarization scheme for MnLR06
Please see the manual if this is not desired in principle

---- Pseudopotential check for Mn

Pseudized shells:
3s( 2.00) rc: 1.11
3p( 6.00) rc: 1.11
3d( 5.00) rc: 1.36
Valence configuration for ps generation: 3s:3p:3d:4s: Total charge:  15.000000
Semicore shell(s): 3s 3p
Fallback to non-perturbative polarization scheme for MnLR07
Please see the manual if this is not desired in principle

---- Pseudopotential check for Mn

Pseudized shells:
3s( 2.00) rc: 1.11
3p( 6.00) rc: 1.11
3d( 5.00) rc: 1.36
Valence configuration for ps generation: 3s:3p:3d:4s: Total charge:  15.000000
Semicore shell(s): 3s 3p
Fallback to non-perturbative polarization scheme for MnLR08
Please see the manual if this is not desired in principle

---- Pseudopotential check for Mn

Pseudized shells:
3s( 2.00) rc: 1.11
3p( 6.00) rc: 1.11
3d( 5.00) rc: 1.36
Valence configuration for ps generation: 3s:3p:3d:4s: Total charge:  15.000000
Semicore shell(s): 3s 3p
Fallback to non-perturbative polarization scheme for MnLR09
Please see the manual if this is not desired in principle

---- Pseudopotential check for Mn

Pseudized shells:
3s( 2.00) rc: 1.11
3p( 6.00) rc: 1.11
3d( 5.00) rc: 1.36
Valence configuration for ps generation: 3s:3p:3d:4s: Total charge:  15.000000
Semicore shell(s): 3s 3p
Fallback to non-perturbative polarization scheme for MnLR10
Please see the manual if this is not desired in principle

---- Pseudopotential check for Mn

Pseudized shells:
3s( 2.00) rc: 1.11
3p( 6.00) rc: 1.11
3d( 5.00) rc: 1.36
Valence configuration for ps generation: 3s:3p:3d:4s: Total charge:  15.000000
Semicore shell(s): 3s 3p
Fallback to non-perturbative polarization scheme for MnLR11
Please see the manual if this is not desired in principle

---- Pseudopotential check for Mn

Pseudized shells:
3s( 2.00) rc: 1.11
3p( 6.00) rc: 1.11
3d( 5.00) rc: 1.36
Valence configuration for ps generation: 3s:3p:3d:4s: Total charge:  15.000000
Semicore shell(s): 3s 3p
Fallback to non-perturbative polarization scheme for MnLR12
Please see the manual if this is not desired in principle

---- Pseudopotential check for Mn

Pseudized shells:
3s( 2.00) rc: 1.11
3p( 6.00) rc: 1.11
3d( 5.00) rc: 1.36
Valence configuration for ps generation: 3s:3p:3d:4s: Total charge:  15.000000
Semicore shell(s): 3s 3p
Fallback to non-perturbative polarization scheme for MnLR13
Please see the manual if this is not desired in principle

---- Pseudopotential check for Mn

Pseudized shells:
3s( 2.00) rc: 1.11
3p( 6.00) rc: 1.11
3d( 5.00) rc: 1.36
Valence configuration for ps generation: 3s:3p:3d:4s: Total charge:  15.000000
Semicore shell(s): 3s 3p
Fallback to non-perturbative polarization scheme for MnLR14
Please see the manual if this is not desired in principle

---- Pseudopotential check for Mn

Pseudized shells:
3s( 2.00) rc: 1.11
3p( 6.00) rc: 1.11
3d( 5.00) rc: 1.36
Valence configuration for ps generation: 3s:3p:3d:4s: Total charge:  15.000000
Semicore shell(s): 3s 3p
Fallback to non-perturbative polarization scheme for MnLR15
Please see the manual if this is not desired in principle

---- Pseudopotential check for O 

Pseudized shells:
2s( 2.00) rc: 1.36
2p( 4.00) rc: 1.46
3d( 0.00) rc: 1.26
Valence configuration for ps generation: 2s:2p: Total charge:   6.000000
For MnLR00, standard SIESTA heuristics set lmxkb to 3
 (one more than the basis l, including polarization orbitals).
Use PS.lmax or PS.KBprojectors blocks to override.
For MnLR01, standard SIESTA heuristics set lmxkb to 3
 (one more than the basis l, including polarization orbitals).
Use PS.lmax or PS.KBprojectors blocks to override.
For MnLR02, standard SIESTA heuristics set lmxkb to 3
 (one more than the basis l, including polarization orbitals).
Use PS.lmax or PS.KBprojectors blocks to override.
For MnLR03, standard SIESTA heuristics set lmxkb to 3
 (one more than the basis l, including polarization orbitals).
Use PS.lmax or PS.KBprojectors blocks to override.
For MnLR04, standard SIESTA heuristics set lmxkb to 3
 (one more than the basis l, including polarization orbitals).
Use PS.lmax or PS.KBprojectors blocks to override.
For MnLR05, standard SIESTA heuristics set lmxkb to 3
 (one more than the basis l, including polarization orbitals).
Use PS.lmax or PS.KBprojectors blocks to override.
For MnLR06, standard SIESTA heuristics set lmxkb to 3
 (one more than the basis l, including polarization orbitals).
Use PS.lmax or PS.KBprojectors blocks to override.
For MnLR07, standard SIESTA heuristics set lmxkb to 3
 (one more than the basis l, including polarization orbitals).
Use PS.lmax or PS.KBprojectors blocks to override.
For MnLR08, standard SIESTA heuristics set lmxkb to 3
 (one more than the basis l, including polarization orbitals).
Use PS.lmax or PS.KBprojectors blocks to override.
For MnLR09, standard SIESTA heuristics set lmxkb to 3
 (one more than the basis l, including polarization orbitals).
Use PS.lmax or PS.KBprojectors blocks to override.
For MnLR10, standard SIESTA heuristics set lmxkb to 3
 (one more than the basis l, including polarization orbitals).
Use PS.lmax or PS.KBprojectors blocks to override.
For MnLR11, standard SIESTA heuristics set lmxkb to 3
 (one more than the basis l, including polarization orbitals).
Use PS.lmax or PS.KBprojectors blocks to override.
For MnLR12, standard SIESTA heuristics set lmxkb to 3
 (one more than the basis l, including polarization orbitals).
Use PS.lmax or PS.KBprojectors blocks to override.
For MnLR13, standard SIESTA heuristics set lmxkb to 3
 (one more than the basis l, including polarization orbitals).
Use PS.lmax or PS.KBprojectors blocks to override.
For MnLR14, standard SIESTA heuristics set lmxkb to 3
 (one more than the basis l, including polarization orbitals).
Use PS.lmax or PS.KBprojectors blocks to override.
For MnLR15, standard SIESTA heuristics set lmxkb to 3
 (one more than the basis l, including polarization orbitals).
Use PS.lmax or PS.KBprojectors blocks to override.
For O, standard SIESTA heuristics set lmxkb to 3
 (one more than the basis l, including polarization orbitals).
Use PS.lmax or PS.KBprojectors blocks to override.
MnLR00 pseudopotential only contains V_ls up to l=2 -- lmxkb reset.
MnLR01 pseudopotential only contains V_ls up to l=2 -- lmxkb reset.
MnLR02 pseudopotential only contains V_ls up to l=2 -- lmxkb reset.
MnLR03 pseudopotential only contains V_ls up to l=2 -- lmxkb reset.
MnLR04 pseudopotential only contains V_ls up to l=2 -- lmxkb reset.
MnLR05 pseudopotential only contains V_ls up to l=2 -- lmxkb reset.
MnLR06 pseudopotential only contains V_ls up to l=2 -- lmxkb reset.
MnLR07 pseudopotential only contains V_ls up to l=2 -- lmxkb reset.
MnLR08 pseudopotential only contains V_ls up to l=2 -- lmxkb reset.
MnLR09 pseudopotential only contains V_ls up to l=2 -- lmxkb reset.
MnLR10 pseudopotential only contains V_ls up to l=2 -- lmxkb reset.
MnLR11 pseudopotential only contains V_ls up to l=2 -- lmxkb reset.
MnLR12 pseudopotential only contains V_ls up to l=2 -- lmxkb reset.
MnLR13 pseudopotential only contains V_ls up to l=2 -- lmxkb reset.
MnLR14 pseudopotential only contains V_ls up to l=2 -- lmxkb reset.
MnLR15 pseudopotential only contains V_ls up to l=2 -- lmxkb reset.
O pseudopotential only contains V_ls up to l=2 -- lmxkb reset.

<basis_specs>
===============================================================================
MnLR00               Z=  25    Mass=  54.938        Charge= 0.17977+309
Lmxo=2 Lmxkb= 2    BasisType=split      Semic=T
L=0  Nsemic=1  Cnfigmx=4
          i=1  nzeta=1  polorb=0  (3s)  (semicore shell)
            splnorm:   0.15000    
               vcte:    40.000    
               rinn:  -0.90000    
               qcoe:    0.0000    
               qyuk:    0.0000    
               qwid:   0.10000E-01
                rcs:    0.0000    
            lambdas:    1.0000    
          i=2  nzeta=2  polorb=0  (4s)  (to be polarized non-perturbatively)
            splnorm:   0.15000    
               vcte:    40.000    
               rinn:  -0.90000    
               qcoe:    0.0000    
               qyuk:    0.0000    
               qwid:   0.10000E-01
                rcs:    0.0000      0.0000    
            lambdas:    1.0000      1.0000    
L=1  Nsemic=1  Cnfigmx=4
          i=1  nzeta=1  polorb=0  (3p)  (semicore shell)
            splnorm:   0.15000    
               vcte:    40.000    
               rinn:  -0.90000    
               qcoe:    0.0000    
               qyuk:    0.0000    
               qwid:   0.10000E-01
                rcs:    0.0000    
            lambdas:    1.0000    
          i=2  nzeta=1  polorb=0  (4p)  (non-perturbative polarization shell)
            splnorm:   0.15000    
               vcte:    40.000    
               rinn:  -0.90000    
               qcoe:    0.0000    
               qyuk:    0.0000    
               qwid:   0.10000E-01
                rcs:    0.0000    
            lambdas:    1.0000    
L=2  Nsemic=0  Cnfigmx=3
          i=1  nzeta=2  polorb=0  (3d)
            splnorm:   0.15000    
               vcte:    40.000    
               rinn:  -0.90000    
               qcoe:    0.0000    
               qyuk:    0.0000    
               qwid:   0.10000E-01
                rcs:    0.0000      0.0000    
            lambdas:    1.0000      1.0000    
-------------------------------------------------------------------------------
L=0  Nkbl=2  erefs: 0.17977+309 0.17977+309
L=1  Nkbl=2  erefs: 0.17977+309 0.17977+309
L=2  Nkbl=1  erefs: 0.17977+309
-------------------------------------------------------------------------------
L=2  n=3
                  U:    0.0000    
                  J:    0.0000    
               rinn:  -0.90000    
               vcte:    40.000    
             lambda:    1.0000    
              width:   0.50000E-01
                 rc:    0.0000    
            dnrm_rc:   0.90000    
===============================================================================
</basis_specs>

Using PAO.SplitTailNorm
atom: Called for MnLR00                (Z =  25)
Maximum radius (at nrval) set to   50.00000 8518

read_vps: Pseudopotential generation method:
read_vps: ONCVPSP-3.Hamann's oncvpsp                        
Valence charge in pseudo generation:   15.00000

read_vps: Pseudopotential includes a core correction:
read_vps: Pseudo-core for xc-correction

xc_check: Exchange-correlation functional:
xc_check: GGA Perdew, Burke & Ernzerhof 1996
Got Vlocal (oncv-fit) from psml data
Choosing vlocal chloc cutoff:  5.072635
qtot up to nchloc:   14.99974639
atom: Maximum radius for chlocal:    5.07263
atom: Maximum radius for r*vlocal+2*Zval:    5.07263
Reading KB projs from MnLR00 psml data
Using scalar-relativistic projectors in PSML file

PSML: Kleinman-Bylander projectors: 
   l= 0   rc=  1.126360   Ekb= 44.071529
   l= 0   rc=  1.126360   Ekb=  4.652397
   l= 1   rc=  1.126360   Ekb=  5.643412
   l= 1   rc=  1.126360   Ekb= -0.294693
   l= 2   rc=  1.379341   Ekb=-17.489238
   l= 2   rc=  1.379341   Ekb= -5.035197

PSML: Total number of  Kleinman-Bylander projectors:  18
atom: -------------------------------------------------------------------------

atom: SANKEY-TYPE ORBITALS:
atom: Selected multiple-zeta basis: split     

SPLIT: Orbitals with angular momentum L= 0

SPLIT: Basis orbitals for state 3s

SPLIT: PAO cut-off radius determined from an
SPLIT: energy shift=  0.005000 Ry
Split based on tail norm

   izeta = 1
                 lambda =    1.000000
                     rc =    2.624859
                 energy =   -6.306495
                kinetic =    3.306165
    potential(screened) =   -9.612660
       potential(ionic) =  -33.847844

SPLIT: Basis orbitals for state 4s

SPLIT: PAO cut-off radius determined from an
SPLIT: energy shift=  0.005000 Ry
Split based on tail norm

   izeta = 1
                 lambda =    1.000000
                     rc =    7.656267
                 energy =   -0.378139
                kinetic =    0.866966
    potential(screened) =   -1.245104
       potential(ionic) =  -12.037293

   izeta = 2
                 rmatch =    5.435719
              splitnorm =    0.150000
                 energy =   -0.263593
                kinetic =    1.460417
    potential(screened) =   -1.724009
       potential(ionic) =  -14.443555

SPLIT: Orbitals with angular momentum L= 1

SPLIT: Basis orbitals for state 3p

SPLIT: PAO cut-off radius determined from an
SPLIT: energy shift=  0.005000 Ry
Split based on tail norm

   izeta = 1
                 lambda =    1.000000
                     rc =    2.931236
                 energy =   -4.007005
                kinetic =    7.025810
    potential(screened) =  -11.032815
       potential(ionic) =  -34.720569

SPLIT: Basis orbitals for state 4p
SPLIT: Non-perturbative polarization orbs for state 4s
SPLIT: rc(1st zeta) (re)set to: 7.6563 (expansion factor: 1.0000)
Split based on tail norm

   izeta = 1
                 lambda =    1.000000
                     rc =    7.656267
                 energy =   -0.062352
                kinetic =    0.877572
    potential(screened) =   -0.939925
       potential(ionic) =   -9.910999

SPLIT: Orbitals with angular momentum L= 2

SPLIT: Basis orbitals for state 3d

SPLIT: PAO cut-off radius determined from an
SPLIT: energy shift=  0.005000 Ry
Split based on tail norm

   izeta = 1
                 lambda =    1.000000
                     rc =    4.762307
                 energy =   -0.492112
                kinetic =   10.478183
    potential(screened) =  -10.970295
       potential(ionic) =  -32.102142

   izeta = 2
                 rmatch =    2.867235
              splitnorm =    0.150000
                 energy =   -0.364028
                kinetic =   12.809108
    potential(screened) =  -13.173136
       potential(ionic) =  -36.026006
atom: Total number of Sankey-type orbitals: 19

atm_pop: Valence configuration (for local Pseudopot. screening):
 3s( 2.00) 4s( 2.00)                                                  
 3p( 6.00) 4p( 0.00)                                                  
 3d( 5.00)                                                            
Vna: chval, zval:   15.00000  15.00000

Vna:  Cut-off radius for the neutral-atom potential:   7.656267
comcore: Pseudo-core radius Rcore=  2.112999

atom: _________________________________________________________________________
Maximum radius (at nrval) set to   50.00000 8518

DFTUprojs with principal quantum number n =  3
DFTUprojs with angular momentum l =  2
DFTUprojs with U        =      0.00000
DFTUprojs with J        =      0.00000
DFTUprojs with lambda   =      1.00000
DFTUprojs with rc       =      0.00000
DFTUprojs with nnodes   =     1
DFTUprojs with nprin    =     3
DFTUprojs with nrval    =  8517
DFTUprojs with nrwf     =  8517
DFTUprojs with nrmax    = 20000
DFTUprojs with zval     =     15.00000
DFTUprojs with a        =      0.00100
DFTUprojs with b        =      0.01000
dftu_proj_gen: updating the rc to     19.951986979740 Bohr

<basis_specs>
===============================================================================
MnLR01               Z=  25    Mass=  54.938        Charge= 0.17977+309
Lmxo=2 Lmxkb= 2    BasisType=split      Semic=T
L=0  Nsemic=1  Cnfigmx=4
          i=1  nzeta=1  polorb=0  (3s)  (semicore shell)
            splnorm:   0.15000    
               vcte:    40.000    
               rinn:  -0.90000    
               qcoe:    0.0000    
               qyuk:    0.0000    
               qwid:   0.10000E-01
                rcs:    0.0000    
            lambdas:    1.0000    
          i=2  nzeta=2  polorb=0  (4s)  (to be polarized non-perturbatively)
            splnorm:   0.15000    
               vcte:    40.000    
               rinn:  -0.90000    
               qcoe:    0.0000    
               qyuk:    0.0000    
               qwid:   0.10000E-01
                rcs:    0.0000      0.0000    
            lambdas:    1.0000      1.0000    
L=1  Nsemic=1  Cnfigmx=4
          i=1  nzeta=1  polorb=0  (3p)  (semicore shell)
            splnorm:   0.15000    
               vcte:    40.000    
               rinn:  -0.90000    
               qcoe:    0.0000    
               qyuk:    0.0000    
               qwid:   0.10000E-01
                rcs:    0.0000    
            lambdas:    1.0000    
          i=2  nzeta=1  polorb=0  (4p)  (non-perturbative polarization shell)
            splnorm:   0.15000    
               vcte:    40.000    
               rinn:  -0.90000    
               qcoe:    0.0000    
               qyuk:    0.0000    
               qwid:   0.10000E-01
                rcs:    0.0000    
            lambdas:    1.0000    
L=2  Nsemic=0  Cnfigmx=3
          i=1  nzeta=2  polorb=0  (3d)
            splnorm:   0.15000    
               vcte:    40.000    
               rinn:  -0.90000    
               qcoe:    0.0000    
               qyuk:    0.0000    
               qwid:   0.10000E-01
                rcs:    0.0000      0.0000    
            lambdas:    1.0000      1.0000    
-------------------------------------------------------------------------------
L=0  Nkbl=2  erefs: 0.17977+309 0.17977+309
L=1  Nkbl=2  erefs: 0.17977+309 0.17977+309
L=2  Nkbl=1  erefs: 0.17977+309
-------------------------------------------------------------------------------
L=2  n=3
                  U:  -0.73499E-02
                  J:    0.0000    
               rinn:  -0.90000    
               vcte:    40.000    
             lambda:    1.0000    
              width:   0.50000E-01
                 rc:    0.0000    
            dnrm_rc:   0.90000    
===============================================================================
</basis_specs>

Using PAO.SplitTailNorm
atom: Called for MnLR01                (Z =  25)
Maximum radius (at nrval) set to   50.00000 8518

read_vps: Pseudopotential generation method:
read_vps: ONCVPSP-3.Hamann's oncvpsp                        
Valence charge in pseudo generation:   15.00000

read_vps: Pseudopotential includes a core correction:
read_vps: Pseudo-core for xc-correction

xc_check: Exchange-correlation functional:
xc_check: GGA Perdew, Burke & Ernzerhof 1996
Got Vlocal (oncv-fit) from psml data
Choosing vlocal chloc cutoff:  5.072635
qtot up to nchloc:   14.99974639
atom: Maximum radius for chlocal:    5.07263
atom: Maximum radius for r*vlocal+2*Zval:    5.07263
Reading KB projs from MnLR01 psml data
Using scalar-relativistic projectors in PSML file

PSML: Kleinman-Bylander projectors: 
   l= 0   rc=  1.126360   Ekb= 44.071529
   l= 0   rc=  1.126360   Ekb=  4.652397
   l= 1   rc=  1.126360   Ekb=  5.643412
   l= 1   rc=  1.126360   Ekb= -0.294693
   l= 2   rc=  1.379341   Ekb=-17.489238
   l= 2   rc=  1.379341   Ekb= -5.035197

PSML: Total number of  Kleinman-Bylander projectors:  18
atom: -------------------------------------------------------------------------

atom: SANKEY-TYPE ORBITALS:
atom: Selected multiple-zeta basis: split     

SPLIT: Orbitals with angular momentum L= 0

SPLIT: Basis orbitals for state 3s

SPLIT: PAO cut-off radius determined from an
SPLIT: energy shift=  0.005000 Ry
Split based on tail norm

   izeta = 1
                 lambda =    1.000000
                     rc =    2.624859
                 energy =   -6.306495
                kinetic =    3.306165
    potential(screened) =   -9.612660
       potential(ionic) =  -33.847844

SPLIT: Basis orbitals for state 4s

SPLIT: PAO cut-off radius determined from an
SPLIT: energy shift=  0.005000 Ry
Split based on tail norm

   izeta = 1
                 lambda =    1.000000
                     rc =    7.656267
                 energy =   -0.378139
                kinetic =    0.866966
    potential(screened) =   -1.245104
       potential(ionic) =  -12.037293

   izeta = 2
                 rmatch =    5.435719
              splitnorm =    0.150000
                 energy =   -0.263593
                kinetic =    1.460417
    potential(screened) =   -1.724009
       potential(ionic) =  -14.443555

SPLIT: Orbitals with angular momentum L= 1

SPLIT: Basis orbitals for state 3p

SPLIT: PAO cut-off radius determined from an
SPLIT: energy shift=  0.005000 Ry
Split based on tail norm

   izeta = 1
                 lambda =    1.000000
                     rc =    2.931236
                 energy =   -4.007005
                kinetic =    7.025810
    potential(screened) =  -11.032815
       potential(ionic) =  -34.720569

SPLIT: Basis orbitals for state 4p
SPLIT: Non-perturbative polarization orbs for state 4s
SPLIT: rc(1st zeta) (re)set to: 7.6563 (expansion factor: 1.0000)
Split based on tail norm

   izeta = 1
                 lambda =    1.000000
                     rc =    7.656267
                 energy =   -0.062352
                kinetic =    0.877572
    potential(screened) =   -0.939925
       potential(ionic) =   -9.910999

SPLIT: Orbitals with angular momentum L= 2

SPLIT: Basis orbitals for state 3d

SPLIT: PAO cut-off radius determined from an
SPLIT: energy shift=  0.005000 Ry
Split based on tail norm

   izeta = 1
                 lambda =    1.000000
                     rc =    4.762307
                 energy =   -0.492112
                kinetic =   10.478183
    potential(screened) =  -10.970295
       potential(ionic) =  -32.102142

   izeta = 2
                 rmatch =    2.867235
              splitnorm =    0.150000
                 energy =   -0.364028
                kinetic =   12.809108
    potential(screened) =  -13.173136
       potential(ionic) =  -36.026006
atom: Total number of Sankey-type orbitals: 19

atm_pop: Valence configuration (for local Pseudopot. screening):
 3s( 2.00) 4s( 2.00)                                                  
 3p( 6.00) 4p( 0.00)                                                  
 3d( 5.00)                                                            
Vna: chval, zval:   15.00000  15.00000

Vna:  Cut-off radius for the neutral-atom potential:   7.656267
comcore: Pseudo-core radius Rcore=  2.112999

atom: _________________________________________________________________________
Maximum radius (at nrval) set to   50.00000 8518

DFTUprojs with principal quantum number n =  3
DFTUprojs with angular momentum l =  2
DFTUprojs with U        =     -0.00735
DFTUprojs with J        =      0.00000
DFTUprojs with lambda   =      1.00000
DFTUprojs with rc       =      0.00000
DFTUprojs with nnodes   =     1
DFTUprojs with nprin    =     3
DFTUprojs with nrval    =  8517
DFTUprojs with nrwf     =  8517
DFTUprojs with nrmax    = 20000
DFTUprojs with zval     =     15.00000
DFTUprojs with a        =      0.00100
DFTUprojs with b        =      0.01000
dftu_proj_gen: updating the rc to     19.951986979740 Bohr

<basis_specs>
===============================================================================
MnLR02               Z=  25    Mass=  54.938        Charge= 0.17977+309
Lmxo=2 Lmxkb= 2    BasisType=split      Semic=T
L=0  Nsemic=1  Cnfigmx=4
          i=1  nzeta=1  polorb=0  (3s)  (semicore shell)
            splnorm:   0.15000    
               vcte:    40.000    
               rinn:  -0.90000    
               qcoe:    0.0000    
               qyuk:    0.0000    
               qwid:   0.10000E-01
                rcs:    0.0000    
            lambdas:    1.0000    
          i=2  nzeta=2  polorb=0  (4s)  (to be polarized non-perturbatively)
            splnorm:   0.15000    
               vcte:    40.000    
               rinn:  -0.90000    
               qcoe:    0.0000    
               qyuk:    0.0000    
               qwid:   0.10000E-01
                rcs:    0.0000      0.0000    
            lambdas:    1.0000      1.0000    
L=1  Nsemic=1  Cnfigmx=4
          i=1  nzeta=1  polorb=0  (3p)  (semicore shell)
            splnorm:   0.15000    
               vcte:    40.000    
               rinn:  -0.90000    
               qcoe:    0.0000    
               qyuk:    0.0000    
               qwid:   0.10000E-01
                rcs:    0.0000    
            lambdas:    1.0000    
          i=2  nzeta=1  polorb=0  (4p)  (non-perturbative polarization shell)
            splnorm:   0.15000    
               vcte:    40.000    
               rinn:  -0.90000    
               qcoe:    0.0000    
               qyuk:    0.0000    
               qwid:   0.10000E-01
                rcs:    0.0000    
            lambdas:    1.0000    
L=2  Nsemic=0  Cnfigmx=3
          i=1  nzeta=2  polorb=0  (3d)
            splnorm:   0.15000    
               vcte:    40.000    
               rinn:  -0.90000    
               qcoe:    0.0000    
               qyuk:    0.0000    
               qwid:   0.10000E-01
                rcs:    0.0000      0.0000    
            lambdas:    1.0000      1.0000    
-------------------------------------------------------------------------------
L=0  Nkbl=2  erefs: 0.17977+309 0.17977+309
L=1  Nkbl=2  erefs: 0.17977+309 0.17977+309
L=2  Nkbl=1  erefs: 0.17977+309
-------------------------------------------------------------------------------
L=2  n=3
                  U:    0.0000    
                  J:    0.0000    
               rinn:  -0.90000    
               vcte:    40.000    
             lambda:    1.0000    
              width:   0.50000E-01
                 rc:    0.0000    
            dnrm_rc:   0.90000    
===============================================================================
</basis_specs>

Using PAO.SplitTailNorm
atom: Called for MnLR02                (Z =  25)
Maximum radius (at nrval) set to   50.00000 8518

read_vps: Pseudopotential generation method:
read_vps: ONCVPSP-3.Hamann's oncvpsp                        
Valence charge in pseudo generation:   15.00000

read_vps: Pseudopotential includes a core correction:
read_vps: Pseudo-core for xc-correction

xc_check: Exchange-correlation functional:
xc_check: GGA Perdew, Burke & Ernzerhof 1996
Got Vlocal (oncv-fit) from psml data
Choosing vlocal chloc cutoff:  5.072635
qtot up to nchloc:   14.99974639
atom: Maximum radius for chlocal:    5.07263
atom: Maximum radius for r*vlocal+2*Zval:    5.07263
Reading KB projs from MnLR02 psml data
Using scalar-relativistic projectors in PSML file

PSML: Kleinman-Bylander projectors: 
   l= 0   rc=  1.126360   Ekb= 44.071529
   l= 0   rc=  1.126360   Ekb=  4.652397
   l= 1   rc=  1.126360   Ekb=  5.643412
   l= 1   rc=  1.126360   Ekb= -0.294693
   l= 2   rc=  1.379341   Ekb=-17.489238
   l= 2   rc=  1.379341   Ekb= -5.035197

PSML: Total number of  Kleinman-Bylander projectors:  18
atom: -------------------------------------------------------------------------

atom: SANKEY-TYPE ORBITALS:
atom: Selected multiple-zeta basis: split     

SPLIT: Orbitals with angular momentum L= 0

SPLIT: Basis orbitals for state 3s

SPLIT: PAO cut-off radius determined from an
SPLIT: energy shift=  0.005000 Ry
Split based on tail norm

   izeta = 1
                 lambda =    1.000000
                     rc =    2.624859
                 energy =   -6.306495
                kinetic =    3.306165
    potential(screened) =   -9.612660
       potential(ionic) =  -33.847844

SPLIT: Basis orbitals for state 4s

SPLIT: PAO cut-off radius determined from an
SPLIT: energy shift=  0.005000 Ry
Split based on tail norm

   izeta = 1
                 lambda =    1.000000
                     rc =    7.656267
                 energy =   -0.378139
                kinetic =    0.866966
    potential(screened) =   -1.245104
       potential(ionic) =  -12.037293

   izeta = 2
                 rmatch =    5.435719
              splitnorm =    0.150000
                 energy =   -0.263593
                kinetic =    1.460417
    potential(screened) =   -1.724009
       potential(ionic) =  -14.443555

SPLIT: Orbitals with angular momentum L= 1

SPLIT: Basis orbitals for state 3p

SPLIT: PAO cut-off radius determined from an
SPLIT: energy shift=  0.005000 Ry
Split based on tail norm

   izeta = 1
                 lambda =    1.000000
                     rc =    2.931236
                 energy =   -4.007005
                kinetic =    7.025810
    potential(screened) =  -11.032815
       potential(ionic) =  -34.720569

SPLIT: Basis orbitals for state 4p
SPLIT: Non-perturbative polarization orbs for state 4s
SPLIT: rc(1st zeta) (re)set to: 7.6563 (expansion factor: 1.0000)
Split based on tail norm

   izeta = 1
                 lambda =    1.000000
                     rc =    7.656267
                 energy =   -0.062352
                kinetic =    0.877572
    potential(screened) =   -0.939925
       potential(ionic) =   -9.910999

SPLIT: Orbitals with angular momentum L= 2

SPLIT: Basis orbitals for state 3d

SPLIT: PAO cut-off radius determined from an
SPLIT: energy shift=  0.005000 Ry
Split based on tail norm

   izeta = 1
                 lambda =    1.000000
                     rc =    4.762307
                 energy =   -0.492112
                kinetic =   10.478183
    potential(screened) =  -10.970295
       potential(ionic) =  -32.102142

   izeta = 2
                 rmatch =    2.867235
              splitnorm =    0.150000
                 energy =   -0.364028
                kinetic =   12.809108
    potential(screened) =  -13.173136
       potential(ionic) =  -36.026006
atom: Total number of Sankey-type orbitals: 19

atm_pop: Valence configuration (for local Pseudopot. screening):
 3s( 2.00) 4s( 2.00)                                                  
 3p( 6.00) 4p( 0.00)                                                  
 3d( 5.00)                                                            
Vna: chval, zval:   15.00000  15.00000

Vna:  Cut-off radius for the neutral-atom potential:   7.656267
comcore: Pseudo-core radius Rcore=  2.112999

atom: _________________________________________________________________________
Maximum radius (at nrval) set to   50.00000 8518

DFTUprojs with principal quantum number n =  3
DFTUprojs with angular momentum l =  2
DFTUprojs with U        =      0.00000
DFTUprojs with J        =      0.00000
DFTUprojs with lambda   =      1.00000
DFTUprojs with rc       =      0.00000
DFTUprojs with nnodes   =     1
DFTUprojs with nprin    =     3
DFTUprojs with nrval    =  8517
DFTUprojs with nrwf     =  8517
DFTUprojs with nrmax    = 20000
DFTUprojs with zval     =     15.00000
DFTUprojs with a        =      0.00100
DFTUprojs with b        =      0.01000
dftu_proj_gen: updating the rc to     19.951986979740 Bohr

<basis_specs>
===============================================================================
MnLR03               Z=  25    Mass=  54.938        Charge= 0.17977+309
Lmxo=2 Lmxkb= 2    BasisType=split      Semic=T
L=0  Nsemic=1  Cnfigmx=4
          i=1  nzeta=1  polorb=0  (3s)  (semicore shell)
            splnorm:   0.15000    
               vcte:    40.000    
               rinn:  -0.90000    
               qcoe:    0.0000    
               qyuk:    0.0000    
               qwid:   0.10000E-01
                rcs:    0.0000    
            lambdas:    1.0000    
          i=2  nzeta=2  polorb=0  (4s)  (to be polarized non-perturbatively)
            splnorm:   0.15000    
               vcte:    40.000    
               rinn:  -0.90000    
               qcoe:    0.0000    
               qyuk:    0.0000    
               qwid:   0.10000E-01
                rcs:    0.0000      0.0000    
            lambdas:    1.0000      1.0000    
L=1  Nsemic=1  Cnfigmx=4
          i=1  nzeta=1  polorb=0  (3p)  (semicore shell)
            splnorm:   0.15000    
               vcte:    40.000    
               rinn:  -0.90000    
               qcoe:    0.0000    
               qyuk:    0.0000    
               qwid:   0.10000E-01
                rcs:    0.0000    
            lambdas:    1.0000    
          i=2  nzeta=1  polorb=0  (4p)  (non-perturbative polarization shell)
            splnorm:   0.15000    
               vcte:    40.000    
               rinn:  -0.90000    
               qcoe:    0.0000    
               qyuk:    0.0000    
               qwid:   0.10000E-01
                rcs:    0.0000    
            lambdas:    1.0000    
L=2  Nsemic=0  Cnfigmx=3
          i=1  nzeta=2  polorb=0  (3d)
            splnorm:   0.15000    
               vcte:    40.000    
               rinn:  -0.90000    
               qcoe:    0.0000    
               qyuk:    0.0000    
               qwid:   0.10000E-01
                rcs:    0.0000      0.0000    
            lambdas:    1.0000      1.0000    
-------------------------------------------------------------------------------
L=0  Nkbl=2  erefs: 0.17977+309 0.17977+309
L=1  Nkbl=2  erefs: 0.17977+309 0.17977+309
L=2  Nkbl=1  erefs: 0.17977+309
-------------------------------------------------------------------------------
L=2  n=3
                  U:    0.0000    
                  J:    0.0000    
               rinn:  -0.90000    
               vcte:    40.000    
             lambda:    1.0000    
              width:   0.50000E-01
                 rc:    0.0000    
            dnrm_rc:   0.90000    
===============================================================================
</basis_specs>

Using PAO.SplitTailNorm
atom: Called for MnLR03                (Z =  25)
Maximum radius (at nrval) set to   50.00000 8518

read_vps: Pseudopotential generation method:
read_vps: ONCVPSP-3.Hamann's oncvpsp                        
Valence charge in pseudo generation:   15.00000

read_vps: Pseudopotential includes a core correction:
read_vps: Pseudo-core for xc-correction

xc_check: Exchange-correlation functional:
xc_check: GGA Perdew, Burke & Ernzerhof 1996
Got Vlocal (oncv-fit) from psml data
Choosing vlocal chloc cutoff:  5.072635
qtot up to nchloc:   14.99974639
atom: Maximum radius for chlocal:    5.07263
atom: Maximum radius for r*vlocal+2*Zval:    5.07263
Reading KB projs from MnLR03 psml data
Using scalar-relativistic projectors in PSML file

PSML: Kleinman-Bylander projectors: 
   l= 0   rc=  1.126360   Ekb= 44.071529
   l= 0   rc=  1.126360   Ekb=  4.652397
   l= 1   rc=  1.126360   Ekb=  5.643412
   l= 1   rc=  1.126360   Ekb= -0.294693
   l= 2   rc=  1.379341   Ekb=-17.489238
   l= 2   rc=  1.379341   Ekb= -5.035197

PSML: Total number of  Kleinman-Bylander projectors:  18
atom: -------------------------------------------------------------------------

atom: SANKEY-TYPE ORBITALS:
atom: Selected multiple-zeta basis: split     

SPLIT: Orbitals with angular momentum L= 0

SPLIT: Basis orbitals for state 3s

SPLIT: PAO cut-off radius determined from an
SPLIT: energy shift=  0.005000 Ry
Split based on tail norm

   izeta = 1
                 lambda =    1.000000
                     rc =    2.624859
                 energy =   -6.306495
                kinetic =    3.306165
    potential(screened) =   -9.612660
       potential(ionic) =  -33.847844

SPLIT: Basis orbitals for state 4s

SPLIT: PAO cut-off radius determined from an
SPLIT: energy shift=  0.005000 Ry
Split based on tail norm

   izeta = 1
                 lambda =    1.000000
                     rc =    7.656267
                 energy =   -0.378139
                kinetic =    0.866966
    potential(screened) =   -1.245104
       potential(ionic) =  -12.037293

   izeta = 2
                 rmatch =    5.435719
              splitnorm =    0.150000
                 energy =   -0.263593
                kinetic =    1.460417
    potential(screened) =   -1.724009
       potential(ionic) =  -14.443555

SPLIT: Orbitals with angular momentum L= 1

SPLIT: Basis orbitals for state 3p

SPLIT: PAO cut-off radius determined from an
SPLIT: energy shift=  0.005000 Ry
Split based on tail norm

   izeta = 1
                 lambda =    1.000000
                     rc =    2.931236
                 energy =   -4.007005
                kinetic =    7.025810
    potential(screened) =  -11.032815
       potential(ionic) =  -34.720569

SPLIT: Basis orbitals for state 4p
SPLIT: Non-perturbative polarization orbs for state 4s
SPLIT: rc(1st zeta) (re)set to: 7.6563 (expansion factor: 1.0000)
Split based on tail norm

   izeta = 1
                 lambda =    1.000000
                     rc =    7.656267
                 energy =   -0.062352
                kinetic =    0.877572
    potential(screened) =   -0.939925
       potential(ionic) =   -9.910999

SPLIT: Orbitals with angular momentum L= 2

SPLIT: Basis orbitals for state 3d

SPLIT: PAO cut-off radius determined from an
SPLIT: energy shift=  0.005000 Ry
Split based on tail norm

   izeta = 1
                 lambda =    1.000000
                     rc =    4.762307
                 energy =   -0.492112
                kinetic =   10.478183
    potential(screened) =  -10.970295
       potential(ionic) =  -32.102142

   izeta = 2
                 rmatch =    2.867235
              splitnorm =    0.150000
                 energy =   -0.364028
                kinetic =   12.809108
    potential(screened) =  -13.173136
       potential(ionic) =  -36.026006
atom: Total number of Sankey-type orbitals: 19

atm_pop: Valence configuration (for local Pseudopot. screening):
 3s( 2.00) 4s( 2.00)                                                  
 3p( 6.00) 4p( 0.00)                                                  
 3d( 5.00)                                                            
Vna: chval, zval:   15.00000  15.00000

Vna:  Cut-off radius for the neutral-atom potential:   7.656267
comcore: Pseudo-core radius Rcore=  2.112999

atom: _________________________________________________________________________
Maximum radius (at nrval) set to   50.00000 8518

DFTUprojs with principal quantum number n =  3
DFTUprojs with angular momentum l =  2
DFTUprojs with U        =      0.00000
DFTUprojs with J        =      0.00000
DFTUprojs with lambda   =      1.00000
DFTUprojs with rc       =      0.00000
DFTUprojs with nnodes   =     1
DFTUprojs with nprin    =     3
DFTUprojs with nrval    =  8517
DFTUprojs with nrwf     =  8517
DFTUprojs with nrmax    = 20000
DFTUprojs with zval     =     15.00000
DFTUprojs with a        =      0.00100
DFTUprojs with b        =      0.01000
dftu_proj_gen: updating the rc to     19.951986979740 Bohr

<basis_specs>
===============================================================================
MnLR04               Z=  25    Mass=  54.938        Charge= 0.17977+309
Lmxo=2 Lmxkb= 2    BasisType=split      Semic=T
L=0  Nsemic=1  Cnfigmx=4
          i=1  nzeta=1  polorb=0  (3s)  (semicore shell)
            splnorm:   0.15000    
               vcte:    40.000    
               rinn:  -0.90000    
               qcoe:    0.0000    
               qyuk:    0.0000    
               qwid:   0.10000E-01
                rcs:    0.0000    
            lambdas:    1.0000    
          i=2  nzeta=2  polorb=0  (4s)  (to be polarized non-perturbatively)
            splnorm:   0.15000    
               vcte:    40.000    
               rinn:  -0.90000    
               qcoe:    0.0000    
               qyuk:    0.0000    
               qwid:   0.10000E-01
                rcs:    0.0000      0.0000    
            lambdas:    1.0000      1.0000    
L=1  Nsemic=1  Cnfigmx=4
          i=1  nzeta=1  polorb=0  (3p)  (semicore shell)
            splnorm:   0.15000    
               vcte:    40.000    
               rinn:  -0.90000    
               qcoe:    0.0000    
               qyuk:    0.0000    
               qwid:   0.10000E-01
                rcs:    0.0000    
            lambdas:    1.0000    
          i=2  nzeta=1  polorb=0  (4p)  (non-perturbative polarization shell)
            splnorm:   0.15000    
               vcte:    40.000    
               rinn:  -0.90000    
               qcoe:    0.0000    
               qyuk:    0.0000    
               qwid:   0.10000E-01
                rcs:    0.0000    
            lambdas:    1.0000    
L=2  Nsemic=0  Cnfigmx=3
          i=1  nzeta=2  polorb=0  (3d)
            splnorm:   0.15000    
               vcte:    40.000    
               rinn:  -0.90000    
               qcoe:    0.0000    
               qyuk:    0.0000    
               qwid:   0.10000E-01
                rcs:    0.0000      0.0000    
            lambdas:    1.0000      1.0000    
-------------------------------------------------------------------------------
L=0  Nkbl=2  erefs: 0.17977+309 0.17977+309
L=1  Nkbl=2  erefs: 0.17977+309 0.17977+309
L=2  Nkbl=1  erefs: 0.17977+309
-------------------------------------------------------------------------------
L=2  n=3
                  U:    0.0000    
                  J:    0.0000    
               rinn:  -0.90000    
               vcte:    40.000    
             lambda:    1.0000    
              width:   0.50000E-01
                 rc:    0.0000    
            dnrm_rc:   0.90000    
===============================================================================
</basis_specs>

Using PAO.SplitTailNorm
atom: Called for MnLR04                (Z =  25)
Maximum radius (at nrval) set to   50.00000 8518

read_vps: Pseudopotential generation method:
read_vps: ONCVPSP-3.Hamann's oncvpsp                        
Valence charge in pseudo generation:   15.00000

read_vps: Pseudopotential includes a core correction:
read_vps: Pseudo-core for xc-correction

xc_check: Exchange-correlation functional:
xc_check: GGA Perdew, Burke & Ernzerhof 1996
Got Vlocal (oncv-fit) from psml data
Choosing vlocal chloc cutoff:  5.072635
qtot up to nchloc:   14.99974639
atom: Maximum radius for chlocal:    5.07263
atom: Maximum radius for r*vlocal+2*Zval:    5.07263
Reading KB projs from MnLR04 psml data
Using scalar-relativistic projectors in PSML file

PSML: Kleinman-Bylander projectors: 
   l= 0   rc=  1.126360   Ekb= 44.071529
   l= 0   rc=  1.126360   Ekb=  4.652397
   l= 1   rc=  1.126360   Ekb=  5.643412
   l= 1   rc=  1.126360   Ekb= -0.294693
   l= 2   rc=  1.379341   Ekb=-17.489238
   l= 2   rc=  1.379341   Ekb= -5.035197

PSML: Total number of  Kleinman-Bylander projectors:  18
atom: -------------------------------------------------------------------------

atom: SANKEY-TYPE ORBITALS:
atom: Selected multiple-zeta basis: split     

SPLIT: Orbitals with angular momentum L= 0

SPLIT: Basis orbitals for state 3s

SPLIT: PAO cut-off radius determined from an
SPLIT: energy shift=  0.005000 Ry
Split based on tail norm

   izeta = 1
                 lambda =    1.000000
                     rc =    2.624859
                 energy =   -6.306495
                kinetic =    3.306165
    potential(screened) =   -9.612660
       potential(ionic) =  -33.847844

SPLIT: Basis orbitals for state 4s

SPLIT: PAO cut-off radius determined from an
SPLIT: energy shift=  0.005000 Ry
Split based on tail norm

   izeta = 1
                 lambda =    1.000000
                     rc =    7.656267
                 energy =   -0.378139
                kinetic =    0.866966
    potential(screened) =   -1.245104
       potential(ionic) =  -12.037293

   izeta = 2
                 rmatch =    5.435719
              splitnorm =    0.150000
                 energy =   -0.263593
                kinetic =    1.460417
    potential(screened) =   -1.724009
       potential(ionic) =  -14.443555

SPLIT: Orbitals with angular momentum L= 1

SPLIT: Basis orbitals for state 3p

SPLIT: PAO cut-off radius determined from an
SPLIT: energy shift=  0.005000 Ry
Split based on tail norm

   izeta = 1
                 lambda =    1.000000
                     rc =    2.931236
                 energy =   -4.007005
                kinetic =    7.025810
    potential(screened) =  -11.032815
       potential(ionic) =  -34.720569

SPLIT: Basis orbitals for state 4p
SPLIT: Non-perturbative polarization orbs for state 4s
SPLIT: rc(1st zeta) (re)set to: 7.6563 (expansion factor: 1.0000)
Split based on tail norm

   izeta = 1
                 lambda =    1.000000
                     rc =    7.656267
                 energy =   -0.062352
                kinetic =    0.877572
    potential(screened) =   -0.939925
       potential(ionic) =   -9.910999

SPLIT: Orbitals with angular momentum L= 2

SPLIT: Basis orbitals for state 3d

SPLIT: PAO cut-off radius determined from an
SPLIT: energy shift=  0.005000 Ry
Split based on tail norm

   izeta = 1
                 lambda =    1.000000
                     rc =    4.762307
                 energy =   -0.492112
                kinetic =   10.478183
    potential(screened) =  -10.970295
       potential(ionic) =  -32.102142

   izeta = 2
                 rmatch =    2.867235
              splitnorm =    0.150000
                 energy =   -0.364028
                kinetic =   12.809108
    potential(screened) =  -13.173136
       potential(ionic) =  -36.026006
atom: Total number of Sankey-type orbitals: 19

atm_pop: Valence configuration (for local Pseudopot. screening):
 3s( 2.00) 4s( 2.00)                                                  
 3p( 6.00) 4p( 0.00)                                                  
 3d( 5.00)                                                            
Vna: chval, zval:   15.00000  15.00000

Vna:  Cut-off radius for the neutral-atom potential:   7.656267
comcore: Pseudo-core radius Rcore=  2.112999

atom: _________________________________________________________________________
Maximum radius (at nrval) set to   50.00000 8518

DFTUprojs with principal quantum number n =  3
DFTUprojs with angular momentum l =  2
DFTUprojs with U        =      0.00000
DFTUprojs with J        =      0.00000
DFTUprojs with lambda   =      1.00000
DFTUprojs with rc       =      0.00000
DFTUprojs with nnodes   =     1
DFTUprojs with nprin    =     3
DFTUprojs with nrval    =  8517
DFTUprojs with nrwf     =  8517
DFTUprojs with nrmax    = 20000
DFTUprojs with zval     =     15.00000
DFTUprojs with a        =      0.00100
DFTUprojs with b        =      0.01000
dftu_proj_gen: updating the rc to     19.951986979740 Bohr

<basis_specs>
===============================================================================
MnLR05               Z=  25    Mass=  54.938        Charge= 0.17977+309
Lmxo=2 Lmxkb= 2    BasisType=split      Semic=T
L=0  Nsemic=1  Cnfigmx=4
          i=1  nzeta=1  polorb=0  (3s)  (semicore shell)
            splnorm:   0.15000    
               vcte:    40.000    
               rinn:  -0.90000    
               qcoe:    0.0000    
               qyuk:    0.0000    
               qwid:   0.10000E-01
                rcs:    0.0000    
            lambdas:    1.0000    
          i=2  nzeta=2  polorb=0  (4s)  (to be polarized non-perturbatively)
            splnorm:   0.15000    
               vcte:    40.000    
               rinn:  -0.90000    
               qcoe:    0.0000    
               qyuk:    0.0000    
               qwid:   0.10000E-01
                rcs:    0.0000      0.0000    
            lambdas:    1.0000      1.0000    
L=1  Nsemic=1  Cnfigmx=4
          i=1  nzeta=1  polorb=0  (3p)  (semicore shell)
            splnorm:   0.15000    
               vcte:    40.000    
               rinn:  -0.90000    
               qcoe:    0.0000    
               qyuk:    0.0000    
               qwid:   0.10000E-01
                rcs:    0.0000    
            lambdas:    1.0000    
          i=2  nzeta=1  polorb=0  (4p)  (non-perturbative polarization shell)
            splnorm:   0.15000    
               vcte:    40.000    
               rinn:  -0.90000    
               qcoe:    0.0000    
               qyuk:    0.0000    
               qwid:   0.10000E-01
                rcs:    0.0000    
            lambdas:    1.0000    
L=2  Nsemic=0  Cnfigmx=3
          i=1  nzeta=2  polorb=0  (3d)
            splnorm:   0.15000    
               vcte:    40.000    
               rinn:  -0.90000    
               qcoe:    0.0000    
               qyuk:    0.0000    
               qwid:   0.10000E-01
                rcs:    0.0000      0.0000    
            lambdas:    1.0000      1.0000    
-------------------------------------------------------------------------------
L=0  Nkbl=2  erefs: 0.17977+309 0.17977+309
L=1  Nkbl=2  erefs: 0.17977+309 0.17977+309
L=2  Nkbl=1  erefs: 0.17977+309
-------------------------------------------------------------------------------
L=2  n=3
                  U:    0.0000    
                  J:    0.0000    
               rinn:  -0.90000    
               vcte:    40.000    
             lambda:    1.0000    
              width:   0.50000E-01
                 rc:    0.0000    
            dnrm_rc:   0.90000    
===============================================================================
</basis_specs>

Using PAO.SplitTailNorm
atom: Called for MnLR05                (Z =  25)
Maximum radius (at nrval) set to   50.00000 8518

read_vps: Pseudopotential generation method:
read_vps: ONCVPSP-3.Hamann's oncvpsp                        
Valence charge in pseudo generation:   15.00000

read_vps: Pseudopotential includes a core correction:
read_vps: Pseudo-core for xc-correction

xc_check: Exchange-correlation functional:
xc_check: GGA Perdew, Burke & Ernzerhof 1996
Got Vlocal (oncv-fit) from psml data
Choosing vlocal chloc cutoff:  5.072635
qtot up to nchloc:   14.99974639
atom: Maximum radius for chlocal:    5.07263
atom: Maximum radius for r*vlocal+2*Zval:    5.07263
Reading KB projs from MnLR05 psml data
Using scalar-relativistic projectors in PSML file

PSML: Kleinman-Bylander projectors: 
   l= 0   rc=  1.126360   Ekb= 44.071529
   l= 0   rc=  1.126360   Ekb=  4.652397
   l= 1   rc=  1.126360   Ekb=  5.643412
   l= 1   rc=  1.126360   Ekb= -0.294693
   l= 2   rc=  1.379341   Ekb=-17.489238
   l= 2   rc=  1.379341   Ekb= -5.035197

PSML: Total number of  Kleinman-Bylander projectors:  18
atom: -------------------------------------------------------------------------

atom: SANKEY-TYPE ORBITALS:
atom: Selected multiple-zeta basis: split     

SPLIT: Orbitals with angular momentum L= 0

SPLIT: Basis orbitals for state 3s

SPLIT: PAO cut-off radius determined from an
SPLIT: energy shift=  0.005000 Ry
Split based on tail norm

   izeta = 1
                 lambda =    1.000000
                     rc =    2.624859
                 energy =   -6.306495
                kinetic =    3.306165
    potential(screened) =   -9.612660
       potential(ionic) =  -33.847844

SPLIT: Basis orbitals for state 4s

SPLIT: PAO cut-off radius determined from an
SPLIT: energy shift=  0.005000 Ry
Split based on tail norm

   izeta = 1
                 lambda =    1.000000
                     rc =    7.656267
                 energy =   -0.378139
                kinetic =    0.866966
    potential(screened) =   -1.245104
       potential(ionic) =  -12.037293

   izeta = 2
                 rmatch =    5.435719
              splitnorm =    0.150000
                 energy =   -0.263593
                kinetic =    1.460417
    potential(screened) =   -1.724009
       potential(ionic) =  -14.443555

SPLIT: Orbitals with angular momentum L= 1

SPLIT: Basis orbitals for state 3p

SPLIT: PAO cut-off radius determined from an
SPLIT: energy shift=  0.005000 Ry
Split based on tail norm

   izeta = 1
                 lambda =    1.000000
                     rc =    2.931236
                 energy =   -4.007005
                kinetic =    7.025810
    potential(screened) =  -11.032815
       potential(ionic) =  -34.720569

SPLIT: Basis orbitals for state 4p
SPLIT: Non-perturbative polarization orbs for state 4s
SPLIT: rc(1st zeta) (re)set to: 7.6563 (expansion factor: 1.0000)
Split based on tail norm

   izeta = 1
                 lambda =    1.000000
                     rc =    7.656267
                 energy =   -0.062352
                kinetic =    0.877572
    potential(screened) =   -0.939925
       potential(ionic) =   -9.910999

SPLIT: Orbitals with angular momentum L= 2

SPLIT: Basis orbitals for state 3d

SPLIT: PAO cut-off radius determined from an
SPLIT: energy shift=  0.005000 Ry
Split based on tail norm

   izeta = 1
                 lambda =    1.000000
                     rc =    4.762307
                 energy =   -0.492112
                kinetic =   10.478183
    potential(screened) =  -10.970295
       potential(ionic) =  -32.102142

   izeta = 2
                 rmatch =    2.867235
              splitnorm =    0.150000
                 energy =   -0.364028
                kinetic =   12.809108
    potential(screened) =  -13.173136
       potential(ionic) =  -36.026006
atom: Total number of Sankey-type orbitals: 19

atm_pop: Valence configuration (for local Pseudopot. screening):
 3s( 2.00) 4s( 2.00)                                                  
 3p( 6.00) 4p( 0.00)                                                  
 3d( 5.00)                                                            
Vna: chval, zval:   15.00000  15.00000

Vna:  Cut-off radius for the neutral-atom potential:   7.656267
comcore: Pseudo-core radius Rcore=  2.112999

atom: _________________________________________________________________________
Maximum radius (at nrval) set to   50.00000 8518

DFTUprojs with principal quantum number n =  3
DFTUprojs with angular momentum l =  2
DFTUprojs with U        =      0.00000
DFTUprojs with J        =      0.00000
DFTUprojs with lambda   =      1.00000
DFTUprojs with rc       =      0.00000
DFTUprojs with nnodes   =     1
DFTUprojs with nprin    =     3
DFTUprojs with nrval    =  8517
DFTUprojs with nrwf     =  8517
DFTUprojs with nrmax    = 20000
DFTUprojs with zval     =     15.00000
DFTUprojs with a        =      0.00100
DFTUprojs with b        =      0.01000
dftu_proj_gen: updating the rc to     19.951986979740 Bohr

<basis_specs>
===============================================================================
MnLR06               Z=  25    Mass=  54.938        Charge= 0.17977+309
Lmxo=2 Lmxkb= 2    BasisType=split      Semic=T
L=0  Nsemic=1  Cnfigmx=4
          i=1  nzeta=1  polorb=0  (3s)  (semicore shell)
            splnorm:   0.15000    
               vcte:    40.000    
               rinn:  -0.90000    
               qcoe:    0.0000    
               qyuk:    0.0000    
               qwid:   0.10000E-01
                rcs:    0.0000    
            lambdas:    1.0000    
          i=2  nzeta=2  polorb=0  (4s)  (to be polarized non-perturbatively)
            splnorm:   0.15000    
               vcte:    40.000    
               rinn:  -0.90000    
               qcoe:    0.0000    
               qyuk:    0.0000    
               qwid:   0.10000E-01
                rcs:    0.0000      0.0000    
            lambdas:    1.0000      1.0000    
L=1  Nsemic=1  Cnfigmx=4
          i=1  nzeta=1  polorb=0  (3p)  (semicore shell)
            splnorm:   0.15000    
               vcte:    40.000    
               rinn:  -0.90000    
               qcoe:    0.0000    
               qyuk:    0.0000    
               qwid:   0.10000E-01
                rcs:    0.0000    
            lambdas:    1.0000    
          i=2  nzeta=1  polorb=0  (4p)  (non-perturbative polarization shell)
            splnorm:   0.15000    
               vcte:    40.000    
               rinn:  -0.90000    
               qcoe:    0.0000    
               qyuk:    0.0000    
               qwid:   0.10000E-01
                rcs:    0.0000    
            lambdas:    1.0000    
L=2  Nsemic=0  Cnfigmx=3
          i=1  nzeta=2  polorb=0  (3d)
            splnorm:   0.15000    
               vcte:    40.000    
               rinn:  -0.90000    
               qcoe:    0.0000    
               qyuk:    0.0000    
               qwid:   0.10000E-01
                rcs:    0.0000      0.0000    
            lambdas:    1.0000      1.0000    
-------------------------------------------------------------------------------
L=0  Nkbl=2  erefs: 0.17977+309 0.17977+309
L=1  Nkbl=2  erefs: 0.17977+309 0.17977+309
L=2  Nkbl=1  erefs: 0.17977+309
-------------------------------------------------------------------------------
L=2  n=3
                  U:    0.0000    
                  J:    0.0000    
               rinn:  -0.90000    
               vcte:    40.000    
             lambda:    1.0000    
              width:   0.50000E-01
                 rc:    0.0000    
            dnrm_rc:   0.90000    
===============================================================================
</basis_specs>

Using PAO.SplitTailNorm
atom: Called for MnLR06                (Z =  25)
Maximum radius (at nrval) set to   50.00000 8518

read_vps: Pseudopotential generation method:
read_vps: ONCVPSP-3.Hamann's oncvpsp                        
Valence charge in pseudo generation:   15.00000

read_vps: Pseudopotential includes a core correction:
read_vps: Pseudo-core for xc-correction

xc_check: Exchange-correlation functional:
xc_check: GGA Perdew, Burke & Ernzerhof 1996
Got Vlocal (oncv-fit) from psml data
Choosing vlocal chloc cutoff:  5.072635
qtot up to nchloc:   14.99974639
atom: Maximum radius for chlocal:    5.07263
atom: Maximum radius for r*vlocal+2*Zval:    5.07263
Reading KB projs from MnLR06 psml data
Using scalar-relativistic projectors in PSML file

PSML: Kleinman-Bylander projectors: 
   l= 0   rc=  1.126360   Ekb= 44.071529
   l= 0   rc=  1.126360   Ekb=  4.652397
   l= 1   rc=  1.126360   Ekb=  5.643412
   l= 1   rc=  1.126360   Ekb= -0.294693
   l= 2   rc=  1.379341   Ekb=-17.489238
   l= 2   rc=  1.379341   Ekb= -5.035197

PSML: Total number of  Kleinman-Bylander projectors:  18
atom: -------------------------------------------------------------------------

atom: SANKEY-TYPE ORBITALS:
atom: Selected multiple-zeta basis: split     

SPLIT: Orbitals with angular momentum L= 0

SPLIT: Basis orbitals for state 3s

SPLIT: PAO cut-off radius determined from an
SPLIT: energy shift=  0.005000 Ry
Split based on tail norm

   izeta = 1
                 lambda =    1.000000
                     rc =    2.624859
                 energy =   -6.306495
                kinetic =    3.306165
    potential(screened) =   -9.612660
       potential(ionic) =  -33.847844

SPLIT: Basis orbitals for state 4s

SPLIT: PAO cut-off radius determined from an
SPLIT: energy shift=  0.005000 Ry
Split based on tail norm

   izeta = 1
                 lambda =    1.000000
                     rc =    7.656267
                 energy =   -0.378139
                kinetic =    0.866966
    potential(screened) =   -1.245104
       potential(ionic) =  -12.037293

   izeta = 2
                 rmatch =    5.435719
              splitnorm =    0.150000
                 energy =   -0.263593
                kinetic =    1.460417
    potential(screened) =   -1.724009
       potential(ionic) =  -14.443555

SPLIT: Orbitals with angular momentum L= 1

SPLIT: Basis orbitals for state 3p

SPLIT: PAO cut-off radius determined from an
SPLIT: energy shift=  0.005000 Ry
Split based on tail norm

   izeta = 1
                 lambda =    1.000000
                     rc =    2.931236
                 energy =   -4.007005
                kinetic =    7.025810
    potential(screened) =  -11.032815
       potential(ionic) =  -34.720569

SPLIT: Basis orbitals for state 4p
SPLIT: Non-perturbative polarization orbs for state 4s
SPLIT: rc(1st zeta) (re)set to: 7.6563 (expansion factor: 1.0000)
Split based on tail norm

   izeta = 1
                 lambda =    1.000000
                     rc =    7.656267
                 energy =   -0.062352
                kinetic =    0.877572
    potential(screened) =   -0.939925
       potential(ionic) =   -9.910999

SPLIT: Orbitals with angular momentum L= 2

SPLIT: Basis orbitals for state 3d

SPLIT: PAO cut-off radius determined from an
SPLIT: energy shift=  0.005000 Ry
Split based on tail norm

   izeta = 1
                 lambda =    1.000000
                     rc =    4.762307
                 energy =   -0.492112
                kinetic =   10.478183
    potential(screened) =  -10.970295
       potential(ionic) =  -32.102142

   izeta = 2
                 rmatch =    2.867235
              splitnorm =    0.150000
                 energy =   -0.364028
                kinetic =   12.809108
    potential(screened) =  -13.173136
       potential(ionic) =  -36.026006
atom: Total number of Sankey-type orbitals: 19

atm_pop: Valence configuration (for local Pseudopot. screening):
 3s( 2.00) 4s( 2.00)                                                  
 3p( 6.00) 4p( 0.00)                                                  
 3d( 5.00)                                                            
Vna: chval, zval:   15.00000  15.00000

Vna:  Cut-off radius for the neutral-atom potential:   7.656267
comcore: Pseudo-core radius Rcore=  2.112999

atom: _________________________________________________________________________
Maximum radius (at nrval) set to   50.00000 8518

DFTUprojs with principal quantum number n =  3
DFTUprojs with angular momentum l =  2
DFTUprojs with U        =      0.00000
DFTUprojs with J        =      0.00000
DFTUprojs with lambda   =      1.00000
DFTUprojs with rc       =      0.00000
DFTUprojs with nnodes   =     1
DFTUprojs with nprin    =     3
DFTUprojs with nrval    =  8517
DFTUprojs with nrwf     =  8517
DFTUprojs with nrmax    = 20000
DFTUprojs with zval     =     15.00000
DFTUprojs with a        =      0.00100
DFTUprojs with b        =      0.01000
dftu_proj_gen: updating the rc to     19.951986979740 Bohr

<basis_specs>
===============================================================================
MnLR07               Z=  25    Mass=  54.938        Charge= 0.17977+309
Lmxo=2 Lmxkb= 2    BasisType=split      Semic=T
L=0  Nsemic=1  Cnfigmx=4
          i=1  nzeta=1  polorb=0  (3s)  (semicore shell)
            splnorm:   0.15000    
               vcte:    40.000    
               rinn:  -0.90000    
               qcoe:    0.0000    
               qyuk:    0.0000    
               qwid:   0.10000E-01
                rcs:    0.0000    
            lambdas:    1.0000    
          i=2  nzeta=2  polorb=0  (4s)  (to be polarized non-perturbatively)
            splnorm:   0.15000    
               vcte:    40.000    
               rinn:  -0.90000    
               qcoe:    0.0000    
               qyuk:    0.0000    
               qwid:   0.10000E-01
                rcs:    0.0000      0.0000    
            lambdas:    1.0000      1.0000    
L=1  Nsemic=1  Cnfigmx=4
          i=1  nzeta=1  polorb=0  (3p)  (semicore shell)
            splnorm:   0.15000    
               vcte:    40.000    
               rinn:  -0.90000    
               qcoe:    0.0000    
               qyuk:    0.0000    
               qwid:   0.10000E-01
                rcs:    0.0000    
            lambdas:    1.0000    
          i=2  nzeta=1  polorb=0  (4p)  (non-perturbative polarization shell)
            splnorm:   0.15000    
               vcte:    40.000    
               rinn:  -0.90000    
               qcoe:    0.0000    
               qyuk:    0.0000    
               qwid:   0.10000E-01
                rcs:    0.0000    
            lambdas:    1.0000    
L=2  Nsemic=0  Cnfigmx=3
          i=1  nzeta=2  polorb=0  (3d)
            splnorm:   0.15000    
               vcte:    40.000    
               rinn:  -0.90000    
               qcoe:    0.0000    
               qyuk:    0.0000    
               qwid:   0.10000E-01
                rcs:    0.0000      0.0000    
            lambdas:    1.0000      1.0000    
-------------------------------------------------------------------------------
L=0  Nkbl=2  erefs: 0.17977+309 0.17977+309
L=1  Nkbl=2  erefs: 0.17977+309 0.17977+309
L=2  Nkbl=1  erefs: 0.17977+309
-------------------------------------------------------------------------------
L=2  n=3
                  U:    0.0000    
                  J:    0.0000    
               rinn:  -0.90000    
               vcte:    40.000    
             lambda:    1.0000    
              width:   0.50000E-01
                 rc:    0.0000    
            dnrm_rc:   0.90000    
===============================================================================
</basis_specs>

Using PAO.SplitTailNorm
atom: Called for MnLR07                (Z =  25)
Maximum radius (at nrval) set to   50.00000 8518

read_vps: Pseudopotential generation method:
read_vps: ONCVPSP-3.Hamann's oncvpsp                        
Valence charge in pseudo generation:   15.00000

read_vps: Pseudopotential includes a core correction:
read_vps: Pseudo-core for xc-correction

xc_check: Exchange-correlation functional:
xc_check: GGA Perdew, Burke & Ernzerhof 1996
Got Vlocal (oncv-fit) from psml data
Choosing vlocal chloc cutoff:  5.072635
qtot up to nchloc:   14.99974639
atom: Maximum radius for chlocal:    5.07263
atom: Maximum radius for r*vlocal+2*Zval:    5.07263
Reading KB projs from MnLR07 psml data
Using scalar-relativistic projectors in PSML file

PSML: Kleinman-Bylander projectors: 
   l= 0   rc=  1.126360   Ekb= 44.071529
   l= 0   rc=  1.126360   Ekb=  4.652397
   l= 1   rc=  1.126360   Ekb=  5.643412
   l= 1   rc=  1.126360   Ekb= -0.294693
   l= 2   rc=  1.379341   Ekb=-17.489238
   l= 2   rc=  1.379341   Ekb= -5.035197

PSML: Total number of  Kleinman-Bylander projectors:  18
atom: -------------------------------------------------------------------------

atom: SANKEY-TYPE ORBITALS:
atom: Selected multiple-zeta basis: split     

SPLIT: Orbitals with angular momentum L= 0

SPLIT: Basis orbitals for state 3s

SPLIT: PAO cut-off radius determined from an
SPLIT: energy shift=  0.005000 Ry
Split based on tail norm

   izeta = 1
                 lambda =    1.000000
                     rc =    2.624859
                 energy =   -6.306495
                kinetic =    3.306165
    potential(screened) =   -9.612660
       potential(ionic) =  -33.847844

SPLIT: Basis orbitals for state 4s

SPLIT: PAO cut-off radius determined from an
SPLIT: energy shift=  0.005000 Ry
Split based on tail norm

   izeta = 1
                 lambda =    1.000000
                     rc =    7.656267
                 energy =   -0.378139
                kinetic =    0.866966
    potential(screened) =   -1.245104
       potential(ionic) =  -12.037293

   izeta = 2
                 rmatch =    5.435719
              splitnorm =    0.150000
                 energy =   -0.263593
                kinetic =    1.460417
    potential(screened) =   -1.724009
       potential(ionic) =  -14.443555

SPLIT: Orbitals with angular momentum L= 1

SPLIT: Basis orbitals for state 3p

SPLIT: PAO cut-off radius determined from an
SPLIT: energy shift=  0.005000 Ry
Split based on tail norm

   izeta = 1
                 lambda =    1.000000
                     rc =    2.931236
                 energy =   -4.007005
                kinetic =    7.025810
    potential(screened) =  -11.032815
       potential(ionic) =  -34.720569

SPLIT: Basis orbitals for state 4p
SPLIT: Non-perturbative polarization orbs for state 4s
SPLIT: rc(1st zeta) (re)set to: 7.6563 (expansion factor: 1.0000)
Split based on tail norm

   izeta = 1
                 lambda =    1.000000
                     rc =    7.656267
                 energy =   -0.062352
                kinetic =    0.877572
    potential(screened) =   -0.939925
       potential(ionic) =   -9.910999

SPLIT: Orbitals with angular momentum L= 2

SPLIT: Basis orbitals for state 3d

SPLIT: PAO cut-off radius determined from an
SPLIT: energy shift=  0.005000 Ry
Split based on tail norm

   izeta = 1
                 lambda =    1.000000
                     rc =    4.762307
                 energy =   -0.492112
                kinetic =   10.478183
    potential(screened) =  -10.970295
       potential(ionic) =  -32.102142

   izeta = 2
                 rmatch =    2.867235
              splitnorm =    0.150000
                 energy =   -0.364028
                kinetic =   12.809108
    potential(screened) =  -13.173136
       potential(ionic) =  -36.026006
atom: Total number of Sankey-type orbitals: 19

atm_pop: Valence configuration (for local Pseudopot. screening):
 3s( 2.00) 4s( 2.00)                                                  
 3p( 6.00) 4p( 0.00)                                                  
 3d( 5.00)                                                            
Vna: chval, zval:   15.00000  15.00000

Vna:  Cut-off radius for the neutral-atom potential:   7.656267
comcore: Pseudo-core radius Rcore=  2.112999

atom: _________________________________________________________________________
Maximum radius (at nrval) set to   50.00000 8518

DFTUprojs with principal quantum number n =  3
DFTUprojs with angular momentum l =  2
DFTUprojs with U        =      0.00000
DFTUprojs with J        =      0.00000
DFTUprojs with lambda   =      1.00000
DFTUprojs with rc       =      0.00000
DFTUprojs with nnodes   =     1
DFTUprojs with nprin    =     3
DFTUprojs with nrval    =  8517
DFTUprojs with nrwf     =  8517
DFTUprojs with nrmax    = 20000
DFTUprojs with zval     =     15.00000
DFTUprojs with a        =      0.00100
DFTUprojs with b        =      0.01000
dftu_proj_gen: updating the rc to     19.951986979740 Bohr

<basis_specs>
===============================================================================
MnLR08               Z=  25    Mass=  54.938        Charge= 0.17977+309
Lmxo=2 Lmxkb= 2    BasisType=split      Semic=T
L=0  Nsemic=1  Cnfigmx=4
          i=1  nzeta=1  polorb=0  (3s)  (semicore shell)
            splnorm:   0.15000    
               vcte:    40.000    
               rinn:  -0.90000    
               qcoe:    0.0000    
               qyuk:    0.0000    
               qwid:   0.10000E-01
                rcs:    0.0000    
            lambdas:    1.0000    
          i=2  nzeta=2  polorb=0  (4s)  (to be polarized non-perturbatively)
            splnorm:   0.15000    
               vcte:    40.000    
               rinn:  -0.90000    
               qcoe:    0.0000    
               qyuk:    0.0000    
               qwid:   0.10000E-01
                rcs:    0.0000      0.0000    
            lambdas:    1.0000      1.0000    
L=1  Nsemic=1  Cnfigmx=4
          i=1  nzeta=1  polorb=0  (3p)  (semicore shell)
            splnorm:   0.15000    
               vcte:    40.000    
               rinn:  -0.90000    
               qcoe:    0.0000    
               qyuk:    0.0000    
               qwid:   0.10000E-01
                rcs:    0.0000    
            lambdas:    1.0000    
          i=2  nzeta=1  polorb=0  (4p)  (non-perturbative polarization shell)
            splnorm:   0.15000    
               vcte:    40.000    
               rinn:  -0.90000    
               qcoe:    0.0000    
               qyuk:    0.0000    
               qwid:   0.10000E-01
                rcs:    0.0000    
            lambdas:    1.0000    
L=2  Nsemic=0  Cnfigmx=3
          i=1  nzeta=2  polorb=0  (3d)
            splnorm:   0.15000    
               vcte:    40.000    
               rinn:  -0.90000    
               qcoe:    0.0000    
               qyuk:    0.0000    
               qwid:   0.10000E-01
                rcs:    0.0000      0.0000    
            lambdas:    1.0000      1.0000    
-------------------------------------------------------------------------------
L=0  Nkbl=2  erefs: 0.17977+309 0.17977+309
L=1  Nkbl=2  erefs: 0.17977+309 0.17977+309
L=2  Nkbl=1  erefs: 0.17977+309
-------------------------------------------------------------------------------
L=2  n=3
                  U:    0.0000    
                  J:    0.0000    
               rinn:  -0.90000    
               vcte:    40.000    
             lambda:    1.0000    
              width:   0.50000E-01
                 rc:    0.0000    
            dnrm_rc:   0.90000    
===============================================================================
</basis_specs>

Using PAO.SplitTailNorm
atom: Called for MnLR08                (Z =  25)
Maximum radius (at nrval) set to   50.00000 8518

read_vps: Pseudopotential generation method:
read_vps: ONCVPSP-3.Hamann's oncvpsp                        
Valence charge in pseudo generation:   15.00000

read_vps: Pseudopotential includes a core correction:
read_vps: Pseudo-core for xc-correction

xc_check: Exchange-correlation functional:
xc_check: GGA Perdew, Burke & Ernzerhof 1996
Got Vlocal (oncv-fit) from psml data
Choosing vlocal chloc cutoff:  5.072635
qtot up to nchloc:   14.99974639
atom: Maximum radius for chlocal:    5.07263
atom: Maximum radius for r*vlocal+2*Zval:    5.07263
Reading KB projs from MnLR08 psml data
Using scalar-relativistic projectors in PSML file

PSML: Kleinman-Bylander projectors: 
   l= 0   rc=  1.126360   Ekb= 44.071529
   l= 0   rc=  1.126360   Ekb=  4.652397
   l= 1   rc=  1.126360   Ekb=  5.643412
   l= 1   rc=  1.126360   Ekb= -0.294693
   l= 2   rc=  1.379341   Ekb=-17.489238
   l= 2   rc=  1.379341   Ekb= -5.035197

PSML: Total number of  Kleinman-Bylander projectors:  18
atom: -------------------------------------------------------------------------

atom: SANKEY-TYPE ORBITALS:
atom: Selected multiple-zeta basis: split     

SPLIT: Orbitals with angular momentum L= 0

SPLIT: Basis orbitals for state 3s

SPLIT: PAO cut-off radius determined from an
SPLIT: energy shift=  0.005000 Ry
Split based on tail norm

   izeta = 1
                 lambda =    1.000000
                     rc =    2.624859
                 energy =   -6.306495
                kinetic =    3.306165
    potential(screened) =   -9.612660
       potential(ionic) =  -33.847844

SPLIT: Basis orbitals for state 4s

SPLIT: PAO cut-off radius determined from an
SPLIT: energy shift=  0.005000 Ry
Split based on tail norm

   izeta = 1
                 lambda =    1.000000
                     rc =    7.656267
                 energy =   -0.378139
                kinetic =    0.866966
    potential(screened) =   -1.245104
       potential(ionic) =  -12.037293

   izeta = 2
                 rmatch =    5.435719
              splitnorm =    0.150000
                 energy =   -0.263593
                kinetic =    1.460417
    potential(screened) =   -1.724009
       potential(ionic) =  -14.443555

SPLIT: Orbitals with angular momentum L= 1

SPLIT: Basis orbitals for state 3p

SPLIT: PAO cut-off radius determined from an
SPLIT: energy shift=  0.005000 Ry
Split based on tail norm

   izeta = 1
                 lambda =    1.000000
                     rc =    2.931236
                 energy =   -4.007005
                kinetic =    7.025810
    potential(screened) =  -11.032815
       potential(ionic) =  -34.720569

SPLIT: Basis orbitals for state 4p
SPLIT: Non-perturbative polarization orbs for state 4s
SPLIT: rc(1st zeta) (re)set to: 7.6563 (expansion factor: 1.0000)
Split based on tail norm

   izeta = 1
                 lambda =    1.000000
                     rc =    7.656267
                 energy =   -0.062352
                kinetic =    0.877572
    potential(screened) =   -0.939925
       potential(ionic) =   -9.910999

SPLIT: Orbitals with angular momentum L= 2

SPLIT: Basis orbitals for state 3d

SPLIT: PAO cut-off radius determined from an
SPLIT: energy shift=  0.005000 Ry
Split based on tail norm

   izeta = 1
                 lambda =    1.000000
                     rc =    4.762307
                 energy =   -0.492112
                kinetic =   10.478183
    potential(screened) =  -10.970295
       potential(ionic) =  -32.102142

   izeta = 2
                 rmatch =    2.867235
              splitnorm =    0.150000
                 energy =   -0.364028
                kinetic =   12.809108
    potential(screened) =  -13.173136
       potential(ionic) =  -36.026006
atom: Total number of Sankey-type orbitals: 19

atm_pop: Valence configuration (for local Pseudopot. screening):
 3s( 2.00) 4s( 2.00)                                                  
 3p( 6.00) 4p( 0.00)                                                  
 3d( 5.00)                                                            
Vna: chval, zval:   15.00000  15.00000

Vna:  Cut-off radius for the neutral-atom potential:   7.656267
comcore: Pseudo-core radius Rcore=  2.112999

atom: _________________________________________________________________________
Maximum radius (at nrval) set to   50.00000 8518

DFTUprojs with principal quantum number n =  3
DFTUprojs with angular momentum l =  2
DFTUprojs with U        =      0.00000
DFTUprojs with J        =      0.00000
DFTUprojs with lambda   =      1.00000
DFTUprojs with rc       =      0.00000
DFTUprojs with nnodes   =     1
DFTUprojs with nprin    =     3
DFTUprojs with nrval    =  8517
DFTUprojs with nrwf     =  8517
DFTUprojs with nrmax    = 20000
DFTUprojs with zval     =     15.00000
DFTUprojs with a        =      0.00100
DFTUprojs with b        =      0.01000
dftu_proj_gen: updating the rc to     19.951986979740 Bohr

<basis_specs>
===============================================================================
MnLR09               Z=  25    Mass=  54.938        Charge= 0.17977+309
Lmxo=2 Lmxkb= 2    BasisType=split      Semic=T
L=0  Nsemic=1  Cnfigmx=4
          i=1  nzeta=1  polorb=0  (3s)  (semicore shell)
            splnorm:   0.15000    
               vcte:    40.000    
               rinn:  -0.90000    
               qcoe:    0.0000    
               qyuk:    0.0000    
               qwid:   0.10000E-01
                rcs:    0.0000    
            lambdas:    1.0000    
          i=2  nzeta=2  polorb=0  (4s)  (to be polarized non-perturbatively)
            splnorm:   0.15000    
               vcte:    40.000    
               rinn:  -0.90000    
               qcoe:    0.0000    
               qyuk:    0.0000    
               qwid:   0.10000E-01
                rcs:    0.0000      0.0000    
            lambdas:    1.0000      1.0000    
L=1  Nsemic=1  Cnfigmx=4
          i=1  nzeta=1  polorb=0  (3p)  (semicore shell)
            splnorm:   0.15000    
               vcte:    40.000    
               rinn:  -0.90000    
               qcoe:    0.0000    
               qyuk:    0.0000    
               qwid:   0.10000E-01
                rcs:    0.0000    
            lambdas:    1.0000    
          i=2  nzeta=1  polorb=0  (4p)  (non-perturbative polarization shell)
            splnorm:   0.15000    
               vcte:    40.000    
               rinn:  -0.90000    
               qcoe:    0.0000    
               qyuk:    0.0000    
               qwid:   0.10000E-01
                rcs:    0.0000    
            lambdas:    1.0000    
L=2  Nsemic=0  Cnfigmx=3
          i=1  nzeta=2  polorb=0  (3d)
            splnorm:   0.15000    
               vcte:    40.000    
               rinn:  -0.90000    
               qcoe:    0.0000    
               qyuk:    0.0000    
               qwid:   0.10000E-01
                rcs:    0.0000      0.0000    
            lambdas:    1.0000      1.0000    
-------------------------------------------------------------------------------
L=0  Nkbl=2  erefs: 0.17977+309 0.17977+309
L=1  Nkbl=2  erefs: 0.17977+309 0.17977+309
L=2  Nkbl=1  erefs: 0.17977+309
-------------------------------------------------------------------------------
L=2  n=3
                  U:    0.0000    
                  J:    0.0000    
               rinn:  -0.90000    
               vcte:    40.000    
             lambda:    1.0000    
              width:   0.50000E-01
                 rc:    0.0000    
            dnrm_rc:   0.90000    
===============================================================================
</basis_specs>

Using PAO.SplitTailNorm
atom: Called for MnLR09                (Z =  25)
Maximum radius (at nrval) set to   50.00000 8518

read_vps: Pseudopotential generation method:
read_vps: ONCVPSP-3.Hamann's oncvpsp                        
Valence charge in pseudo generation:   15.00000

read_vps: Pseudopotential includes a core correction:
read_vps: Pseudo-core for xc-correction

xc_check: Exchange-correlation functional:
xc_check: GGA Perdew, Burke & Ernzerhof 1996
Got Vlocal (oncv-fit) from psml data
Choosing vlocal chloc cutoff:  5.072635
qtot up to nchloc:   14.99974639
atom: Maximum radius for chlocal:    5.07263
atom: Maximum radius for r*vlocal+2*Zval:    5.07263
Reading KB projs from MnLR09 psml data
Using scalar-relativistic projectors in PSML file

PSML: Kleinman-Bylander projectors: 
   l= 0   rc=  1.126360   Ekb= 44.071529
   l= 0   rc=  1.126360   Ekb=  4.652397
   l= 1   rc=  1.126360   Ekb=  5.643412
   l= 1   rc=  1.126360   Ekb= -0.294693
   l= 2   rc=  1.379341   Ekb=-17.489238
   l= 2   rc=  1.379341   Ekb= -5.035197

PSML: Total number of  Kleinman-Bylander projectors:  18
atom: -------------------------------------------------------------------------

atom: SANKEY-TYPE ORBITALS:
atom: Selected multiple-zeta basis: split     

SPLIT: Orbitals with angular momentum L= 0

SPLIT: Basis orbitals for state 3s

SPLIT: PAO cut-off radius determined from an
SPLIT: energy shift=  0.005000 Ry
Split based on tail norm

   izeta = 1
                 lambda =    1.000000
                     rc =    2.624859
                 energy =   -6.306495
                kinetic =    3.306165
    potential(screened) =   -9.612660
       potential(ionic) =  -33.847844

SPLIT: Basis orbitals for state 4s

SPLIT: PAO cut-off radius determined from an
SPLIT: energy shift=  0.005000 Ry
Split based on tail norm

   izeta = 1
                 lambda =    1.000000
                     rc =    7.656267
                 energy =   -0.378139
                kinetic =    0.866966
    potential(screened) =   -1.245104
       potential(ionic) =  -12.037293

   izeta = 2
                 rmatch =    5.435719
              splitnorm =    0.150000
                 energy =   -0.263593
                kinetic =    1.460417
    potential(screened) =   -1.724009
       potential(ionic) =  -14.443555

SPLIT: Orbitals with angular momentum L= 1

SPLIT: Basis orbitals for state 3p

SPLIT: PAO cut-off radius determined from an
SPLIT: energy shift=  0.005000 Ry
Split based on tail norm

   izeta = 1
                 lambda =    1.000000
                     rc =    2.931236
                 energy =   -4.007005
                kinetic =    7.025810
    potential(screened) =  -11.032815
       potential(ionic) =  -34.720569

SPLIT: Basis orbitals for state 4p
SPLIT: Non-perturbative polarization orbs for state 4s
SPLIT: rc(1st zeta) (re)set to: 7.6563 (expansion factor: 1.0000)
Split based on tail norm

   izeta = 1
                 lambda =    1.000000
                     rc =    7.656267
                 energy =   -0.062352
                kinetic =    0.877572
    potential(screened) =   -0.939925
       potential(ionic) =   -9.910999

SPLIT: Orbitals with angular momentum L= 2

SPLIT: Basis orbitals for state 3d

SPLIT: PAO cut-off radius determined from an
SPLIT: energy shift=  0.005000 Ry
Split based on tail norm

   izeta = 1
                 lambda =    1.000000
                     rc =    4.762307
                 energy =   -0.492112
                kinetic =   10.478183
    potential(screened) =  -10.970295
       potential(ionic) =  -32.102142

   izeta = 2
                 rmatch =    2.867235
              splitnorm =    0.150000
                 energy =   -0.364028
                kinetic =   12.809108
    potential(screened) =  -13.173136
       potential(ionic) =  -36.026006
atom: Total number of Sankey-type orbitals: 19

atm_pop: Valence configuration (for local Pseudopot. screening):
 3s( 2.00) 4s( 2.00)                                                  
 3p( 6.00) 4p( 0.00)                                                  
 3d( 5.00)                                                            
Vna: chval, zval:   15.00000  15.00000

Vna:  Cut-off radius for the neutral-atom potential:   7.656267
comcore: Pseudo-core radius Rcore=  2.112999

atom: _________________________________________________________________________
Maximum radius (at nrval) set to   50.00000 8518

DFTUprojs with principal quantum number n =  3
DFTUprojs with angular momentum l =  2
DFTUprojs with U        =      0.00000
DFTUprojs with J        =      0.00000
DFTUprojs with lambda   =      1.00000
DFTUprojs with rc       =      0.00000
DFTUprojs with nnodes   =     1
DFTUprojs with nprin    =     3
DFTUprojs with nrval    =  8517
DFTUprojs with nrwf     =  8517
DFTUprojs with nrmax    = 20000
DFTUprojs with zval     =     15.00000
DFTUprojs with a        =      0.00100
DFTUprojs with b        =      0.01000
dftu_proj_gen: updating the rc to     19.951986979740 Bohr

<basis_specs>
===============================================================================
MnLR10               Z=  25    Mass=  54.938        Charge= 0.17977+309
Lmxo=2 Lmxkb= 2    BasisType=split      Semic=T
L=0  Nsemic=1  Cnfigmx=4
          i=1  nzeta=1  polorb=0  (3s)  (semicore shell)
            splnorm:   0.15000    
               vcte:    40.000    
               rinn:  -0.90000    
               qcoe:    0.0000    
               qyuk:    0.0000    
               qwid:   0.10000E-01
                rcs:    0.0000    
            lambdas:    1.0000    
          i=2  nzeta=2  polorb=0  (4s)  (to be polarized non-perturbatively)
            splnorm:   0.15000    
               vcte:    40.000    
               rinn:  -0.90000    
               qcoe:    0.0000    
               qyuk:    0.0000    
               qwid:   0.10000E-01
                rcs:    0.0000      0.0000    
            lambdas:    1.0000      1.0000    
L=1  Nsemic=1  Cnfigmx=4
          i=1  nzeta=1  polorb=0  (3p)  (semicore shell)
            splnorm:   0.15000    
               vcte:    40.000    
               rinn:  -0.90000    
               qcoe:    0.0000    
               qyuk:    0.0000    
               qwid:   0.10000E-01
                rcs:    0.0000    
            lambdas:    1.0000    
          i=2  nzeta=1  polorb=0  (4p)  (non-perturbative polarization shell)
            splnorm:   0.15000    
               vcte:    40.000    
               rinn:  -0.90000    
               qcoe:    0.0000    
               qyuk:    0.0000    
               qwid:   0.10000E-01
                rcs:    0.0000    
            lambdas:    1.0000    
L=2  Nsemic=0  Cnfigmx=3
          i=1  nzeta=2  polorb=0  (3d)
            splnorm:   0.15000    
               vcte:    40.000    
               rinn:  -0.90000    
               qcoe:    0.0000    
               qyuk:    0.0000    
               qwid:   0.10000E-01
                rcs:    0.0000      0.0000    
            lambdas:    1.0000      1.0000    
-------------------------------------------------------------------------------
L=0  Nkbl=2  erefs: 0.17977+309 0.17977+309
L=1  Nkbl=2  erefs: 0.17977+309 0.17977+309
L=2  Nkbl=1  erefs: 0.17977+309
-------------------------------------------------------------------------------
L=2  n=3
                  U:    0.0000    
                  J:    0.0000    
               rinn:  -0.90000    
               vcte:    40.000    
             lambda:    1.0000    
              width:   0.50000E-01
                 rc:    0.0000    
            dnrm_rc:   0.90000    
===============================================================================
</basis_specs>

Using PAO.SplitTailNorm
atom: Called for MnLR10                (Z =  25)
Maximum radius (at nrval) set to   50.00000 8518

read_vps: Pseudopotential generation method:
read_vps: ONCVPSP-3.Hamann's oncvpsp                        
Valence charge in pseudo generation:   15.00000

read_vps: Pseudopotential includes a core correction:
read_vps: Pseudo-core for xc-correction

xc_check: Exchange-correlation functional:
xc_check: GGA Perdew, Burke & Ernzerhof 1996
Got Vlocal (oncv-fit) from psml data
Choosing vlocal chloc cutoff:  5.072635
qtot up to nchloc:   14.99974639
atom: Maximum radius for chlocal:    5.07263
atom: Maximum radius for r*vlocal+2*Zval:    5.07263
Reading KB projs from MnLR10 psml data
Using scalar-relativistic projectors in PSML file

PSML: Kleinman-Bylander projectors: 
   l= 0   rc=  1.126360   Ekb= 44.071529
   l= 0   rc=  1.126360   Ekb=  4.652397
   l= 1   rc=  1.126360   Ekb=  5.643412
   l= 1   rc=  1.126360   Ekb= -0.294693
   l= 2   rc=  1.379341   Ekb=-17.489238
   l= 2   rc=  1.379341   Ekb= -5.035197

PSML: Total number of  Kleinman-Bylander projectors:  18
atom: -------------------------------------------------------------------------

atom: SANKEY-TYPE ORBITALS:
atom: Selected multiple-zeta basis: split     

SPLIT: Orbitals with angular momentum L= 0

SPLIT: Basis orbitals for state 3s

SPLIT: PAO cut-off radius determined from an
SPLIT: energy shift=  0.005000 Ry
Split based on tail norm

   izeta = 1
                 lambda =    1.000000
                     rc =    2.624859
                 energy =   -6.306495
                kinetic =    3.306165
    potential(screened) =   -9.612660
       potential(ionic) =  -33.847844

SPLIT: Basis orbitals for state 4s

SPLIT: PAO cut-off radius determined from an
SPLIT: energy shift=  0.005000 Ry
Split based on tail norm

   izeta = 1
                 lambda =    1.000000
                     rc =    7.656267
                 energy =   -0.378139
                kinetic =    0.866966
    potential(screened) =   -1.245104
       potential(ionic) =  -12.037293

   izeta = 2
                 rmatch =    5.435719
              splitnorm =    0.150000
                 energy =   -0.263593
                kinetic =    1.460417
    potential(screened) =   -1.724009
       potential(ionic) =  -14.443555

SPLIT: Orbitals with angular momentum L= 1

SPLIT: Basis orbitals for state 3p

SPLIT: PAO cut-off radius determined from an
SPLIT: energy shift=  0.005000 Ry
Split based on tail norm

   izeta = 1
                 lambda =    1.000000
                     rc =    2.931236
                 energy =   -4.007005
                kinetic =    7.025810
    potential(screened) =  -11.032815
       potential(ionic) =  -34.720569

SPLIT: Basis orbitals for state 4p
SPLIT: Non-perturbative polarization orbs for state 4s
SPLIT: rc(1st zeta) (re)set to: 7.6563 (expansion factor: 1.0000)
Split based on tail norm

   izeta = 1
                 lambda =    1.000000
                     rc =    7.656267
                 energy =   -0.062352
                kinetic =    0.877572
    potential(screened) =   -0.939925
       potential(ionic) =   -9.910999

SPLIT: Orbitals with angular momentum L= 2

SPLIT: Basis orbitals for state 3d

SPLIT: PAO cut-off radius determined from an
SPLIT: energy shift=  0.005000 Ry
Split based on tail norm

   izeta = 1
                 lambda =    1.000000
                     rc =    4.762307
                 energy =   -0.492112
                kinetic =   10.478183
    potential(screened) =  -10.970295
       potential(ionic) =  -32.102142

   izeta = 2
                 rmatch =    2.867235
              splitnorm =    0.150000
                 energy =   -0.364028
                kinetic =   12.809108
    potential(screened) =  -13.173136
       potential(ionic) =  -36.026006
atom: Total number of Sankey-type orbitals: 19

atm_pop: Valence configuration (for local Pseudopot. screening):
 3s( 2.00) 4s( 2.00)                                                  
 3p( 6.00) 4p( 0.00)                                                  
 3d( 5.00)                                                            
Vna: chval, zval:   15.00000  15.00000

Vna:  Cut-off radius for the neutral-atom potential:   7.656267
comcore: Pseudo-core radius Rcore=  2.112999

atom: _________________________________________________________________________
Maximum radius (at nrval) set to   50.00000 8518

DFTUprojs with principal quantum number n =  3
DFTUprojs with angular momentum l =  2
DFTUprojs with U        =      0.00000
DFTUprojs with J        =      0.00000
DFTUprojs with lambda   =      1.00000
DFTUprojs with rc       =      0.00000
DFTUprojs with nnodes   =     1
DFTUprojs with nprin    =     3
DFTUprojs with nrval    =  8517
DFTUprojs with nrwf     =  8517
DFTUprojs with nrmax    = 20000
DFTUprojs with zval     =     15.00000
DFTUprojs with a        =      0.00100
DFTUprojs with b        =      0.01000
dftu_proj_gen: updating the rc to     19.951986979740 Bohr

<basis_specs>
===============================================================================
MnLR11               Z=  25    Mass=  54.938        Charge= 0.17977+309
Lmxo=2 Lmxkb= 2    BasisType=split      Semic=T
L=0  Nsemic=1  Cnfigmx=4
          i=1  nzeta=1  polorb=0  (3s)  (semicore shell)
            splnorm:   0.15000    
               vcte:    40.000    
               rinn:  -0.90000    
               qcoe:    0.0000    
               qyuk:    0.0000    
               qwid:   0.10000E-01
                rcs:    0.0000    
            lambdas:    1.0000    
          i=2  nzeta=2  polorb=0  (4s)  (to be polarized non-perturbatively)
            splnorm:   0.15000    
               vcte:    40.000    
               rinn:  -0.90000    
               qcoe:    0.0000    
               qyuk:    0.0000    
               qwid:   0.10000E-01
                rcs:    0.0000      0.0000    
            lambdas:    1.0000      1.0000    
L=1  Nsemic=1  Cnfigmx=4
          i=1  nzeta=1  polorb=0  (3p)  (semicore shell)
            splnorm:   0.15000    
               vcte:    40.000    
               rinn:  -0.90000    
               qcoe:    0.0000    
               qyuk:    0.0000    
               qwid:   0.10000E-01
                rcs:    0.0000    
            lambdas:    1.0000    
          i=2  nzeta=1  polorb=0  (4p)  (non-perturbative polarization shell)
            splnorm:   0.15000    
               vcte:    40.000    
               rinn:  -0.90000    
               qcoe:    0.0000    
               qyuk:    0.0000    
               qwid:   0.10000E-01
                rcs:    0.0000    
            lambdas:    1.0000    
L=2  Nsemic=0  Cnfigmx=3
          i=1  nzeta=2  polorb=0  (3d)
            splnorm:   0.15000    
               vcte:    40.000    
               rinn:  -0.90000    
               qcoe:    0.0000    
               qyuk:    0.0000    
               qwid:   0.10000E-01
                rcs:    0.0000      0.0000    
            lambdas:    1.0000      1.0000    
-------------------------------------------------------------------------------
L=0  Nkbl=2  erefs: 0.17977+309 0.17977+309
L=1  Nkbl=2  erefs: 0.17977+309 0.17977+309
L=2  Nkbl=1  erefs: 0.17977+309
-------------------------------------------------------------------------------
L=2  n=3
                  U:    0.0000    
                  J:    0.0000    
               rinn:  -0.90000    
               vcte:    40.000    
             lambda:    1.0000    
              width:   0.50000E-01
                 rc:    0.0000    
            dnrm_rc:   0.90000    
===============================================================================
</basis_specs>

Using PAO.SplitTailNorm
atom: Called for MnLR11                (Z =  25)
Maximum radius (at nrval) set to   50.00000 8518

read_vps: Pseudopotential generation method:
read_vps: ONCVPSP-3.Hamann's oncvpsp                        
Valence charge in pseudo generation:   15.00000

read_vps: Pseudopotential includes a core correction:
read_vps: Pseudo-core for xc-correction

xc_check: Exchange-correlation functional:
xc_check: GGA Perdew, Burke & Ernzerhof 1996
Got Vlocal (oncv-fit) from psml data
Choosing vlocal chloc cutoff:  5.072635
qtot up to nchloc:   14.99974639
atom: Maximum radius for chlocal:    5.07263
atom: Maximum radius for r*vlocal+2*Zval:    5.07263
Reading KB projs from MnLR11 psml data
Using scalar-relativistic projectors in PSML file

PSML: Kleinman-Bylander projectors: 
   l= 0   rc=  1.126360   Ekb= 44.071529
   l= 0   rc=  1.126360   Ekb=  4.652397
   l= 1   rc=  1.126360   Ekb=  5.643412
   l= 1   rc=  1.126360   Ekb= -0.294693
   l= 2   rc=  1.379341   Ekb=-17.489238
   l= 2   rc=  1.379341   Ekb= -5.035197

PSML: Total number of  Kleinman-Bylander projectors:  18
atom: -------------------------------------------------------------------------

atom: SANKEY-TYPE ORBITALS:
atom: Selected multiple-zeta basis: split     

SPLIT: Orbitals with angular momentum L= 0

SPLIT: Basis orbitals for state 3s

SPLIT: PAO cut-off radius determined from an
SPLIT: energy shift=  0.005000 Ry
Split based on tail norm

   izeta = 1
                 lambda =    1.000000
                     rc =    2.624859
                 energy =   -6.306495
                kinetic =    3.306165
    potential(screened) =   -9.612660
       potential(ionic) =  -33.847844

SPLIT: Basis orbitals for state 4s

SPLIT: PAO cut-off radius determined from an
SPLIT: energy shift=  0.005000 Ry
Split based on tail norm

   izeta = 1
                 lambda =    1.000000
                     rc =    7.656267
                 energy =   -0.378139
                kinetic =    0.866966
    potential(screened) =   -1.245104
       potential(ionic) =  -12.037293

   izeta = 2
                 rmatch =    5.435719
              splitnorm =    0.150000
                 energy =   -0.263593
                kinetic =    1.460417
    potential(screened) =   -1.724009
       potential(ionic) =  -14.443555

SPLIT: Orbitals with angular momentum L= 1

SPLIT: Basis orbitals for state 3p

SPLIT: PAO cut-off radius determined from an
SPLIT: energy shift=  0.005000 Ry
Split based on tail norm

   izeta = 1
                 lambda =    1.000000
                     rc =    2.931236
                 energy =   -4.007005
                kinetic =    7.025810
    potential(screened) =  -11.032815
       potential(ionic) =  -34.720569

SPLIT: Basis orbitals for state 4p
SPLIT: Non-perturbative polarization orbs for state 4s
SPLIT: rc(1st zeta) (re)set to: 7.6563 (expansion factor: 1.0000)
Split based on tail norm

   izeta = 1
                 lambda =    1.000000
                     rc =    7.656267
                 energy =   -0.062352
                kinetic =    0.877572
    potential(screened) =   -0.939925
       potential(ionic) =   -9.910999

SPLIT: Orbitals with angular momentum L= 2

SPLIT: Basis orbitals for state 3d

SPLIT: PAO cut-off radius determined from an
SPLIT: energy shift=  0.005000 Ry
Split based on tail norm

   izeta = 1
                 lambda =    1.000000
                     rc =    4.762307
                 energy =   -0.492112
                kinetic =   10.478183
    potential(screened) =  -10.970295
       potential(ionic) =  -32.102142

   izeta = 2
                 rmatch =    2.867235
              splitnorm =    0.150000
                 energy =   -0.364028
                kinetic =   12.809108
    potential(screened) =  -13.173136
       potential(ionic) =  -36.026006
atom: Total number of Sankey-type orbitals: 19

atm_pop: Valence configuration (for local Pseudopot. screening):
 3s( 2.00) 4s( 2.00)                                                  
 3p( 6.00) 4p( 0.00)                                                  
 3d( 5.00)                                                            
Vna: chval, zval:   15.00000  15.00000

Vna:  Cut-off radius for the neutral-atom potential:   7.656267
comcore: Pseudo-core radius Rcore=  2.112999

atom: _________________________________________________________________________
Maximum radius (at nrval) set to   50.00000 8518

DFTUprojs with principal quantum number n =  3
DFTUprojs with angular momentum l =  2
DFTUprojs with U        =      0.00000
DFTUprojs with J        =      0.00000
DFTUprojs with lambda   =      1.00000
DFTUprojs with rc       =      0.00000
DFTUprojs with nnodes   =     1
DFTUprojs with nprin    =     3
DFTUprojs with nrval    =  8517
DFTUprojs with nrwf     =  8517
DFTUprojs with nrmax    = 20000
DFTUprojs with zval     =     15.00000
DFTUprojs with a        =      0.00100
DFTUprojs with b        =      0.01000
dftu_proj_gen: updating the rc to     19.951986979740 Bohr

<basis_specs>
===============================================================================
MnLR12               Z=  25    Mass=  54.938        Charge= 0.17977+309
Lmxo=2 Lmxkb= 2    BasisType=split      Semic=T
L=0  Nsemic=1  Cnfigmx=4
          i=1  nzeta=1  polorb=0  (3s)  (semicore shell)
            splnorm:   0.15000    
               vcte:    40.000    
               rinn:  -0.90000    
               qcoe:    0.0000    
               qyuk:    0.0000    
               qwid:   0.10000E-01
                rcs:    0.0000    
            lambdas:    1.0000    
          i=2  nzeta=2  polorb=0  (4s)  (to be polarized non-perturbatively)
            splnorm:   0.15000    
               vcte:    40.000    
               rinn:  -0.90000    
               qcoe:    0.0000    
               qyuk:    0.0000    
               qwid:   0.10000E-01
                rcs:    0.0000      0.0000    
            lambdas:    1.0000      1.0000    
L=1  Nsemic=1  Cnfigmx=4
          i=1  nzeta=1  polorb=0  (3p)  (semicore shell)
            splnorm:   0.15000    
               vcte:    40.000    
               rinn:  -0.90000    
               qcoe:    0.0000    
               qyuk:    0.0000    
               qwid:   0.10000E-01
                rcs:    0.0000    
            lambdas:    1.0000    
          i=2  nzeta=1  polorb=0  (4p)  (non-perturbative polarization shell)
            splnorm:   0.15000    
               vcte:    40.000    
               rinn:  -0.90000    
               qcoe:    0.0000    
               qyuk:    0.0000    
               qwid:   0.10000E-01
                rcs:    0.0000    
            lambdas:    1.0000    
L=2  Nsemic=0  Cnfigmx=3
          i=1  nzeta=2  polorb=0  (3d)
            splnorm:   0.15000    
               vcte:    40.000    
               rinn:  -0.90000    
               qcoe:    0.0000    
               qyuk:    0.0000    
               qwid:   0.10000E-01
                rcs:    0.0000      0.0000    
            lambdas:    1.0000      1.0000    
-------------------------------------------------------------------------------
L=0  Nkbl=2  erefs: 0.17977+309 0.17977+309
L=1  Nkbl=2  erefs: 0.17977+309 0.17977+309
L=2  Nkbl=1  erefs: 0.17977+309
-------------------------------------------------------------------------------
L=2  n=3
                  U:    0.0000    
                  J:    0.0000    
               rinn:  -0.90000    
               vcte:    40.000    
             lambda:    1.0000    
              width:   0.50000E-01
                 rc:    0.0000    
            dnrm_rc:   0.90000    
===============================================================================
</basis_specs>

Using PAO.SplitTailNorm
atom: Called for MnLR12                (Z =  25)
Maximum radius (at nrval) set to   50.00000 8518

read_vps: Pseudopotential generation method:
read_vps: ONCVPSP-3.Hamann's oncvpsp                        
Valence charge in pseudo generation:   15.00000

read_vps: Pseudopotential includes a core correction:
read_vps: Pseudo-core for xc-correction

xc_check: Exchange-correlation functional:
xc_check: GGA Perdew, Burke & Ernzerhof 1996
Got Vlocal (oncv-fit) from psml data
Choosing vlocal chloc cutoff:  5.072635
qtot up to nchloc:   14.99974639
atom: Maximum radius for chlocal:    5.07263
atom: Maximum radius for r*vlocal+2*Zval:    5.07263
Reading KB projs from MnLR12 psml data
Using scalar-relativistic projectors in PSML file

PSML: Kleinman-Bylander projectors: 
   l= 0   rc=  1.126360   Ekb= 44.071529
   l= 0   rc=  1.126360   Ekb=  4.652397
   l= 1   rc=  1.126360   Ekb=  5.643412
   l= 1   rc=  1.126360   Ekb= -0.294693
   l= 2   rc=  1.379341   Ekb=-17.489238
   l= 2   rc=  1.379341   Ekb= -5.035197

PSML: Total number of  Kleinman-Bylander projectors:  18
atom: -------------------------------------------------------------------------

atom: SANKEY-TYPE ORBITALS:
atom: Selected multiple-zeta basis: split     

SPLIT: Orbitals with angular momentum L= 0

SPLIT: Basis orbitals for state 3s

SPLIT: PAO cut-off radius determined from an
SPLIT: energy shift=  0.005000 Ry
Split based on tail norm

   izeta = 1
                 lambda =    1.000000
                     rc =    2.624859
                 energy =   -6.306495
                kinetic =    3.306165
    potential(screened) =   -9.612660
       potential(ionic) =  -33.847844

SPLIT: Basis orbitals for state 4s

SPLIT: PAO cut-off radius determined from an
SPLIT: energy shift=  0.005000 Ry
Split based on tail norm

   izeta = 1
                 lambda =    1.000000
                     rc =    7.656267
                 energy =   -0.378139
                kinetic =    0.866966
    potential(screened) =   -1.245104
       potential(ionic) =  -12.037293

   izeta = 2
                 rmatch =    5.435719
              splitnorm =    0.150000
                 energy =   -0.263593
                kinetic =    1.460417
    potential(screened) =   -1.724009
       potential(ionic) =  -14.443555

SPLIT: Orbitals with angular momentum L= 1

SPLIT: Basis orbitals for state 3p

SPLIT: PAO cut-off radius determined from an
SPLIT: energy shift=  0.005000 Ry
Split based on tail norm

   izeta = 1
                 lambda =    1.000000
                     rc =    2.931236
                 energy =   -4.007005
                kinetic =    7.025810
    potential(screened) =  -11.032815
       potential(ionic) =  -34.720569

SPLIT: Basis orbitals for state 4p
SPLIT: Non-perturbative polarization orbs for state 4s
SPLIT: rc(1st zeta) (re)set to: 7.6563 (expansion factor: 1.0000)
Split based on tail norm

   izeta = 1
                 lambda =    1.000000
                     rc =    7.656267
                 energy =   -0.062352
                kinetic =    0.877572
    potential(screened) =   -0.939925
       potential(ionic) =   -9.910999

SPLIT: Orbitals with angular momentum L= 2

SPLIT: Basis orbitals for state 3d

SPLIT: PAO cut-off radius determined from an
SPLIT: energy shift=  0.005000 Ry
Split based on tail norm

   izeta = 1
                 lambda =    1.000000
                     rc =    4.762307
                 energy =   -0.492112
                kinetic =   10.478183
    potential(screened) =  -10.970295
       potential(ionic) =  -32.102142

   izeta = 2
                 rmatch =    2.867235
              splitnorm =    0.150000
                 energy =   -0.364028
                kinetic =   12.809108
    potential(screened) =  -13.173136
       potential(ionic) =  -36.026006
atom: Total number of Sankey-type orbitals: 19

atm_pop: Valence configuration (for local Pseudopot. screening):
 3s( 2.00) 4s( 2.00)                                                  
 3p( 6.00) 4p( 0.00)                                                  
 3d( 5.00)                                                            
Vna: chval, zval:   15.00000  15.00000

Vna:  Cut-off radius for the neutral-atom potential:   7.656267
comcore: Pseudo-core radius Rcore=  2.112999

atom: _________________________________________________________________________
Maximum radius (at nrval) set to   50.00000 8518

DFTUprojs with principal quantum number n =  3
DFTUprojs with angular momentum l =  2
DFTUprojs with U        =      0.00000
DFTUprojs with J        =      0.00000
DFTUprojs with lambda   =      1.00000
DFTUprojs with rc       =      0.00000
DFTUprojs with nnodes   =     1
DFTUprojs with nprin    =     3
DFTUprojs with nrval    =  8517
DFTUprojs with nrwf     =  8517
DFTUprojs with nrmax    = 20000
DFTUprojs with zval     =     15.00000
DFTUprojs with a        =      0.00100
DFTUprojs with b        =      0.01000
dftu_proj_gen: updating the rc to     19.951986979740 Bohr

<basis_specs>
===============================================================================
MnLR13               Z=  25    Mass=  54.938        Charge= 0.17977+309
Lmxo=2 Lmxkb= 2    BasisType=split      Semic=T
L=0  Nsemic=1  Cnfigmx=4
          i=1  nzeta=1  polorb=0  (3s)  (semicore shell)
            splnorm:   0.15000    
               vcte:    40.000    
               rinn:  -0.90000    
               qcoe:    0.0000    
               qyuk:    0.0000    
               qwid:   0.10000E-01
                rcs:    0.0000    
            lambdas:    1.0000    
          i=2  nzeta=2  polorb=0  (4s)  (to be polarized non-perturbatively)
            splnorm:   0.15000    
               vcte:    40.000    
               rinn:  -0.90000    
               qcoe:    0.0000    
               qyuk:    0.0000    
               qwid:   0.10000E-01
                rcs:    0.0000      0.0000    
            lambdas:    1.0000      1.0000    
L=1  Nsemic=1  Cnfigmx=4
          i=1  nzeta=1  polorb=0  (3p)  (semicore shell)
            splnorm:   0.15000    
               vcte:    40.000    
               rinn:  -0.90000    
               qcoe:    0.0000    
               qyuk:    0.0000    
               qwid:   0.10000E-01
                rcs:    0.0000    
            lambdas:    1.0000    
          i=2  nzeta=1  polorb=0  (4p)  (non-perturbative polarization shell)
            splnorm:   0.15000    
               vcte:    40.000    
               rinn:  -0.90000    
               qcoe:    0.0000    
               qyuk:    0.0000    
               qwid:   0.10000E-01
                rcs:    0.0000    
            lambdas:    1.0000    
L=2  Nsemic=0  Cnfigmx=3
          i=1  nzeta=2  polorb=0  (3d)
            splnorm:   0.15000    
               vcte:    40.000    
               rinn:  -0.90000    
               qcoe:    0.0000    
               qyuk:    0.0000    
               qwid:   0.10000E-01
                rcs:    0.0000      0.0000    
            lambdas:    1.0000      1.0000    
-------------------------------------------------------------------------------
L=0  Nkbl=2  erefs: 0.17977+309 0.17977+309
L=1  Nkbl=2  erefs: 0.17977+309 0.17977+309
L=2  Nkbl=1  erefs: 0.17977+309
-------------------------------------------------------------------------------
L=2  n=3
                  U:    0.0000    
                  J:    0.0000    
               rinn:  -0.90000    
               vcte:    40.000    
             lambda:    1.0000    
              width:   0.50000E-01
                 rc:    0.0000    
            dnrm_rc:   0.90000    
===============================================================================
</basis_specs>

Using PAO.SplitTailNorm
atom: Called for MnLR13                (Z =  25)
Maximum radius (at nrval) set to   50.00000 8518

read_vps: Pseudopotential generation method:
read_vps: ONCVPSP-3.Hamann's oncvpsp                        
Valence charge in pseudo generation:   15.00000

read_vps: Pseudopotential includes a core correction:
read_vps: Pseudo-core for xc-correction

xc_check: Exchange-correlation functional:
xc_check: GGA Perdew, Burke & Ernzerhof 1996
Got Vlocal (oncv-fit) from psml data
Choosing vlocal chloc cutoff:  5.072635
qtot up to nchloc:   14.99974639
atom: Maximum radius for chlocal:    5.07263
atom: Maximum radius for r*vlocal+2*Zval:    5.07263
Reading KB projs from MnLR13 psml data
Using scalar-relativistic projectors in PSML file

PSML: Kleinman-Bylander projectors: 
   l= 0   rc=  1.126360   Ekb= 44.071529
   l= 0   rc=  1.126360   Ekb=  4.652397
   l= 1   rc=  1.126360   Ekb=  5.643412
   l= 1   rc=  1.126360   Ekb= -0.294693
   l= 2   rc=  1.379341   Ekb=-17.489238
   l= 2   rc=  1.379341   Ekb= -5.035197

PSML: Total number of  Kleinman-Bylander projectors:  18
atom: -------------------------------------------------------------------------

atom: SANKEY-TYPE ORBITALS:
atom: Selected multiple-zeta basis: split     

SPLIT: Orbitals with angular momentum L= 0

SPLIT: Basis orbitals for state 3s

SPLIT: PAO cut-off radius determined from an
SPLIT: energy shift=  0.005000 Ry
Split based on tail norm

   izeta = 1
                 lambda =    1.000000
                     rc =    2.624859
                 energy =   -6.306495
                kinetic =    3.306165
    potential(screened) =   -9.612660
       potential(ionic) =  -33.847844

SPLIT: Basis orbitals for state 4s

SPLIT: PAO cut-off radius determined from an
SPLIT: energy shift=  0.005000 Ry
Split based on tail norm

   izeta = 1
                 lambda =    1.000000
                     rc =    7.656267
                 energy =   -0.378139
                kinetic =    0.866966
    potential(screened) =   -1.245104
       potential(ionic) =  -12.037293

   izeta = 2
                 rmatch =    5.435719
              splitnorm =    0.150000
                 energy =   -0.263593
                kinetic =    1.460417
    potential(screened) =   -1.724009
       potential(ionic) =  -14.443555

SPLIT: Orbitals with angular momentum L= 1

SPLIT: Basis orbitals for state 3p

SPLIT: PAO cut-off radius determined from an
SPLIT: energy shift=  0.005000 Ry
Split based on tail norm

   izeta = 1
                 lambda =    1.000000
                     rc =    2.931236
                 energy =   -4.007005
                kinetic =    7.025810
    potential(screened) =  -11.032815
       potential(ionic) =  -34.720569

SPLIT: Basis orbitals for state 4p
SPLIT: Non-perturbative polarization orbs for state 4s
SPLIT: rc(1st zeta) (re)set to: 7.6563 (expansion factor: 1.0000)
Split based on tail norm

   izeta = 1
                 lambda =    1.000000
                     rc =    7.656267
                 energy =   -0.062352
                kinetic =    0.877572
    potential(screened) =   -0.939925
       potential(ionic) =   -9.910999

SPLIT: Orbitals with angular momentum L= 2

SPLIT: Basis orbitals for state 3d

SPLIT: PAO cut-off radius determined from an
SPLIT: energy shift=  0.005000 Ry
Split based on tail norm

   izeta = 1
                 lambda =    1.000000
                     rc =    4.762307
                 energy =   -0.492112
                kinetic =   10.478183
    potential(screened) =  -10.970295
       potential(ionic) =  -32.102142

   izeta = 2
                 rmatch =    2.867235
              splitnorm =    0.150000
                 energy =   -0.364028
                kinetic =   12.809108
    potential(screened) =  -13.173136
       potential(ionic) =  -36.026006
atom: Total number of Sankey-type orbitals: 19

atm_pop: Valence configuration (for local Pseudopot. screening):
 3s( 2.00) 4s( 2.00)                                                  
 3p( 6.00) 4p( 0.00)                                                  
 3d( 5.00)                                                            
Vna: chval, zval:   15.00000  15.00000

Vna:  Cut-off radius for the neutral-atom potential:   7.656267
comcore: Pseudo-core radius Rcore=  2.112999

atom: _________________________________________________________________________
Maximum radius (at nrval) set to   50.00000 8518

DFTUprojs with principal quantum number n =  3
DFTUprojs with angular momentum l =  2
DFTUprojs with U        =      0.00000
DFTUprojs with J        =      0.00000
DFTUprojs with lambda   =      1.00000
DFTUprojs with rc       =      0.00000
DFTUprojs with nnodes   =     1
DFTUprojs with nprin    =     3
DFTUprojs with nrval    =  8517
DFTUprojs with nrwf     =  8517
DFTUprojs with nrmax    = 20000
DFTUprojs with zval     =     15.00000
DFTUprojs with a        =      0.00100
DFTUprojs with b        =      0.01000
dftu_proj_gen: updating the rc to     19.951986979740 Bohr

<basis_specs>
===============================================================================
MnLR14               Z=  25    Mass=  54.938        Charge= 0.17977+309
Lmxo=2 Lmxkb= 2    BasisType=split      Semic=T
L=0  Nsemic=1  Cnfigmx=4
          i=1  nzeta=1  polorb=0  (3s)  (semicore shell)
            splnorm:   0.15000    
               vcte:    40.000    
               rinn:  -0.90000    
               qcoe:    0.0000    
               qyuk:    0.0000    
               qwid:   0.10000E-01
                rcs:    0.0000    
            lambdas:    1.0000    
          i=2  nzeta=2  polorb=0  (4s)  (to be polarized non-perturbatively)
            splnorm:   0.15000    
               vcte:    40.000    
               rinn:  -0.90000    
               qcoe:    0.0000    
               qyuk:    0.0000    
               qwid:   0.10000E-01
                rcs:    0.0000      0.0000    
            lambdas:    1.0000      1.0000    
L=1  Nsemic=1  Cnfigmx=4
          i=1  nzeta=1  polorb=0  (3p)  (semicore shell)
            splnorm:   0.15000    
               vcte:    40.000    
               rinn:  -0.90000    
               qcoe:    0.0000    
               qyuk:    0.0000    
               qwid:   0.10000E-01
                rcs:    0.0000    
            lambdas:    1.0000    
          i=2  nzeta=1  polorb=0  (4p)  (non-perturbative polarization shell)
            splnorm:   0.15000    
               vcte:    40.000    
               rinn:  -0.90000    
               qcoe:    0.0000    
               qyuk:    0.0000    
               qwid:   0.10000E-01
                rcs:    0.0000    
            lambdas:    1.0000    
L=2  Nsemic=0  Cnfigmx=3
          i=1  nzeta=2  polorb=0  (3d)
            splnorm:   0.15000    
               vcte:    40.000    
               rinn:  -0.90000    
               qcoe:    0.0000    
               qyuk:    0.0000    
               qwid:   0.10000E-01
                rcs:    0.0000      0.0000    
            lambdas:    1.0000      1.0000    
-------------------------------------------------------------------------------
L=0  Nkbl=2  erefs: 0.17977+309 0.17977+309
L=1  Nkbl=2  erefs: 0.17977+309 0.17977+309
L=2  Nkbl=1  erefs: 0.17977+309
-------------------------------------------------------------------------------
L=2  n=3
                  U:    0.0000    
                  J:    0.0000    
               rinn:  -0.90000    
               vcte:    40.000    
             lambda:    1.0000    
              width:   0.50000E-01
                 rc:    0.0000    
            dnrm_rc:   0.90000    
===============================================================================
</basis_specs>

Using PAO.SplitTailNorm
atom: Called for MnLR14                (Z =  25)
Maximum radius (at nrval) set to   50.00000 8518

read_vps: Pseudopotential generation method:
read_vps: ONCVPSP-3.Hamann's oncvpsp                        
Valence charge in pseudo generation:   15.00000

read_vps: Pseudopotential includes a core correction:
read_vps: Pseudo-core for xc-correction

xc_check: Exchange-correlation functional:
xc_check: GGA Perdew, Burke & Ernzerhof 1996
Got Vlocal (oncv-fit) from psml data
Choosing vlocal chloc cutoff:  5.072635
qtot up to nchloc:   14.99974639
atom: Maximum radius for chlocal:    5.07263
atom: Maximum radius for r*vlocal+2*Zval:    5.07263
Reading KB projs from MnLR14 psml data
Using scalar-relativistic projectors in PSML file

PSML: Kleinman-Bylander projectors: 
   l= 0   rc=  1.126360   Ekb= 44.071529
   l= 0   rc=  1.126360   Ekb=  4.652397
   l= 1   rc=  1.126360   Ekb=  5.643412
   l= 1   rc=  1.126360   Ekb= -0.294693
   l= 2   rc=  1.379341   Ekb=-17.489238
   l= 2   rc=  1.379341   Ekb= -5.035197

PSML: Total number of  Kleinman-Bylander projectors:  18
atom: -------------------------------------------------------------------------

atom: SANKEY-TYPE ORBITALS:
atom: Selected multiple-zeta basis: split     

SPLIT: Orbitals with angular momentum L= 0

SPLIT: Basis orbitals for state 3s

SPLIT: PAO cut-off radius determined from an
SPLIT: energy shift=  0.005000 Ry
Split based on tail norm

   izeta = 1
                 lambda =    1.000000
                     rc =    2.624859
                 energy =   -6.306495
                kinetic =    3.306165
    potential(screened) =   -9.612660
       potential(ionic) =  -33.847844

SPLIT: Basis orbitals for state 4s

SPLIT: PAO cut-off radius determined from an
SPLIT: energy shift=  0.005000 Ry
Split based on tail norm

   izeta = 1
                 lambda =    1.000000
                     rc =    7.656267
                 energy =   -0.378139
                kinetic =    0.866966
    potential(screened) =   -1.245104
       potential(ionic) =  -12.037293

   izeta = 2
                 rmatch =    5.435719
              splitnorm =    0.150000
                 energy =   -0.263593
                kinetic =    1.460417
    potential(screened) =   -1.724009
       potential(ionic) =  -14.443555

SPLIT: Orbitals with angular momentum L= 1

SPLIT: Basis orbitals for state 3p

SPLIT: PAO cut-off radius determined from an
SPLIT: energy shift=  0.005000 Ry
Split based on tail norm

   izeta = 1
                 lambda =    1.000000
                     rc =    2.931236
                 energy =   -4.007005
                kinetic =    7.025810
    potential(screened) =  -11.032815
       potential(ionic) =  -34.720569

SPLIT: Basis orbitals for state 4p
SPLIT: Non-perturbative polarization orbs for state 4s
SPLIT: rc(1st zeta) (re)set to: 7.6563 (expansion factor: 1.0000)
Split based on tail norm

   izeta = 1
                 lambda =    1.000000
                     rc =    7.656267
                 energy =   -0.062352
                kinetic =    0.877572
    potential(screened) =   -0.939925
       potential(ionic) =   -9.910999

SPLIT: Orbitals with angular momentum L= 2

SPLIT: Basis orbitals for state 3d

SPLIT: PAO cut-off radius determined from an
SPLIT: energy shift=  0.005000 Ry
Split based on tail norm

   izeta = 1
                 lambda =    1.000000
                     rc =    4.762307
                 energy =   -0.492112
                kinetic =   10.478183
    potential(screened) =  -10.970295
       potential(ionic) =  -32.102142

   izeta = 2
                 rmatch =    2.867235
              splitnorm =    0.150000
                 energy =   -0.364028
                kinetic =   12.809108
    potential(screened) =  -13.173136
       potential(ionic) =  -36.026006
atom: Total number of Sankey-type orbitals: 19

atm_pop: Valence configuration (for local Pseudopot. screening):
 3s( 2.00) 4s( 2.00)                                                  
 3p( 6.00) 4p( 0.00)                                                  
 3d( 5.00)                                                            
Vna: chval, zval:   15.00000  15.00000

Vna:  Cut-off radius for the neutral-atom potential:   7.656267
comcore: Pseudo-core radius Rcore=  2.112999

atom: _________________________________________________________________________
Maximum radius (at nrval) set to   50.00000 8518

DFTUprojs with principal quantum number n =  3
DFTUprojs with angular momentum l =  2
DFTUprojs with U        =      0.00000
DFTUprojs with J        =      0.00000
DFTUprojs with lambda   =      1.00000
DFTUprojs with rc       =      0.00000
DFTUprojs with nnodes   =     1
DFTUprojs with nprin    =     3
DFTUprojs with nrval    =  8517
DFTUprojs with nrwf     =  8517
DFTUprojs with nrmax    = 20000
DFTUprojs with zval     =     15.00000
DFTUprojs with a        =      0.00100
DFTUprojs with b        =      0.01000
dftu_proj_gen: updating the rc to     19.951986979740 Bohr

<basis_specs>
===============================================================================
MnLR15               Z=  25    Mass=  54.938        Charge= 0.17977+309
Lmxo=2 Lmxkb= 2    BasisType=split      Semic=T
L=0  Nsemic=1  Cnfigmx=4
          i=1  nzeta=1  polorb=0  (3s)  (semicore shell)
            splnorm:   0.15000    
               vcte:    40.000    
               rinn:  -0.90000    
               qcoe:    0.0000    
               qyuk:    0.0000    
               qwid:   0.10000E-01
                rcs:    0.0000    
            lambdas:    1.0000    
          i=2  nzeta=2  polorb=0  (4s)  (to be polarized non-perturbatively)
            splnorm:   0.15000    
               vcte:    40.000    
               rinn:  -0.90000    
               qcoe:    0.0000    
               qyuk:    0.0000    
               qwid:   0.10000E-01
                rcs:    0.0000      0.0000    
            lambdas:    1.0000      1.0000    
L=1  Nsemic=1  Cnfigmx=4
          i=1  nzeta=1  polorb=0  (3p)  (semicore shell)
            splnorm:   0.15000    
               vcte:    40.000    
               rinn:  -0.90000    
               qcoe:    0.0000    
               qyuk:    0.0000    
               qwid:   0.10000E-01
                rcs:    0.0000    
            lambdas:    1.0000    
          i=2  nzeta=1  polorb=0  (4p)  (non-perturbative polarization shell)
            splnorm:   0.15000    
               vcte:    40.000    
               rinn:  -0.90000    
               qcoe:    0.0000    
               qyuk:    0.0000    
               qwid:   0.10000E-01
                rcs:    0.0000    
            lambdas:    1.0000    
L=2  Nsemic=0  Cnfigmx=3
          i=1  nzeta=2  polorb=0  (3d)
            splnorm:   0.15000    
               vcte:    40.000    
               rinn:  -0.90000    
               qcoe:    0.0000    
               qyuk:    0.0000    
               qwid:   0.10000E-01
                rcs:    0.0000      0.0000    
            lambdas:    1.0000      1.0000    
-------------------------------------------------------------------------------
L=0  Nkbl=2  erefs: 0.17977+309 0.17977+309
L=1  Nkbl=2  erefs: 0.17977+309 0.17977+309
L=2  Nkbl=1  erefs: 0.17977+309
-------------------------------------------------------------------------------
L=2  n=3
                  U:    0.0000    
                  J:    0.0000    
               rinn:  -0.90000    
               vcte:    40.000    
             lambda:    1.0000    
              width:   0.50000E-01
                 rc:    0.0000    
            dnrm_rc:   0.90000    
===============================================================================
</basis_specs>

Using PAO.SplitTailNorm
atom: Called for MnLR15                (Z =  25)
Maximum radius (at nrval) set to   50.00000 8518

read_vps: Pseudopotential generation method:
read_vps: ONCVPSP-3.Hamann's oncvpsp                        
Valence charge in pseudo generation:   15.00000

read_vps: Pseudopotential includes a core correction:
read_vps: Pseudo-core for xc-correction

xc_check: Exchange-correlation functional:
xc_check: GGA Perdew, Burke & Ernzerhof 1996
Got Vlocal (oncv-fit) from psml data
Choosing vlocal chloc cutoff:  5.072635
qtot up to nchloc:   14.99974639
atom: Maximum radius for chlocal:    5.07263
atom: Maximum radius for r*vlocal+2*Zval:    5.07263
Reading KB projs from MnLR15 psml data
Using scalar-relativistic projectors in PSML file

PSML: Kleinman-Bylander projectors: 
   l= 0   rc=  1.126360   Ekb= 44.071529
   l= 0   rc=  1.126360   Ekb=  4.652397
   l= 1   rc=  1.126360   Ekb=  5.643412
   l= 1   rc=  1.126360   Ekb= -0.294693
   l= 2   rc=  1.379341   Ekb=-17.489238
   l= 2   rc=  1.379341   Ekb= -5.035197

PSML: Total number of  Kleinman-Bylander projectors:  18
atom: -------------------------------------------------------------------------

atom: SANKEY-TYPE ORBITALS:
atom: Selected multiple-zeta basis: split     

SPLIT: Orbitals with angular momentum L= 0

SPLIT: Basis orbitals for state 3s

SPLIT: PAO cut-off radius determined from an
SPLIT: energy shift=  0.005000 Ry
Split based on tail norm

   izeta = 1
                 lambda =    1.000000
                     rc =    2.624859
                 energy =   -6.306495
                kinetic =    3.306165
    potential(screened) =   -9.612660
       potential(ionic) =  -33.847844

SPLIT: Basis orbitals for state 4s

SPLIT: PAO cut-off radius determined from an
SPLIT: energy shift=  0.005000 Ry
Split based on tail norm

   izeta = 1
                 lambda =    1.000000
                     rc =    7.656267
                 energy =   -0.378139
                kinetic =    0.866966
    potential(screened) =   -1.245104
       potential(ionic) =  -12.037293

   izeta = 2
                 rmatch =    5.435719
              splitnorm =    0.150000
                 energy =   -0.263593
                kinetic =    1.460417
    potential(screened) =   -1.724009
       potential(ionic) =  -14.443555

SPLIT: Orbitals with angular momentum L= 1

SPLIT: Basis orbitals for state 3p

SPLIT: PAO cut-off radius determined from an
SPLIT: energy shift=  0.005000 Ry
Split based on tail norm

   izeta = 1
                 lambda =    1.000000
                     rc =    2.931236
                 energy =   -4.007005
                kinetic =    7.025810
    potential(screened) =  -11.032815
       potential(ionic) =  -34.720569

SPLIT: Basis orbitals for state 4p
SPLIT: Non-perturbative polarization orbs for state 4s
SPLIT: rc(1st zeta) (re)set to: 7.6563 (expansion factor: 1.0000)
Split based on tail norm

   izeta = 1
                 lambda =    1.000000
                     rc =    7.656267
                 energy =   -0.062352
                kinetic =    0.877572
    potential(screened) =   -0.939925
       potential(ionic) =   -9.910999

SPLIT: Orbitals with angular momentum L= 2

SPLIT: Basis orbitals for state 3d

SPLIT: PAO cut-off radius determined from an
SPLIT: energy shift=  0.005000 Ry
Split based on tail norm

   izeta = 1
                 lambda =    1.000000
                     rc =    4.762307
                 energy =   -0.492112
                kinetic =   10.478183
    potential(screened) =  -10.970295
       potential(ionic) =  -32.102142

   izeta = 2
                 rmatch =    2.867235
              splitnorm =    0.150000
                 energy =   -0.364028
                kinetic =   12.809108
    potential(screened) =  -13.173136
       potential(ionic) =  -36.026006
atom: Total number of Sankey-type orbitals: 19

atm_pop: Valence configuration (for local Pseudopot. screening):
 3s( 2.00) 4s( 2.00)                                                  
 3p( 6.00) 4p( 0.00)                                                  
 3d( 5.00)                                                            
Vna: chval, zval:   15.00000  15.00000

Vna:  Cut-off radius for the neutral-atom potential:   7.656267
comcore: Pseudo-core radius Rcore=  2.112999

atom: _________________________________________________________________________
Maximum radius (at nrval) set to   50.00000 8518

DFTUprojs with principal quantum number n =  3
DFTUprojs with angular momentum l =  2
DFTUprojs with U        =      0.00000
DFTUprojs with J        =      0.00000
DFTUprojs with lambda   =      1.00000
DFTUprojs with rc       =      0.00000
DFTUprojs with nnodes   =     1
DFTUprojs with nprin    =     3
DFTUprojs with nrval    =  8517
DFTUprojs with nrwf     =  8517
DFTUprojs with nrmax    = 20000
DFTUprojs with zval     =     15.00000
DFTUprojs with a        =      0.00100
DFTUprojs with b        =      0.01000
dftu_proj_gen: updating the rc to     19.951986979740 Bohr

<basis_specs>
===============================================================================
O                    Z=   8    Mass=  15.999        Charge= 0.17977+309
Lmxo=2 Lmxkb= 2    BasisType=split      Semic=F
L=0  Nsemic=0  Cnfigmx=2
          i=1  nzeta=2  polorb=0  (2s)
            splnorm:   0.15000    
               vcte:    40.000    
               rinn:  -0.90000    
               qcoe:    0.0000    
               qyuk:    0.0000    
               qwid:   0.10000E-01
                rcs:    0.0000      0.0000    
            lambdas:    1.0000      1.0000    
L=1  Nsemic=0  Cnfigmx=2
          i=1  nzeta=2  polorb=1  (2p)  (to be polarized perturbatively)
            splnorm:   0.15000    
               vcte:    40.000    
               rinn:  -0.90000    
               qcoe:    0.0000    
               qyuk:    0.0000    
               qwid:   0.10000E-01
                rcs:    0.0000      0.0000    
            lambdas:    1.0000      1.0000    
L=2  Nsemic=0  Cnfigmx=3
          i=1  nzeta=0  polorb=0  (3d)  (perturbative polarization orbital) (from 2p)
-------------------------------------------------------------------------------
L=0  Nkbl=1  erefs: 0.17977+309
L=1  Nkbl=1  erefs: 0.17977+309
L=2  Nkbl=1  erefs: 0.17977+309
===============================================================================
</basis_specs>

Using PAO.SplitTailNorm
atom: Called for O                     (Z =   8)
Maximum radius (at nrval) set to   50.00000 8518

read_vps: Pseudopotential generation method:
read_vps: ONCVPSP-3.Hamann's oncvpsp                        
Valence charge in pseudo generation:    6.00000

read_vps: Pseudopotential includes a core correction:
read_vps: Pseudo-core for xc-correction

xc_check: Exchange-correlation functional:
xc_check: GGA Perdew, Burke & Ernzerhof 1996
Got Vlocal (oncv-fit) from psml data
Choosing vlocal chloc cutoff:  6.020499
qtot up to nchloc:    6.00001015
atom: Maximum radius for chlocal:    6.02050
atom: Maximum radius for r*vlocal+2*Zval:    6.02050
Reading KB projs from O psml data
Using scalar-relativistic projectors in PSML file

PSML: Kleinman-Bylander projectors: 
   l= 0   rc=  1.372412   Ekb= 12.113471
   l= 0   rc=  1.372412   Ekb=  1.648048
   l= 1   rc=  1.474132   Ekb= -9.434259
   l= 1   rc=  1.474132   Ekb= -2.298541
   l= 2   rc=  1.277664   Ekb= -2.663910

PSML: Total number of  Kleinman-Bylander projectors:  13
atom: -------------------------------------------------------------------------

atom: SANKEY-TYPE ORBITALS:
atom: Selected multiple-zeta basis: split     

SPLIT: Orbitals with angular momentum L= 0

SPLIT: Basis orbitals for state 2s

SPLIT: PAO cut-off radius determined from an
SPLIT: energy shift=  0.005000 Ry
Split based on tail norm

   izeta = 1
                 lambda =    1.000000
                     rc =    3.812214
                 energy =   -1.755505
                kinetic =    1.565067
    potential(screened) =   -3.320571
       potential(ionic) =  -11.197533

   izeta = 2
                 rmatch =    2.355122
              splitnorm =    0.150000
                 energy =   -1.384920
                kinetic =    2.635650
    potential(screened) =   -4.020570
       potential(ionic) =  -12.598076

SPLIT: Orbitals with angular momentum L= 1

SPLIT: Basis orbitals for state 2p

SPLIT: PAO cut-off radius determined from an
SPLIT: energy shift=  0.005000 Ry
Split based on tail norm

   izeta = 1
                 lambda =    1.000000
                     rc =    4.733759
                 energy =   -0.658128
                kinetic =    4.549080
    potential(screened) =   -5.207209
       potential(ionic) =  -12.802603

   izeta = 2
                 rmatch =    2.907800
              splitnorm =    0.150000
                 energy =   -0.492833
                kinetic =    6.227844
    potential(screened) =   -6.720677
       potential(ionic) =  -15.043583

POLgen: Perturbative polarization orbital with L=  2

POLgen: Polarization orbital for state 2p
Split based on tail norm

   izeta = 1
                     rc =    4.733759
                 energy =    2.081852
                kinetic =    3.902469
    potential(screened) =   -1.820617
       potential(ionic) =   -7.776987
atom: Total number of Sankey-type orbitals: 13

atm_pop: Valence configuration (for local Pseudopot. screening):
 2s( 2.00)                                                            
 2p( 4.00)                                                            
 3d( 0.00)                                                            
Vna: chval, zval:    6.00000   6.00000

Vna:  Cut-off radius for the neutral-atom potential:   4.733759
comcore: Pseudo-core radius Rcore=  1.354557

atom: _________________________________________________________________________

prinput: Basis input 

PAO.BasisType split     

%block ChemicalSpeciesLabel
    1   25 MnLR00                  # Species index, atomic number, species label
    2   25 MnLR01                  # Species index, atomic number, species label
    3   25 MnLR02                  # Species index, atomic number, species label
    4   25 MnLR03                  # Species index, atomic number, species label
    5   25 MnLR04                  # Species index, atomic number, species label
    6   25 MnLR05                  # Species index, atomic number, species label
    7   25 MnLR06                  # Species index, atomic number, species label
    8   25 MnLR07                  # Species index, atomic number, species label
    9   25 MnLR08                  # Species index, atomic number, species label
   10   25 MnLR09                  # Species index, atomic number, species label
   11   25 MnLR10                  # Species index, atomic number, species label
   12   25 MnLR11                  # Species index, atomic number, species label
   13   25 MnLR12                  # Species index, atomic number, species label
   14   25 MnLR13                  # Species index, atomic number, species label
   15   25 MnLR14                  # Species index, atomic number, species label
   16   25 MnLR15                  # Species index, atomic number, species label
   17    8 O                       # Species index, atomic number, species label
%endblock ChemicalSpeciesLabel

%block PAO.Basis                 # Define Basis set
# WARNING: This information might be incomplete!
MnLR00                5                    # Species label, number of l-shells
 n=3   0   1                         # n, l, Nzeta 
   2.625   
   1.000   
 n=4   0   2                         # n, l, Nzeta 
   7.656      5.436   
   1.000      1.000   
 n=3   1   1                         # n, l, Nzeta 
   2.931   
   1.000   
 n=4   1   1                         # n, l, Nzeta 
   7.656   
   1.000   
 n=3   2   2                         # n, l, Nzeta 
   4.762      2.867   
   1.000      1.000   
MnLR01                5                    # Species label, number of l-shells
 n=3   0   1                         # n, l, Nzeta 
   2.625   
   1.000   
 n=4   0   2                         # n, l, Nzeta 
   7.656      5.436   
   1.000      1.000   
 n=3   1   1                         # n, l, Nzeta 
   2.931   
   1.000   
 n=4   1   1                         # n, l, Nzeta 
   7.656   
   1.000   
 n=3   2   2                         # n, l, Nzeta 
   4.762      2.867   
   1.000      1.000   
MnLR02                5                    # Species label, number of l-shells
 n=3   0   1                         # n, l, Nzeta 
   2.625   
   1.000   
 n=4   0   2                         # n, l, Nzeta 
   7.656      5.436   
   1.000      1.000   
 n=3   1   1                         # n, l, Nzeta 
   2.931   
   1.000   
 n=4   1   1                         # n, l, Nzeta 
   7.656   
   1.000   
 n=3   2   2                         # n, l, Nzeta 
   4.762      2.867   
   1.000      1.000   
MnLR03                5                    # Species label, number of l-shells
 n=3   0   1                         # n, l, Nzeta 
   2.625   
   1.000   
 n=4   0   2                         # n, l, Nzeta 
   7.656      5.436   
   1.000      1.000   
 n=3   1   1                         # n, l, Nzeta 
   2.931   
   1.000   
 n=4   1   1                         # n, l, Nzeta 
   7.656   
   1.000   
 n=3   2   2                         # n, l, Nzeta 
   4.762      2.867   
   1.000      1.000   
MnLR04                5                    # Species label, number of l-shells
 n=3   0   1                         # n, l, Nzeta 
   2.625   
   1.000   
 n=4   0   2                         # n, l, Nzeta 
   7.656      5.436   
   1.000      1.000   
 n=3   1   1                         # n, l, Nzeta 
   2.931   
   1.000   
 n=4   1   1                         # n, l, Nzeta 
   7.656   
   1.000   
 n=3   2   2                         # n, l, Nzeta 
   4.762      2.867   
   1.000      1.000   
MnLR05                5                    # Species label, number of l-shells
 n=3   0   1                         # n, l, Nzeta 
   2.625   
   1.000   
 n=4   0   2                         # n, l, Nzeta 
   7.656      5.436   
   1.000      1.000   
 n=3   1   1                         # n, l, Nzeta 
   2.931   
   1.000   
 n=4   1   1                         # n, l, Nzeta 
   7.656   
   1.000   
 n=3   2   2                         # n, l, Nzeta 
   4.762      2.867   
   1.000      1.000   
MnLR06                5                    # Species label, number of l-shells
 n=3   0   1                         # n, l, Nzeta 
   2.625   
   1.000   
 n=4   0   2                         # n, l, Nzeta 
   7.656      5.436   
   1.000      1.000   
 n=3   1   1                         # n, l, Nzeta 
   2.931   
   1.000   
 n=4   1   1                         # n, l, Nzeta 
   7.656   
   1.000   
 n=3   2   2                         # n, l, Nzeta 
   4.762      2.867   
   1.000      1.000   
MnLR07                5                    # Species label, number of l-shells
 n=3   0   1                         # n, l, Nzeta 
   2.625   
   1.000   
 n=4   0   2                         # n, l, Nzeta 
   7.656      5.436   
   1.000      1.000   
 n=3   1   1                         # n, l, Nzeta 
   2.931   
   1.000   
 n=4   1   1                         # n, l, Nzeta 
   7.656   
   1.000   
 n=3   2   2                         # n, l, Nzeta 
   4.762      2.867   
   1.000      1.000   
MnLR08                5                    # Species label, number of l-shells
 n=3   0   1                         # n, l, Nzeta 
   2.625   
   1.000   
 n=4   0   2                         # n, l, Nzeta 
   7.656      5.436   
   1.000      1.000   
 n=3   1   1                         # n, l, Nzeta 
   2.931   
   1.000   
 n=4   1   1                         # n, l, Nzeta 
   7.656   
   1.000   
 n=3   2   2                         # n, l, Nzeta 
   4.762      2.867   
   1.000      1.000   
MnLR09                5                    # Species label, number of l-shells
 n=3   0   1                         # n, l, Nzeta 
   2.625   
   1.000   
 n=4   0   2                         # n, l, Nzeta 
   7.656      5.436   
   1.000      1.000   
 n=3   1   1                         # n, l, Nzeta 
   2.931   
   1.000   
 n=4   1   1                         # n, l, Nzeta 
   7.656   
   1.000   
 n=3   2   2                         # n, l, Nzeta 
   4.762      2.867   
   1.000      1.000   
MnLR10                5                    # Species label, number of l-shells
 n=3   0   1                         # n, l, Nzeta 
   2.625   
   1.000   
 n=4   0   2                         # n, l, Nzeta 
   7.656      5.436   
   1.000      1.000   
 n=3   1   1                         # n, l, Nzeta 
   2.931   
   1.000   
 n=4   1   1                         # n, l, Nzeta 
   7.656   
   1.000   
 n=3   2   2                         # n, l, Nzeta 
   4.762      2.867   
   1.000      1.000   
MnLR11                5                    # Species label, number of l-shells
 n=3   0   1                         # n, l, Nzeta 
   2.625   
   1.000   
 n=4   0   2                         # n, l, Nzeta 
   7.656      5.436   
   1.000      1.000   
 n=3   1   1                         # n, l, Nzeta 
   2.931   
   1.000   
 n=4   1   1                         # n, l, Nzeta 
   7.656   
   1.000   
 n=3   2   2                         # n, l, Nzeta 
   4.762      2.867   
   1.000      1.000   
MnLR12                5                    # Species label, number of l-shells
 n=3   0   1                         # n, l, Nzeta 
   2.625   
   1.000   
 n=4   0   2                         # n, l, Nzeta 
   7.656      5.436   
   1.000      1.000   
 n=3   1   1                         # n, l, Nzeta 
   2.931   
   1.000   
 n=4   1   1                         # n, l, Nzeta 
   7.656   
   1.000   
 n=3   2   2                         # n, l, Nzeta 
   4.762      2.867   
   1.000      1.000   
MnLR13                5                    # Species label, number of l-shells
 n=3   0   1                         # n, l, Nzeta 
   2.625   
   1.000   
 n=4   0   2                         # n, l, Nzeta 
   7.656      5.436   
   1.000      1.000   
 n=3   1   1                         # n, l, Nzeta 
   2.931   
   1.000   
 n=4   1   1                         # n, l, Nzeta 
   7.656   
   1.000   
 n=3   2   2                         # n, l, Nzeta 
   4.762      2.867   
   1.000      1.000   
MnLR14                5                    # Species label, number of l-shells
 n=3   0   1                         # n, l, Nzeta 
   2.625   
   1.000   
 n=4   0   2                         # n, l, Nzeta 
   7.656      5.436   
   1.000      1.000   
 n=3   1   1                         # n, l, Nzeta 
   2.931   
   1.000   
 n=4   1   1                         # n, l, Nzeta 
   7.656   
   1.000   
 n=3   2   2                         # n, l, Nzeta 
   4.762      2.867   
   1.000      1.000   
MnLR15                5                    # Species label, number of l-shells
 n=3   0   1                         # n, l, Nzeta 
   2.625   
   1.000   
 n=4   0   2                         # n, l, Nzeta 
   7.656      5.436   
   1.000      1.000   
 n=3   1   1                         # n, l, Nzeta 
   2.931   
   1.000   
 n=4   1   1                         # n, l, Nzeta 
   7.656   
   1.000   
 n=3   2   2                         # n, l, Nzeta 
   4.762      2.867   
   1.000      1.000   
O                     2                    # Species label, number of l-shells
 n=2   0   2                         # n, l, Nzeta 
   3.812      2.355   
   1.000      1.000   
 n=2   1   2 P   1                   # n, l, Nzeta, Polarization, NzetaPol
   4.734      2.908   
   1.000      1.000   
%endblock PAO.Basis

prinput: ----------------------------------------------------------------------

coor:   Atomic-coordinates input format  =     Fractional

siesta: Atomic coordinates (Bohr) and species
siesta:      0.00000   0.00000   0.00000  1        1
siesta:      0.00000   4.18574   4.18574  2        2
siesta:      4.18574   4.18574   4.18574 17        3
siesta:      4.18574   8.37149   8.37149 17        4
siesta:      4.18574   4.18574   0.00000  3        5
siesta:      4.18574   8.37149   4.18574  4        6
siesta:      8.37149   8.37149   4.18574 17        7
siesta:      8.37149  12.55723   8.37149 17        8
siesta:      4.18574   0.00000   4.18574  5        9
siesta:      4.18574   4.18574   8.37149  6       10
siesta:      8.37149   4.18574   8.37149 17       11
siesta:      8.37149   8.37149  12.55723 17       12
siesta:      8.37149   4.18574   4.18574  7       13
siesta:      8.37149   8.37149   8.37149  8       14
siesta:     12.55723   8.37149   8.37149 17       15
siesta:     12.55723  12.55723  12.55723 17       16
siesta:      0.00000   8.37149   8.37149  9       17
siesta:      0.00000  12.55723  12.55723 10       18
siesta:      4.18574  12.55723  12.55723 17       19
siesta:      4.18574  16.74297  16.74297 17       20
siesta:      4.18574  12.55723   8.37149 11       21
siesta:      4.18574  16.74297  12.55723 12       22
siesta:      8.37149  16.74297  12.55723 17       23
siesta:      8.37149  20.92872  16.74297 17       24
siesta:      4.18574   8.37149  12.55723 13       25
siesta:      4.18574  12.55723  16.74297 14       26
siesta:      8.37149  12.55723  16.74297 17       27
siesta:      8.37149  16.74297  20.92872 17       28
siesta:      8.37149  12.55723  12.55723 15       29
siesta:      8.37149  16.74297  16.74297 16       30
siesta:     12.55723  16.74297  16.74297 17       31
siesta:     12.55723  20.92872  20.92872 17       32

siesta: System type = bulk      

initatomlists: Number of atoms, orbitals, and projectors:     32   512   496

siesta: ******************** Simulation parameters ****************************
siesta:
siesta: The following are some of the parameters of the simulation.
siesta: A complete list of the parameters used, including default values,
siesta: can be found in file out.fdf
siesta:
redata: Spin configuration                          = collinear
redata: Number of spin components                   = 2
redata: Time-Reversal Symmetry                      = T
redata: Spin spiral                                 = F
redata: Long output                                 =   F
redata: Number of Atomic Species                    =       17
redata: Charge density info will appear in .RHO file
redata: Write Mulliken charges (when)               = geometry+end
redata: Write Mulliken Pop.                         = Atomic and Orbital charges
redata: Write Hirshfeld charges (when)              = none
redata: Write Voronoi charges (when)                = none
redata: Write spin charge (when)                    = scf
redata: Matel table size (NRTAB)                    =     1024
redata: Mesh Cutoff                                 =   200.0000 Ry
redata: Net charge of the system                    =     0.0000 |e|
redata: Min. number of SCF Iter                     =        0
redata: Max. number of SCF Iter                     =        1
redata: SCF mix quantity                            = Hamiltonian
redata: Mix DM or H after convergence               =   F
redata: Recompute H after scf cycle                 =   F
redata: Mix DM in first SCF step                    =   T
redata: Write Pulay info on disk                    =   F
redata: New DM Occupancy tolerance                  = 0.000000000001
redata: No kicks to SCF
redata: DM Mixing Weight for Kicks                  =     0.5000
redata: Require Harris convergence for SCF          =   F
redata: Harris energy tolerance for SCF             =     0.000100 eV
redata: Require DM convergence for SCF              =   T
redata: DM tolerance for SCF                        =     0.000100
redata: Require EDM convergence for SCF             =   F
redata: EDM tolerance for SCF                       =     0.001000 eV
redata: Require H convergence for SCF               =   T
redata: Hamiltonian tolerance for SCF               =     0.001000 eV
redata: Require (free) Energy convergence for SCF   =   F
redata: (free) Energy tolerance for SCF             =     0.000100 eV
redata: Antiferro initial spin density              =   F
redata: Using DFT-D3 dispersion                     =   F
redata: Using Saved Data (generic)                  =   F
redata: Use continuation files for DM               =   T
redata: Neglect nonoverlap interactions             =   F
redata: Method of Calculation                       = Diagonalization
redata: Electronic Temperature                      =   300.0000 K
redata: Fix the spin of the system                  =   F
redata: Max. number of TDED Iter                    =        1
redata: Number of TDED substeps                     =        3
redata: Dynamics option                             = Single-point calculation
mix.SCF: Pulay mixing                            = Pulay
mix.SCF:    Variant                              = stable
mix.SCF:    History steps                        = 8
mix.SCF:    Linear mixing weight                 =     0.050000
mix.SCF:    Mixing weight                        =     0.050000
mix.SCF:    SVD condition                        = 0.1000E-07
mix.SCF: Spin-component mixing                   all
redata: ***********************************************************************

%block SCF.Mixers
  Pulay
%endblock SCF.Mixers

%block SCF.Mixer.Pulay
  # Mixing method
  method pulay
  variant stable

  # Mixing options
  weight 0.0500
  weight.linear 0.0500
  history 8
%endblock SCF.Mixer.Pulay

DM_history_depth set to one: no extrapolation allowed by default for geometry relaxation
Size of DM history Fstack: 1
Total number of electrons:   336.000000
Total ionic charge:   336.000000

* ProcessorY, Blocksize:    2  64


* Orbital distribution balance (max,min):   128   128

 Kpoints in:           18 . Kpoints trimmed:           14

siesta: k-grid: Number of k-points = 14
siesta: k-points from Monkhorst-Pack grid
siesta: k-cutoff (effective) =     9.397 Ang
siesta: k-point supercell and displacements
siesta: k-grid:     3     0     0      0.000
siesta: k-grid:     0     3     0      0.000
siesta: k-grid:     0     0     3      0.000

diag: Algorithm                                     = D&C
diag: Parallel over k                               =   F
diag: Use parallel 2D distribution                  =   T
diag: Parallel block-size                           = 64
diag: Parallel distribution                         =     2 x     2
diag: Used triangular part                          = Lower
diag: Absolute tolerance                            =  0.100E-15
diag: Orthogonalization factor                      =  0.100E-05
diag: Memory factor                                 =  1.0000

superc: Internal auxiliary supercell:     3 x     5 x     5  =      75
superc: Number of atoms, orbitals, and projectors:   2400  38400  37200


ts: **************************************************************
ts: Save H and S matrices                           =    F
ts: Save TSHS files in MD/FC simulation             =    F
ts: Save DM and EDM matrices                        =    F
ts: Only save the overlap matrix S                  =    F
ts: **************************************************************

************************ Begin: TS CHECKS AND WARNINGS ************************
************************ End: TS CHECKS AND WARNINGS **************************


                     ====================================
                        Single-point calculation
                     ====================================

superc: Internal auxiliary supercell:     3 x     5 x     5  =      75
superc: Number of atoms, orbitals, and projectors:   2400  38400  37200

outcell: Unit cell vectors (Ang):
        0.000000    8.860000    8.860000
        4.430000    0.000000    4.430000
        4.430000    4.430000    0.000000

outcell: Cell vector modules (Ang)   :   12.529932    6.264966    6.264966
outcell: Cell angles (23,13,12) (deg):     60.0000     60.0000     60.0000
outcell: Cell volume (Ang**3)        :    347.7532
<dSpData1D:S at geom step 0
  <sparsity:sparsity for geom step 0
    nrows_g=512 nrows=128 sparsity=.5608 nnzs=147008, refcount: 8>
  <dData1D:(new from dSpData1D) n=147008, refcount: 1>
refcount: 1>
new_DM -- step:     1
Initializing Density Matrix...

Attempting to read DM from file... Succeeded...
DM from file:
<dSpData2D:IO-DM: B_BARE_m0d100.DM
  <sparsity:IO-DM: B_BARE_m0d100.DM
    nrows_g=512 nrows=128 sparsity=.5608 nnzs=147008, refcount: 1>
  <dData2D:(new from dSpData2D) n=147008 m=2, refcount: 1>
refcount: 1>
DM to be used:
<dSpData2D:Re-structured SpM
  <sparsity:sparsity for geom step 0
    nrows_g=512 nrows=128 sparsity=.5608 nnzs=147008, refcount: 9>
  <dData2D:(new in restruct) n=147008 m=2, refcount: 1>
refcount: 1>
No. of atoms with KB's overlaping orbs in proc 0. Max # of overlaps:     102     249

InitMesh: MESH = 90 x 48 x 48 = 207360
InitMesh: Mesh cutoff (required, used) =   200.000   213.885 Ry
New grid distribution [1]: sub = 2
New grid distribution [2]: sub = 2
New grid distribution [3]: sub = 2
Setting up quadratic distribution...
hubbard_term: recalculating local occupations    1
 hubbard_term: projector occupations
 hubbard_term: atom, species:            1           1
   1   1     0.89833     0.02837
   1   2    -0.00004    -0.00023
   1   3     0.00299    -0.00306
   1   4     0.00001     0.00018
   1   5    -0.00000     0.00000
   2   1    -0.00004    -0.00023
   2   2     0.89832     0.02836
   2   3    -0.00148     0.00163
   2   4     0.00004     0.00023
   2   5     0.00256    -0.00282
   3   1     0.00299    -0.00306
   3   2    -0.00148     0.00163
   3   3     0.92822     0.09879
   3   4     0.00149    -0.00152
   3   5    -0.00000     0.00001
   4   1     0.00001     0.00018
   4   2     0.00004     0.00023
   4   3     0.00149    -0.00152
   4   4     0.89833     0.02837
   4   5     0.00259    -0.00265
   5   1    -0.00000     0.00000
   5   2     0.00256    -0.00282
   5   3    -0.00000     0.00001
   5   4     0.00259    -0.00265
   5   5     0.92822     0.09878
hubbard_term: Total projector shell
Occupations:     4.551406    0.282676    4.834082
 hubbard_term: projector occupations
 hubbard_term: atom, species:            2           2
   1   1     0.02837     0.89833
   1   2    -0.00023    -0.00004
   1   3    -0.00307     0.00300
   1   4     0.00018     0.00001
   1   5    -0.00001     0.00001
   2   1    -0.00023    -0.00004
   2   2     0.02836     0.89832
   2   3     0.00164    -0.00148
   2   4     0.00023     0.00004
   2   5    -0.00283     0.00257
   3   1    -0.00307     0.00300
   3   2     0.00164    -0.00148
   3   3     0.09882     0.92819
   3   4    -0.00154     0.00150
   3   5     0.00002    -0.00001
   4   1     0.00018     0.00001
   4   2     0.00023     0.00004
   4   3    -0.00154     0.00150
   4   4     0.02837     0.89833
   4   5    -0.00265     0.00259
   5   1    -0.00001     0.00001
   5   2    -0.00283     0.00257
   5   3     0.00002    -0.00001
   5   4    -0.00265     0.00259
   5   5     0.09880     0.92820
hubbard_term: Total projector shell
Occupations:     0.282716    4.551361    4.834077
 hubbard_term: projector occupations
 hubbard_term: atom, species:            5           3
   1   1     0.89833     0.02837
   1   2    -0.00004    -0.00023
   1   3     0.00299    -0.00306
   1   4     0.00001     0.00018
   1   5    -0.00000     0.00000
   2   1    -0.00004    -0.00023
   2   2     0.89832     0.02836
   2   3    -0.00148     0.00163
   2   4     0.00004     0.00023
   2   5     0.00256    -0.00282
   3   1     0.00299    -0.00306
   3   2    -0.00148     0.00163
   3   3     0.92822     0.09879
   3   4     0.00149    -0.00152
   3   5    -0.00000     0.00001
   4   1     0.00001     0.00018
   4   2     0.00004     0.00023
   4   3     0.00149    -0.00152
   4   4     0.89833     0.02837
   4   5     0.00259    -0.00265
   5   1    -0.00000     0.00000
   5   2     0.00256    -0.00282
   5   3    -0.00000     0.00001
   5   4     0.00259    -0.00265
   5   5     0.92822     0.09878
hubbard_term: Total projector shell
Occupations:     4.551406    0.282676    4.834082
 hubbard_term: projector occupations
 hubbard_term: atom, species:            6           4
   1   1     0.02837     0.89833
   1   2    -0.00023    -0.00004
   1   3    -0.00307     0.00300
   1   4     0.00018     0.00001
   1   5    -0.00001     0.00001
   2   1    -0.00023    -0.00004
   2   2     0.02836     0.89832
   2   3     0.00164    -0.00148
   2   4     0.00023     0.00004
   2   5    -0.00283     0.00257
   3   1    -0.00307     0.00300
   3   2     0.00164    -0.00148
   3   3     0.09882     0.92819
   3   4    -0.00154     0.00150
   3   5     0.00002    -0.00001
   4   1     0.00018     0.00001
   4   2     0.00023     0.00004
   4   3    -0.00154     0.00150
   4   4     0.02837     0.89833
   4   5    -0.00265     0.00259
   5   1    -0.00001     0.00001
   5   2    -0.00283     0.00257
   5   3     0.00002    -0.00001
   5   4    -0.00265     0.00259
   5   5     0.09880     0.92820
hubbard_term: Total projector shell
Occupations:     0.282716    4.551361    4.834077
 hubbard_term: projector occupations
 hubbard_term: atom, species:            9           5
   1   1     0.89833     0.02837
   1   2    -0.00004    -0.00023
   1   3     0.00299    -0.00306
   1   4     0.00001     0.00018
   1   5    -0.00000     0.00000
   2   1    -0.00004    -0.00023
   2   2     0.89832     0.02836
   2   3    -0.00148     0.00163
   2   4     0.00004     0.00023
   2   5     0.00256    -0.00282
   3   1     0.00299    -0.00306
   3   2    -0.00148     0.00163
   3   3     0.92822     0.09879
   3   4     0.00149    -0.00152
   3   5    -0.00000     0.00001
   4   1     0.00001     0.00018
   4   2     0.00004     0.00023
   4   3     0.00149    -0.00152
   4   4     0.89833     0.02837
   4   5     0.00259    -0.00265
   5   1    -0.00000     0.00000
   5   2     0.00256    -0.00282
   5   3    -0.00000     0.00001
   5   4     0.00259    -0.00265
   5   5     0.92822     0.09878
hubbard_term: Total projector shell
Occupations:     4.551406    0.282676    4.834082
 hubbard_term: projector occupations
 hubbard_term: atom, species:           10           6
   1   1     0.02837     0.89833
   1   2    -0.00023    -0.00004
   1   3    -0.00307     0.00300
   1   4     0.00018     0.00001
   1   5    -0.00001     0.00001
   2   1    -0.00023    -0.00004
   2   2     0.02836     0.89832
   2   3     0.00164    -0.00148
   2   4     0.00023     0.00004
   2   5    -0.00283     0.00257
   3   1    -0.00307     0.00300
   3   2     0.00164    -0.00148
   3   3     0.09882     0.92819
   3   4    -0.00154     0.00150
   3   5     0.00002    -0.00001
   4   1     0.00018     0.00001
   4   2     0.00023     0.00004
   4   3    -0.00154     0.00150
   4   4     0.02837     0.89833
   4   5    -0.00265     0.00259
   5   1    -0.00001     0.00001
   5   2    -0.00283     0.00257
   5   3     0.00002    -0.00001
   5   4    -0.00265     0.00259
   5   5     0.09880     0.92820
hubbard_term: Total projector shell
Occupations:     0.282716    4.551361    4.834077
 hubbard_term: projector occupations
 hubbard_term: atom, species:           13           7
   1   1     0.89833     0.02837
   1   2    -0.00004    -0.00023
   1   3     0.00299    -0.00306
   1   4     0.00001     0.00018
   1   5    -0.00000     0.00000
   2   1    -0.00004    -0.00023
   2   2     0.89832     0.02836
   2   3    -0.00148     0.00163
   2   4     0.00004     0.00023
   2   5     0.00256    -0.00282
   3   1     0.00299    -0.00306
   3   2    -0.00148     0.00163
   3   3     0.92822     0.09879
   3   4     0.00149    -0.00152
   3   5    -0.00000     0.00001
   4   1     0.00001     0.00018
   4   2     0.00004     0.00023
   4   3     0.00149    -0.00152
   4   4     0.89833     0.02837
   4   5     0.00259    -0.00265
   5   1    -0.00000     0.00000
   5   2     0.00256    -0.00282
   5   3    -0.00000     0.00001
   5   4     0.00259    -0.00265
   5   5     0.92822     0.09878
hubbard_term: Total projector shell
Occupations:     4.551406    0.282676    4.834082
 hubbard_term: projector occupations
 hubbard_term: atom, species:           14           8
   1   1     0.02837     0.89833
   1   2    -0.00023    -0.00004
   1   3    -0.00307     0.00300
   1   4     0.00018     0.00001
   1   5    -0.00001     0.00001
   2   1    -0.00023    -0.00004
   2   2     0.02836     0.89832
   2   3     0.00164    -0.00148
   2   4     0.00023     0.00004
   2   5    -0.00283     0.00257
   3   1    -0.00307     0.00300
   3   2     0.00164    -0.00148
   3   3     0.09882     0.92819
   3   4    -0.00154     0.00150
   3   5     0.00002    -0.00001
   4   1     0.00018     0.00001
   4   2     0.00023     0.00004
   4   3    -0.00154     0.00150
   4   4     0.02837     0.89833
   4   5    -0.00265     0.00259
   5   1    -0.00001     0.00001
   5   2    -0.00283     0.00257
   5   3     0.00002    -0.00001
   5   4    -0.00265     0.00259
   5   5     0.09880     0.92820
hubbard_term: Total projector shell
Occupations:     0.282716    4.551361    4.834077
 hubbard_term: projector occupations
 hubbard_term: atom, species:           17           9
   1   1     0.89833     0.02837
   1   2    -0.00004    -0.00023
   1   3     0.00299    -0.00306
   1   4     0.00001     0.00018
   1   5    -0.00000     0.00000
   2   1    -0.00004    -0.00023
   2   2     0.89832     0.02836
   2   3    -0.00148     0.00163
   2   4     0.00004     0.00023
   2   5     0.00256    -0.00282
   3   1     0.00299    -0.00306
   3   2    -0.00148     0.00163
   3   3     0.92822     0.09879
   3   4     0.00149    -0.00152
   3   5    -0.00000     0.00001
   4   1     0.00001     0.00018
   4   2     0.00004     0.00023
   4   3     0.00149    -0.00152
   4   4     0.89833     0.02837
   4   5     0.00259    -0.00265
   5   1    -0.00000     0.00000
   5   2     0.00256    -0.00282
   5   3    -0.00000     0.00001
   5   4     0.00259    -0.00265
   5   5     0.92822     0.09878
hubbard_term: Total projector shell
Occupations:     4.551406    0.282676    4.834082
 hubbard_term: projector occupations
 hubbard_term: atom, species:           18          10
   1   1     0.02837     0.89833
   1   2    -0.00023    -0.00004
   1   3    -0.00307     0.00300
   1   4     0.00018     0.00001
   1   5    -0.00001     0.00001
   2   1    -0.00023    -0.00004
   2   2     0.02836     0.89832
   2   3     0.00164    -0.00148
   2   4     0.00023     0.00004
   2   5    -0.00283     0.00257
   3   1    -0.00307     0.00300
   3   2     0.00164    -0.00148
   3   3     0.09882     0.92819
   3   4    -0.00154     0.00150
   3   5     0.00002    -0.00001
   4   1     0.00018     0.00001
   4   2     0.00023     0.00004
   4   3    -0.00154     0.00150
   4   4     0.02837     0.89833
   4   5    -0.00265     0.00259
   5   1    -0.00001     0.00001
   5   2    -0.00283     0.00257
   5   3     0.00002    -0.00001
   5   4    -0.00265     0.00259
   5   5     0.09880     0.92820
hubbard_term: Total projector shell
Occupations:     0.282716    4.551361    4.834077
 hubbard_term: projector occupations
 hubbard_term: atom, species:           21          11
   1   1     0.89833     0.02837
   1   2    -0.00004    -0.00023
   1   3     0.00299    -0.00306
   1   4     0.00001     0.00018
   1   5    -0.00000     0.00000
   2   1    -0.00004    -0.00023
   2   2     0.89832     0.02836
   2   3    -0.00148     0.00163
   2   4     0.00004     0.00023
   2   5     0.00256    -0.00282
   3   1     0.00299    -0.00306
   3   2    -0.00148     0.00163
   3   3     0.92822     0.09879
   3   4     0.00149    -0.00152
   3   5    -0.00000     0.00001
   4   1     0.00001     0.00018
   4   2     0.00004     0.00023
   4   3     0.00149    -0.00152
   4   4     0.89833     0.02837
   4   5     0.00259    -0.00265
   5   1    -0.00000     0.00000
   5   2     0.00256    -0.00282
   5   3    -0.00000     0.00001
   5   4     0.00259    -0.00265
   5   5     0.92822     0.09878
hubbard_term: Total projector shell
Occupations:     4.551406    0.282676    4.834082
 hubbard_term: projector occupations
 hubbard_term: atom, species:           22          12
   1   1     0.02837     0.89833
   1   2    -0.00023    -0.00004
   1   3    -0.00307     0.00300
   1   4     0.00018     0.00001
   1   5    -0.00001     0.00001
   2   1    -0.00023    -0.00004
   2   2     0.02836     0.89832
   2   3     0.00164    -0.00148
   2   4     0.00023     0.00004
   2   5    -0.00283     0.00257
   3   1    -0.00307     0.00300
   3   2     0.00164    -0.00148
   3   3     0.09882     0.92819
   3   4    -0.00154     0.00150
   3   5     0.00002    -0.00001
   4   1     0.00018     0.00001
   4   2     0.00023     0.00004
   4   3    -0.00154     0.00150
   4   4     0.02837     0.89833
   4   5    -0.00265     0.00259
   5   1    -0.00001     0.00001
   5   2    -0.00283     0.00257
   5   3     0.00002    -0.00001
   5   4    -0.00265     0.00259
   5   5     0.09880     0.92820
hubbard_term: Total projector shell
Occupations:     0.282716    4.551361    4.834077
 hubbard_term: projector occupations
 hubbard_term: atom, species:           25          13
   1   1     0.89833     0.02837
   1   2    -0.00004    -0.00023
   1   3     0.00299    -0.00306
   1   4     0.00001     0.00018
   1   5    -0.00000     0.00000
   2   1    -0.00004    -0.00023
   2   2     0.89832     0.02836
   2   3    -0.00148     0.00163
   2   4     0.00004     0.00023
   2   5     0.00256    -0.00282
   3   1     0.00299    -0.00306
   3   2    -0.00148     0.00163
   3   3     0.92822     0.09879
   3   4     0.00149    -0.00152
   3   5    -0.00000     0.00001
   4   1     0.00001     0.00018
   4   2     0.00004     0.00023
   4   3     0.00149    -0.00152
   4   4     0.89833     0.02837
   4   5     0.00259    -0.00265
   5   1    -0.00000     0.00000
   5   2     0.00256    -0.00282
   5   3    -0.00000     0.00001
   5   4     0.00259    -0.00265
   5   5     0.92822     0.09878
hubbard_term: Total projector shell
Occupations:     4.551406    0.282676    4.834082
 hubbard_term: projector occupations
 hubbard_term: atom, species:           26          14
   1   1     0.02837     0.89833
   1   2    -0.00023    -0.00004
   1   3    -0.00307     0.00300
   1   4     0.00018     0.00001
   1   5    -0.00001     0.00001
   2   1    -0.00023    -0.00004
   2   2     0.02836     0.89832
   2   3     0.00164    -0.00148
   2   4     0.00023     0.00004
   2   5    -0.00283     0.00257
   3   1    -0.00307     0.00300
   3   2     0.00164    -0.00148
   3   3     0.09882     0.92819
   3   4    -0.00154     0.00150
   3   5     0.00002    -0.00001
   4   1     0.00018     0.00001
   4   2     0.00023     0.00004
   4   3    -0.00154     0.00150
   4   4     0.02837     0.89833
   4   5    -0.00265     0.00259
   5   1    -0.00001     0.00001
   5   2    -0.00283     0.00257
   5   3     0.00002    -0.00001
   5   4    -0.00265     0.00259
   5   5     0.09880     0.92820
hubbard_term: Total projector shell
Occupations:     0.282716    4.551361    4.834077
 hubbard_term: projector occupations
 hubbard_term: atom, species:           29          15
   1   1     0.89833     0.02837
   1   2    -0.00004    -0.00023
   1   3     0.00299    -0.00306
   1   4     0.00001     0.00018
   1   5    -0.00000     0.00000
   2   1    -0.00004    -0.00023
   2   2     0.89832     0.02836
   2   3    -0.00148     0.00163
   2   4     0.00004     0.00023
   2   5     0.00256    -0.00282
   3   1     0.00299    -0.00306
   3   2    -0.00148     0.00163
   3   3     0.92822     0.09879
   3   4     0.00149    -0.00152
   3   5    -0.00000     0.00001
   4   1     0.00001     0.00018
   4   2     0.00004     0.00023
   4   3     0.00149    -0.00152
   4   4     0.89833     0.02837
   4   5     0.00259    -0.00265
   5   1    -0.00000     0.00000
   5   2     0.00256    -0.00282
   5   3    -0.00000     0.00001
   5   4     0.00259    -0.00265
   5   5     0.92822     0.09878
hubbard_term: Total projector shell
Occupations:     4.551406    0.282676    4.834082
 hubbard_term: projector occupations
 hubbard_term: atom, species:           30          16
   1   1     0.02837     0.89833
   1   2    -0.00023    -0.00004
   1   3    -0.00307     0.00300
   1   4     0.00018     0.00001
   1   5    -0.00001     0.00001
   2   1    -0.00023    -0.00004
   2   2     0.02836     0.89832
   2   3     0.00164    -0.00148
   2   4     0.00023     0.00004
   2   5    -0.00283     0.00257
   3   1    -0.00307     0.00300
   3   2     0.00164    -0.00148
   3   3     0.09882     0.92819
   3   4    -0.00154     0.00150
   3   5     0.00002    -0.00001
   4   1     0.00018     0.00001
   4   2     0.00023     0.00004
   4   3    -0.00154     0.00150
   4   4     0.02837     0.89833
   4   5    -0.00265     0.00259
   5   1    -0.00001     0.00001
   5   2    -0.00283     0.00257
   5   3     0.00002    -0.00001
   5   4    -0.00265     0.00259
   5   5     0.09880     0.92820
hubbard_term: Total projector shell
Occupations:     0.282716    4.551361    4.834077
hubbard_term: maximum change in local occup.    0.928220
hubbard_term: recalculating Hamiltonian

stepf: Fermi-Dirac step function
hubbard_term: recalculating local occupations    1
 hubbard_term: projector occupations
 hubbard_term: atom, species:            1           1
   1   1     0.89832     0.02837
   1   2    -0.00004    -0.00024
   1   3     0.00299    -0.00306
   1   4    -0.00000     0.00017
   1   5    -0.00000     0.00000
   2   1    -0.00004    -0.00024
   2   2     0.89821     0.02823
   2   3    -0.00152     0.00161
   2   4     0.00004     0.00024
   2   5     0.00263    -0.00279
   3   1     0.00299    -0.00306
   3   2    -0.00152     0.00161
   3   3     0.92820     0.09879
   3   4     0.00149    -0.00153
   3   5     0.00001     0.00001
   4   1    -0.00000     0.00017
   4   2     0.00004     0.00024
   4   3     0.00149    -0.00153
   4   4     0.89832     0.02837
   4   5     0.00259    -0.00265
   5   1    -0.00000     0.00000
   5   2     0.00263    -0.00279
   5   3     0.00001     0.00001
   5   4     0.00259    -0.00265
   5   5     0.92819     0.09877
hubbard_term: Total projector shell
Occupations:     4.551239    0.282519    4.833758
 hubbard_term: projector occupations
 hubbard_term: atom, species:            2           2
   1   1     0.02930     0.89970
   1   2    -0.00024    -0.00004
   1   3    -0.00318     0.00284
   1   4     0.00018     0.00000
   1   5    -0.00001     0.00001
   2   1    -0.00024    -0.00004
   2   2     0.02930     0.89968
   2   3     0.00170    -0.00140
   2   4     0.00024     0.00004
   2   5    -0.00294     0.00243
   3   1    -0.00318     0.00284
   3   2     0.00170    -0.00140
   3   3     0.10170     0.92923
   3   4    -0.00159     0.00143
   3   5     0.00002    -0.00001
   4   1     0.00018     0.00000
   4   2     0.00024     0.00004
   4   3    -0.00159     0.00143
   4   4     0.02930     0.89970
   4   5    -0.00275     0.00246
   5   1    -0.00001     0.00001
   5   2    -0.00294     0.00243
   5   3     0.00002    -0.00001
   5   4    -0.00275     0.00246
   5   5     0.10167     0.92925
hubbard_term: Total projector shell
Occupations:     0.291269    4.557554    4.848824
 hubbard_term: projector occupations
 hubbard_term: atom, species:            5           3
   1   1     0.89832     0.02837
   1   2    -0.00003    -0.00023
   1   3     0.00299    -0.00306
   1   4     0.00000     0.00018
   1   5    -0.00000     0.00000
   2   1    -0.00003    -0.00023
   2   2     0.89831     0.02836
   2   3    -0.00148     0.00163
   2   4     0.00004     0.00024
   2   5     0.00256    -0.00282
   3   1     0.00299    -0.00306
   3   2    -0.00148     0.00163
   3   3     0.92820     0.09879
   3   4     0.00153    -0.00151
   3   5    -0.00001     0.00001
   4   1     0.00000     0.00018
   4   2     0.00004     0.00024
   4   3     0.00153    -0.00151
   4   4     0.89822     0.02824
   4   5     0.00266    -0.00262
   5   1    -0.00000     0.00000
   5   2     0.00256    -0.00282
   5   3    -0.00001     0.00001
   5   4     0.00266    -0.00262
   5   5     0.92819     0.09877
hubbard_term: Total projector shell
Occupations:     4.551240    0.282519    4.833758
 hubbard_term: projector occupations
 hubbard_term: atom, species:            6           4
   1   1     0.02837     0.89825
   1   2    -0.00024    -0.00004
   1   3    -0.00307     0.00300
   1   4     0.00018     0.00001
   1   5    -0.00001     0.00001
   2   1    -0.00024    -0.00004
   2   2     0.02836     0.89830
   2   3     0.00164    -0.00148
   2   4     0.00023     0.00004
   2   5    -0.00283     0.00257
   3   1    -0.00307     0.00300
   3   2     0.00164    -0.00148
   3   3     0.09880     0.92819
   3   4    -0.00154     0.00150
   3   5     0.00002    -0.00001
   4   1     0.00018     0.00001
   4   2     0.00023     0.00004
   4   3    -0.00154     0.00150
   4   4     0.02837     0.89832
   4   5    -0.00265     0.00259
   5   1    -0.00001     0.00001
   5   2    -0.00283     0.00257
   5   3     0.00002    -0.00001
   5   4    -0.00265     0.00259
   5   5     0.09880     0.92820
hubbard_term: Total projector shell
Occupations:     0.282696    4.551262    4.833958
 hubbard_term: projector occupations
 hubbard_term: atom, species:            9           5
   1   1     0.89822     0.02824
   1   2    -0.00004    -0.00024
   1   3     0.00308    -0.00302
   1   4     0.00000     0.00018
   1   5    -0.00000     0.00000
   2   1    -0.00004    -0.00024
   2   2     0.89831     0.02836
   2   3    -0.00148     0.00163
   2   4     0.00003     0.00023
   2   5     0.00256    -0.00282
   3   1     0.00308    -0.00302
   3   2    -0.00148     0.00163
   3   3     0.92818     0.09878
   3   4     0.00149    -0.00153
   3   5    -0.00000     0.00001
   4   1     0.00000     0.00018
   4   2     0.00003     0.00023
   4   3     0.00149    -0.00153
   4   4     0.89832     0.02837
   4   5     0.00259    -0.00265
   5   1    -0.00000     0.00000
   5   2     0.00256    -0.00282
   5   3    -0.00000     0.00001
   5   4     0.00259    -0.00265
   5   5     0.92821     0.09878
hubbard_term: Total projector shell
Occupations:     4.551240    0.282519    4.833758
 hubbard_term: projector occupations
 hubbard_term: atom, species:           10           6
   1   1     0.02837     0.89832
   1   2    -0.00023    -0.00004
   1   3    -0.00307     0.00300
   1   4     0.00018     0.00001
   1   5    -0.00001     0.00001
   2   1    -0.00023    -0.00004
   2   2     0.02836     0.89830
   2   3     0.00164    -0.00148
   2   4     0.00024     0.00004
   2   5    -0.00283     0.00257
   3   1    -0.00307     0.00300
   3   2     0.00164    -0.00148
   3   3     0.09882     0.92819
   3   4    -0.00154     0.00150
   3   5     0.00001    -0.00001
   4   1     0.00018     0.00001
   4   2     0.00024     0.00004
   4   3    -0.00154     0.00150
   4   4     0.02837     0.89825
   4   5    -0.00266     0.00259
   5   1    -0.00001     0.00001
   5   2    -0.00283     0.00257
   5   3     0.00001    -0.00001
   5   4    -0.00266     0.00259
   5   5     0.09878     0.92820
hubbard_term: Total projector shell
Occupations:     0.282696    4.551262    4.833958
 hubbard_term: projector occupations
 hubbard_term: atom, species:           13           7
   1   1     0.89829     0.02834
   1   2    -0.00004    -0.00023
   1   3     0.00299    -0.00306
   1   4     0.00001     0.00018
   1   5    -0.00000     0.00000
   2   1    -0.00004    -0.00023
   2   2     0.89828     0.02833
   2   3    -0.00148     0.00163
   2   4     0.00004     0.00023
   2   5     0.00256    -0.00282
   3   1     0.00299    -0.00306
   3   2    -0.00148     0.00163
   3   3     0.92792     0.09851
   3   4     0.00149    -0.00152
   3   5    -0.00000     0.00001
   4   1     0.00001     0.00018
   4   2     0.00004     0.00023
   4   3     0.00149    -0.00152
   4   4     0.89829     0.02834
   4   5     0.00259    -0.00265
   5   1    -0.00000     0.00000
   5   2     0.00256    -0.00282
   5   3    -0.00000     0.00001
   5   4     0.00259    -0.00265
   5   5     0.92792     0.09850
hubbard_term: Total projector shell
Occupations:     4.550712    0.282022    4.832734
 hubbard_term: projector occupations
 hubbard_term: atom, species:           14           8
   1   1     0.02837     0.89832
   1   2    -0.00024    -0.00004
   1   3    -0.00307     0.00300
   1   4     0.00018     0.00000
   1   5    -0.00000     0.00001
   2   1    -0.00024    -0.00004
   2   2     0.02836     0.89824
   2   3     0.00164    -0.00148
   2   4     0.00024     0.00004
   2   5    -0.00284     0.00257
   3   1    -0.00307     0.00300
   3   2     0.00164    -0.00148
   3   3     0.09882     0.92819
   3   4    -0.00154     0.00151
   3   5     0.00003    -0.00001
   4   1     0.00018     0.00000
   4   2     0.00024     0.00004
   4   3    -0.00154     0.00151
   4   4     0.02837     0.89832
   4   5    -0.00265     0.00259
   5   1    -0.00000     0.00001
   5   2    -0.00284     0.00257
   5   3     0.00003    -0.00001
   5   4    -0.00265     0.00259
   5   5     0.09878     0.92820
hubbard_term: Total projector shell
Occupations:     0.282696    4.551262    4.833958
 hubbard_term: projector occupations
 hubbard_term: atom, species:           17           9
   1   1     0.89832     0.02837
   1   2    -0.00004    -0.00024
   1   3     0.00299    -0.00306
   1   4    -0.00000     0.00017
   1   5    -0.00000     0.00000
   2   1    -0.00004    -0.00024
   2   2     0.89821     0.02823
   2   3    -0.00152     0.00161
   2   4     0.00004     0.00024
   2   5     0.00263    -0.00279
   3   1     0.00299    -0.00306
   3   2    -0.00152     0.00161
   3   3     0.92820     0.09879
   3   4     0.00149    -0.00153
   3   5     0.00001     0.00001
   4   1    -0.00000     0.00017
   4   2     0.00004     0.00024
   4   3     0.00149    -0.00153
   4   4     0.89832     0.02837
   4   5     0.00259    -0.00265
   5   1    -0.00000     0.00000
   5   2     0.00263    -0.00279
   5   3     0.00001     0.00001
   5   4     0.00259    -0.00265
   5   5     0.92819     0.09877
hubbard_term: Total projector shell
Occupations:     4.551239    0.282519    4.833758
 hubbard_term: projector occupations
 hubbard_term: atom, species:           18          10
   1   1     0.02837     0.89832
   1   2    -0.00023    -0.00004
   1   3    -0.00306     0.00300
   1   4     0.00018     0.00001
   1   5    -0.00001     0.00001
   2   1    -0.00023    -0.00004
   2   2     0.02836     0.89831
   2   3     0.00163    -0.00148
   2   4     0.00023     0.00004
   2   5    -0.00283     0.00257
   3   1    -0.00306     0.00300
   3   2     0.00163    -0.00148
   3   3     0.09879     0.92818
   3   4    -0.00154     0.00151
   3   5     0.00002    -0.00001
   4   1     0.00018     0.00001
   4   2     0.00023     0.00004
   4   3    -0.00154     0.00151
   4   4     0.02837     0.89832
   4   5    -0.00265     0.00259
   5   1    -0.00001     0.00001
   5   2    -0.00283     0.00257
   5   3     0.00002    -0.00001
   5   4    -0.00265     0.00259
   5   5     0.09876     0.92820
hubbard_term: Total projector shell
Occupations:     0.282633    4.551333    4.833965
 hubbard_term: projector occupations
 hubbard_term: atom, species:           21          11
   1   1     0.89832     0.02837
   1   2    -0.00003    -0.00023
   1   3     0.00299    -0.00306
   1   4     0.00000     0.00018
   1   5    -0.00000     0.00000
   2   1    -0.00003    -0.00023
   2   2     0.89831     0.02836
   2   3    -0.00148     0.00163
   2   4     0.00004     0.00024
   2   5     0.00256    -0.00282
   3   1     0.00299    -0.00306
   3   2    -0.00148     0.00163
   3   3     0.92820     0.09879
   3   4     0.00153    -0.00151
   3   5    -0.00001     0.00001
   4   1     0.00000     0.00018
   4   2     0.00004     0.00024
   4   3     0.00153    -0.00151
   4   4     0.89822     0.02824
   4   5     0.00266    -0.00262
   5   1    -0.00000     0.00000
   5   2     0.00256    -0.00282
   5   3    -0.00001     0.00001
   5   4     0.00266    -0.00262
   5   5     0.92819     0.09877
hubbard_term: Total projector shell
Occupations:     4.551240    0.282519    4.833758
 hubbard_term: projector occupations
 hubbard_term: atom, species:           22          12
   1   1     0.02836     0.89833
   1   2    -0.00023    -0.00004
   1   3    -0.00306     0.00300
   1   4     0.00018     0.00001
   1   5    -0.00001     0.00001
   2   1    -0.00023    -0.00004
   2   2     0.02836     0.89831
   2   3     0.00164    -0.00148
   2   4     0.00023     0.00004
   2   5    -0.00283     0.00257
   3   1    -0.00306     0.00300
   3   2     0.00164    -0.00148
   3   3     0.09882     0.92819
   3   4    -0.00154     0.00151
   3   5     0.00002    -0.00001
   4   1     0.00018     0.00001
   4   2     0.00023     0.00004
   4   3    -0.00154     0.00151
   4   4     0.02837     0.89833
   4   5    -0.00265     0.00259
   5   1    -0.00001     0.00001
   5   2    -0.00283     0.00257
   5   3     0.00002    -0.00001
   5   4    -0.00265     0.00259
   5   5     0.09880     0.92820
hubbard_term: Total projector shell
Occupations:     0.282711    4.551356    4.834067
 hubbard_term: projector occupations
 hubbard_term: atom, species:           25          13
   1   1     0.89822     0.02824
   1   2    -0.00004    -0.00024
   1   3     0.00308    -0.00302
   1   4     0.00000     0.00018
   1   5    -0.00000     0.00000
   2   1    -0.00004    -0.00024
   2   2     0.89831     0.02836
   2   3    -0.00148     0.00163
   2   4     0.00003     0.00023
   2   5     0.00256    -0.00282
   3   1     0.00308    -0.00302
   3   2    -0.00148     0.00163
   3   3     0.92818     0.09878
   3   4     0.00149    -0.00153
   3   5    -0.00000     0.00001
   4   1     0.00000     0.00018
   4   2     0.00003     0.00023
   4   3     0.00149    -0.00153
   4   4     0.89832     0.02837
   4   5     0.00259    -0.00265
   5   1    -0.00000     0.00000
   5   2     0.00256    -0.00282
   5   3    -0.00000     0.00001
   5   4     0.00259    -0.00265
   5   5     0.92821     0.09878
hubbard_term: Total projector shell
Occupations:     4.551240    0.282519    4.833758
 hubbard_term: projector occupations
 hubbard_term: atom, species:           26          14
   1   1     0.02837     0.89833
   1   2    -0.00023    -0.00004
   1   3    -0.00307     0.00300
   1   4     0.00018     0.00001
   1   5    -0.00001     0.00001
   2   1    -0.00023    -0.00004
   2   2     0.02836     0.89831
   2   3     0.00163    -0.00148
   2   4     0.00023     0.00004
   2   5    -0.00283     0.00257
   3   1    -0.00307     0.00300
   3   2     0.00163    -0.00148
   3   3     0.09883     0.92819
   3   4    -0.00154     0.00151
   3   5     0.00002    -0.00001
   4   1     0.00018     0.00001
   4   2     0.00023     0.00004
   4   3    -0.00154     0.00151
   4   4     0.02836     0.89833
   4   5    -0.00265     0.00259
   5   1    -0.00001     0.00001
   5   2    -0.00283     0.00257
   5   3     0.00002    -0.00001
   5   4    -0.00265     0.00259
   5   5     0.09879     0.92820
hubbard_term: Total projector shell
Occupations:     0.282711    4.551356    4.834067
 hubbard_term: projector occupations
 hubbard_term: atom, species:           29          15
   1   1     0.89829     0.02834
   1   2    -0.00004    -0.00023
   1   3     0.00299    -0.00306
   1   4     0.00001     0.00018
   1   5    -0.00000     0.00000
   2   1    -0.00004    -0.00023
   2   2     0.89828     0.02833
   2   3    -0.00148     0.00163
   2   4     0.00004     0.00023
   2   5     0.00256    -0.00282
   3   1     0.00299    -0.00306
   3   2    -0.00148     0.00163
   3   3     0.92792     0.09851
   3   4     0.00149    -0.00152
   3   5    -0.00000     0.00001
   4   1     0.00001     0.00018
   4   2     0.00004     0.00023
   4   3     0.00149    -0.00152
   4   4     0.89829     0.02834
   4   5     0.00259    -0.00265
   5   1    -0.00000     0.00000
   5   2     0.00256    -0.00282
   5   3    -0.00000     0.00001
   5   4     0.00259    -0.00265
   5   5     0.92792     0.09850
hubbard_term: Total projector shell
Occupations:     4.550712    0.282022    4.832734
 hubbard_term: projector occupations
 hubbard_term: atom, species:           30          16
   1   1     0.02837     0.89833
   1   2    -0.00023    -0.00004
   1   3    -0.00307     0.00300
   1   4     0.00018     0.00001
   1   5    -0.00000     0.00001
   2   1    -0.00023    -0.00004
   2   2     0.02836     0.89831
   2   3     0.00163    -0.00148
   2   4     0.00023     0.00004
   2   5    -0.00283     0.00257
   3   1    -0.00307     0.00300
   3   2     0.00163    -0.00148
   3   3     0.09883     0.92819
   3   4    -0.00154     0.00151
   3   5     0.00003    -0.00001
   4   1     0.00018     0.00001
   4   2     0.00023     0.00004
   4   3    -0.00154     0.00151
   4   4     0.02837     0.89833
   4   5    -0.00265     0.00259
   5   1    -0.00000     0.00001
   5   2    -0.00283     0.00257
   5   3     0.00003    -0.00001
   5   4    -0.00265     0.00259
   5   5     0.09879     0.92820
hubbard_term: Total projector shell
Occupations:     0.282711    4.551356    4.834067
hubbard_term: maximum change in local occup.    0.002872
hubbard_term: recalculating Hamiltonian

siesta: Program's energy decomposition (eV):
siesta: Ebs     =    -10004.302839
siesta: Eions   =     79925.332782
siesta: Ena     =     10972.557457
siesta: Ekin    =     27386.077644
siesta: Enl     =     -3374.560825
siesta: Eso     =         0.000000
siesta: Edftu   =        -0.484882
siesta: DEna    =        34.651578
siesta: DUscf   =         6.557258
siesta: DUext   =         0.000000
siesta: Ex      =     -9497.958717
siesta: Ec      =      -526.779272
siesta: Exc     =    -10024.737989
siesta: EbV     =         0.000000
siesta: eta*DQ  =         0.000000
siesta: Emadel  =         0.000000
siesta: Emeta   =         0.000000
siesta: Emolmec =         0.000000
siesta: Ekinion =         0.000000
siesta: Eharris =    -54925.269346
siesta: Etot    =    -54925.272540
siesta: FreeEng =    -54925.272540

        iscf     Eharris(eV)        E_KS(eV)     FreeEng(eV)     dDmax    Ef(eV) dHmax(eV)
   scf:    1   -54925.269346   -54925.272540   -54925.272540  0.005703 -4.858558  0.296263
     spin moment: {S} , |S| = {        0.0        0.0    0.00000 }     0.00000
timer: Routine,Calls,Time,% = IterSCF        1       8.344  16.19
SCF_NOT_CONV: SCF did not converge  in maximum number of steps.
Geom step, scf iteration, dDmax, dHmax:    0     1      0.005703     0.021775

Using DM_out to compute the final energy and forces
No. of atoms with KB's overlaping orbs in proc 0. Max # of overlaps:     102     249
hubbard_term: recalculating local occupations    1
 hubbard_term: projector occupations
 hubbard_term: atom, species:            1           1
   1   1     0.89832     0.02837
   1   2    -0.00004    -0.00024
   1   3     0.00299    -0.00306
   1   4    -0.00000     0.00017
   1   5    -0.00000     0.00000
   2   1    -0.00004    -0.00024
   2   2     0.89821     0.02823
   2   3    -0.00152     0.00161
   2   4     0.00004     0.00024
   2   5     0.00263    -0.00279
   3   1     0.00299    -0.00306
   3   2    -0.00152     0.00161
   3   3     0.92820     0.09879
   3   4     0.00149    -0.00153
   3   5     0.00001     0.00001
   4   1    -0.00000     0.00017
   4   2     0.00004     0.00024
   4   3     0.00149    -0.00153
   4   4     0.89832     0.02837
   4   5     0.00259    -0.00265
   5   1    -0.00000     0.00000
   5   2     0.00263    -0.00279
   5   3     0.00001     0.00001
   5   4     0.00259    -0.00265
   5   5     0.92819     0.09877
hubbard_term: Total projector shell
Occupations:     4.551239    0.282519    4.833758
 hubbard_term: projector occupations
 hubbard_term: atom, species:            2           2
   1   1     0.02930     0.89970
   1   2    -0.00024    -0.00004
   1   3    -0.00318     0.00284
   1   4     0.00018     0.00000
   1   5    -0.00001     0.00001
   2   1    -0.00024    -0.00004
   2   2     0.02930     0.89968
   2   3     0.00170    -0.00140
   2   4     0.00024     0.00004
   2   5    -0.00294     0.00243
   3   1    -0.00318     0.00284
   3   2     0.00170    -0.00140
   3   3     0.10170     0.92923
   3   4    -0.00159     0.00143
   3   5     0.00002    -0.00001
   4   1     0.00018     0.00000
   4   2     0.00024     0.00004
   4   3    -0.00159     0.00143
   4   4     0.02930     0.89970
   4   5    -0.00275     0.00246
   5   1    -0.00001     0.00001
   5   2    -0.00294     0.00243
   5   3     0.00002    -0.00001
   5   4    -0.00275     0.00246
   5   5     0.10167     0.92925
hubbard_term: Total projector shell
Occupations:     0.291269    4.557554    4.848824
 hubbard_term: projector occupations
 hubbard_term: atom, species:            5           3
   1   1     0.89832     0.02837
   1   2    -0.00003    -0.00023
   1   3     0.00299    -0.00306
   1   4     0.00000     0.00018
   1   5    -0.00000     0.00000
   2   1    -0.00003    -0.00023
   2   2     0.89831     0.02836
   2   3    -0.00148     0.00163
   2   4     0.00004     0.00024
   2   5     0.00256    -0.00282
   3   1     0.00299    -0.00306
   3   2    -0.00148     0.00163
   3   3     0.92820     0.09879
   3   4     0.00153    -0.00151
   3   5    -0.00001     0.00001
   4   1     0.00000     0.00018
   4   2     0.00004     0.00024
   4   3     0.00153    -0.00151
   4   4     0.89822     0.02824
   4   5     0.00266    -0.00262
   5   1    -0.00000     0.00000
   5   2     0.00256    -0.00282
   5   3    -0.00001     0.00001
   5   4     0.00266    -0.00262
   5   5     0.92819     0.09877
hubbard_term: Total projector shell
Occupations:     4.551240    0.282519    4.833758
 hubbard_term: projector occupations
 hubbard_term: atom, species:            6           4
   1   1     0.02837     0.89825
   1   2    -0.00024    -0.00004
   1   3    -0.00307     0.00300
   1   4     0.00018     0.00001
   1   5    -0.00001     0.00001
   2   1    -0.00024    -0.00004
   2   2     0.02836     0.89830
   2   3     0.00164    -0.00148
   2   4     0.00023     0.00004
   2   5    -0.00283     0.00257
   3   1    -0.00307     0.00300
   3   2     0.00164    -0.00148
   3   3     0.09880     0.92819
   3   4    -0.00154     0.00150
   3   5     0.00002    -0.00001
   4   1     0.00018     0.00001
   4   2     0.00023     0.00004
   4   3    -0.00154     0.00150
   4   4     0.02837     0.89832
   4   5    -0.00265     0.00259
   5   1    -0.00001     0.00001
   5   2    -0.00283     0.00257
   5   3     0.00002    -0.00001
   5   4    -0.00265     0.00259
   5   5     0.09880     0.92820
hubbard_term: Total projector shell
Occupations:     0.282696    4.551262    4.833958
 hubbard_term: projector occupations
 hubbard_term: atom, species:            9           5
   1   1     0.89822     0.02824
   1   2    -0.00004    -0.00024
   1   3     0.00308    -0.00302
   1   4     0.00000     0.00018
   1   5    -0.00000     0.00000
   2   1    -0.00004    -0.00024
   2   2     0.89831     0.02836
   2   3    -0.00148     0.00163
   2   4     0.00003     0.00023
   2   5     0.00256    -0.00282
   3   1     0.00308    -0.00302
   3   2    -0.00148     0.00163
   3   3     0.92818     0.09878
   3   4     0.00149    -0.00153
   3   5    -0.00000     0.00001
   4   1     0.00000     0.00018
   4   2     0.00003     0.00023
   4   3     0.00149    -0.00153
   4   4     0.89832     0.02837
   4   5     0.00259    -0.00265
   5   1    -0.00000     0.00000
   5   2     0.00256    -0.00282
   5   3    -0.00000     0.00001
   5   4     0.00259    -0.00265
   5   5     0.92821     0.09878
hubbard_term: Total projector shell
Occupations:     4.551240    0.282519    4.833758
 hubbard_term: projector occupations
 hubbard_term: atom, species:           10           6
   1   1     0.02837     0.89832
   1   2    -0.00023    -0.00004
   1   3    -0.00307     0.00300
   1   4     0.00018     0.00001
   1   5    -0.00001     0.00001
   2   1    -0.00023    -0.00004
   2   2     0.02836     0.89830
   2   3     0.00164    -0.00148
   2   4     0.00024     0.00004
   2   5    -0.00283     0.00257
   3   1    -0.00307     0.00300
   3   2     0.00164    -0.00148
   3   3     0.09882     0.92819
   3   4    -0.00154     0.00150
   3   5     0.00001    -0.00001
   4   1     0.00018     0.00001
   4   2     0.00024     0.00004
   4   3    -0.00154     0.00150
   4   4     0.02837     0.89825
   4   5    -0.00266     0.00259
   5   1    -0.00001     0.00001
   5   2    -0.00283     0.00257
   5   3     0.00001    -0.00001
   5   4    -0.00266     0.00259
   5   5     0.09878     0.92820
hubbard_term: Total projector shell
Occupations:     0.282696    4.551262    4.833958
 hubbard_term: projector occupations
 hubbard_term: atom, species:           13           7
   1   1     0.89829     0.02834
   1   2    -0.00004    -0.00023
   1   3     0.00299    -0.00306
   1   4     0.00001     0.00018
   1   5    -0.00000     0.00000
   2   1    -0.00004    -0.00023
   2   2     0.89828     0.02833
   2   3    -0.00148     0.00163
   2   4     0.00004     0.00023
   2   5     0.00256    -0.00282
   3   1     0.00299    -0.00306
   3   2    -0.00148     0.00163
   3   3     0.92792     0.09851
   3   4     0.00149    -0.00152
   3   5    -0.00000     0.00001
   4   1     0.00001     0.00018
   4   2     0.00004     0.00023
   4   3     0.00149    -0.00152
   4   4     0.89829     0.02834
   4   5     0.00259    -0.00265
   5   1    -0.00000     0.00000
   5   2     0.00256    -0.00282
   5   3    -0.00000     0.00001
   5   4     0.00259    -0.00265
   5   5     0.92792     0.09850
hubbard_term: Total projector shell
Occupations:     4.550712    0.282022    4.832734
 hubbard_term: projector occupations
 hubbard_term: atom, species:           14           8
   1   1     0.02837     0.89832
   1   2    -0.00024    -0.00004
   1   3    -0.00307     0.00300
   1   4     0.00018     0.00000
   1   5    -0.00000     0.00001
   2   1    -0.00024    -0.00004
   2   2     0.02836     0.89824
   2   3     0.00164    -0.00148
   2   4     0.00024     0.00004
   2   5    -0.00284     0.00257
   3   1    -0.00307     0.00300
   3   2     0.00164    -0.00148
   3   3     0.09882     0.92819
   3   4    -0.00154     0.00151
   3   5     0.00003    -0.00001
   4   1     0.00018     0.00000
   4   2     0.00024     0.00004
   4   3    -0.00154     0.00151
   4   4     0.02837     0.89832
   4   5    -0.00265     0.00259
   5   1    -0.00000     0.00001
   5   2    -0.00284     0.00257
   5   3     0.00003    -0.00001
   5   4    -0.00265     0.00259
   5   5     0.09878     0.92820
hubbard_term: Total projector shell
Occupations:     0.282696    4.551262    4.833958
 hubbard_term: projector occupations
 hubbard_term: atom, species:           17           9
   1   1     0.89832     0.02837
   1   2    -0.00004    -0.00024
   1   3     0.00299    -0.00306
   1   4    -0.00000     0.00017
   1   5    -0.00000     0.00000
   2   1    -0.00004    -0.00024
   2   2     0.89821     0.02823
   2   3    -0.00152     0.00161
   2   4     0.00004     0.00024
   2   5     0.00263    -0.00279
   3   1     0.00299    -0.00306
   3   2    -0.00152     0.00161
   3   3     0.92820     0.09879
   3   4     0.00149    -0.00153
   3   5     0.00001     0.00001
   4   1    -0.00000     0.00017
   4   2     0.00004     0.00024
   4   3     0.00149    -0.00153
   4   4     0.89832     0.02837
   4   5     0.00259    -0.00265
   5   1    -0.00000     0.00000
   5   2     0.00263    -0.00279
   5   3     0.00001     0.00001
   5   4     0.00259    -0.00265
   5   5     0.92819     0.09877
hubbard_term: Total projector shell
Occupations:     4.551239    0.282519    4.833758
 hubbard_term: projector occupations
 hubbard_term: atom, species:           18          10
   1   1     0.02837     0.89832
   1   2    -0.00023    -0.00004
   1   3    -0.00306     0.00300
   1   4     0.00018     0.00001
   1   5    -0.00001     0.00001
   2   1    -0.00023    -0.00004
   2   2     0.02836     0.89831
   2   3     0.00163    -0.00148
   2   4     0.00023     0.00004
   2   5    -0.00283     0.00257
   3   1    -0.00306     0.00300
   3   2     0.00163    -0.00148
   3   3     0.09879     0.92818
   3   4    -0.00154     0.00151
   3   5     0.00002    -0.00001
   4   1     0.00018     0.00001
   4   2     0.00023     0.00004
   4   3    -0.00154     0.00151
   4   4     0.02837     0.89832
   4   5    -0.00265     0.00259
   5   1    -0.00001     0.00001
   5   2    -0.00283     0.00257
   5   3     0.00002    -0.00001
   5   4    -0.00265     0.00259
   5   5     0.09876     0.92820
hubbard_term: Total projector shell
Occupations:     0.282633    4.551333    4.833965
 hubbard_term: projector occupations
 hubbard_term: atom, species:           21          11
   1   1     0.89832     0.02837
   1   2    -0.00003    -0.00023
   1   3     0.00299    -0.00306
   1   4     0.00000     0.00018
   1   5    -0.00000     0.00000
   2   1    -0.00003    -0.00023
   2   2     0.89831     0.02836
   2   3    -0.00148     0.00163
   2   4     0.00004     0.00024
   2   5     0.00256    -0.00282
   3   1     0.00299    -0.00306
   3   2    -0.00148     0.00163
   3   3     0.92820     0.09879
   3   4     0.00153    -0.00151
   3   5    -0.00001     0.00001
   4   1     0.00000     0.00018
   4   2     0.00004     0.00024
   4   3     0.00153    -0.00151
   4   4     0.89822     0.02824
   4   5     0.00266    -0.00262
   5   1    -0.00000     0.00000
   5   2     0.00256    -0.00282
   5   3    -0.00001     0.00001
   5   4     0.00266    -0.00262
   5   5     0.92819     0.09877
hubbard_term: Total projector shell
Occupations:     4.551240    0.282519    4.833758
 hubbard_term: projector occupations
 hubbard_term: atom, species:           22          12
   1   1     0.02836     0.89833
   1   2    -0.00023    -0.00004
   1   3    -0.00306     0.00300
   1   4     0.00018     0.00001
   1   5    -0.00001     0.00001
   2   1    -0.00023    -0.00004
   2   2     0.02836     0.89831
   2   3     0.00164    -0.00148
   2   4     0.00023     0.00004
   2   5    -0.00283     0.00257
   3   1    -0.00306     0.00300
   3   2     0.00164    -0.00148
   3   3     0.09882     0.92819
   3   4    -0.00154     0.00151
   3   5     0.00002    -0.00001
   4   1     0.00018     0.00001
   4   2     0.00023     0.00004
   4   3    -0.00154     0.00151
   4   4     0.02837     0.89833
   4   5    -0.00265     0.00259
   5   1    -0.00001     0.00001
   5   2    -0.00283     0.00257
   5   3     0.00002    -0.00001
   5   4    -0.00265     0.00259
   5   5     0.09880     0.92820
hubbard_term: Total projector shell
Occupations:     0.282711    4.551356    4.834067
 hubbard_term: projector occupations
 hubbard_term: atom, species:           25          13
   1   1     0.89822     0.02824
   1   2    -0.00004    -0.00024
   1   3     0.00308    -0.00302
   1   4     0.00000     0.00018
   1   5    -0.00000     0.00000
   2   1    -0.00004    -0.00024
   2   2     0.89831     0.02836
   2   3    -0.00148     0.00163
   2   4     0.00003     0.00023
   2   5     0.00256    -0.00282
   3   1     0.00308    -0.00302
   3   2    -0.00148     0.00163
   3   3     0.92818     0.09878
   3   4     0.00149    -0.00153
   3   5    -0.00000     0.00001
   4   1     0.00000     0.00018
   4   2     0.00003     0.00023
   4   3     0.00149    -0.00153
   4   4     0.89832     0.02837
   4   5     0.00259    -0.00265
   5   1    -0.00000     0.00000
   5   2     0.00256    -0.00282
   5   3    -0.00000     0.00001
   5   4     0.00259    -0.00265
   5   5     0.92821     0.09878
hubbard_term: Total projector shell
Occupations:     4.551240    0.282519    4.833758
 hubbard_term: projector occupations
 hubbard_term: atom, species:           26          14
   1   1     0.02837     0.89833
   1   2    -0.00023    -0.00004
   1   3    -0.00307     0.00300
   1   4     0.00018     0.00001
   1   5    -0.00001     0.00001
   2   1    -0.00023    -0.00004
   2   2     0.02836     0.89831
   2   3     0.00163    -0.00148
   2   4     0.00023     0.00004
   2   5    -0.00283     0.00257
   3   1    -0.00307     0.00300
   3   2     0.00163    -0.00148
   3   3     0.09883     0.92819
   3   4    -0.00154     0.00151
   3   5     0.00002    -0.00001
   4   1     0.00018     0.00001
   4   2     0.00023     0.00004
   4   3    -0.00154     0.00151
   4   4     0.02836     0.89833
   4   5    -0.00265     0.00259
   5   1    -0.00001     0.00001
   5   2    -0.00283     0.00257
   5   3     0.00002    -0.00001
   5   4    -0.00265     0.00259
   5   5     0.09879     0.92820
hubbard_term: Total projector shell
Occupations:     0.282711    4.551356    4.834067
 hubbard_term: projector occupations
 hubbard_term: atom, species:           29          15
   1   1     0.89829     0.02834
   1   2    -0.00004    -0.00023
   1   3     0.00299    -0.00306
   1   4     0.00001     0.00018
   1   5    -0.00000     0.00000
   2   1    -0.00004    -0.00023
   2   2     0.89828     0.02833
   2   3    -0.00148     0.00163
   2   4     0.00004     0.00023
   2   5     0.00256    -0.00282
   3   1     0.00299    -0.00306
   3   2    -0.00148     0.00163
   3   3     0.92792     0.09851
   3   4     0.00149    -0.00152
   3   5    -0.00000     0.00001
   4   1     0.00001     0.00018
   4   2     0.00004     0.00023
   4   3     0.00149    -0.00152
   4   4     0.89829     0.02834
   4   5     0.00259    -0.00265
   5   1    -0.00000     0.00000
   5   2     0.00256    -0.00282
   5   3    -0.00000     0.00001
   5   4     0.00259    -0.00265
   5   5     0.92792     0.09850
hubbard_term: Total projector shell
Occupations:     4.550712    0.282022    4.832734
 hubbard_term: projector occupations
 hubbard_term: atom, species:           30          16
   1   1     0.02837     0.89833
   1   2    -0.00023    -0.00004
   1   3    -0.00307     0.00300
   1   4     0.00018     0.00001
   1   5    -0.00000     0.00001
   2   1    -0.00023    -0.00004
   2   2     0.02836     0.89831
   2   3     0.00163    -0.00148
   2   4     0.00023     0.00004
   2   5    -0.00283     0.00257
   3   1    -0.00307     0.00300
   3   2     0.00163    -0.00148
   3   3     0.09883     0.92819
   3   4    -0.00154     0.00151
   3   5     0.00003    -0.00001
   4   1     0.00018     0.00001
   4   2     0.00023     0.00004
   4   3    -0.00154     0.00151
   4   4     0.02837     0.89833
   4   5    -0.00265     0.00259
   5   1    -0.00000     0.00001
   5   2    -0.00283     0.00257
   5   3     0.00003    -0.00001
   5   4    -0.00265     0.00259
   5   5     0.09879     0.92820
hubbard_term: Total projector shell
Occupations:     0.282711    4.551356    4.834067
hubbard_term: maximum change in local occup.    0.000000
hubbard_term: recalculating Hamiltonian and forces

siesta: E_KS(eV) =           -54925.2725

siesta: E_KS - E_eggbox =    -54925.2725

siesta: Atomic forces (eV/Ang):
----------------------------------------
   Tot   -0.000000   -0.000000    0.000000
----------------------------------------
   Max    0.024973
   Res    0.007735    sqrt( Sum f_i^2 / 3N )
----------------------------------------
   Max    0.024973    constrained

Stress tensor Voigt[x,y,z,yz,xz,xy] (kbar):      -20.31      -21.52      -21.52       14.77      -19.53      -19.53
(Free)E + p*V (eV/cell)   -54920.6897
Target enthalpy (eV/cell)   -54925.2725

mulliken: Atomic and Orbital Populations:

mulliken: Spin UP 

Species: MnLR00              
Atom  Qatom  Qorb
               3s      4s      4s      3py     3pz     3px     4py     4pz     
               4px     3dxy    3dyz    3dz2    3dxz    3dx2-y2 3dxy    3dyz    
               3dz2    3dxz    3dx2-y2 
   1  9.424   0.994   0.123   0.050   0.999   0.999   0.999   0.118   0.118
              0.118   1.000   1.000   0.960   1.000   0.960  -0.021  -0.021

              0.024  -0.021   0.024

Species: MnLR01              
Atom  Qatom  Qorb
               3s      4s      4s      3py     3pz     3px     4py     4pz     
               4px     3dxy    3dyz    3dz2    3dxz    3dx2-y2 3dxy    3dyz    
               3dz2    3dxz    3dx2-y2 
   2  4.737   1.006   0.016   0.079   1.002   1.002   1.002   0.081   0.081
              0.081   0.056   0.056   0.137   0.056   0.137  -0.011  -0.011

             -0.010  -0.011  -0.010

Species: MnLR02              
Atom  Qatom  Qorb
               3s      4s      4s      3py     3pz     3px     4py     4pz     
               4px     3dxy    3dyz    3dz2    3dxz    3dx2-y2 3dxy    3dyz    
               3dz2    3dxz    3dx2-y2 
   5  9.424   0.994   0.123   0.050   0.999   0.999   0.999   0.118   0.118
              0.118   1.000   1.000   0.960   1.000   0.960  -0.021  -0.021

              0.024  -0.021   0.024

Species: MnLR03              
Atom  Qatom  Qorb
               3s      4s      4s      3py     3pz     3px     4py     4pz     
               4px     3dxy    3dyz    3dz2    3dxz    3dx2-y2 3dxy    3dyz    
               3dz2    3dxz    3dx2-y2 
   6  4.727   1.006   0.016   0.079   1.002   1.002   1.002   0.081   0.081
              0.081   0.055   0.055   0.134   0.055   0.134  -0.011  -0.011

             -0.010  -0.011  -0.010

Species: MnLR04              
Atom  Qatom  Qorb
               3s      4s      4s      3py     3pz     3px     4py     4pz     
               4px     3dxy    3dyz    3dz2    3dxz    3dx2-y2 3dxy    3dyz    
               3dz2    3dxz    3dx2-y2 
   9  9.424   0.994   0.123   0.050   0.999   0.999   0.999   0.118   0.118
              0.118   1.000   1.000   0.960   1.000   0.960  -0.021  -0.021

              0.024  -0.021   0.024

Species: MnLR05              
Atom  Qatom  Qorb
               3s      4s      4s      3py     3pz     3px     4py     4pz     
               4px     3dxy    3dyz    3dz2    3dxz    3dx2-y2 3dxy    3dyz    
               3dz2    3dxz    3dx2-y2 
  10  4.727   1.006   0.016   0.079   1.002   1.002   1.002   0.081   0.081
              0.081   0.055   0.055   0.134   0.055   0.134  -0.011  -0.011

             -0.010  -0.011  -0.010

Species: MnLR06              
Atom  Qatom  Qorb
               3s      4s      4s      3py     3pz     3px     4py     4pz     
               4px     3dxy    3dyz    3dz2    3dxz    3dx2-y2 3dxy    3dyz    
               3dz2    3dxz    3dx2-y2 
  13  9.424   0.994   0.123   0.050   0.999   0.999   0.999   0.118   0.118
              0.118   1.000   1.000   0.960   1.000   0.960  -0.021  -0.021

              0.024  -0.021   0.024

Species: MnLR07              
Atom  Qatom  Qorb
               3s      4s      4s      3py     3pz     3px     4py     4pz     
               4px     3dxy    3dyz    3dz2    3dxz    3dx2-y2 3dxy    3dyz    
               3dz2    3dxz    3dx2-y2 
  14  4.727   1.006   0.016   0.079   1.002   1.002   1.002   0.081   0.081
              0.081   0.055   0.055   0.134   0.055   0.134  -0.011  -0.011

             -0.010  -0.011  -0.010

Species: MnLR08              
Atom  Qatom  Qorb
               3s      4s      4s      3py     3pz     3px     4py     4pz     
               4px     3dxy    3dyz    3dz2    3dxz    3dx2-y2 3dxy    3dyz    
               3dz2    3dxz    3dx2-y2 
  17  9.424   0.994   0.123   0.050   0.999   0.999   0.999   0.118   0.118
              0.118   1.000   1.000   0.960   1.000   0.960  -0.021  -0.021

              0.024  -0.021   0.024

Species: MnLR09              
Atom  Qatom  Qorb
               3s      4s      4s      3py     3pz     3px     4py     4pz     
               4px     3dxy    3dyz    3dz2    3dxz    3dx2-y2 3dxy    3dyz    
               3dz2    3dxz    3dx2-y2 
  18  4.727   1.006   0.016   0.079   1.002   1.002   1.002   0.081   0.081
              0.081   0.055   0.055   0.134   0.055   0.134  -0.011  -0.011

             -0.010  -0.011  -0.010

Species: MnLR10              
Atom  Qatom  Qorb
               3s      4s      4s      3py     3pz     3px     4py     4pz     
               4px     3dxy    3dyz    3dz2    3dxz    3dx2-y2 3dxy    3dyz    
               3dz2    3dxz    3dx2-y2 
  21  9.424   0.994   0.123   0.050   0.999   0.999   0.999   0.118   0.118
              0.118   1.000   1.000   0.960   1.000   0.960  -0.021  -0.021

              0.024  -0.021   0.024

Species: MnLR11              
Atom  Qatom  Qorb
               3s      4s      4s      3py     3pz     3px     4py     4pz     
               4px     3dxy    3dyz    3dz2    3dxz    3dx2-y2 3dxy    3dyz    
               3dz2    3dxz    3dx2-y2 
  22  4.727   1.006   0.016   0.079   1.002   1.002   1.002   0.081   0.081
              0.081   0.055   0.055   0.134   0.055   0.134  -0.011  -0.011

             -0.010  -0.011  -0.010

Species: MnLR12              
Atom  Qatom  Qorb
               3s      4s      4s      3py     3pz     3px     4py     4pz     
               4px     3dxy    3dyz    3dz2    3dxz    3dx2-y2 3dxy    3dyz    
               3dz2    3dxz    3dx2-y2 
  25  9.424   0.994   0.123   0.050   0.999   0.999   0.999   0.118   0.118
              0.118   1.000   1.000   0.960   1.000   0.960  -0.021  -0.021

              0.024  -0.021   0.024

Species: MnLR13              
Atom  Qatom  Qorb
               3s      4s      4s      3py     3pz     3px     4py     4pz     
               4px     3dxy    3dyz    3dz2    3dxz    3dx2-y2 3dxy    3dyz    
               3dz2    3dxz    3dx2-y2 
  26  4.727   1.006   0.016   0.079   1.002   1.002   1.002   0.081   0.081
              0.081   0.055   0.055   0.134   0.055   0.134  -0.011  -0.011

             -0.010  -0.011  -0.010

Species: MnLR14              
Atom  Qatom  Qorb
               3s      4s      4s      3py     3pz     3px     4py     4pz     
               4px     3dxy    3dyz    3dz2    3dxz    3dx2-y2 3dxy    3dyz    
               3dz2    3dxz    3dx2-y2 
  29  9.424   0.994   0.123   0.050   0.999   0.999   0.999   0.118   0.118
              0.118   1.000   1.000   0.960   1.000   0.960  -0.021  -0.021

              0.024  -0.021   0.024

Species: MnLR15              
Atom  Qatom  Qorb
               3s      4s      4s      3py     3pz     3px     4py     4pz     
               4px     3dxy    3dyz    3dz2    3dxz    3dx2-y2 3dxy    3dyz    
               3dz2    3dxz    3dx2-y2 
  30  4.727   1.006   0.016   0.079   1.002   1.002   1.002   0.081   0.081
              0.081   0.055   0.055   0.134   0.055   0.134  -0.011  -0.011

             -0.010  -0.011  -0.010

Species: O                   
Atom  Qatom  Qorb
               2s      2s      2py     2pz     2px     2py     2pz     2px     
               3Pdxy   3Pdyz   3Pdz2   3Pdxz   3Pdx2-y2
   3  3.423   0.935  -0.026   0.991   0.991   0.990  -0.158  -0.158  -0.158
              0.003   0.003   0.004   0.003   0.004
   4  3.424   0.935  -0.026   0.991   0.991   0.991  -0.158  -0.158  -0.158
              0.003   0.003   0.004   0.003   0.004
   7  3.423   0.935  -0.026   0.990   0.991   0.990  -0.158  -0.158  -0.158
              0.003   0.003   0.004   0.003   0.004
   8  3.423   0.935  -0.026   0.991   0.990   0.990  -0.158  -0.158  -0.158
              0.003   0.003   0.004   0.003   0.004
  11  3.423   0.935  -0.026   0.991   0.990   0.990  -0.158  -0.158  -0.158
              0.003   0.003   0.004   0.003   0.004
  12  3.423   0.935  -0.026   0.990   0.991   0.990  -0.158  -0.158  -0.158
              0.003   0.003   0.004   0.003   0.004
  15  3.424   0.935  -0.026   0.991   0.991   0.991  -0.158  -0.158  -0.158
              0.003   0.003   0.004   0.003   0.004
  16  3.423   0.935  -0.026   0.991   0.991   0.990  -0.158  -0.158  -0.158
              0.003   0.003   0.004   0.003   0.004
  19  3.424   0.935  -0.026   0.991   0.991   0.991  -0.158  -0.158  -0.158
              0.003   0.003   0.004   0.003   0.004
  20  3.424   0.935  -0.026   0.991   0.991   0.991  -0.158  -0.158  -0.158
              0.003   0.003   0.004   0.003   0.004
  23  3.424   0.935  -0.026   0.991   0.991   0.991  -0.158  -0.158  -0.158
              0.003   0.003   0.004   0.003   0.004
  24  3.424   0.935  -0.026   0.991   0.991   0.991  -0.158  -0.158  -0.158
              0.003   0.003   0.004   0.003   0.004
  27  3.424   0.935  -0.026   0.991   0.991   0.991  -0.158  -0.158  -0.158
              0.003   0.003   0.004   0.003   0.004
  28  3.424   0.935  -0.026   0.991   0.991   0.991  -0.158  -0.158  -0.158
              0.003   0.003   0.004   0.003   0.004
  31  3.424   0.935  -0.026   0.991   0.991   0.991  -0.158  -0.158  -0.158
              0.003   0.003   0.004   0.003   0.004
  32  3.424   0.935  -0.026   0.991   0.991   0.991  -0.158  -0.158  -0.158
              0.003   0.003   0.004   0.003   0.004

mulliken: Qtot =      168.000

mulliken: Spin DOWN 

Species: MnLR00              
Atom  Qatom  Qorb
               3s      4s      4s      3py     3pz     3px     4py     4pz     
               4px     3dxy    3dyz    3dz2    3dxz    3dx2-y2 3dxy    3dyz    
               3dz2    3dxz    3dx2-y2 
   1  4.727   1.006   0.017   0.078   1.002   1.002   1.002   0.081   0.081
              0.081   0.055   0.055   0.134   0.055   0.134  -0.011  -0.011

             -0.010  -0.011  -0.010

Species: MnLR01              
Atom  Qatom  Qorb
               3s      4s      4s      3py     3pz     3px     4py     4pz     
               4px     3dxy    3dyz    3dz2    3dxz    3dx2-y2 3dxy    3dyz    
               3dz2    3dxz    3dx2-y2 
   2  9.429   0.995   0.122   0.050   1.000   1.000   0.999   0.118   0.118
              0.118   0.997   0.997   0.957   0.997   0.958  -0.018  -0.018

              0.028  -0.018   0.027

Species: MnLR02              
Atom  Qatom  Qorb
               3s      4s      4s      3py     3pz     3px     4py     4pz     
               4px     3dxy    3dyz    3dz2    3dxz    3dx2-y2 3dxy    3dyz    
               3dz2    3dxz    3dx2-y2 
   5  4.727   1.006   0.017   0.078   1.002   1.002   1.002   0.081   0.081
              0.081   0.055   0.055   0.134   0.055   0.134  -0.011  -0.011

             -0.010  -0.011  -0.010

Species: MnLR03              
Atom  Qatom  Qorb
               3s      4s      4s      3py     3pz     3px     4py     4pz     
               4px     3dxy    3dyz    3dz2    3dxz    3dx2-y2 3dxy    3dyz    
               3dz2    3dxz    3dx2-y2 
   6  9.424   0.995   0.122   0.051   1.000   1.000   0.999   0.118   0.118
              0.118   1.000   1.000   0.958   1.000   0.959  -0.021  -0.021

              0.026  -0.021   0.025

Species: MnLR04              
Atom  Qatom  Qorb
               3s      4s      4s      3py     3pz     3px     4py     4pz     
               4px     3dxy    3dyz    3dz2    3dxz    3dx2-y2 3dxy    3dyz    
               3dz2    3dxz    3dx2-y2 
   9  4.727   1.006   0.017   0.078   1.002   1.002   1.002   0.081   0.081
              0.081   0.055   0.055   0.134   0.055   0.134  -0.011  -0.011

             -0.010  -0.011  -0.010

Species: MnLR05              
Atom  Qatom  Qorb
               3s      4s      4s      3py     3pz     3px     4py     4pz     
               4px     3dxy    3dyz    3dz2    3dxz    3dx2-y2 3dxy    3dyz    
               3dz2    3dxz    3dx2-y2 
  10  9.424   0.995   0.122   0.051   1.000   1.000   0.999   0.118   0.118
              0.118   1.000   1.000   0.958   1.000   0.959  -0.021  -0.021

              0.026  -0.021   0.025

Species: MnLR06              
Atom  Qatom  Qorb
               3s      4s      4s      3py     3pz     3px     4py     4pz     
               4px     3dxy    3dyz    3dz2    3dxz    3dx2-y2 3dxy    3dyz    
               3dz2    3dxz    3dx2-y2 
  13  4.726   1.006   0.017   0.078   1.002   1.002   1.002   0.081   0.081
              0.081   0.055   0.055   0.133   0.055   0.133  -0.011  -0.011

             -0.010  -0.011  -0.010

Species: MnLR07              
Atom  Qatom  Qorb
               3s      4s      4s      3py     3pz     3px     4py     4pz     
               4px     3dxy    3dyz    3dz2    3dxz    3dx2-y2 3dxy    3dyz    
               3dz2    3dxz    3dx2-y2 
  14  9.424   0.995   0.122   0.051   1.000   1.000   0.999   0.118   0.118
              0.118   1.000   1.000   0.958   1.000   0.959  -0.021  -0.021

              0.026  -0.021   0.025

Species: MnLR08              
Atom  Qatom  Qorb
               3s      4s      4s      3py     3pz     3px     4py     4pz     
               4px     3dxy    3dyz    3dz2    3dxz    3dx2-y2 3dxy    3dyz    
               3dz2    3dxz    3dx2-y2 
  17  4.727   1.006   0.017   0.078   1.002   1.002   1.002   0.081   0.081
              0.081   0.055   0.055   0.134   0.055   0.134  -0.011  -0.011

             -0.010  -0.011  -0.010

Species: MnLR09              
Atom  Qatom  Qorb
               3s      4s      4s      3py     3pz     3px     4py     4pz     
               4px     3dxy    3dyz    3dz2    3dxz    3dx2-y2 3dxy    3dyz    
               3dz2    3dxz    3dx2-y2 
  18  9.424   0.995   0.122   0.050   1.000   1.000   0.999   0.118   0.118
              0.118   1.000   1.000   0.958   1.000   0.959  -0.021  -0.021

              0.026  -0.021   0.025

Species: MnLR10              
Atom  Qatom  Qorb
               3s      4s      4s      3py     3pz     3px     4py     4pz     
               4px     3dxy    3dyz    3dz2    3dxz    3dx2-y2 3dxy    3dyz    
               3dz2    3dxz    3dx2-y2 
  21  4.727   1.006   0.017   0.078   1.002   1.002   1.002   0.081   0.081
              0.081   0.055   0.055   0.134   0.055   0.134  -0.011  -0.011

             -0.010  -0.011  -0.010

Species: MnLR11              
Atom  Qatom  Qorb
               3s      4s      4s      3py     3pz     3px     4py     4pz     
               4px     3dxy    3dyz    3dz2    3dxz    3dx2-y2 3dxy    3dyz    
               3dz2    3dxz    3dx2-y2 
  22  9.424   0.995   0.122   0.051   1.000   1.000   0.999   0.118   0.118
              0.118   1.000   1.000   0.958   1.000   0.959  -0.021  -0.021

              0.026  -0.021   0.025

Species: MnLR12              
Atom  Qatom  Qorb
               3s      4s      4s      3py     3pz     3px     4py     4pz     
               4px     3dxy    3dyz    3dz2    3dxz    3dx2-y2 3dxy    3dyz    
               3dz2    3dxz    3dx2-y2 
  25  4.727   1.006   0.017   0.078   1.002   1.002   1.002   0.081   0.081
              0.081   0.055   0.055   0.134   0.055   0.134  -0.011  -0.011

             -0.010  -0.011  -0.010

Species: MnLR13              
Atom  Qatom  Qorb
               3s      4s      4s      3py     3pz     3px     4py     4pz     
               4px     3dxy    3dyz    3dz2    3dxz    3dx2-y2 3dxy    3dyz    
               3dz2    3dxz    3dx2-y2 
  26  9.424   0.995   0.122   0.051   1.000   1.000   0.999   0.118   0.118
              0.118   1.000   1.000   0.958   1.000   0.959  -0.021  -0.021

              0.026  -0.021   0.025

Species: MnLR14              
Atom  Qatom  Qorb
               3s      4s      4s      3py     3pz     3px     4py     4pz     
               4px     3dxy    3dyz    3dz2    3dxz    3dx2-y2 3dxy    3dyz    
               3dz2    3dxz    3dx2-y2 
  29  4.726   1.006   0.017   0.078   1.002   1.002   1.002   0.081   0.081
              0.081   0.055   0.055   0.133   0.055   0.133  -0.011  -0.011

             -0.010  -0.011  -0.010

Species: MnLR15              
Atom  Qatom  Qorb
               3s      4s      4s      3py     3pz     3px     4py     4pz     
               4px     3dxy    3dyz    3dz2    3dxz    3dx2-y2 3dxy    3dyz    
               3dz2    3dxz    3dx2-y2 
  30  9.424   0.995   0.122   0.051   1.000   1.000   0.999   0.118   0.118
              0.118   1.000   1.000   0.958   1.000   0.959  -0.021  -0.021

              0.026  -0.021   0.025

Species: O                   
Atom  Qatom  Qorb
               2s      2s      2py     2pz     2px     2py     2pz     2px     
               3Pdxy   3Pdyz   3Pdz2   3Pdxz   3Pdx2-y2
   3  3.424   0.934  -0.026   0.991   0.991   0.991  -0.158  -0.158  -0.158
              0.003   0.003   0.004   0.003   0.004
   4  3.424   0.935  -0.026   0.991   0.991   0.991  -0.158  -0.158  -0.158
              0.003   0.003   0.004   0.003   0.004
   7  3.424   0.934  -0.026   0.991   0.991   0.991  -0.158  -0.158  -0.158
              0.003   0.003   0.004   0.003   0.004
   8  3.424   0.934  -0.026   0.991   0.991   0.991  -0.158  -0.158  -0.158
              0.003   0.003   0.004   0.003   0.004
  11  3.424   0.934  -0.026   0.991   0.991   0.991  -0.158  -0.158  -0.158
              0.003   0.003   0.004   0.003   0.004
  12  3.424   0.934  -0.026   0.991   0.991   0.991  -0.158  -0.158  -0.158
              0.003   0.003   0.004   0.003   0.004
  15  3.424   0.935  -0.026   0.991   0.991   0.991  -0.158  -0.158  -0.158
              0.003   0.003   0.004   0.003   0.004
  16  3.424   0.934  -0.026   0.991   0.991   0.991  -0.158  -0.158  -0.158
              0.003   0.003   0.004   0.003   0.004
  19  3.424   0.935  -0.026   0.991   0.991   0.991  -0.158  -0.158  -0.158
              0.003   0.003   0.004   0.003   0.004
  20  3.424   0.935  -0.026   0.991   0.991   0.991  -0.158  -0.158  -0.158
              0.003   0.003   0.004   0.003   0.004
  23  3.424   0.935  -0.026   0.991   0.991   0.991  -0.158  -0.158  -0.158
              0.003   0.003   0.004   0.003   0.004
  24  3.424   0.935  -0.026   0.991   0.991   0.991  -0.158  -0.158  -0.158
              0.003   0.003   0.004   0.003   0.004
  27  3.424   0.935  -0.026   0.991   0.991   0.991  -0.158  -0.158  -0.158
              0.003   0.003   0.004   0.003   0.004
  28  3.424   0.935  -0.026   0.991   0.991   0.991  -0.158  -0.158  -0.158
              0.003   0.003   0.004   0.003   0.004
  31  3.424   0.935  -0.026   0.991   0.991   0.991  -0.158  -0.158  -0.158
              0.003   0.003   0.004   0.003   0.004
  32  3.424   0.935  -0.026   0.991   0.991   0.991  -0.158  -0.158  -0.158
              0.003   0.003   0.004   0.003   0.004

mulliken: Qtot =      168.000

Mulliken Atomic Populations:
Atom #   charge [q] valence [e]      Sz [e]  Species
     1     0.848593   14.151407    4.697283  MnLR00
     2     0.834280   14.165720   -4.691555  MnLR01
     3    -0.847280    6.847280   -0.001225  O
     4    -0.848316    6.848316   -0.000066  O
     5     0.848593   14.151407    4.697283  MnLR02
     6     0.848833   14.151167   -4.696831  MnLR03
     7    -0.847280    6.847280   -0.001225  O
     8    -0.847280    6.847280   -0.001225  O
     9     0.848593   14.151407    4.697283  MnLR04
    10     0.848833   14.151167   -4.696831  MnLR05
    11    -0.847280    6.847280   -0.001225  O
    12    -0.847280    6.847280   -0.001225  O
    13     0.849861   14.150139    4.697313  MnLR06
    14     0.848832   14.151168   -4.696831  MnLR07
    15    -0.848316    6.848316   -0.000066  O
    16    -0.847280    6.847280   -0.001225  O
    17     0.848593   14.151407    4.697283  MnLR08
    18     0.848782   14.151218   -4.697154  MnLR09
    19    -0.848286    6.848286   -0.000056  O
    20    -0.848327    6.848327   -0.000063  O
    21     0.848593   14.151407    4.697283  MnLR10
    22     0.848614   14.151386   -4.697060  MnLR11
    23    -0.848286    6.848286   -0.000056  O
    24    -0.848286    6.848286   -0.000056  O
    25     0.848593   14.151407    4.697283  MnLR12
    26     0.848614   14.151386   -4.697060  MnLR13
    27    -0.848286    6.848286   -0.000056  O
    28    -0.848286    6.848286   -0.000056  O
    29     0.849861   14.150139    4.697313  MnLR14
    30     0.848615   14.151385   -4.697059  MnLR15
    31    -0.848327    6.848327   -0.000063  O
    32    -0.848286    6.848286   -0.000056  O
-------------------------------------------
 Total    -0.000000                0.000000

siesta: Program's energy decomposition (eV):
siesta: Ebs     =    -10004.302839
siesta: Eions   =     79925.332782
siesta: Ena     =     10972.557457
siesta: Ekin    =     27386.077644
siesta: Enl     =     -3374.560825
siesta: Eso     =         0.000000
siesta: Edftu   =        -0.484882
siesta: DEna    =        34.651578
siesta: DUscf   =         6.557258
siesta: DUext   =         0.000000
siesta: Ex      =     -9497.958717
siesta: Ec      =      -526.779272
siesta: Exc     =    -10024.737989
siesta: EbV     =         0.000000
siesta: eta*DQ  =         0.000000
siesta: Emadel  =         0.000000
siesta: Emeta   =         0.000000
siesta: Emolmec =         0.000000
siesta: Ekinion =         0.000000
siesta: Eharris =    -54925.269346
siesta: Etot    =    -54925.272540
siesta: FreeEng =    -54925.272540

siesta: Final energy (eV):
siesta:  Band Struct. =  -10004.302839
siesta:       Kinetic =   27386.077644
siesta:       Hartree =   13978.820325
siesta:         Edftu =      -0.484882
siesta:       Eso     =       0.000000
siesta:    Ext. field =       0.000000
siesta:         Exch. =   -9497.958717
siesta:         Corr. =    -526.779272
siesta:     Bulk bias =       0.000000
siesta:   Exch.-corr. =  -10024.737989
siesta:  Ion-electron =  -56158.269389
siesta:       Ion-ion =  -30106.678249
siesta:       Ekinion =       0.000000
siesta: D3 dispersion =       0.000000
siesta:         Total =  -54925.272540
siesta:         Fermi =      -4.858558

siesta: Stress tensor (static) (eV/Ang**3):
siesta:    -0.012677   -0.012191   -0.012191
siesta:    -0.012191   -0.013429    0.009218
siesta:    -0.012191    0.009218   -0.013429

siesta: Cell volume =        347.753228 Ang**3

siesta: Pressure (static):
siesta:                Solid            Molecule  Units
siesta:           0.00014353          0.00014922  Ry/Bohr**3
siesta:           0.01317846          0.01370087  eV/Ang**3
siesta:          21.11421769         21.95121313  kBar

Basis Enthalpy Calculation:
    Basis Pressure for species 1(MnLR00) :      0.2000000 GPa
    Basis Pressure for species 2(MnLR01) :      0.2000000 GPa
    Basis Pressure for species 3(MnLR02) :      0.2000000 GPa
    Basis Pressure for species 4(MnLR03) :      0.2000000 GPa
    Basis Pressure for species 5(MnLR04) :      0.2000000 GPa
    Basis Pressure for species 6(MnLR05) :      0.2000000 GPa
    Basis Pressure for species 7(MnLR06) :      0.2000000 GPa
    Basis Pressure for species 8(MnLR07) :      0.2000000 GPa
    Basis Pressure for species 9(MnLR08) :      0.2000000 GPa
    Basis Pressure for species 10(MnLR09) :      0.2000000 GPa
    Basis Pressure for species 11(MnLR10) :      0.2000000 GPa
    Basis Pressure for species 12(MnLR11) :      0.2000000 GPa
    Basis Pressure for species 13(MnLR12) :      0.2000000 GPa
    Basis Pressure for species 14(MnLR13) :      0.2000000 GPa
    Basis Pressure for species 15(MnLR14) :      0.2000000 GPa
    Basis Pressure for species 16(MnLR15) :      0.2000000 GPa
    Basis Pressure for species 17(O) :      0.2000000 GPa

    Orbital volume contribution        =          19.070468 eV
    (Free)E + p_basis*V_orbitals       =      -54906.202072 eV
    (Free)Eharris+ p_basis*V_orbitals  =      -54906.198878 eV
WARNING: BASIS_ENTHALPY and BASIS_HARRIS_ENTHALPY files are deprecated. They will be removed in future releases.
Please use system_label.BASIS_ENTHALPY in your scripts instead.

mulliken: Atomic and Orbital Populations:

mulliken: Spin UP 

Species: MnLR00              
Atom  Qatom  Qorb
               3s      4s      4s      3py     3pz     3px     4py     4pz     
               4px     3dxy    3dyz    3dz2    3dxz    3dx2-y2 3dxy    3dyz    
               3dz2    3dxz    3dx2-y2 
   1  9.424   0.994   0.123   0.050   0.999   0.999   0.999   0.118   0.118
              0.118   1.000   1.000   0.960   1.000   0.960  -0.021  -0.021

              0.024  -0.021   0.024

Species: MnLR01              
Atom  Qatom  Qorb
               3s      4s      4s      3py     3pz     3px     4py     4pz     
               4px     3dxy    3dyz    3dz2    3dxz    3dx2-y2 3dxy    3dyz    
               3dz2    3dxz    3dx2-y2 
   2  4.737   1.006   0.016   0.079   1.002   1.002   1.002   0.081   0.081
              0.081   0.056   0.056   0.137   0.056   0.137  -0.011  -0.011

             -0.010  -0.011  -0.010

Species: MnLR02              
Atom  Qatom  Qorb
               3s      4s      4s      3py     3pz     3px     4py     4pz     
               4px     3dxy    3dyz    3dz2    3dxz    3dx2-y2 3dxy    3dyz    
               3dz2    3dxz    3dx2-y2 
   5  9.424   0.994   0.123   0.050   0.999   0.999   0.999   0.118   0.118
              0.118   1.000   1.000   0.960   1.000   0.960  -0.021  -0.021

              0.024  -0.021   0.024

Species: MnLR03              
Atom  Qatom  Qorb
               3s      4s      4s      3py     3pz     3px     4py     4pz     
               4px     3dxy    3dyz    3dz2    3dxz    3dx2-y2 3dxy    3dyz    
               3dz2    3dxz    3dx2-y2 
   6  4.727   1.006   0.016   0.079   1.002   1.002   1.002   0.081   0.081
              0.081   0.055   0.055   0.134   0.055   0.134  -0.011  -0.011

             -0.010  -0.011  -0.010

Species: MnLR04              
Atom  Qatom  Qorb
               3s      4s      4s      3py     3pz     3px     4py     4pz     
               4px     3dxy    3dyz    3dz2    3dxz    3dx2-y2 3dxy    3dyz    
               3dz2    3dxz    3dx2-y2 
   9  9.424   0.994   0.123   0.050   0.999   0.999   0.999   0.118   0.118
              0.118   1.000   1.000   0.960   1.000   0.960  -0.021  -0.021

              0.024  -0.021   0.024

Species: MnLR05              
Atom  Qatom  Qorb
               3s      4s      4s      3py     3pz     3px     4py     4pz     
               4px     3dxy    3dyz    3dz2    3dxz    3dx2-y2 3dxy    3dyz    
               3dz2    3dxz    3dx2-y2 
  10  4.727   1.006   0.016   0.079   1.002   1.002   1.002   0.081   0.081
              0.081   0.055   0.055   0.134   0.055   0.134  -0.011  -0.011

             -0.010  -0.011  -0.010

Species: MnLR06              
Atom  Qatom  Qorb
               3s      4s      4s      3py     3pz     3px     4py     4pz     
               4px     3dxy    3dyz    3dz2    3dxz    3dx2-y2 3dxy    3dyz    
               3dz2    3dxz    3dx2-y2 
  13  9.424   0.994   0.123   0.050   0.999   0.999   0.999   0.118   0.118
              0.118   1.000   1.000   0.960   1.000   0.960  -0.021  -0.021

              0.024  -0.021   0.024

Species: MnLR07              
Atom  Qatom  Qorb
               3s      4s      4s      3py     3pz     3px     4py     4pz     
               4px     3dxy    3dyz    3dz2    3dxz    3dx2-y2 3dxy    3dyz    
               3dz2    3dxz    3dx2-y2 
  14  4.727   1.006   0.016   0.079   1.002   1.002   1.002   0.081   0.081
              0.081   0.055   0.055   0.134   0.055   0.134  -0.011  -0.011

             -0.010  -0.011  -0.010

Species: MnLR08              
Atom  Qatom  Qorb
               3s      4s      4s      3py     3pz     3px     4py     4pz     
               4px     3dxy    3dyz    3dz2    3dxz    3dx2-y2 3dxy    3dyz    
               3dz2    3dxz    3dx2-y2 
  17  9.424   0.994   0.123   0.050   0.999   0.999   0.999   0.118   0.118
              0.118   1.000   1.000   0.960   1.000   0.960  -0.021  -0.021

              0.024  -0.021   0.024

Species: MnLR09              
Atom  Qatom  Qorb
               3s      4s      4s      3py     3pz     3px     4py     4pz     
               4px     3dxy    3dyz    3dz2    3dxz    3dx2-y2 3dxy    3dyz    
               3dz2    3dxz    3dx2-y2 
  18  4.727   1.006   0.016   0.079   1.002   1.002   1.002   0.081   0.081
              0.081   0.055   0.055   0.134   0.055   0.134  -0.011  -0.011

             -0.010  -0.011  -0.010

Species: MnLR10              
Atom  Qatom  Qorb
               3s      4s      4s      3py     3pz     3px     4py     4pz     
               4px     3dxy    3dyz    3dz2    3dxz    3dx2-y2 3dxy    3dyz    
               3dz2    3dxz    3dx2-y2 
  21  9.424   0.994   0.123   0.050   0.999   0.999   0.999   0.118   0.118
              0.118   1.000   1.000   0.960   1.000   0.960  -0.021  -0.021

              0.024  -0.021   0.024

Species: MnLR11              
Atom  Qatom  Qorb
               3s      4s      4s      3py     3pz     3px     4py     4pz     
               4px     3dxy    3dyz    3dz2    3dxz    3dx2-y2 3dxy    3dyz    
               3dz2    3dxz    3dx2-y2 
  22  4.727   1.006   0.016   0.079   1.002   1.002   1.002   0.081   0.081
              0.081   0.055   0.055   0.134   0.055   0.134  -0.011  -0.011

             -0.010  -0.011  -0.010

Species: MnLR12              
Atom  Qatom  Qorb
               3s      4s      4s      3py     3pz     3px     4py     4pz     
               4px     3dxy    3dyz    3dz2    3dxz    3dx2-y2 3dxy    3dyz    
               3dz2    3dxz    3dx2-y2 
  25  9.424   0.994   0.123   0.050   0.999   0.999   0.999   0.118   0.118
              0.118   1.000   1.000   0.960   1.000   0.960  -0.021  -0.021

              0.024  -0.021   0.024

Species: MnLR13              
Atom  Qatom  Qorb
               3s      4s      4s      3py     3pz     3px     4py     4pz     
               4px     3dxy    3dyz    3dz2    3dxz    3dx2-y2 3dxy    3dyz    
               3dz2    3dxz    3dx2-y2 
  26  4.727   1.006   0.016   0.079   1.002   1.002   1.002   0.081   0.081
              0.081   0.055   0.055   0.134   0.055   0.134  -0.011  -0.011

             -0.010  -0.011  -0.010

Species: MnLR14              
Atom  Qatom  Qorb
               3s      4s      4s      3py     3pz     3px     4py     4pz     
               4px     3dxy    3dyz    3dz2    3dxz    3dx2-y2 3dxy    3dyz    
               3dz2    3dxz    3dx2-y2 
  29  9.424   0.994   0.123   0.050   0.999   0.999   0.999   0.118   0.118
              0.118   1.000   1.000   0.960   1.000   0.960  -0.021  -0.021

              0.024  -0.021   0.024

Species: MnLR15              
Atom  Qatom  Qorb
               3s      4s      4s      3py     3pz     3px     4py     4pz     
               4px     3dxy    3dyz    3dz2    3dxz    3dx2-y2 3dxy    3dyz    
               3dz2    3dxz    3dx2-y2 
  30  4.727   1.006   0.016   0.079   1.002   1.002   1.002   0.081   0.081
              0.081   0.055   0.055   0.134   0.055   0.134  -0.011  -0.011

             -0.010  -0.011  -0.010

Species: O                   
Atom  Qatom  Qorb
               2s      2s      2py     2pz     2px     2py     2pz     2px     
               3Pdxy   3Pdyz   3Pdz2   3Pdxz   3Pdx2-y2
   3  3.423   0.935  -0.026   0.991   0.991   0.990  -0.158  -0.158  -0.158
              0.003   0.003   0.004   0.003   0.004
   4  3.424   0.935  -0.026   0.991   0.991   0.991  -0.158  -0.158  -0.158
              0.003   0.003   0.004   0.003   0.004
   7  3.423   0.935  -0.026   0.990   0.991   0.990  -0.158  -0.158  -0.158
              0.003   0.003   0.004   0.003   0.004
   8  3.423   0.935  -0.026   0.991   0.990   0.990  -0.158  -0.158  -0.158
              0.003   0.003   0.004   0.003   0.004
  11  3.423   0.935  -0.026   0.991   0.990   0.990  -0.158  -0.158  -0.158
              0.003   0.003   0.004   0.003   0.004
  12  3.423   0.935  -0.026   0.990   0.991   0.990  -0.158  -0.158  -0.158
              0.003   0.003   0.004   0.003   0.004
  15  3.424   0.935  -0.026   0.991   0.991   0.991  -0.158  -0.158  -0.158
              0.003   0.003   0.004   0.003   0.004
  16  3.423   0.935  -0.026   0.991   0.991   0.990  -0.158  -0.158  -0.158
              0.003   0.003   0.004   0.003   0.004
  19  3.424   0.935  -0.026   0.991   0.991   0.991  -0.158  -0.158  -0.158
              0.003   0.003   0.004   0.003   0.004
  20  3.424   0.935  -0.026   0.991   0.991   0.991  -0.158  -0.158  -0.158
              0.003   0.003   0.004   0.003   0.004
  23  3.424   0.935  -0.026   0.991   0.991   0.991  -0.158  -0.158  -0.158
              0.003   0.003   0.004   0.003   0.004
  24  3.424   0.935  -0.026   0.991   0.991   0.991  -0.158  -0.158  -0.158
              0.003   0.003   0.004   0.003   0.004
  27  3.424   0.935  -0.026   0.991   0.991   0.991  -0.158  -0.158  -0.158
              0.003   0.003   0.004   0.003   0.004
  28  3.424   0.935  -0.026   0.991   0.991   0.991  -0.158  -0.158  -0.158
              0.003   0.003   0.004   0.003   0.004
  31  3.424   0.935  -0.026   0.991   0.991   0.991  -0.158  -0.158  -0.158
              0.003   0.003   0.004   0.003   0.004
  32  3.424   0.935  -0.026   0.991   0.991   0.991  -0.158  -0.158  -0.158
              0.003   0.003   0.004   0.003   0.004

mulliken: Qtot =      168.000

mulliken: Spin DOWN 

Species: MnLR00              
Atom  Qatom  Qorb
               3s      4s      4s      3py     3pz     3px     4py     4pz     
               4px     3dxy    3dyz    3dz2    3dxz    3dx2-y2 3dxy    3dyz    
               3dz2    3dxz    3dx2-y2 
   1  4.727   1.006   0.017   0.078   1.002   1.002   1.002   0.081   0.081
              0.081   0.055   0.055   0.134   0.055   0.134  -0.011  -0.011

             -0.010  -0.011  -0.010

Species: MnLR01              
Atom  Qatom  Qorb
               3s      4s      4s      3py     3pz     3px     4py     4pz     
               4px     3dxy    3dyz    3dz2    3dxz    3dx2-y2 3dxy    3dyz    
               3dz2    3dxz    3dx2-y2 
   2  9.429   0.995   0.122   0.050   1.000   1.000   0.999   0.118   0.118
              0.118   0.997   0.997   0.957   0.997   0.958  -0.018  -0.018

              0.028  -0.018   0.027

Species: MnLR02              
Atom  Qatom  Qorb
               3s      4s      4s      3py     3pz     3px     4py     4pz     
               4px     3dxy    3dyz    3dz2    3dxz    3dx2-y2 3dxy    3dyz    
               3dz2    3dxz    3dx2-y2 
   5  4.727   1.006   0.017   0.078   1.002   1.002   1.002   0.081   0.081
              0.081   0.055   0.055   0.134   0.055   0.134  -0.011  -0.011

             -0.010  -0.011  -0.010

Species: MnLR03              
Atom  Qatom  Qorb
               3s      4s      4s      3py     3pz     3px     4py     4pz     
               4px     3dxy    3dyz    3dz2    3dxz    3dx2-y2 3dxy    3dyz    
               3dz2    3dxz    3dx2-y2 
   6  9.424   0.995   0.122   0.051   1.000   1.000   0.999   0.118   0.118
              0.118   1.000   1.000   0.958   1.000   0.959  -0.021  -0.021

              0.026  -0.021   0.025

Species: MnLR04              
Atom  Qatom  Qorb
               3s      4s      4s      3py     3pz     3px     4py     4pz     
               4px     3dxy    3dyz    3dz2    3dxz    3dx2-y2 3dxy    3dyz    
               3dz2    3dxz    3dx2-y2 
   9  4.727   1.006   0.017   0.078   1.002   1.002   1.002   0.081   0.081
              0.081   0.055   0.055   0.134   0.055   0.134  -0.011  -0.011

             -0.010  -0.011  -0.010

Species: MnLR05              
Atom  Qatom  Qorb
               3s      4s      4s      3py     3pz     3px     4py     4pz     
               4px     3dxy    3dyz    3dz2    3dxz    3dx2-y2 3dxy    3dyz    
               3dz2    3dxz    3dx2-y2 
  10  9.424   0.995   0.122   0.051   1.000   1.000   0.999   0.118   0.118
              0.118   1.000   1.000   0.958   1.000   0.959  -0.021  -0.021

              0.026  -0.021   0.025

Species: MnLR06              
Atom  Qatom  Qorb
               3s      4s      4s      3py     3pz     3px     4py     4pz     
               4px     3dxy    3dyz    3dz2    3dxz    3dx2-y2 3dxy    3dyz    
               3dz2    3dxz    3dx2-y2 
  13  4.726   1.006   0.017   0.078   1.002   1.002   1.002   0.081   0.081
              0.081   0.055   0.055   0.133   0.055   0.133  -0.011  -0.011

             -0.010  -0.011  -0.010

Species: MnLR07              
Atom  Qatom  Qorb
               3s      4s      4s      3py     3pz     3px     4py     4pz     
               4px     3dxy    3dyz    3dz2    3dxz    3dx2-y2 3dxy    3dyz    
               3dz2    3dxz    3dx2-y2 
  14  9.424   0.995   0.122   0.051   1.000   1.000   0.999   0.118   0.118
              0.118   1.000   1.000   0.958   1.000   0.959  -0.021  -0.021

              0.026  -0.021   0.025

Species: MnLR08              
Atom  Qatom  Qorb
               3s      4s      4s      3py     3pz     3px     4py     4pz     
               4px     3dxy    3dyz    3dz2    3dxz    3dx2-y2 3dxy    3dyz    
               3dz2    3dxz    3dx2-y2 
  17  4.727   1.006   0.017   0.078   1.002   1.002   1.002   0.081   0.081
              0.081   0.055   0.055   0.134   0.055   0.134  -0.011  -0.011

             -0.010  -0.011  -0.010

Species: MnLR09              
Atom  Qatom  Qorb
               3s      4s      4s      3py     3pz     3px     4py     4pz     
               4px     3dxy    3dyz    3dz2    3dxz    3dx2-y2 3dxy    3dyz    
               3dz2    3dxz    3dx2-y2 
  18  9.424   0.995   0.122   0.050   1.000   1.000   0.999   0.118   0.118
              0.118   1.000   1.000   0.958   1.000   0.959  -0.021  -0.021

              0.026  -0.021   0.025

Species: MnLR10              
Atom  Qatom  Qorb
               3s      4s      4s      3py     3pz     3px     4py     4pz     
               4px     3dxy    3dyz    3dz2    3dxz    3dx2-y2 3dxy    3dyz    
               3dz2    3dxz    3dx2-y2 
  21  4.727   1.006   0.017   0.078   1.002   1.002   1.002   0.081   0.081
              0.081   0.055   0.055   0.134   0.055   0.134  -0.011  -0.011

             -0.010  -0.011  -0.010

Species: MnLR11              
Atom  Qatom  Qorb
               3s      4s      4s      3py     3pz     3px     4py     4pz     
               4px     3dxy    3dyz    3dz2    3dxz    3dx2-y2 3dxy    3dyz    
               3dz2    3dxz    3dx2-y2 
  22  9.424   0.995   0.122   0.051   1.000   1.000   0.999   0.118   0.118
              0.118   1.000   1.000   0.958   1.000   0.959  -0.021  -0.021

              0.026  -0.021   0.025

Species: MnLR12              
Atom  Qatom  Qorb
               3s      4s      4s      3py     3pz     3px     4py     4pz     
               4px     3dxy    3dyz    3dz2    3dxz    3dx2-y2 3dxy    3dyz    
               3dz2    3dxz    3dx2-y2 
  25  4.727   1.006   0.017   0.078   1.002   1.002   1.002   0.081   0.081
              0.081   0.055   0.055   0.134   0.055   0.134  -0.011  -0.011

             -0.010  -0.011  -0.010

Species: MnLR13              
Atom  Qatom  Qorb
               3s      4s      4s      3py     3pz     3px     4py     4pz     
               4px     3dxy    3dyz    3dz2    3dxz    3dx2-y2 3dxy    3dyz    
               3dz2    3dxz    3dx2-y2 
  26  9.424   0.995   0.122   0.051   1.000   1.000   0.999   0.118   0.118
              0.118   1.000   1.000   0.958   1.000   0.959  -0.021  -0.021

              0.026  -0.021   0.025

Species: MnLR14              
Atom  Qatom  Qorb
               3s      4s      4s      3py     3pz     3px     4py     4pz     
               4px     3dxy    3dyz    3dz2    3dxz    3dx2-y2 3dxy    3dyz    
               3dz2    3dxz    3dx2-y2 
  29  4.726   1.006   0.017   0.078   1.002   1.002   1.002   0.081   0.081
              0.081   0.055   0.055   0.133   0.055   0.133  -0.011  -0.011

             -0.010  -0.011  -0.010

Species: MnLR15              
Atom  Qatom  Qorb
               3s      4s      4s      3py     3pz     3px     4py     4pz     
               4px     3dxy    3dyz    3dz2    3dxz    3dx2-y2 3dxy    3dyz    
               3dz2    3dxz    3dx2-y2 
  30  9.424   0.995   0.122   0.051   1.000   1.000   0.999   0.118   0.118
              0.118   1.000   1.000   0.958   1.000   0.959  -0.021  -0.021

              0.026  -0.021   0.025

Species: O                   
Atom  Qatom  Qorb
               2s      2s      2py     2pz     2px     2py     2pz     2px     
               3Pdxy   3Pdyz   3Pdz2   3Pdxz   3Pdx2-y2
   3  3.424   0.934  -0.026   0.991   0.991   0.991  -0.158  -0.158  -0.158
              0.003   0.003   0.004   0.003   0.004
   4  3.424   0.935  -0.026   0.991   0.991   0.991  -0.158  -0.158  -0.158
              0.003   0.003   0.004   0.003   0.004
   7  3.424   0.934  -0.026   0.991   0.991   0.991  -0.158  -0.158  -0.158
              0.003   0.003   0.004   0.003   0.004
   8  3.424   0.934  -0.026   0.991   0.991   0.991  -0.158  -0.158  -0.158
              0.003   0.003   0.004   0.003   0.004
  11  3.424   0.934  -0.026   0.991   0.991   0.991  -0.158  -0.158  -0.158
              0.003   0.003   0.004   0.003   0.004
  12  3.424   0.934  -0.026   0.991   0.991   0.991  -0.158  -0.158  -0.158
              0.003   0.003   0.004   0.003   0.004
  15  3.424   0.935  -0.026   0.991   0.991   0.991  -0.158  -0.158  -0.158
              0.003   0.003   0.004   0.003   0.004
  16  3.424   0.934  -0.026   0.991   0.991   0.991  -0.158  -0.158  -0.158
              0.003   0.003   0.004   0.003   0.004
  19  3.424   0.935  -0.026   0.991   0.991   0.991  -0.158  -0.158  -0.158
              0.003   0.003   0.004   0.003   0.004
  20  3.424   0.935  -0.026   0.991   0.991   0.991  -0.158  -0.158  -0.158
              0.003   0.003   0.004   0.003   0.004
  23  3.424   0.935  -0.026   0.991   0.991   0.991  -0.158  -0.158  -0.158
              0.003   0.003   0.004   0.003   0.004
  24  3.424   0.935  -0.026   0.991   0.991   0.991  -0.158  -0.158  -0.158
              0.003   0.003   0.004   0.003   0.004
  27  3.424   0.935  -0.026   0.991   0.991   0.991  -0.158  -0.158  -0.158
              0.003   0.003   0.004   0.003   0.004
  28  3.424   0.935  -0.026   0.991   0.991   0.991  -0.158  -0.158  -0.158
              0.003   0.003   0.004   0.003   0.004
  31  3.424   0.935  -0.026   0.991   0.991   0.991  -0.158  -0.158  -0.158
              0.003   0.003   0.004   0.003   0.004
  32  3.424   0.935  -0.026   0.991   0.991   0.991  -0.158  -0.158  -0.158
              0.003   0.003   0.004   0.003   0.004

mulliken: Qtot =      168.000

Mulliken Atomic Populations:
Atom #   charge [q] valence [e]      Sz [e]  Species
     1     0.848593   14.151407    4.697283  MnLR00
     2     0.834280   14.165720   -4.691555  MnLR01
     3    -0.847280    6.847280   -0.001225  O
     4    -0.848316    6.848316   -0.000066  O
     5     0.848593   14.151407    4.697283  MnLR02
     6     0.848833   14.151167   -4.696831  MnLR03
     7    -0.847280    6.847280   -0.001225  O
     8    -0.847280    6.847280   -0.001225  O
     9     0.848593   14.151407    4.697283  MnLR04
    10     0.848833   14.151167   -4.696831  MnLR05
    11    -0.847280    6.847280   -0.001225  O
    12    -0.847280    6.847280   -0.001225  O
    13     0.849861   14.150139    4.697313  MnLR06
    14     0.848832   14.151168   -4.696831  MnLR07
    15    -0.848316    6.848316   -0.000066  O
    16    -0.847280    6.847280   -0.001225  O
    17     0.848593   14.151407    4.697283  MnLR08
    18     0.848782   14.151218   -4.697154  MnLR09
    19    -0.848286    6.848286   -0.000056  O
    20    -0.848327    6.848327   -0.000063  O
    21     0.848593   14.151407    4.697283  MnLR10
    22     0.848614   14.151386   -4.697060  MnLR11
    23    -0.848286    6.848286   -0.000056  O
    24    -0.848286    6.848286   -0.000056  O
    25     0.848593   14.151407    4.697283  MnLR12
    26     0.848614   14.151386   -4.697060  MnLR13
    27    -0.848286    6.848286   -0.000056  O
    28    -0.848286    6.848286   -0.000056  O
    29     0.849861   14.150139    4.697313  MnLR14
    30     0.848615   14.151385   -4.697059  MnLR15
    31    -0.848327    6.848327   -0.000063  O
    32    -0.848286    6.848286   -0.000056  O
-------------------------------------------
 Total    -0.000000                0.000000

cite: Please indicate the Siesta version in published work: 5.4.2
cite: This calculation has made use of features in the following articles
cite: which we encourage you to cite in published work.
cite: (Please see "B_BARE_m0d100.bib" for a BibTeX file.)
        Primary SIESTA paper
          DOI: www.doi.org/10.1088/0953-8984/14/11/302
        LDA+U implementation
          DOI: www.doi.org/10.1103/PhysRevB.57.1505
        PSML pseudopotential format
          DOI: www.doi.org/10.1016/j.cpc.2018.02.011


>> End of run:  21-SEP-2026  18:29:39
Job completed
