Executable      : /home/jmc/.local/siesta-5.4.2-openmpi/bin/siesta
Version         : 5.4.2
Architecture    : x86_64
Compiler version: GNU-13.3.0
Compiler flags  : -fallow-argument-mismatch -O3 -march=native
Parallelisations: MPI
Lua support
ELSI support. Solvers:
   ELPA (internal) 
   NTPoly
   OMM
DFT-D3 support

Runtime information:
* Directory : /home/jmc/.local/state/siestaflow/stage-u-b-v6-20260930/observables/feo-dft-lru-continuation-25pct
* Running on 4 nodes in parallel.
>> Start of run:   1-OCT-2026   4:20:23

                           *********************** 
                           *  WELCOME TO SIESTA  * 
                           *********************** 

 NOTE: Siesta V5 introduces some new defaults for basis-set generation
 NOTE: which might lead to slightly different numerical results.
 NOTE: Please see the manual for full details and compatibility measures.


reinit: Reading from standard input
reinit: Dumping input in INPUT_TMP.73585
************************** Dump of input data file ****************************
SystemName FeO ideal AFM-II PBE U continuation 25 percent
SystemLabel FEO_PBE_REFERENCE
NumberOfAtoms 4
NumberOfSpecies 3
%block ChemicalSpeciesLabel
  1 26 FeLR0
  2 26 FeLR1
  3 8 O
%endblock ChemicalSpeciesLabel
LatticeConstant 4.334 Ang
%block LatticeVectors
  0.0 1.0 1.0
  0.5 0.0 0.5
  0.5 0.5 0.0
%endblock LatticeVectors
AtomicCoordinatesFormat Fractional
%block AtomicCoordinatesAndAtomicSpecies
  0.00 0.00 0.00 1 # FeLR0 / AFM-II A
  0.50 0.00 0.00 2 # FeLR1 / AFM-II B
  0.25 0.50 0.50 3 # O
  0.75 0.50 0.50 3 # O
%endblock AtomicCoordinatesAndAtomicSpecies
XC.Functional GGA
XC.Authors PBE
PAO.BasisSize DZP
PAO.EnergyShift 0.005 Ry
PAO.SplitNorm 0.15
PAO.BasisType split
MeshCutoff 200 Ry
%block kgrid_Monkhorst_Pack
  2 0 0 0.0
  0 4 0 0.0
  0 0 4 0.0
%endblock kgrid_Monkhorst_Pack
OccupationFunction FD
ElectronicTemperature 300 K
MaxSCFIterations 300
DM.MixingWeight 0.01
DM.NumberPulay 5
Spin polarized
%block DM.InitSpin
  1 +4.0
  2 -4.0
  3 0.0
  4 0.0
%endblock DM.InitSpin
DFTU.ProjectorGenerationMethod 2
DFTU.PotentialShift false
DFTU.FirstIteration true
DM.UseSaveDM true
WriteMullikenPop 1
WriteDM true
MD.NumCGsteps 0
SCF.MustConverge true
SCF.Mix Hamiltonian
SCF.Mixer.Method Pulay
SCF.Mixer.Weight 0.01
SCF.Mixer.History 8
SCF.DM.Converge true
SCF.H.Converge true
SCF.DM.Tolerance 1.0e-5
SCF.H.Tolerance 1.0e-4 eV
%block DFTU.proj
  FeLR0 1
  3 2
  1.4095704415607942 0.000000000000000
  3.0000 0.0500
  FeLR1 1
  3 2
  1.4095789709572458 0.000000000000000
  3.0000 0.0500
%endblock DFTU.proj
************************** End of input data file *****************************

reinit: -----------------------------------------------------------------------
reinit: System Name: FeO ideal AFM-II PBE U continuation 25 percent
reinit: -----------------------------------------------------------------------
reinit: System Label: FEO_PBE_REFERENCE
reinit: -----------------------------------------------------------------------

NOTE on units for spin output: 
{S} is the spin magnetic moment, in units of the Bohr magneton,
assuming a g-factor for the electron spin of exactly 2.
The spin magnetic moment is then numerically equal to the charge inbalance,
in units of electrons, between the spin-up and -down channels.


initatom: Reading input for the pseudopotentials and atomic orbitals ----------
Species number:   1 Atomic number:   26 Label: FeLR0
Species number:   2 Atomic number:   26 Label: FeLR1
Species number:   3 Atomic number:    8 Label: O

Ground state valence configuration (from tables):   4s02  4p00  3d06  4f00
Ground state valence configuration (from tables):   4s02  4p00  3d06  4f00
Ground state valence configuration (from tables):   2s02  2p04  3d00  4f00

---- Processing specs for species: FeLR0
Reading pseudopotential information in PSML from:
  FeLR0.psml
PSML file version: 1.1
Using libxc ids:  101 130
GGA--PBE XC_GGA_X_PBE--XC_GGA_C_PBE pb
PSML uuid: ee8b0790-be41-11e7-6637-6f78df7df373
Semicore shell(s) with  8 electrons included in the valence for FeLR0

---- Processing specs for species: FeLR1
Reading pseudopotential information in PSML from:
  FeLR1.psml
PSML file version: 1.1
Using libxc ids:  101 130
GGA--PBE XC_GGA_X_PBE--XC_GGA_C_PBE pb
PSML uuid: ee8b0790-be41-11e7-6637-6f78df7df373
Semicore shell(s) with  8 electrons included in the valence for FeLR1

---- Processing specs for species: O
Reading pseudopotential information in PSML from:
  O.psml
PSML file version: 1.1
Using libxc ids:  101 130
GGA--PBE XC_GGA_X_PBE--XC_GGA_C_PBE pb
PSML uuid: 3cff85a0-be41-11e7-6c5c-1b1fe64d18ef

---- Pseudopotential check for Fe

Pseudized shells:
3s( 2.00) rc: 1.26
3p( 6.00) rc: 1.21
3d( 6.00) rc: 1.57
Valence configuration for ps generation: 3s:3p:3d:4s: Total charge:  16.000000
Semicore shell(s): 3s 3p
Fallback to non-perturbative polarization scheme for FeLR0
Please see the manual if this is not desired in principle

---- Pseudopotential check for Fe

Pseudized shells:
3s( 2.00) rc: 1.26
3p( 6.00) rc: 1.21
3d( 6.00) rc: 1.57
Valence configuration for ps generation: 3s:3p:3d:4s: Total charge:  16.000000
Semicore shell(s): 3s 3p
Fallback to non-perturbative polarization scheme for FeLR1
Please see the manual if this is not desired in principle

---- Pseudopotential check for O 

Pseudized shells:
2s( 2.00) rc: 1.36
2p( 4.00) rc: 1.46
3d( 0.00) rc: 1.26
Valence configuration for ps generation: 2s:2p: Total charge:   6.000000
For FeLR0, standard SIESTA heuristics set lmxkb to 3
 (one more than the basis l, including polarization orbitals).
Use PS.lmax or PS.KBprojectors blocks to override.
For FeLR1, standard SIESTA heuristics set lmxkb to 3
 (one more than the basis l, including polarization orbitals).
Use PS.lmax or PS.KBprojectors blocks to override.
For O, standard SIESTA heuristics set lmxkb to 3
 (one more than the basis l, including polarization orbitals).
Use PS.lmax or PS.KBprojectors blocks to override.
FeLR0 pseudopotential only contains V_ls up to l=2 -- lmxkb reset.
FeLR1 pseudopotential only contains V_ls up to l=2 -- lmxkb reset.
O pseudopotential only contains V_ls up to l=2 -- lmxkb reset.

<basis_specs>
===============================================================================
FeLR0                Z=  26    Mass=  55.845        Charge= 0.17977+309
Lmxo=2 Lmxkb= 2    BasisType=split      Semic=T
L=0  Nsemic=1  Cnfigmx=4
          i=1  nzeta=1  polorb=0  (3s)  (semicore shell)
            splnorm:   0.15000    
               vcte:    40.000    
               rinn:  -0.90000    
               qcoe:    0.0000    
               qyuk:    0.0000    
               qwid:   0.10000E-01
                rcs:    0.0000    
            lambdas:    1.0000    
          i=2  nzeta=2  polorb=0  (4s)  (to be polarized non-perturbatively)
            splnorm:   0.15000    
               vcte:    40.000    
               rinn:  -0.90000    
               qcoe:    0.0000    
               qyuk:    0.0000    
               qwid:   0.10000E-01
                rcs:    0.0000      0.0000    
            lambdas:    1.0000      1.0000    
L=1  Nsemic=1  Cnfigmx=4
          i=1  nzeta=1  polorb=0  (3p)  (semicore shell)
            splnorm:   0.15000    
               vcte:    40.000    
               rinn:  -0.90000    
               qcoe:    0.0000    
               qyuk:    0.0000    
               qwid:   0.10000E-01
                rcs:    0.0000    
            lambdas:    1.0000    
          i=2  nzeta=1  polorb=0  (4p)  (non-perturbative polarization shell)
            splnorm:   0.15000    
               vcte:    40.000    
               rinn:  -0.90000    
               qcoe:    0.0000    
               qyuk:    0.0000    
               qwid:   0.10000E-01
                rcs:    0.0000    
            lambdas:    1.0000    
L=2  Nsemic=0  Cnfigmx=3
          i=1  nzeta=2  polorb=0  (3d)
            splnorm:   0.15000    
               vcte:    40.000    
               rinn:  -0.90000    
               qcoe:    0.0000    
               qyuk:    0.0000    
               qwid:   0.10000E-01
                rcs:    0.0000      0.0000    
            lambdas:    1.0000      1.0000    
-------------------------------------------------------------------------------
L=0  Nkbl=2  erefs: 0.17977+309 0.17977+309
L=1  Nkbl=2  erefs: 0.17977+309 0.17977+309
L=2  Nkbl=1  erefs: 0.17977+309
-------------------------------------------------------------------------------
L=2  n=3
                  U:   0.10360    
                  J:    0.0000    
               rinn:  -0.90000    
               vcte:    40.000    
             lambda:    1.0000    
              width:   0.50000E-01
                 rc:    3.0000    
            dnrm_rc:   0.90000    
===============================================================================
</basis_specs>

Using PAO.SplitTailNorm
atom: Called for FeLR0                 (Z =  26)
Maximum radius (at nrval) set to   50.00000 8518

read_vps: Pseudopotential generation method:
read_vps: ONCVPSP-3.Hamann's oncvpsp                        
Valence charge in pseudo generation:   16.00000

read_vps: Pseudopotential includes a core correction:
read_vps: Pseudo-core for xc-correction

xc_check: Exchange-correlation functional:
xc_check: GGA Perdew, Burke & Ernzerhof 1996
Got Vlocal (oncv-fit) from psml data
Choosing vlocal chloc cutoff:  5.306578
qtot up to nchloc:   15.99792198
atom: Maximum radius for chlocal:    5.30658
atom: Maximum radius for r*vlocal+2*Zval:    5.30658
Reading KB projs from FeLR0 psml data
Using scalar-relativistic projectors in PSML file

PSML: Kleinman-Bylander projectors: 
   l= 0   rc=  1.280242   Ekb= 20.331577
   l= 0   rc=  1.280242   Ekb=  2.929230
   l= 1   rc=  1.221004   Ekb=  3.208260
   l= 1   rc=  1.221004   Ekb= -0.973851
   l= 2   rc=  1.586526   Ekb=-11.015830
   l= 2   rc=  1.586526   Ekb= -4.066696

PSML: Total number of  Kleinman-Bylander projectors:  18
atom: -------------------------------------------------------------------------

atom: SANKEY-TYPE ORBITALS:
atom: Selected multiple-zeta basis: split     

SPLIT: Orbitals with angular momentum L= 0

SPLIT: Basis orbitals for state 3s

SPLIT: PAO cut-off radius determined from an
SPLIT: energy shift=  0.005000 Ry
Split based on tail norm

   izeta = 1
                 lambda =    1.000000
                     rc =    2.521545
                 energy =   -6.904633
                kinetic =    3.189354
    potential(screened) =  -10.093988
       potential(ionic) =  -37.504403

SPLIT: Basis orbitals for state 4s

SPLIT: PAO cut-off radius determined from an
SPLIT: energy shift=  0.005000 Ry
Split based on tail norm

   izeta = 1
                 lambda =    1.000000
                     rc =    7.152290
                 energy =   -0.443285
                kinetic =    1.143343
    potential(screened) =   -1.586628
       potential(ionic) =  -14.452763

   izeta = 2
                 rmatch =    5.017032
              splitnorm =    0.150000
                 energy =   -0.316599
                kinetic =    2.040831
    potential(screened) =   -2.357431
       potential(ionic) =  -17.776763

SPLIT: Orbitals with angular momentum L= 1

SPLIT: Basis orbitals for state 3p

SPLIT: PAO cut-off radius determined from an
SPLIT: energy shift=  0.005000 Ry
Split based on tail norm

   izeta = 1
                 lambda =    1.000000
                     rc =    2.810262
                 energy =   -4.407601
                kinetic =    7.809745
    potential(screened) =  -12.217345
       potential(ionic) =  -38.841676

SPLIT: Basis orbitals for state 4p
SPLIT: Non-perturbative polarization orbs for state 4s
SPLIT: rc(1st zeta) (re)set to: 7.1523 (expansion factor: 1.0000)
Split based on tail norm

   izeta = 1
                 lambda =    1.000000
                     rc =    7.152290
                 energy =   -0.046299
                kinetic =    0.971794
    potential(screened) =   -1.018093
       potential(ionic) =  -11.115295

SPLIT: Orbitals with angular momentum L= 2

SPLIT: Basis orbitals for state 3d

SPLIT: PAO cut-off radius determined from an
SPLIT: energy shift=  0.005000 Ry
Split based on tail norm

   izeta = 1
                 lambda =    1.000000
                     rc =    4.529559
                 energy =   -0.546162
                kinetic =   10.165069
    potential(screened) =  -10.711231
       potential(ionic) =  -34.125672

   izeta = 2
                 rmatch =    2.696970
              splitnorm =    0.150000
                 energy =   -0.400521
                kinetic =   12.345839
    potential(screened) =  -12.746361
       potential(ionic) =  -37.933080
atom: Total number of Sankey-type orbitals: 19

atm_pop: Valence configuration (for local Pseudopot. screening):
 3s( 2.00) 4s( 2.00)                                                  
 3p( 6.00) 4p( 0.00)                                                  
 3d( 6.00)                                                            
Vna: chval, zval:   16.00000  16.00000

Vna:  Cut-off radius for the neutral-atom potential:   7.152290
comcore: Pseudo-core radius Rcore=  1.729904

atom: _________________________________________________________________________
Maximum radius (at nrval) set to   50.00000 8518

DFTUprojs with principal quantum number n =  3
DFTUprojs with angular momentum l =  2
DFTUprojs with U        =      0.10360
DFTUprojs with J        =      0.00000
DFTUprojs with lambda   =      1.00000
DFTUprojs with rc       =      3.00000
DFTUprojs with nnodes   =     1
DFTUprojs with nprin    =     3
DFTUprojs with nrval    =  8517
DFTUprojs with nrwf     =  8517
DFTUprojs with nrmax    = 20000
DFTUprojs with zval     =     16.00000
DFTUprojs with a        =      0.00100
DFTUprojs with b        =      0.01000
dftu_proj_gen: updating the rc to     18.921549461017 Bohr

<basis_specs>
===============================================================================
FeLR1                Z=  26    Mass=  55.845        Charge= 0.17977+309
Lmxo=2 Lmxkb= 2    BasisType=split      Semic=T
L=0  Nsemic=1  Cnfigmx=4
          i=1  nzeta=1  polorb=0  (3s)  (semicore shell)
            splnorm:   0.15000    
               vcte:    40.000    
               rinn:  -0.90000    
               qcoe:    0.0000    
               qyuk:    0.0000    
               qwid:   0.10000E-01
                rcs:    0.0000    
            lambdas:    1.0000    
          i=2  nzeta=2  polorb=0  (4s)  (to be polarized non-perturbatively)
            splnorm:   0.15000    
               vcte:    40.000    
               rinn:  -0.90000    
               qcoe:    0.0000    
               qyuk:    0.0000    
               qwid:   0.10000E-01
                rcs:    0.0000      0.0000    
            lambdas:    1.0000      1.0000    
L=1  Nsemic=1  Cnfigmx=4
          i=1  nzeta=1  polorb=0  (3p)  (semicore shell)
            splnorm:   0.15000    
               vcte:    40.000    
               rinn:  -0.90000    
               qcoe:    0.0000    
               qyuk:    0.0000    
               qwid:   0.10000E-01
                rcs:    0.0000    
            lambdas:    1.0000    
          i=2  nzeta=1  polorb=0  (4p)  (non-perturbative polarization shell)
            splnorm:   0.15000    
               vcte:    40.000    
               rinn:  -0.90000    
               qcoe:    0.0000    
               qyuk:    0.0000    
               qwid:   0.10000E-01
                rcs:    0.0000    
            lambdas:    1.0000    
L=2  Nsemic=0  Cnfigmx=3
          i=1  nzeta=2  polorb=0  (3d)
            splnorm:   0.15000    
               vcte:    40.000    
               rinn:  -0.90000    
               qcoe:    0.0000    
               qyuk:    0.0000    
               qwid:   0.10000E-01
                rcs:    0.0000      0.0000    
            lambdas:    1.0000      1.0000    
-------------------------------------------------------------------------------
L=0  Nkbl=2  erefs: 0.17977+309 0.17977+309
L=1  Nkbl=2  erefs: 0.17977+309 0.17977+309
L=2  Nkbl=1  erefs: 0.17977+309
-------------------------------------------------------------------------------
L=2  n=3
                  U:   0.10360    
                  J:    0.0000    
               rinn:  -0.90000    
               vcte:    40.000    
             lambda:    1.0000    
              width:   0.50000E-01
                 rc:    3.0000    
            dnrm_rc:   0.90000    
===============================================================================
</basis_specs>

Using PAO.SplitTailNorm
atom: Called for FeLR1                 (Z =  26)
Maximum radius (at nrval) set to   50.00000 8518

read_vps: Pseudopotential generation method:
read_vps: ONCVPSP-3.Hamann's oncvpsp                        
Valence charge in pseudo generation:   16.00000

read_vps: Pseudopotential includes a core correction:
read_vps: Pseudo-core for xc-correction

xc_check: Exchange-correlation functional:
xc_check: GGA Perdew, Burke & Ernzerhof 1996
Got Vlocal (oncv-fit) from psml data
Choosing vlocal chloc cutoff:  5.306578
qtot up to nchloc:   15.99792198
atom: Maximum radius for chlocal:    5.30658
atom: Maximum radius for r*vlocal+2*Zval:    5.30658
Reading KB projs from FeLR1 psml data
Using scalar-relativistic projectors in PSML file

PSML: Kleinman-Bylander projectors: 
   l= 0   rc=  1.280242   Ekb= 20.331577
   l= 0   rc=  1.280242   Ekb=  2.929230
   l= 1   rc=  1.221004   Ekb=  3.208260
   l= 1   rc=  1.221004   Ekb= -0.973851
   l= 2   rc=  1.586526   Ekb=-11.015830
   l= 2   rc=  1.586526   Ekb= -4.066696

PSML: Total number of  Kleinman-Bylander projectors:  18
atom: -------------------------------------------------------------------------

atom: SANKEY-TYPE ORBITALS:
atom: Selected multiple-zeta basis: split     

SPLIT: Orbitals with angular momentum L= 0

SPLIT: Basis orbitals for state 3s

SPLIT: PAO cut-off radius determined from an
SPLIT: energy shift=  0.005000 Ry
Split based on tail norm

   izeta = 1
                 lambda =    1.000000
                     rc =    2.521545
                 energy =   -6.904633
                kinetic =    3.189354
    potential(screened) =  -10.093988
       potential(ionic) =  -37.504403

SPLIT: Basis orbitals for state 4s

SPLIT: PAO cut-off radius determined from an
SPLIT: energy shift=  0.005000 Ry
Split based on tail norm

   izeta = 1
                 lambda =    1.000000
                     rc =    7.152290
                 energy =   -0.443285
                kinetic =    1.143343
    potential(screened) =   -1.586628
       potential(ionic) =  -14.452763

   izeta = 2
                 rmatch =    5.017032
              splitnorm =    0.150000
                 energy =   -0.316599
                kinetic =    2.040831
    potential(screened) =   -2.357431
       potential(ionic) =  -17.776763

SPLIT: Orbitals with angular momentum L= 1

SPLIT: Basis orbitals for state 3p

SPLIT: PAO cut-off radius determined from an
SPLIT: energy shift=  0.005000 Ry
Split based on tail norm

   izeta = 1
                 lambda =    1.000000
                     rc =    2.810262
                 energy =   -4.407601
                kinetic =    7.809745
    potential(screened) =  -12.217345
       potential(ionic) =  -38.841676

SPLIT: Basis orbitals for state 4p
SPLIT: Non-perturbative polarization orbs for state 4s
SPLIT: rc(1st zeta) (re)set to: 7.1523 (expansion factor: 1.0000)
Split based on tail norm

   izeta = 1
                 lambda =    1.000000
                     rc =    7.152290
                 energy =   -0.046299
                kinetic =    0.971794
    potential(screened) =   -1.018093
       potential(ionic) =  -11.115295

SPLIT: Orbitals with angular momentum L= 2

SPLIT: Basis orbitals for state 3d

SPLIT: PAO cut-off radius determined from an
SPLIT: energy shift=  0.005000 Ry
Split based on tail norm

   izeta = 1
                 lambda =    1.000000
                     rc =    4.529559
                 energy =   -0.546162
                kinetic =   10.165069
    potential(screened) =  -10.711231
       potential(ionic) =  -34.125672

   izeta = 2
                 rmatch =    2.696970
              splitnorm =    0.150000
                 energy =   -0.400521
                kinetic =   12.345839
    potential(screened) =  -12.746361
       potential(ionic) =  -37.933080
atom: Total number of Sankey-type orbitals: 19

atm_pop: Valence configuration (for local Pseudopot. screening):
 3s( 2.00) 4s( 2.00)                                                  
 3p( 6.00) 4p( 0.00)                                                  
 3d( 6.00)                                                            
Vna: chval, zval:   16.00000  16.00000

Vna:  Cut-off radius for the neutral-atom potential:   7.152290
comcore: Pseudo-core radius Rcore=  1.729904

atom: _________________________________________________________________________
Maximum radius (at nrval) set to   50.00000 8518

DFTUprojs with principal quantum number n =  3
DFTUprojs with angular momentum l =  2
DFTUprojs with U        =      0.10360
DFTUprojs with J        =      0.00000
DFTUprojs with lambda   =      1.00000
DFTUprojs with rc       =      3.00000
DFTUprojs with nnodes   =     1
DFTUprojs with nprin    =     3
DFTUprojs with nrval    =  8517
DFTUprojs with nrwf     =  8517
DFTUprojs with nrmax    = 20000
DFTUprojs with zval     =     16.00000
DFTUprojs with a        =      0.00100
DFTUprojs with b        =      0.01000
dftu_proj_gen: updating the rc to     18.921549461017 Bohr

<basis_specs>
===============================================================================
O                    Z=   8    Mass=  15.999        Charge= 0.17977+309
Lmxo=2 Lmxkb= 2    BasisType=split      Semic=F
L=0  Nsemic=0  Cnfigmx=2
          i=1  nzeta=2  polorb=0  (2s)
            splnorm:   0.15000    
               vcte:    40.000    
               rinn:  -0.90000    
               qcoe:    0.0000    
               qyuk:    0.0000    
               qwid:   0.10000E-01
                rcs:    0.0000      0.0000    
            lambdas:    1.0000      1.0000    
L=1  Nsemic=0  Cnfigmx=2
          i=1  nzeta=2  polorb=1  (2p)  (to be polarized perturbatively)
            splnorm:   0.15000    
               vcte:    40.000    
               rinn:  -0.90000    
               qcoe:    0.0000    
               qyuk:    0.0000    
               qwid:   0.10000E-01
                rcs:    0.0000      0.0000    
            lambdas:    1.0000      1.0000    
L=2  Nsemic=0  Cnfigmx=3
          i=1  nzeta=0  polorb=0  (3d)  (perturbative polarization orbital) (from 2p)
-------------------------------------------------------------------------------
L=0  Nkbl=1  erefs: 0.17977+309
L=1  Nkbl=1  erefs: 0.17977+309
L=2  Nkbl=1  erefs: 0.17977+309
===============================================================================
</basis_specs>

Using PAO.SplitTailNorm
atom: Called for O                     (Z =   8)
Maximum radius (at nrval) set to   50.00000 8518

read_vps: Pseudopotential generation method:
read_vps: ONCVPSP-3.Hamann's oncvpsp                        
Valence charge in pseudo generation:    6.00000

read_vps: Pseudopotential includes a core correction:
read_vps: Pseudo-core for xc-correction

xc_check: Exchange-correlation functional:
xc_check: GGA Perdew, Burke & Ernzerhof 1996
Got Vlocal (oncv-fit) from psml data
Choosing vlocal chloc cutoff:  6.020499
qtot up to nchloc:    6.00001015
atom: Maximum radius for chlocal:    6.02050
atom: Maximum radius for r*vlocal+2*Zval:    6.02050
Reading KB projs from O psml data
Using scalar-relativistic projectors in PSML file

PSML: Kleinman-Bylander projectors: 
   l= 0   rc=  1.372412   Ekb= 12.113471
   l= 0   rc=  1.372412   Ekb=  1.648048
   l= 1   rc=  1.474132   Ekb= -9.434259
   l= 1   rc=  1.474132   Ekb= -2.298541
   l= 2   rc=  1.277664   Ekb= -2.663910

PSML: Total number of  Kleinman-Bylander projectors:  13
atom: -------------------------------------------------------------------------

atom: SANKEY-TYPE ORBITALS:
atom: Selected multiple-zeta basis: split     

SPLIT: Orbitals with angular momentum L= 0

SPLIT: Basis orbitals for state 2s

SPLIT: PAO cut-off radius determined from an
SPLIT: energy shift=  0.005000 Ry
Split based on tail norm

   izeta = 1
                 lambda =    1.000000
                     rc =    3.812214
                 energy =   -1.755505
                kinetic =    1.565067
    potential(screened) =   -3.320571
       potential(ionic) =  -11.197533

   izeta = 2
                 rmatch =    2.355122
              splitnorm =    0.150000
                 energy =   -1.384920
                kinetic =    2.635650
    potential(screened) =   -4.020570
       potential(ionic) =  -12.598076

SPLIT: Orbitals with angular momentum L= 1

SPLIT: Basis orbitals for state 2p

SPLIT: PAO cut-off radius determined from an
SPLIT: energy shift=  0.005000 Ry
Split based on tail norm

   izeta = 1
                 lambda =    1.000000
                     rc =    4.733759
                 energy =   -0.658128
                kinetic =    4.549080
    potential(screened) =   -5.207209
       potential(ionic) =  -12.802603

   izeta = 2
                 rmatch =    2.907800
              splitnorm =    0.150000
                 energy =   -0.492833
                kinetic =    6.227844
    potential(screened) =   -6.720677
       potential(ionic) =  -15.043583

POLgen: Perturbative polarization orbital with L=  2

POLgen: Polarization orbital for state 2p
Split based on tail norm

   izeta = 1
                     rc =    4.733759
                 energy =    2.081852
                kinetic =    3.902469
    potential(screened) =   -1.820617
       potential(ionic) =   -7.776987
atom: Total number of Sankey-type orbitals: 13

atm_pop: Valence configuration (for local Pseudopot. screening):
 2s( 2.00)                                                            
 2p( 4.00)                                                            
 3d( 0.00)                                                            
Vna: chval, zval:    6.00000   6.00000

Vna:  Cut-off radius for the neutral-atom potential:   4.733759
comcore: Pseudo-core radius Rcore=  1.354557

atom: _________________________________________________________________________

prinput: Basis input 

PAO.BasisType split     

%block ChemicalSpeciesLabel
    1   26 FeLR0                   # Species index, atomic number, species label
    2   26 FeLR1                   # Species index, atomic number, species label
    3    8 O                       # Species index, atomic number, species label
%endblock ChemicalSpeciesLabel

%block PAO.Basis                 # Define Basis set
# WARNING: This information might be incomplete!
FeLR0                 5                    # Species label, number of l-shells
 n=3   0   1                         # n, l, Nzeta 
   2.522   
   1.000   
 n=4   0   2                         # n, l, Nzeta 
   7.152      5.017   
   1.000      1.000   
 n=3   1   1                         # n, l, Nzeta 
   2.810   
   1.000   
 n=4   1   1                         # n, l, Nzeta 
   7.152   
   1.000   
 n=3   2   2                         # n, l, Nzeta 
   4.530      2.697   
   1.000      1.000   
FeLR1                 5                    # Species label, number of l-shells
 n=3   0   1                         # n, l, Nzeta 
   2.522   
   1.000   
 n=4   0   2                         # n, l, Nzeta 
   7.152      5.017   
   1.000      1.000   
 n=3   1   1                         # n, l, Nzeta 
   2.810   
   1.000   
 n=4   1   1                         # n, l, Nzeta 
   7.152   
   1.000   
 n=3   2   2                         # n, l, Nzeta 
   4.530      2.697   
   1.000      1.000   
O                     2                    # Species label, number of l-shells
 n=2   0   2                         # n, l, Nzeta 
   3.812      2.355   
   1.000      1.000   
 n=2   1   2 P   1                   # n, l, Nzeta, Polarization, NzetaPol
   4.734      2.908   
   1.000      1.000   
%endblock PAO.Basis

prinput: ----------------------------------------------------------------------

coor:   Atomic-coordinates input format  =     Fractional

siesta: Atomic coordinates (Bohr) and species
siesta:      0.00000   0.00000   0.00000  1        1
siesta:      0.00000   4.09504   4.09504  2        2
siesta:      4.09504   4.09504   4.09504  3        3
siesta:      4.09504   8.19007   8.19007  3        4

siesta: System type = bulk      

initatomlists: Number of atoms, orbitals, and projectors:      4    64    62

siesta: ******************** Simulation parameters ****************************
siesta:
siesta: The following are some of the parameters of the simulation.
siesta: A complete list of the parameters used, including default values,
siesta: can be found in file out.fdf
siesta:
redata: Spin configuration                          = collinear
redata: Number of spin components                   = 2
redata: Time-Reversal Symmetry                      = T
redata: Spin spiral                                 = F
redata: Long output                                 =   F
redata: Number of Atomic Species                    =        3
redata: Charge density info will appear in .RHO file
redata: Write Mulliken charges (when)               = geometry+end
redata: Write Mulliken Pop.                         = Atomic and Orbital charges
redata: Write Hirshfeld charges (when)              = none
redata: Write Voronoi charges (when)                = none
redata: Write spin charge (when)                    = scf
redata: Matel table size (NRTAB)                    =     1024
redata: Mesh Cutoff                                 =   200.0000 Ry
redata: Net charge of the system                    =     0.0000 |e|
redata: Min. number of SCF Iter                     =        0
redata: Max. number of SCF Iter                     =      300
redata: SCF convergence failure will abort job
redata: SCF mix quantity                            = Hamiltonian
redata: Mix DM or H after convergence               =   F
redata: Recompute H after scf cycle                 =   F
redata: Mix DM in first SCF step                    =   T
redata: Write Pulay info on disk                    =   F
redata: New DM Occupancy tolerance                  = 0.000000000001
redata: No kicks to SCF
redata: DM Mixing Weight for Kicks                  =     0.5000
redata: Require Harris convergence for SCF          =   F
redata: Harris energy tolerance for SCF             =     0.000100 eV
redata: Require DM convergence for SCF              =   T
redata: DM tolerance for SCF                        =     0.000010
redata: Require EDM convergence for SCF             =   F
redata: EDM tolerance for SCF                       =     0.001000 eV
redata: Require H convergence for SCF               =   T
redata: Hamiltonian tolerance for SCF               =     0.000100 eV
redata: Require (free) Energy convergence for SCF   =   F
redata: (free) Energy tolerance for SCF             =     0.000100 eV
redata: Antiferro initial spin density              =   F
redata: Using DFT-D3 dispersion                     =   F
redata: Using Saved Data (generic)                  =   F
redata: Use continuation files for DM               =   T
redata: Neglect nonoverlap interactions             =   F
redata: Method of Calculation                       = Diagonalization
redata: Electronic Temperature                      =   300.0000 K
redata: Fix the spin of the system                  =   F
redata: Max. number of TDED Iter                    =        1
redata: Number of TDED substeps                     =        3
redata: Dynamics option                             = Single-point calculation
mix.SCF: Pulay mixing                            = Pulay
mix.SCF:    Variant                              = stable
mix.SCF:    History steps                        = 8
mix.SCF:    Linear mixing weight                 =     0.010000
mix.SCF:    Mixing weight                        =     0.010000
mix.SCF:    SVD condition                        = 0.1000E-07
mix.SCF: Spin-component mixing                   all
redata: ***********************************************************************

%block SCF.Mixers
  Pulay
%endblock SCF.Mixers

%block SCF.Mixer.Pulay
  # Mixing method
  method pulay
  variant stable

  # Mixing options
  weight 0.0100
  weight.linear 0.0100
  history 8
%endblock SCF.Mixer.Pulay

DM_history_depth set to one: no extrapolation allowed by default for geometry relaxation
Size of DM history Fstack: 1
Total number of electrons:    44.000000
Total ionic charge:    44.000000

* ProcessorY, Blocksize:    2  17


* Orbital distribution balance (max,min):    17    13

k-point displ. along   1 input, could be:     0.00    0.50
k-point displ. along   2 input, could be:     0.00    0.50
k-point displ. along   3 input, could be:     0.00    0.50
 Kpoints in:           24 . Kpoints trimmed:           23

siesta: k-grid: Number of k-points = 23
siesta: k-points from Monkhorst-Pack grid
siesta: k-cutoff (effective) =     6.129 Ang
siesta: k-point supercell and displacements
siesta: k-grid:     2     0     0      0.000
siesta: k-grid:     0     4     0      0.000
siesta: k-grid:     0     0     4      0.000

diag: Algorithm                                     = D&C
diag: Parallel over k                               =   F
diag: Use parallel 2D distribution                  =   T
diag: Parallel block-size                           = 17
diag: Parallel distribution                         =     2 x     2
diag: Used triangular part                          = Lower
diag: Absolute tolerance                            =  0.100E-15
diag: Orthogonalization factor                      =  0.100E-05
diag: Memory factor                                 =  1.0000

superc: Internal auxiliary supercell:     5 x     9 x     9  =     405
superc: Number of atoms, orbitals, and projectors:   1620  25920  25110


ts: **************************************************************
ts: Save H and S matrices                           =    F
ts: Save TSHS files in MD/FC simulation             =    F
ts: Save DM and EDM matrices                        =    F
ts: Only save the overlap matrix S                  =    F
ts: **************************************************************

************************ Begin: TS CHECKS AND WARNINGS ************************
************************ End: TS CHECKS AND WARNINGS **************************


                     ====================================
                        Single-point calculation
                     ====================================

superc: Internal auxiliary supercell:     5 x     9 x     9  =     405
superc: Number of atoms, orbitals, and projectors:   1620  25920  25110

outcell: Unit cell vectors (Ang):
        0.000000    4.334000    4.334000
        2.167000    0.000000    2.167000
        2.167000    2.167000    0.000000

outcell: Cell vector modules (Ang)   :    6.129202    3.064601    3.064601
outcell: Cell angles (23,13,12) (deg):     60.0000     60.0000     60.0000
outcell: Cell volume (Ang**3)        :     40.7040
<dSpData1D:S at geom step 0
  <sparsity:sparsity for geom step 0
    nrows_g=64 nrows=17 sparsity=10.6858 nnzs=43769, refcount: 8>
  <dData1D:(new from dSpData1D) n=43769, refcount: 1>
refcount: 1>
new_DM -- step:     1
Initializing Density Matrix...

Attempting to read DM from file... Succeeded...
DM from file:
<dSpData2D:IO-DM: FEO_PBE_REFERENCE.DM
  <sparsity:IO-DM: FEO_PBE_REFERENCE.DM
    nrows_g=64 nrows=17 sparsity=10.6858 nnzs=43769, refcount: 1>
  <dData2D:(new from dSpData2D) n=43769 m=2, refcount: 1>
refcount: 1>
DM to be used:
<dSpData2D:Re-structured SpM
  <sparsity:sparsity for geom step 0
    nrows_g=64 nrows=17 sparsity=10.6858 nnzs=43769, refcount: 9>
  <dData2D:(new in restruct) n=43769 m=2, refcount: 1>
refcount: 1>
No. of atoms with KB's overlaping orbs in proc 0. Max # of overlaps:      33     249

InitMesh: MESH = 48 x 24 x 24 = 27648
InitMesh: Mesh cutoff (required, used) =   200.000   254.254 Ry
New grid distribution [1]: sub = 2
New grid distribution [2]: sub = 2
New grid distribution [3]: sub = 2
Setting up quadratic distribution...
hubbard_term: recalculating local occupations    1
hubbard_term: maximum change in local occup.    0.980404
hubbard_term: recalculating Hamiltonian

stepf: Fermi-Dirac step function
hubbard_term: recalculating local occupations    1
hubbard_term: maximum change in local occup.    0.044869
hubbard_term: recalculating Hamiltonian

siesta: Program's energy decomposition (eV):
siesta: Ebs     =     -1346.840008
siesta: Eions   =     11156.622738
siesta: Ena     =      1375.787483
siesta: Ekin    =      3766.079650
siesta: Enl     =      -536.605996
siesta: Eso     =         0.000000
siesta: Edftu   =         1.334047
siesta: DEna    =        28.870929
siesta: DUscf   =         1.667129
siesta: DUext   =         0.000000
siesta: Ex      =     -1132.768908
siesta: Ec      =       -65.407912
siesta: Exc     =     -1198.176820
siesta: EbV     =         0.000000
siesta: eta*DQ  =         0.000000
siesta: Emadel  =         0.000000
siesta: Emeta   =         0.000000
siesta: Emolmec =         0.000000
siesta: Ekinion =         0.000000
siesta: Eharris =     -7717.749126
siesta: Etot    =     -7717.666316
siesta: FreeEng =     -7717.676290

        iscf     Eharris(eV)        E_KS(eV)     FreeEng(eV)     dDmax    Ef(eV) dHmax(eV)
   scf:    1    -7717.749126    -7717.666316    -7717.676290  0.063209 -3.411725  0.481782
     spin moment: {S} , |S| = {        0.0        0.0    0.00048 }     0.00048
timer: Routine,Calls,Time,% = IterSCF        1       9.499  78.48
hubbard_term: recalculating local occupations    2
hubbard_term: maximum change in local occup.    0.000357
   scf:    2    -7717.669467    -7717.667595    -7717.677503  0.000633 -3.413754  0.461810
     spin moment: {S} , |S| = {        0.0        0.0    0.00036 }     0.00036
   scf:    3    -7717.700091    -7717.689515    -7717.698720  0.011686 -3.459309  0.080936
     spin moment: {S} , |S| = {        0.0        0.0   -0.00153 }    -0.00153
hubbard_term: recalculating local occupations    3
hubbard_term: maximum change in local occup.    0.008358
hubbard_term: recalculating Hamiltonian
   scf:    4    -7717.692050    -7717.691272    -7717.700425  0.003447 -3.470622  0.117586
     spin moment: {S} , |S| = {        0.0        0.0   -0.00062 }    -0.00062
hubbard_term: recalculating local occupations    4
hubbard_term: maximum change in local occup.    0.000069
   scf:    5    -7717.691377    -7717.691308    -7717.700456  0.000141 -3.470618  0.115811
     spin moment: {S} , |S| = {        0.0        0.0   -0.00050 }    -0.00050
hubbard_term: recalculating local occupations    5
hubbard_term: maximum change in local occup.    0.002414
hubbard_term: recalculating Hamiltonian
   scf:    6    -7717.695928    -7717.693609    -7717.702616  0.004755 -3.471913  0.104850
     spin moment: {S} , |S| = {        0.0        0.0    0.00141 }     0.00141
   scf:    7    -7717.700010    -7717.690164    -7717.698438  0.028121 -3.486027  0.055579
     spin moment: {S} , |S| = {        0.0        0.0    0.00072 }     0.00072
hubbard_term: recalculating local occupations    6
hubbard_term: maximum change in local occup.    0.013086
hubbard_term: recalculating Hamiltonian
   scf:    8    -7717.703614    -7717.704172    -7717.712473  0.001898 -3.483824  0.049525
     spin moment: {S} , |S| = {        0.0        0.0   -0.00022 }    -0.00022
hubbard_term: recalculating local occupations    7
hubbard_term: maximum change in local occup.    0.002244
hubbard_term: recalculating Hamiltonian
   scf:    9    -7717.705085    -7717.704623    -7717.712894  0.003160 -3.483719  0.064394
     spin moment: {S} , |S| = {        0.0        0.0   -0.00237 }    -0.00237
   scf:   10    -7717.694815    -7717.702613    -7717.711378  0.025059 -3.474416  0.077848
     spin moment: {S} , |S| = {        0.0        0.0   -0.00187 }    -0.00187
hubbard_term: recalculating local occupations    8
hubbard_term: maximum change in local occup.    0.015388
hubbard_term: recalculating Hamiltonian
   scf:   11    -7717.698566    -7717.698480    -7717.707233  0.002724 -3.476224  0.072760
     spin moment: {S} , |S| = {        0.0        0.0   -0.00305 }    -0.00305
   scf:   12    -7717.695006    -7717.698560    -7717.707539  0.012920 -3.466888  0.069653
     spin moment: {S} , |S| = {        0.0        0.0    0.00048 }     0.00048
   scf:   13    -7717.708614    -7717.699093    -7717.707328  0.043691 -3.462164  0.071692
     spin moment: {S} , |S| = {        0.0        0.0    0.00074 }     0.00074
   scf:   14    -7717.682405    -7717.692645    -7717.701665  0.093191 -3.474833  0.079386
     spin moment: {S} , |S| = {        0.0        0.0   -0.00016 }    -0.00016
hubbard_term: recalculating local occupations    9
hubbard_term: maximum change in local occup.    0.036292
hubbard_term: recalculating Hamiltonian
   scf:   15    -7717.693448    -7717.693863    -7717.702915  0.007431 -3.468502  0.067187
     spin moment: {S} , |S| = {        0.0        0.0   -0.00052 }    -0.00052
   scf:   16    -7717.684347    -7717.686013    -7717.694460  0.063880 -3.468964  0.120148
     spin moment: {S} , |S| = {        0.0        0.0   -0.00065 }    -0.00065
   scf:   17    -7717.637452    -7717.658364    -7717.667595  0.091070 -3.483097  0.074499
     spin moment: {S} , |S| = {        0.0        0.0    0.00054 }     0.00054
   scf:   18    -7717.678563    -7717.668186    -7717.677010  0.022107 -3.479846  0.061733
     spin moment: {S} , |S| = {        0.0        0.0    0.00005 }     0.00005
   scf:   19    -7717.675590    -7717.671485    -7717.680052  0.010875 -3.489607  0.071568
     spin moment: {S} , |S| = {        0.0        0.0    0.00039 }     0.00039
hubbard_term: recalculating local occupations   10
hubbard_term: maximum change in local occup.    0.088414
hubbard_term: recalculating Hamiltonian
   scf:   20    -7717.724812    -7717.722041    -7717.730804  0.007872 -3.485342  0.064088
     spin moment: {S} , |S| = {        0.0        0.0   -0.00007 }    -0.00007
hubbard_term: recalculating local occupations   11
hubbard_term: maximum change in local occup.    0.000232
   scf:   21    -7717.721725    -7717.721779    -7717.730549  0.000342 -3.487342  0.065570
     spin moment: {S} , |S| = {        0.0        0.0    0.00007 }     0.00007
hubbard_term: recalculating local occupations   12
hubbard_term: maximum change in local occup.    0.005910
hubbard_term: recalculating Hamiltonian
   scf:   22    -7717.716697    -7717.719227    -7717.727777  0.008029 -3.486573  0.058467
     spin moment: {S} , |S| = {        0.0        0.0    0.00013 }     0.00013
hubbard_term: recalculating local occupations   13
hubbard_term: maximum change in local occup.    0.000190
   scf:   23    -7717.719171    -7717.719095    -7717.727647  0.000311 -3.487605  0.059185
     spin moment: {S} , |S| = {        0.0        0.0    0.00006 }     0.00006
hubbard_term: recalculating local occupations   14
hubbard_term: maximum change in local occup.    0.001020
hubbard_term: recalculating Hamiltonian
   scf:   24    -7717.718179    -7717.718737    -7717.727240  0.001505 -3.485454  0.056626
     spin moment: {S} , |S| = {        0.0        0.0    0.00016 }     0.00016
hubbard_term: recalculating local occupations   15
hubbard_term: maximum change in local occup.    0.003712
hubbard_term: recalculating Hamiltonian
   scf:   25    -7717.715837    -7717.717240    -7717.725628  0.005184 -3.488531  0.055146
     spin moment: {S} , |S| = {        0.0        0.0   -0.00010 }    -0.00010
hubbard_term: recalculating local occupations   16
hubbard_term: maximum change in local occup.    0.002263
hubbard_term: recalculating Hamiltonian
   scf:   26    -7717.715463    -7717.716333    -7717.724658  0.003166 -3.490407  0.054044
     spin moment: {S} , |S| = {        0.0        0.0   -0.00020 }    -0.00020
hubbard_term: recalculating local occupations   17
hubbard_term: maximum change in local occup.    0.001185
hubbard_term: recalculating Hamiltonian
   scf:   27    -7717.717354    -7717.716838    -7717.725198  0.001660 -3.489798  0.055165
     spin moment: {S} , |S| = {        0.0        0.0   -0.00021 }    -0.00021
   scf:   28    -7717.690372    -7717.709268    -7717.717810  0.052038 -3.514423  0.079567
     spin moment: {S} , |S| = {        0.0        0.0   -0.00077 }    -0.00077
   scf:   29    -7717.745556    -7717.716543    -7717.725265  0.065713 -3.490222  0.054273
     spin moment: {S} , |S| = {        0.0        0.0   -0.00007 }    -0.00007
hubbard_term: recalculating local occupations   18
hubbard_term: maximum change in local occup.    0.006394
hubbard_term: recalculating Hamiltonian
   scf:   30    -7717.718150    -7717.719767    -7717.728354  0.004946 -3.489726  0.062256
     spin moment: {S} , |S| = {        0.0        0.0   -0.00044 }    -0.00044
hubbard_term: recalculating local occupations   19
hubbard_term: maximum change in local occup.    0.003020
hubbard_term: recalculating Hamiltonian
   scf:   31    -7717.722521    -7717.721108    -7717.729815  0.004274 -3.491228  0.067988
     spin moment: {S} , |S| = {        0.0        0.0   -0.00009 }    -0.00009
hubbard_term: recalculating local occupations   20
hubbard_term: maximum change in local occup.    0.000565
   scf:   32    -7717.720837    -7717.721118    -7717.729805  0.000795 -3.490132  0.067828
     spin moment: {S} , |S| = {        0.0        0.0    0.00009 }     0.00009
hubbard_term: recalculating local occupations   21
hubbard_term: maximum change in local occup.    0.003491
hubbard_term: recalculating Hamiltonian
   scf:   33    -7717.725074    -7717.722902    -7717.731722  0.005624 -3.489746  0.071077
     spin moment: {S} , |S| = {        0.0        0.0    0.00029 }     0.00029
   scf:   34    -7717.717622    -7717.722644    -7717.731112  0.013279 -3.490331  0.072690
     spin moment: {S} , |S| = {        0.0        0.0    0.00003 }     0.00003
hubbard_term: recalculating local occupations   22
hubbard_term: maximum change in local occup.    0.011755
hubbard_term: recalculating Hamiltonian
   scf:   35    -7717.716502    -7717.717381    -7717.725782  0.003225 -3.491850  0.059373
     spin moment: {S} , |S| = {        0.0        0.0   -0.00037 }    -0.00037
hubbard_term: recalculating local occupations   23
hubbard_term: maximum change in local occup.    0.005070
hubbard_term: recalculating Hamiltonian
   scf:   36    -7717.722473    -7717.719819    -7717.728405  0.007124 -3.492756  0.068215
     spin moment: {S} , |S| = {        0.0        0.0   -0.00068 }    -0.00068
   scf:   37    -7717.715264    -7717.719959    -7717.728235  0.013218 -3.494041  0.067861
     spin moment: {S} , |S| = {        0.0        0.0   -0.00032 }    -0.00032
   scf:   38    -7717.731573    -7717.721905    -7717.730855  0.028333 -3.481770  0.055066
     spin moment: {S} , |S| = {        0.0        0.0   -0.00024 }    -0.00024
   scf:   39    -7717.716909    -7717.721135    -7717.729724  0.014716 -3.488526  0.061919
     spin moment: {S} , |S| = {        0.0        0.0    0.00006 }     0.00006
hubbard_term: recalculating local occupations   24
hubbard_term: maximum change in local occup.    0.003809
hubbard_term: recalculating Hamiltonian
   scf:   40    -7717.715940    -7717.717710    -7717.726136  0.005976 -3.486559  0.055314
     spin moment: {S} , |S| = {        0.0        0.0    0.00012 }     0.00012
hubbard_term: recalculating local occupations   25
hubbard_term: maximum change in local occup.    0.002492
hubbard_term: recalculating Hamiltonian
   scf:   41    -7717.719955    -7717.718811    -7717.727317  0.003489 -3.486506  0.057666
     spin moment: {S} , |S| = {        0.0        0.0    0.00004 }     0.00004
hubbard_term: recalculating local occupations   26
hubbard_term: maximum change in local occup.    0.005796
hubbard_term: recalculating Hamiltonian
   scf:   42    -7717.713749    -7717.716164    -7717.724494  0.008082 -3.487698  0.052039
     spin moment: {S} , |S| = {        0.0        0.0   -0.00028 }    -0.00028
   scf:   43    -7717.720597    -7717.715925    -7717.724643  0.015776 -3.484166  0.049544
     spin moment: {S} , |S| = {        0.0        0.0    0.00003 }     0.00003
   scf:   44    -7717.722943    -7717.715524    -7717.724762  0.031076 -3.474355  0.038179
     spin moment: {S} , |S| = {        0.0        0.0    0.00039 }     0.00039
   scf:   45    -7717.714149    -7717.716585    -7717.725710  0.011742 -3.472877  0.041309
     spin moment: {S} , |S| = {        0.0        0.0    0.00038 }     0.00038
   scf:   46    -7717.712881    -7717.714696    -7717.723630  0.011497 -3.484274  0.052173
     spin moment: {S} , |S| = {        0.0        0.0   -0.00076 }    -0.00076
   scf:   47    -7717.707188    -7717.715377    -7717.723567  0.032124 -3.492241  0.056239
     spin moment: {S} , |S| = {        0.0        0.0    0.00015 }     0.00015
   scf:   48    -7717.728786    -7717.714567    -7717.723791  0.047870 -3.485660  0.048953
     spin moment: {S} , |S| = {        0.0        0.0   -0.00008 }    -0.00008
   scf:   49    -7717.711736    -7717.715427    -7717.724288  0.019778 -3.485427  0.051099
     spin moment: {S} , |S| = {        0.0        0.0   -0.00012 }    -0.00012
   scf:   50    -7717.723705    -7717.713486    -7717.722544  0.044599 -3.482211  0.038435
     spin moment: {S} , |S| = {        0.0        0.0   -0.00000 }    -0.00000
hubbard_term: recalculating local occupations   27
hubbard_term: maximum change in local occup.    0.047266
hubbard_term: recalculating Hamiltonian
   scf:   51    -7717.743532    -7717.742767    -7717.751793  0.001339 -3.483171  0.105086
     spin moment: {S} , |S| = {        0.0        0.0    0.00035 }     0.00035
   scf:   52    -7717.702413    -7717.734431    -7717.742878  0.061452 -3.490330  0.120770
     spin moment: {S} , |S| = {        0.0        0.0   -0.00041 }    -0.00041
hubbard_term: recalculating local occupations   28
hubbard_term: maximum change in local occup.    0.042942
hubbard_term: recalculating Hamiltonian
   scf:   53    -7717.718734    -7717.718323    -7717.726800  0.001316 -3.489602  0.060282
     spin moment: {S} , |S| = {        0.0        0.0   -0.00031 }    -0.00031
hubbard_term: recalculating local occupations   29
hubbard_term: maximum change in local occup.    0.001890
hubbard_term: recalculating Hamiltonian
   scf:   54    -7717.719731    -7717.719016    -7717.727555  0.002630 -3.486719  0.060237
     spin moment: {S} , |S| = {        0.0        0.0   -0.00023 }    -0.00023
hubbard_term: recalculating local occupations   30
hubbard_term: maximum change in local occup.    0.003197
hubbard_term: recalculating Hamiltonian
   scf:   55    -7717.716371    -7717.717660    -7717.726094  0.004462 -3.489790  0.058208
     spin moment: {S} , |S| = {        0.0        0.0   -0.00020 }    -0.00020
hubbard_term: recalculating local occupations   31
hubbard_term: maximum change in local occup.    0.003664
hubbard_term: recalculating Hamiltonian
   scf:   56    -7717.721180    -7717.719370    -7717.727932  0.005137 -3.489114  0.062707
     spin moment: {S} , |S| = {        0.0        0.0   -0.00035 }    -0.00035
hubbard_term: recalculating local occupations   32
hubbard_term: maximum change in local occup.    0.004677
hubbard_term: recalculating Hamiltonian
   scf:   57    -7717.715458    -7717.717335    -7717.725735  0.006566 -3.491556  0.058881
     spin moment: {S} , |S| = {        0.0        0.0   -0.00029 }    -0.00029
hubbard_term: recalculating local occupations   33
hubbard_term: maximum change in local occup.    0.003204
hubbard_term: recalculating Hamiltonian
   scf:   58    -7717.720274    -7717.718767    -7717.727274  0.004490 -3.490607  0.062215
     spin moment: {S} , |S| = {        0.0        0.0   -0.00028 }    -0.00028
hubbard_term: recalculating local occupations   34
hubbard_term: maximum change in local occup.    0.000786
   scf:   59    -7717.718337    -7717.718673    -7717.727155  0.001099 -3.491046  0.062902
     spin moment: {S} , |S| = {        0.0        0.0   -0.00021 }    -0.00021
hubbard_term: recalculating local occupations   35
hubbard_term: maximum change in local occup.    0.000390
   scf:   60    -7717.718889    -7717.718704    -7717.727199  0.000583 -3.490889  0.062569
     spin moment: {S} , |S| = {        0.0        0.0   -0.00028 }    -0.00028
   scf:   61    -7717.685100    -7717.709486    -7717.718120  0.063075 -3.513505  0.085865
     spin moment: {S} , |S| = {        0.0        0.0   -0.00143 }    -0.00143
   scf:   62    -7717.756099    -7717.718931    -7717.727800  0.076633 -3.491297  0.060256
     spin moment: {S} , |S| = {        0.0        0.0   -0.00029 }    -0.00029
hubbard_term: recalculating local occupations   36
hubbard_term: maximum change in local occup.    0.004368
hubbard_term: recalculating Hamiltonian
   scf:   63    -7717.718491    -7717.720751    -7717.729437  0.006935 -3.491881  0.068998
     spin moment: {S} , |S| = {        0.0        0.0   -0.00044 }    -0.00044
hubbard_term: recalculating local occupations   37
hubbard_term: maximum change in local occup.    0.002633
hubbard_term: recalculating Hamiltonian
   scf:   64    -7717.722790    -7717.721740    -7717.730496  0.003738 -3.486922  0.065492
     spin moment: {S} , |S| = {        0.0        0.0    0.00019 }     0.00019
hubbard_term: recalculating local occupations   38
hubbard_term: maximum change in local occup.    0.002983
hubbard_term: recalculating Hamiltonian
   scf:   65    -7717.719579    -7717.720638    -7717.729300  0.004133 -3.488635  0.065318
     spin moment: {S} , |S| = {        0.0        0.0   -0.00036 }    -0.00036
   scf:   66    -7717.725827    -7717.719609    -7717.728717  0.018887 -3.490269  0.065298
     spin moment: {S} , |S| = {        0.0        0.0    0.00004 }     0.00004
   scf:   67    -7717.715096    -7717.720416    -7717.729108  0.017844 -3.490226  0.066196
     spin moment: {S} , |S| = {        0.0        0.0   -0.00030 }    -0.00030
hubbard_term: recalculating local occupations   39
hubbard_term: maximum change in local occup.    0.001291
hubbard_term: recalculating Hamiltonian
   scf:   68    -7717.719248    -7717.720159    -7717.728779  0.002834 -3.491211  0.065799
     spin moment: {S} , |S| = {        0.0        0.0   -0.00011 }    -0.00011
   scf:   69    -7717.739494    -7717.718309    -7717.726918  0.067742 -3.492811  0.066167
     spin moment: {S} , |S| = {        0.0        0.0    0.00055 }     0.00055
   scf:   70    -7717.710593    -7717.719104    -7717.728324  0.040886 -3.494416  0.065484
     spin moment: {S} , |S| = {        0.0        0.0   -0.00052 }    -0.00052
   scf:   71    -7717.721776    -7717.718572    -7717.727832  0.012382 -3.489885  0.062437
     spin moment: {S} , |S| = {        0.0        0.0    0.00017 }     0.00017
hubbard_term: recalculating local occupations   40
hubbard_term: maximum change in local occup.    0.032405
hubbard_term: recalculating Hamiltonian
   scf:   72    -7717.740542    -7717.737867    -7717.747082  0.006049 -3.488543  0.104832
     spin moment: {S} , |S| = {        0.0        0.0    0.00029 }     0.00029
   scf:   73    -7717.704498    -7717.731593    -7717.739916  0.057680 -3.494470  0.116418
     spin moment: {S} , |S| = {        0.0        0.0   -0.00077 }    -0.00077
hubbard_term: recalculating local occupations   41
hubbard_term: maximum change in local occup.    0.034720
hubbard_term: recalculating Hamiltonian
   scf:   74    -7717.721717    -7717.719023    -7717.727563  0.009018 -3.493145  0.065207
     spin moment: {S} , |S| = {        0.0        0.0   -0.00028 }    -0.00028
hubbard_term: recalculating local occupations   42
hubbard_term: maximum change in local occup.    0.005990
hubbard_term: recalculating Hamiltonian
   scf:   75    -7717.714358    -7717.716571    -7717.724918  0.008377 -3.497102  0.060977
     spin moment: {S} , |S| = {        0.0        0.0   -0.00048 }    -0.00048
hubbard_term: recalculating local occupations   43
hubbard_term: maximum change in local occup.    0.006313
hubbard_term: recalculating Hamiltonian
   scf:   76    -7717.722097    -7717.719197    -7717.727740  0.008837 -3.490937  0.063380
     spin moment: {S} , |S| = {        0.0        0.0   -0.00064 }    -0.00064
hubbard_term: recalculating local occupations   44
hubbard_term: maximum change in local occup.    0.003669
hubbard_term: recalculating Hamiltonian
   scf:   77    -7717.722485    -7717.720797    -7717.729470  0.005122 -3.488585  0.065964
     spin moment: {S} , |S| = {        0.0        0.0   -0.00057 }    -0.00057
hubbard_term: recalculating local occupations   45
hubbard_term: maximum change in local occup.    0.001427
hubbard_term: recalculating Hamiltonian
   scf:   78    -7717.721993    -7717.721389    -7717.730102  0.001986 -3.487457  0.065966
     spin moment: {S} , |S| = {        0.0        0.0   -0.00059 }    -0.00059
hubbard_term: recalculating local occupations   46
hubbard_term: maximum change in local occup.    0.000539
   scf:   79    -7717.721054    -7717.721296    -7717.729991  0.000749 -3.488009  0.066729
     spin moment: {S} , |S| = {        0.0        0.0   -0.00067 }    -0.00067
hubbard_term: recalculating local occupations   47
hubbard_term: maximum change in local occup.    0.001601
hubbard_term: recalculating Hamiltonian
   scf:   80    -7717.721896    -7717.721514    -7717.730265  0.001980 -3.489197  0.069034
     spin moment: {S} , |S| = {        0.0        0.0   -0.00045 }    -0.00045
hubbard_term: recalculating local occupations   48
hubbard_term: maximum change in local occup.    0.004376
hubbard_term: recalculating Hamiltonian
   scf:   81    -7717.717984    -7717.719690    -7717.728275  0.006118 -3.490026  0.064485
     spin moment: {S} , |S| = {        0.0        0.0   -0.00036 }    -0.00036
   scf:   82    -7717.685911    -7717.710180    -7717.718725  0.064134 -3.512611  0.090976
     spin moment: {S} , |S| = {        0.0        0.0   -0.00082 }    -0.00082
   scf:   83    -7717.759062    -7717.719652    -7717.728704  0.082217 -3.492198  0.062184
     spin moment: {S} , |S| = {        0.0        0.0   -0.00004 }    -0.00004
   scf:   84    -7717.715948    -7717.720118    -7717.728808  0.014543 -3.492252  0.063054
     spin moment: {S} , |S| = {        0.0        0.0   -0.00017 }    -0.00017
   scf:   85    -7717.736567    -7717.719945    -7717.728914  0.055916 -3.484046  0.046450
     spin moment: {S} , |S| = {        0.0        0.0    0.00042 }     0.00042
hubbard_term: recalculating local occupations   49
hubbard_term: maximum change in local occup.    0.038280
hubbard_term: recalculating Hamiltonian
   scf:   86    -7717.737899    -7717.740777    -7717.749886  0.006147 -3.485903  0.101112
     spin moment: {S} , |S| = {        0.0        0.0    0.00053 }     0.00053
   scf:   87    -7717.712371    -7717.734411    -7717.743191  0.047139 -3.489791  0.117641
     spin moment: {S} , |S| = {        0.0        0.0   -0.00102 }    -0.00102
hubbard_term: recalculating local occupations   50
hubbard_term: maximum change in local occup.    0.034773
hubbard_term: recalculating Hamiltonian
   scf:   88    -7717.720674    -7717.721447    -7717.730173  0.003017 -3.490215  0.069304
     spin moment: {S} , |S| = {        0.0        0.0   -0.00053 }    -0.00053
hubbard_term: recalculating local occupations   51
hubbard_term: maximum change in local occup.    0.003783
hubbard_term: recalculating Hamiltonian
   scf:   89    -7717.718336    -7717.719844    -7717.728427  0.005299 -3.489739  0.063830
     spin moment: {S} , |S| = {        0.0        0.0   -0.00073 }    -0.00073
hubbard_term: recalculating local occupations   52
hubbard_term: maximum change in local occup.    0.002992
hubbard_term: recalculating Hamiltonian
   scf:   90    -7717.722845    -7717.721310    -7717.730008  0.004206 -3.490393  0.068742
     spin moment: {S} , |S| = {        0.0        0.0   -0.00088 }    -0.00088
hubbard_term: recalculating local occupations   53
hubbard_term: maximum change in local occup.    0.004132
hubbard_term: recalculating Hamiltonian
   scf:   91    -7717.717666    -7717.719430    -7717.727973  0.005809 -3.491086  0.064738
     spin moment: {S} , |S| = {        0.0        0.0   -0.00065 }    -0.00065
hubbard_term: recalculating local occupations   54
hubbard_term: maximum change in local occup.    0.002088
hubbard_term: recalculating Hamiltonian
   scf:   92    -7717.721121    -7717.720262    -7717.728884  0.002915 -3.490424  0.066841
     spin moment: {S} , |S| = {        0.0        0.0   -0.00052 }    -0.00052
hubbard_term: recalculating local occupations   55
hubbard_term: maximum change in local occup.    0.000248
   scf:   93    -7717.720151    -7717.720230    -7717.728843  0.000342 -3.490788  0.067149
     spin moment: {S} , |S| = {        0.0        0.0   -0.00061 }    -0.00061
hubbard_term: recalculating local occupations   56
hubbard_term: maximum change in local occup.    0.003389
hubbard_term: recalculating Hamiltonian
   scf:   94    -7717.717422    -7717.718767    -7717.727269  0.004457 -3.493205  0.064227
     spin moment: {S} , |S| = {        0.0        0.0   -0.00058 }    -0.00058
   scf:   95    -7717.722237    -7717.719212    -7717.727971  0.010008 -3.488876  0.059820
     spin moment: {S} , |S| = {        0.0        0.0   -0.00041 }    -0.00041
   scf:   96    -7717.723666    -7717.720067    -7717.729116  0.014119 -3.482072  0.050348
     spin moment: {S} , |S| = {        0.0        0.0    0.00061 }     0.00061
   scf:   97    -7717.713638    -7717.719098    -7717.727637  0.022601 -3.490771  0.062253
     spin moment: {S} , |S| = {        0.0        0.0   -0.00061 }    -0.00061
hubbard_term: recalculating local occupations   57
hubbard_term: maximum change in local occup.    0.001844
hubbard_term: recalculating Hamiltonian
   scf:   98    -7717.719705    -7717.719516    -7717.728076  0.000854 -3.490387  0.064038
     spin moment: {S} , |S| = {        0.0        0.0   -0.00054 }    -0.00054
hubbard_term: recalculating local occupations   58
hubbard_term: maximum change in local occup.    0.000988
   scf:   99    -7717.719239    -7717.719257    -7717.727798  0.001304 -3.491195  0.065241
     spin moment: {S} , |S| = {        0.0        0.0   -0.00083 }    -0.00083
hubbard_term: recalculating local occupations   59
hubbard_term: maximum change in local occup.    0.001485
hubbard_term: recalculating Hamiltonian
   scf:  100    -7717.719748    -7717.719616    -7717.728171  0.001197 -3.494320  0.068882
     spin moment: {S} , |S| = {        0.0        0.0   -0.00095 }    -0.00095
hubbard_term: recalculating local occupations   60
hubbard_term: maximum change in local occup.    0.005703
hubbard_term: recalculating Hamiltonian
   scf:  101    -7717.724236    -7717.721829    -7717.730580  0.007952 -3.491018  0.071525
     spin moment: {S} , |S| = {        0.0        0.0   -0.00066 }    -0.00066
hubbard_term: recalculating local occupations   61
hubbard_term: maximum change in local occup.    0.006936
hubbard_term: recalculating Hamiltonian
   scf:  102    -7717.716531    -7717.719026    -7717.727516  0.009715 -3.491678  0.065003
     spin moment: {S} , |S| = {        0.0        0.0   -0.00070 }    -0.00070
hubbard_term: recalculating local occupations   62
hubbard_term: maximum change in local occup.    0.006892
hubbard_term: recalculating Hamiltonian
   scf:  103    -7717.725035    -7717.721874    -7717.730622  0.009657 -3.487954  0.069206
     spin moment: {S} , |S| = {        0.0        0.0   -0.00057 }    -0.00057
   scf:  104    -7717.710578    -7717.718973    -7717.727100  0.027096 -3.500491  0.083929
     spin moment: {S} , |S| = {        0.0        0.0   -0.00173 }    -0.00173
   scf:  105    -7717.729310    -7717.721198    -7717.729823  0.022493 -3.492357  0.072605
     spin moment: {S} , |S| = {        0.0        0.0   -0.00071 }    -0.00071
   scf:  106    -7717.716401    -7717.720587    -7717.728912  0.012283 -3.495667  0.076631
     spin moment: {S} , |S| = {        0.0        0.0   -0.00108 }    -0.00108
hubbard_term: recalculating local occupations   63
hubbard_term: maximum change in local occup.    0.011161
hubbard_term: recalculating Hamiltonian
   scf:  107    -7717.717090    -7717.716988    -7717.725331  0.001358 -3.493873  0.058635
     spin moment: {S} , |S| = {        0.0        0.0   -0.00068 }    -0.00068
hubbard_term: recalculating local occupations   64
hubbard_term: maximum change in local occup.    0.004610
hubbard_term: recalculating Hamiltonian
   scf:  108    -7717.715502    -7717.716209    -7717.724567  0.006296 -3.493527  0.057676
     spin moment: {S} , |S| = {        0.0        0.0    0.00025 }     0.00025
   scf:  109    -7717.725488    -7717.716226    -7717.725330  0.032983 -3.484091  0.046980
     spin moment: {S} , |S| = {        0.0        0.0   -0.00030 }    -0.00030
   scf:  110    -7717.713450    -7717.716987    -7717.725680  0.018018 -3.483771  0.048743
     spin moment: {S} , |S| = {        0.0        0.0   -0.00032 }    -0.00032
   scf:  111    -7717.718843    -7717.716636    -7717.725589  0.010255 -3.485854  0.049017
     spin moment: {S} , |S| = {        0.0        0.0   -0.00028 }    -0.00028
   scf:  112    -7717.713946    -7717.716628    -7717.725276  0.012021 -3.489566  0.052407
     spin moment: {S} , |S| = {        0.0        0.0   -0.00016 }    -0.00016
hubbard_term: recalculating local occupations   65
hubbard_term: maximum change in local occup.    0.016648
hubbard_term: recalculating Hamiltonian
   scf:  113    -7717.727273    -7717.723761    -7717.732663  0.009982 -3.484722  0.071336
     spin moment: {S} , |S| = {        0.0        0.0   -0.00026 }    -0.00026
   scf:  114    -7717.716865    -7717.722314    -7717.730808  0.016578 -3.491284  0.079278
     spin moment: {S} , |S| = {        0.0        0.0   -0.00048 }    -0.00048
hubbard_term: recalculating local occupations   66
hubbard_term: maximum change in local occup.    0.012183
hubbard_term: recalculating Hamiltonian
   scf:  115    -7717.718481    -7717.718597    -7717.727081  0.000425 -3.491648  0.062691
     spin moment: {S} , |S| = {        0.0        0.0   -0.00048 }    -0.00048
hubbard_term: recalculating local occupations   67
hubbard_term: maximum change in local occup.    0.002769
hubbard_term: recalculating Hamiltonian
   scf:  116    -7717.721267    -7717.719902    -7717.728487  0.003883 -3.491001  0.066284
     spin moment: {S} , |S| = {        0.0        0.0   -0.00037 }    -0.00037
hubbard_term: recalculating local occupations   68
hubbard_term: maximum change in local occup.    0.005800
hubbard_term: recalculating Hamiltonian
   scf:  117    -7717.715955    -7717.717833    -7717.726222  0.008061 -3.493904  0.062132
     spin moment: {S} , |S| = {        0.0        0.0   -0.00090 }    -0.00090
hubbard_term: recalculating local occupations   69
hubbard_term: maximum change in local occup.    0.000829
   scf:  118    -7717.717642    -7717.717969    -7717.726328  0.001157 -3.493523  0.061557
     spin moment: {S} , |S| = {        0.0        0.0   -0.00093 }    -0.00093
hubbard_term: recalculating local occupations   70
hubbard_term: maximum change in local occup.    0.004986
hubbard_term: recalculating Hamiltonian
   scf:  119    -7717.722066    -7717.719684    -7717.728253  0.008115 -3.493013  0.066860
     spin moment: {S} , |S| = {        0.0        0.0   -0.00065 }    -0.00065
hubbard_term: recalculating local occupations   71
hubbard_term: maximum change in local occup.    0.005109
hubbard_term: recalculating Hamiltonian
   scf:  120    -7717.716029    -7717.717776    -7717.726161  0.007136 -3.494497  0.062469
     spin moment: {S} , |S| = {        0.0        0.0   -0.00087 }    -0.00087
hubbard_term: recalculating local occupations   72
hubbard_term: maximum change in local occup.    0.000415
   scf:  121    -7717.717924    -7717.717752    -7717.726150  0.000588 -3.494271  0.062393
     spin moment: {S} , |S| = {        0.0        0.0   -0.00091 }    -0.00091
hubbard_term: recalculating local occupations   73
hubbard_term: maximum change in local occup.    0.002813
hubbard_term: recalculating Hamiltonian
   scf:  122    -7717.715701    -7717.716796    -7717.725098  0.004356 -3.496220  0.061272
     spin moment: {S} , |S| = {        0.0        0.0   -0.00112 }    -0.00112
hubbard_term: recalculating local occupations   74
hubbard_term: maximum change in local occup.    0.004622
hubbard_term: recalculating Hamiltonian
   scf:  123    -7717.713764    -7717.715188    -7717.723340  0.006556 -3.491888  0.051160
     spin moment: {S} , |S| = {        0.0        0.0   -0.00191 }    -0.00191
   scf:  124    -7717.672557    -7717.700165    -7717.709076  0.082634 -3.527221  0.097376
     spin moment: {S} , |S| = {        0.0        0.0   -0.00082 }    -0.00082
   scf:  125    -7717.731473    -7717.709568    -7717.717785  0.044267 -3.513873  0.076692
     spin moment: {S} , |S| = {        0.0        0.0   -0.00185 }    -0.00185
   scf:  126    -7717.742314    -7717.712948    -7717.722166  0.085746 -3.482935  0.040605
     spin moment: {S} , |S| = {        0.0        0.0   -0.00001 }    -0.00001
   scf:  127    -7717.711201    -7717.713629    -7717.722602  0.016142 -3.484061  0.044506
     spin moment: {S} , |S| = {        0.0        0.0   -0.00063 }    -0.00063
   scf:  128    -7717.722018    -7717.710743    -7717.719215  0.059489 -3.487423  0.030404
     spin moment: {S} , |S| = {        0.0        0.0   -0.00039 }    -0.00039
   scf:  129    -7717.709696    -7717.711416    -7717.720411  0.015606 -3.485856  0.035332
     spin moment: {S} , |S| = {        0.0        0.0    0.00046 }     0.00046
hubbard_term: recalculating local occupations   75
hubbard_term: maximum change in local occup.    0.059788
hubbard_term: recalculating Hamiltonian
   scf:  130    -7717.751628    -7717.747329    -7717.756069  0.008479 -3.485509  0.111611
     spin moment: {S} , |S| = {        0.0        0.0    0.00031 }     0.00031
   scf:  131    -7717.692118    -7717.733816    -7717.742031  0.081350 -3.496101  0.139654
     spin moment: {S} , |S| = {        0.0        0.0   -0.00176 }    -0.00176
hubbard_term: recalculating local occupations   76
hubbard_term: maximum change in local occup.    0.054971
hubbard_term: recalculating Hamiltonian
   scf:  132    -7717.718549    -7717.717297    -7717.725612  0.004642 -3.495710  0.063874
     spin moment: {S} , |S| = {        0.0        0.0   -0.00128 }    -0.00128
hubbard_term: recalculating local occupations   77
hubbard_term: maximum change in local occup.    0.004921
hubbard_term: recalculating Hamiltonian
   scf:  133    -7717.721644    -7717.719389    -7717.727884  0.006864 -3.493291  0.068156
     spin moment: {S} , |S| = {        0.0        0.0   -0.00118 }    -0.00118
   scf:  134    -7717.711476    -7717.718681    -7717.726780  0.020690 -3.499918  0.072988
     spin moment: {S} , |S| = {        0.0        0.0   -0.00060 }    -0.00060
   scf:  135    -7717.723529    -7717.719692    -7717.727938  0.010072 -3.495022  0.068071
     spin moment: {S} , |S| = {        0.0        0.0   -0.00063 }    -0.00063
hubbard_term: recalculating local occupations   78
hubbard_term: maximum change in local occup.    0.003956
hubbard_term: recalculating Hamiltonian
   scf:  136    -7717.721409    -7717.718561    -7717.727028  0.009140 -3.493038  0.064208
     spin moment: {S} , |S| = {        0.0        0.0   -0.00048 }    -0.00048
   scf:  137    -7717.725237    -7717.718725    -7717.727754  0.022183 -3.486922  0.057130
     spin moment: {S} , |S| = {        0.0        0.0   -0.00032 }    -0.00032
hubbard_term: recalculating local occupations   79
hubbard_term: maximum change in local occup.    0.017371
hubbard_term: recalculating Hamiltonian
   scf:  138    -7717.726242    -7717.726101    -7717.735146  0.002080 -3.483388  0.075950
     spin moment: {S} , |S| = {        0.0        0.0   -0.00017 }    -0.00017
hubbard_term: recalculating local occupations   80
hubbard_term: maximum change in local occup.    0.006557
hubbard_term: recalculating Hamiltonian
   scf:  139    -7717.720905    -7717.723390    -7717.732253  0.009120 -3.487542  0.073121
     spin moment: {S} , |S| = {        0.0        0.0   -0.00024 }    -0.00024
   scf:  140    -7717.717747    -7717.722738    -7717.731222  0.014228 -3.491194  0.077428
     spin moment: {S} , |S| = {        0.0        0.0   -0.00043 }    -0.00043
   scf:  141    -7717.733381    -7717.724097    -7717.733217  0.028259 -3.488453  0.069361
     spin moment: {S} , |S| = {        0.0        0.0   -0.00001 }    -0.00001
   scf:  142    -7717.717159    -7717.723567    -7717.732211  0.021374 -3.488708  0.073092
     spin moment: {S} , |S| = {        0.0        0.0   -0.00004 }    -0.00004
hubbard_term: recalculating local occupations   81
hubbard_term: maximum change in local occup.    0.004478
hubbard_term: recalculating Hamiltonian
   scf:  143    -7717.721788    -7717.721061    -7717.729755  0.002339 -3.487502  0.065667
     spin moment: {S} , |S| = {        0.0        0.0   -0.00010 }    -0.00010
hubbard_term: recalculating local occupations   82
hubbard_term: maximum change in local occup.    0.001623
hubbard_term: recalculating Hamiltonian
   scf:  144    -7717.720102    -7717.720577    -7717.729241  0.002233 -3.489474  0.066446
     spin moment: {S} , |S| = {        0.0        0.0   -0.00015 }    -0.00015
hubbard_term: recalculating local occupations   83
hubbard_term: maximum change in local occup.    0.004056
hubbard_term: recalculating Hamiltonian
   scf:  145    -7717.717055    -7717.718753    -7717.727271  0.005768 -3.490801  0.061423
     spin moment: {S} , |S| = {        0.0        0.0   -0.00043 }    -0.00043
   scf:  146    -7717.722303    -7717.719031    -7717.727830  0.011064 -3.487951  0.058053
     spin moment: {S} , |S| = {        0.0        0.0   -0.00042 }    -0.00042
   scf:  147    -7717.730243    -7717.719609    -7717.728784  0.039551 -3.480616  0.043663
     spin moment: {S} , |S| = {        0.0        0.0   -0.00097 }    -0.00097
   scf:  148    -7717.727164    -7717.719019    -7717.726991  0.035362 -3.482743  0.042798
     spin moment: {S} , |S| = {        0.0        0.0   -0.00153 }    -0.00153
   scf:  149    -7717.719742    -7717.717274    -7717.724465  0.013637 -3.485112  0.070321
     spin moment: {S} , |S| = {        0.0        0.0   -0.00114 }    -0.00114
   scf:  150    -7717.708398    -7717.718499    -7717.727557  0.077176 -3.485422  0.058703
     spin moment: {S} , |S| = {        0.0        0.0   -0.00182 }    -0.00182
   scf:  151    -7717.742673    -7717.713673    -7717.719219  0.110978 -3.508723  0.094759
     spin moment: {S} , |S| = {        0.0        0.0   -0.00205 }    -0.00205
hubbard_term: recalculating local occupations   84
hubbard_term: maximum change in local occup.    0.096665
hubbard_term: recalculating Hamiltonian
   scf:  152    -7717.783536    -7717.783594    -7717.789133  0.003361 -3.511081  0.191660
     spin moment: {S} , |S| = {        0.0        0.0   -0.00677 }    -0.00677
   scf:  153    -7717.733830    -7717.771647    -7717.780174  0.061006 -3.482884  0.173026
     spin moment: {S} , |S| = {        0.0        0.0   -0.00165 }    -0.00165
   scf:  154    -7717.713362    -7717.755512    -7717.764542  0.053953 -3.484939  0.189577
     spin moment: {S} , |S| = {        0.0        0.0   -0.00042 }    -0.00042
hubbard_term: recalculating local occupations   85
hubbard_term: maximum change in local occup.    0.077689
hubbard_term: recalculating Hamiltonian
   scf:  155    -7717.730298    -7717.728105    -7717.737236  0.006030 -3.482950  0.078887
     spin moment: {S} , |S| = {        0.0        0.0   -0.00058 }    -0.00058
   scf:  156    -7717.732478    -7717.728580    -7717.737784  0.012247 -3.482949  0.072245
     spin moment: {S} , |S| = {        0.0        0.0    0.00126 }     0.00126
   scf:  157    -7717.723266    -7717.727585    -7717.736684  0.012467 -3.485325  0.078236
     spin moment: {S} , |S| = {        0.0        0.0    0.00027 }     0.00027
   scf:  158    -7717.732109    -7717.728244    -7717.737446  0.010469 -3.482435  0.073621
     spin moment: {S} , |S| = {        0.0        0.0    0.00113 }     0.00113
   scf:  159    -7717.738018    -7717.729747    -7717.738715  0.023296 -3.480828  0.073257
     spin moment: {S} , |S| = {        0.0        0.0    0.00301 }     0.00301
hubbard_term: recalculating local occupations   86
hubbard_term: maximum change in local occup.    0.024689
hubbard_term: recalculating Hamiltonian
   scf:  160    -7717.743322    -7717.742594    -7717.751555  0.004493 -3.478719  0.096328
     spin moment: {S} , |S| = {        0.0        0.0    0.00315 }     0.00315
   scf:  161    -7717.727331    -7717.740129    -7717.749350  0.025685 -3.478963  0.107547
     spin moment: {S} , |S| = {        0.0        0.0   -0.00007 }    -0.00007
   scf:  162    -7717.747506    -7717.741667    -7717.750877  0.011178 -3.478377  0.104302
     spin moment: {S} , |S| = {        0.0        0.0   -0.00018 }    -0.00018
   scf:  163    -7717.730753    -7717.739249    -7717.748425  0.016518 -3.481111  0.110407
     spin moment: {S} , |S| = {        0.0        0.0   -0.00035 }    -0.00035
   scf:  164    -7717.746372    -7717.740595    -7717.749839  0.010363 -3.480423  0.108640
     spin moment: {S} , |S| = {        0.0        0.0   -0.00093 }    -0.00093
   scf:  165    -7717.753933    -7717.743433    -7717.752404  0.020502 -3.481014  0.100311
     spin moment: {S} , |S| = {        0.0        0.0   -0.00050 }    -0.00050
   scf:  166    -7717.730914    -7717.740530    -7717.749781  0.020193 -3.482146  0.108184
     spin moment: {S} , |S| = {        0.0        0.0   -0.00066 }    -0.00066
hubbard_term: recalculating local occupations   87
hubbard_term: maximum change in local occup.    0.015472
hubbard_term: recalculating Hamiltonian
   scf:  167    -7717.733004    -7717.733356    -7717.742612  0.004133 -3.480553  0.086262
     spin moment: {S} , |S| = {        0.0        0.0    0.00005 }     0.00005
hubbard_term: recalculating local occupations   88
hubbard_term: maximum change in local occup.    0.004015
hubbard_term: recalculating Hamiltonian
   scf:  168    -7717.738821    -7717.736012    -7717.745267  0.005678 -3.485975  0.096486
     spin moment: {S} , |S| = {        0.0        0.0   -0.00098 }    -0.00098
   scf:  169    -7717.744672    -7717.737740    -7717.746730  0.015996 -3.484267  0.091342
     spin moment: {S} , |S| = {        0.0        0.0   -0.00056 }    -0.00056
   scf:  170    -7717.761462    -7717.740195    -7717.746634  0.050208 -3.489814  0.105700
     spin moment: {S} , |S| = {        0.0        0.0    0.00342 }     0.00342
   scf:  171    -7717.706842    -7717.735456    -7717.744640  0.084909 -3.473963  0.094962
     spin moment: {S} , |S| = {        0.0        0.0   -0.00010 }    -0.00010
   scf:  172    -7717.782601    -7717.741310    -7717.747567  0.091493 -3.496115  0.060406
     spin moment: {S} , |S| = {        0.0        0.0   -0.00124 }    -0.00124
hubbard_term: recalculating local occupations   89
hubbard_term: maximum change in local occup.    0.053333
hubbard_term: recalculating Hamiltonian
   scf:  173    -7717.780214    -7717.776899    -7717.782869  0.005722 -3.498554  0.127979
     spin moment: {S} , |S| = {        0.0        0.0    0.00045 }     0.00045
   scf:  174    -7717.695793    -7717.755596    -7717.764808  0.089307 -3.485223  0.174550
     spin moment: {S} , |S| = {        0.0        0.0   -0.00105 }    -0.00105
hubbard_term: recalculating local occupations   90
hubbard_term: maximum change in local occup.    0.057033
hubbard_term: recalculating Hamiltonian
   scf:  175    -7717.737631    -7717.733502    -7717.742770  0.009822 -3.483759  0.090620
     spin moment: {S} , |S| = {        0.0        0.0   -0.00091 }    -0.00091
   scf:  176    -7717.740458    -7717.735199    -7717.744354  0.013327 -3.482060  0.083166
     spin moment: {S} , |S| = {        0.0        0.0   -0.00058 }    -0.00058
hubbard_term: recalculating local occupations   91
hubbard_term: maximum change in local occup.    0.008375
hubbard_term: recalculating Hamiltonian
   scf:  177    -7717.737793    -7717.738396    -7717.747578  0.001677 -3.482737  0.096493
     spin moment: {S} , |S| = {        0.0        0.0   -0.00069 }    -0.00069
hubbard_term: recalculating local occupations   92
hubbard_term: maximum change in local occup.    0.004768
hubbard_term: recalculating Hamiltonian
   scf:  178    -7717.744767    -7717.741512    -7717.750571  0.006678 -3.482641  0.100622
     spin moment: {S} , |S| = {        0.0        0.0   -0.00079 }    -0.00079
hubbard_term: recalculating local occupations   93
hubbard_term: maximum change in local occup.    0.002292
hubbard_term: recalculating Hamiltonian
   scf:  179    -7717.738573    -7717.740027    -7717.749153  0.003200 -3.482647  0.098738
     spin moment: {S} , |S| = {        0.0        0.0   -0.00076 }    -0.00076
hubbard_term: recalculating local occupations   94
hubbard_term: maximum change in local occup.    0.002452
hubbard_term: recalculating Hamiltonian
   scf:  180    -7717.743367    -7717.741679    -7717.750733  0.003393 -3.483601  0.101502
     spin moment: {S} , |S| = {        0.0        0.0   -0.00084 }    -0.00084
hubbard_term: recalculating local occupations   95
hubbard_term: maximum change in local occup.    0.001231
hubbard_term: recalculating Hamiltonian
   scf:  181    -7717.740137    -7717.740904    -7717.749996  0.001695 -3.483688  0.100756
     spin moment: {S} , |S| = {        0.0        0.0   -0.00086 }    -0.00086
hubbard_term: recalculating local occupations   96
hubbard_term: maximum change in local occup.    0.003760
hubbard_term: recalculating Hamiltonian
   scf:  182    -7717.745552    -7717.743190    -7717.752155  0.005217 -3.480587  0.100321
     spin moment: {S} , |S| = {        0.0        0.0   -0.00051 }    -0.00051
hubbard_term: recalculating local occupations   97
hubbard_term: maximum change in local occup.    0.001946
hubbard_term: recalculating Hamiltonian
   scf:  183    -7717.746587    -7717.744866    -7717.753750  0.002761 -3.483711  0.105231
     spin moment: {S} , |S| = {        0.0        0.0   -0.00071 }    -0.00071
hubbard_term: recalculating local occupations   98
hubbard_term: maximum change in local occup.    0.001020
hubbard_term: recalculating Hamiltonian
   scf:  184    -7717.743353    -7717.744106    -7717.753035  0.001422 -3.483501  0.104086
     spin moment: {S} , |S| = {        0.0        0.0   -0.00075 }    -0.00075
   scf:  185    -7717.612555    -7717.699772    -7717.708718  0.161600 -3.534068  0.183100
     spin moment: {S} , |S| = {        0.0        0.0   -0.00203 }    -0.00203
   scf:  186    -7717.863494    -7717.742098    -7717.751311  0.148114 -3.484680  0.111155
     spin moment: {S} , |S| = {        0.0        0.0   -0.00030 }    -0.00030
   scf:  187    -7717.776854    -7717.749809    -7717.757024  0.051422 -3.484725  0.084533
     spin moment: {S} , |S| = {        0.0        0.0   -0.00176 }    -0.00176
   scf:  188    -7717.694674    -7717.735136    -7717.743734  0.096690 -3.488574  0.126937
     spin moment: {S} , |S| = {        0.0        0.0   -0.00052 }    -0.00052
   scf:  189    -7717.837770    -7717.737660    -7717.743415  0.190429 -3.543394  0.114775
     spin moment: {S} , |S| = {        0.0        0.0   -0.00096 }    -0.00096
   scf:  190    -7717.732915    -7717.732311    -7717.737710  0.020009 -3.548117  0.115382
     spin moment: {S} , |S| = {        0.0        0.0   -0.00045 }    -0.00045
   scf:  191    -7717.738004    -7717.737972    -7717.743718  0.017771 -3.547549  0.097872
     spin moment: {S} , |S| = {        0.0        0.0   -0.00154 }    -0.00154
   scf:  192    -7717.730405    -7717.730276    -7717.735672  0.016023 -3.551572  0.131500
     spin moment: {S} , |S| = {        0.0        0.0   -0.00076 }    -0.00076
hubbard_term: recalculating local occupations   99
hubbard_term: maximum change in local occup.    0.113437
hubbard_term: recalculating Hamiltonian
   scf:  193    -7717.841342    -7717.836050    -7717.841220  0.007724 -3.548194  0.162095
     spin moment: {S} , |S| = {        0.0        0.0   -0.00021 }    -0.00021
   scf:  194    -7717.707480    -7717.808413    -7717.816163  0.130447 -3.484616  0.248734
     spin moment: {S} , |S| = {        0.0        0.0   -0.00043 }    -0.00043
hubbard_term: recalculating local occupations  100
hubbard_term: maximum change in local occup.    0.096469
hubbard_term: recalculating Hamiltonian
   scf:  195    -7717.757794    -7717.758014    -7717.765819  0.005473 -3.486177  0.116630
     spin moment: {S} , |S| = {        0.0        0.0    0.00053 }     0.00053
hubbard_term: recalculating local occupations  101
hubbard_term: maximum change in local occup.    0.002569
hubbard_term: recalculating Hamiltonian
   scf:  196    -7717.754464    -7717.756222    -7717.764213  0.003560 -3.485048  0.115769
     spin moment: {S} , |S| = {        0.0        0.0    0.00061 }     0.00061
hubbard_term: recalculating local occupations  102
hubbard_term: maximum change in local occup.    0.005658
hubbard_term: recalculating Hamiltonian
   scf:  197    -7717.763585    -7717.759836    -7717.767428  0.007793 -3.486235  0.116229
     spin moment: {S} , |S| = {        0.0        0.0    0.00002 }     0.00002
   scf:  198    -7717.771665    -7717.762618    -7717.769227  0.017327 -3.494028  0.105252
     spin moment: {S} , |S| = {        0.0        0.0   -0.00059 }    -0.00059
   scf:  199    -7717.732848    -7717.754568    -7717.763339  0.041943 -3.483288  0.131602
     spin moment: {S} , |S| = {        0.0        0.0   -0.00094 }    -0.00094
   scf:  200    -7717.746328    -7717.752923    -7717.762013  0.010654 -3.482265  0.136537
     spin moment: {S} , |S| = {        0.0        0.0   -0.00097 }    -0.00097
   scf:  201    -7717.786956    -7717.760435    -7717.767540  0.042508 -3.489269  0.111511
     spin moment: {S} , |S| = {        0.0        0.0    0.00023 }     0.00023
   scf:  202    -7717.750275    -7717.758126    -7717.766053  0.014249 -3.485318  0.120362
     spin moment: {S} , |S| = {        0.0        0.0    0.00025 }     0.00025
   scf:  203    -7717.803495    -7717.757147    -7717.762913  0.098488 -3.541810  0.063191
     spin moment: {S} , |S| = {        0.0        0.0    0.00078 }     0.00078
   scf:  204    -7717.753337    -7717.746298    -7717.751159  0.040804 -3.553561  0.055468
     spin moment: {S} , |S| = {        0.0        0.0   -0.00011 }    -0.00011
hubbard_term: recalculating local occupations  103
hubbard_term: maximum change in local occup.    0.100891
hubbard_term: recalculating Hamiltonian
   scf:  205    -7717.848461    -7717.844976    -7717.849648  0.007358 -3.554121  0.151623
     spin moment: {S} , |S| = {        0.0        0.0   -0.00085 }    -0.00085
   scf:  206    -7717.736311    -7717.825094    -7717.831137  0.112884 -3.501748  0.240643
     spin moment: {S} , |S| = {        0.0        0.0    0.00029 }     0.00029
hubbard_term: recalculating local occupations  104
hubbard_term: maximum change in local occup.    0.087565
hubbard_term: recalculating Hamiltonian
   scf:  207    -7717.768658    -7717.772011    -7717.778360  0.007670 -3.494994  0.120738
     spin moment: {S} , |S| = {        0.0        0.0    0.00185 }     0.00185
   scf:  208    -7717.760712    -7717.770324    -7717.777588  0.015003 -3.486993  0.131280
     spin moment: {S} , |S| = {        0.0        0.0   -0.00009 }    -0.00009
   scf:  209    -7717.784604    -7717.774222    -7717.780437  0.018197 -3.494283  0.116084
     spin moment: {S} , |S| = {        0.0        0.0    0.00018 }     0.00018
hubbard_term: recalculating local occupations  105
hubbard_term: maximum change in local occup.    0.007914
hubbard_term: recalculating Hamiltonian
   scf:  210    -7717.771575    -7717.772168    -7717.778411  0.002010 -3.493199  0.117115
     spin moment: {S} , |S| = {        0.0        0.0    0.00028 }     0.00028
hubbard_term: recalculating local occupations  106
hubbard_term: maximum change in local occup.    0.002420
hubbard_term: recalculating Hamiltonian
   scf:  211    -7717.773088    -7717.772629    -7717.778871  0.003574 -3.492545  0.117219
     spin moment: {S} , |S| = {        0.0        0.0    0.00062 }     0.00062
   scf:  212    -7717.753973    -7717.767534    -7717.775099  0.022682 -3.483873  0.135068
     spin moment: {S} , |S| = {        0.0        0.0   -0.00003 }    -0.00003
   scf:  213    -7717.780121    -7717.770694    -7717.777358  0.014915 -3.488244  0.121947
     spin moment: {S} , |S| = {        0.0        0.0   -0.00034 }    -0.00034
   scf:  214    -7717.711064    -7717.754289    -7717.763585  0.066561 -3.481024  0.163437
     spin moment: {S} , |S| = {        0.0        0.0   -0.00215 }    -0.00215
   scf:  215    -7717.870059    -7717.761956    -7717.767068  0.177570 -3.554948  0.054740
     spin moment: {S} , |S| = {        0.0        0.0    0.00056 }     0.00056
   scf:  216    -7717.760042    -7717.753434    -7717.756858  0.030854 -3.556007  0.029397
     spin moment: {S} , |S| = {        0.0        0.0   -0.00113 }    -0.00113
hubbard_term: recalculating local occupations  107
hubbard_term: maximum change in local occup.    0.100007
hubbard_term: recalculating Hamiltonian
   scf:  217    -7717.863996    -7717.862227    -7717.865489  0.003091 -3.552396  0.151987
     spin moment: {S} , |S| = {        0.0        0.0   -0.00088 }    -0.00088
   scf:  218    -7717.702614    -7717.830886    -7717.837554  0.145233 -3.491971  0.265670
     spin moment: {S} , |S| = {        0.0        0.0    0.00006 }     0.00006
hubbard_term: recalculating local occupations  108
hubbard_term: maximum change in local occup.    0.101024
hubbard_term: recalculating Hamiltonian
   scf:  219    -7717.776129    -7717.772207    -7717.778492  0.006522 -3.494360  0.118377
     spin moment: {S} , |S| = {        0.0        0.0    0.00043 }     0.00043
hubbard_term: recalculating local occupations  109
hubbard_term: maximum change in local occup.    0.000533
   scf:  220    -7717.772820    -7717.772652    -7717.778918  0.000726 -3.494027  0.117231
     spin moment: {S} , |S| = {        0.0        0.0    0.00042 }     0.00042
hubbard_term: recalculating local occupations  110
hubbard_term: maximum change in local occup.    0.004465
hubbard_term: recalculating Hamiltonian
   scf:  221    -7717.779842    -7717.776066    -7717.782004  0.005651 -3.499674  0.120419
     spin moment: {S} , |S| = {        0.0        0.0    0.00066 }     0.00066
hubbard_term: recalculating local occupations  111
hubbard_term: maximum change in local occup.    0.002905
hubbard_term: recalculating Hamiltonian
   scf:  222    -7717.781151    -7717.778586    -7717.784324  0.004010 -3.503475  0.121785
     spin moment: {S} , |S| = {        0.0        0.0    0.00083 }     0.00083
hubbard_term: recalculating local occupations  112
hubbard_term: maximum change in local occup.    0.001242
hubbard_term: recalculating Hamiltonian
   scf:  223    -7717.776379    -7717.777484    -7717.783328  0.001606 -3.499994  0.120137
     spin moment: {S} , |S| = {        0.0        0.0    0.00062 }     0.00062
hubbard_term: recalculating local occupations  113
hubbard_term: maximum change in local occup.    0.002385
hubbard_term: recalculating Hamiltonian
   scf:  224    -7717.781321    -7717.779389    -7717.785082  0.003307 -3.501559  0.120311
     spin moment: {S} , |S| = {        0.0        0.0    0.00053 }     0.00053
   scf:  225    -7717.810641    -7717.773337    -7717.778736  0.082084 -3.537354  0.057932
     spin moment: {S} , |S| = {        0.0        0.0   -0.00103 }    -0.00103
hubbard_term: recalculating local occupations  114
hubbard_term: maximum change in local occup.    0.053066
hubbard_term: recalculating Hamiltonian
   scf:  226    -7717.816972    -7717.822742    -7717.828320  0.009370 -3.535737  0.137696
     spin moment: {S} , |S| = {        0.0        0.0   -0.00095 }    -0.00095
hubbard_term: recalculating local occupations  115
hubbard_term: maximum change in local occup.    0.006756
hubbard_term: recalculating Hamiltonian
   scf:  227    -7717.834320    -7717.828413    -7717.833829  0.009241 -3.537919  0.140356
     spin moment: {S} , |S| = {        0.0        0.0   -0.00116 }    -0.00116
   scf:  228    -7717.816237    -7717.828377    -7717.834070  0.017389 -3.534880  0.151244
     spin moment: {S} , |S| = {        0.0        0.0   -0.00144 }    -0.00144
hubbard_term: recalculating local occupations  116
hubbard_term: maximum change in local occup.    0.012093
hubbard_term: recalculating Hamiltonian
   scf:  229    -7717.819342    -7717.818107    -7717.823780  0.003363 -3.538553  0.138276
     spin moment: {S} , |S| = {        0.0        0.0   -0.00088 }    -0.00088
   scf:  230    -7717.800474    -7717.818144    -7717.823657  0.026697 -3.530190  0.155491
     spin moment: {S} , |S| = {        0.0        0.0   -0.00129 }    -0.00129
   scf:  231    -7717.809872    -7717.816650    -7717.822004  0.011854 -3.524919  0.163963
     spin moment: {S} , |S| = {        0.0        0.0    0.00022 }     0.00022
   scf:  232    -7717.841408    -7717.820267    -7717.826008  0.033579 -3.535867  0.139381
     spin moment: {S} , |S| = {        0.0        0.0   -0.00095 }    -0.00095
   scf:  233    -7717.807116    -7717.818647    -7717.824207  0.018901 -3.531494  0.151813
     spin moment: {S} , |S| = {        0.0        0.0   -0.00127 }    -0.00127
   scf:  234    -7717.811236    -7717.812022    -7717.817544  0.024032 -3.532358  0.165550
     spin moment: {S} , |S| = {        0.0        0.0    0.00417 }     0.00417
   scf:  235    -7717.855719    -7717.814939    -7717.819846  0.065192 -3.562302  0.125861
     spin moment: {S} , |S| = {        0.0        0.0    0.00096 }     0.00096
   scf:  236    -7717.747603    -7717.804494    -7717.810034  0.101617 -3.514829  0.205232
     spin moment: {S} , |S| = {        0.0        0.0    0.00362 }     0.00362
   scf:  237    -7717.932951    -7717.808003    -7717.808374  0.177209 -3.535344  0.066888
     spin moment: {S} , |S| = {        0.0        0.0    0.00012 }     0.00012
hubbard_term: recalculating local occupations  117
hubbard_term: maximum change in local occup.    0.084145
hubbard_term: recalculating Hamiltonian
   scf:  238    -7717.903829    -7717.898851    -7717.899031  0.008444 -3.527180  0.113917
     spin moment: {S} , |S| = {        0.0        0.0    0.00000 }     0.00000
hubbard_term: recalculating local occupations  118
hubbard_term: maximum change in local occup.    0.006047
hubbard_term: recalculating Hamiltonian
   scf:  239    -7717.907795    -7717.903156    -7717.903242  0.008555 -3.524570  0.106178
     spin moment: {S} , |S| = {        0.0        0.0    0.00001 }     0.00001
   scf:  240    -7717.904016    -7717.897450    -7717.897464  0.021461 -3.531854  0.140748
     spin moment: {S} , |S| = {        0.0        0.0    0.00000 }     0.00000
   scf:  241    -7717.889369    -7717.906798    -7717.907470  0.047287 -3.543604  0.158648
     spin moment: {S} , |S| = {        0.0        0.0    0.00001 }     0.00001
hubbard_term: recalculating local occupations  119
hubbard_term: maximum change in local occup.    0.023398
hubbard_term: recalculating Hamiltonian
   scf:  242    -7717.878872    -7717.883639    -7717.884720  0.008735 -3.533887  0.145401
     spin moment: {S} , |S| = {        0.0        0.0   -0.00002 }    -0.00002
hubbard_term: recalculating local occupations  120
hubbard_term: maximum change in local occup.    0.002142
hubbard_term: recalculating Hamiltonian
   scf:  243    -7717.887776    -7717.885692    -7717.886575  0.002991 -3.530429  0.139901
     spin moment: {S} , |S| = {        0.0        0.0    0.00002 }     0.00002
hubbard_term: recalculating local occupations  121
hubbard_term: maximum change in local occup.    0.002603
hubbard_term: recalculating Hamiltonian
   scf:  244    -7717.890172    -7717.887913    -7717.888636  0.003646 -3.529455  0.137404
     spin moment: {S} , |S| = {        0.0        0.0   -0.00006 }    -0.00006
hubbard_term: recalculating local occupations  122
hubbard_term: maximum change in local occup.    0.006675
hubbard_term: recalculating Hamiltonian
   scf:  245    -7717.900645    -7717.894103    -7717.894485  0.009250 -3.532526  0.131134
     spin moment: {S} , |S| = {        0.0        0.0   -0.00000 }    -0.00000
   scf:  246    -7717.900982    -7717.891133    -7717.891207  0.022303 -3.516046  0.091075
     spin moment: {S} , |S| = {        0.0        0.0    0.00001 }     0.00001
   scf:  247    -7717.880771    -7717.892363    -7717.892886  0.027676 -3.528201  0.145172
     spin moment: {S} , |S| = {        0.0        0.0   -0.00004 }    -0.00004
   scf:  248    -7717.899387    -7717.893937    -7717.894248  0.010691 -3.527258  0.130538
     spin moment: {S} , |S| = {        0.0        0.0    0.00007 }     0.00007
hubbard_term: recalculating local occupations  123
hubbard_term: maximum change in local occup.    0.005252
hubbard_term: recalculating Hamiltonian
   scf:  249    -7717.898713    -7717.897380    -7717.897617  0.003238 -3.529634  0.120898
     spin moment: {S} , |S| = {        0.0        0.0   -0.00004 }    -0.00004
   scf:  250    -7717.907715    -7717.897470    -7717.897514  0.027759 -3.520945  0.082759
     spin moment: {S} , |S| = {        0.0        0.0    0.00002 }     0.00002
   scf:  251    -7717.894844    -7717.898604    -7717.898703  0.026490 -3.502712  0.095252
     spin moment: {S} , |S| = {        0.0        0.0    0.00001 }     0.00001
hubbard_term: recalculating local occupations  124
hubbard_term: maximum change in local occup.    0.011840
hubbard_term: recalculating Hamiltonian
   scf:  252    -7717.909536    -7717.905453    -7717.905521  0.009760 -3.517212  0.113196
     spin moment: {S} , |S| = {        0.0        0.0    0.00001 }     0.00001
hubbard_term: recalculating local occupations  125
hubbard_term: maximum change in local occup.    0.007230
hubbard_term: recalculating Hamiltonian
   scf:  253    -7717.904082    -7717.904687    -7717.904759  0.009216 -3.526295  0.115079
     spin moment: {S} , |S| = {        0.0        0.0    0.00001 }     0.00001
   scf:  254    -7717.910754    -7717.905913    -7717.905945  0.025360 -3.519199  0.086120
     spin moment: {S} , |S| = {        0.0        0.0    0.00001 }     0.00001
hubbard_term: recalculating local occupations  126
hubbard_term: maximum change in local occup.    0.022372
hubbard_term: recalculating Hamiltonian
   scf:  255    -7717.907870    -7717.908947    -7717.908996  0.005062 -3.526643  0.112236
     spin moment: {S} , |S| = {        0.0        0.0    0.00002 }     0.00002
   scf:  256    -7717.902249    -7717.904964    -7717.905022  0.018497 -3.521522  0.121653
     spin moment: {S} , |S| = {        0.0        0.0    0.00001 }     0.00001
hubbard_term: recalculating local occupations  127
hubbard_term: maximum change in local occup.    0.014305
hubbard_term: recalculating Hamiltonian
   scf:  257    -7717.905489    -7717.905986    -7717.906050  0.001242 -3.522483  0.112306
     spin moment: {S} , |S| = {        0.0        0.0    0.00001 }     0.00001
hubbard_term: recalculating local occupations  128
hubbard_term: maximum change in local occup.    0.006871
hubbard_term: recalculating Hamiltonian
   scf:  258    -7717.913428    -7717.909479    -7717.909513  0.009585 -3.519348  0.108177
     spin moment: {S} , |S| = {        0.0        0.0    0.00001 }     0.00001
hubbard_term: recalculating local occupations  129
hubbard_term: maximum change in local occup.    0.002919
hubbard_term: recalculating Hamiltonian
   scf:  259    -7717.909513    -7717.909474    -7717.909511  0.003833 -3.520072  0.105083
     spin moment: {S} , |S| = {        0.0        0.0    0.00001 }     0.00001
hubbard_term: recalculating local occupations  130
hubbard_term: maximum change in local occup.    0.004723
hubbard_term: recalculating Hamiltonian
   scf:  260    -7717.904332    -7717.906850    -7717.906920  0.006639 -3.526138  0.122912
     spin moment: {S} , |S| = {        0.0        0.0    0.00004 }     0.00004
hubbard_term: recalculating local occupations  131
hubbard_term: maximum change in local occup.    0.006295
hubbard_term: recalculating Hamiltonian
   scf:  261    -7717.913752    -7717.910155    -7717.910187  0.008511 -3.523682  0.099160
     spin moment: {S} , |S| = {        0.0        0.0    0.00001 }     0.00001
hubbard_term: recalculating local occupations  132
hubbard_term: maximum change in local occup.    0.005486
hubbard_term: recalculating Hamiltonian
   scf:  262    -7717.910720    -7717.910384    -7717.910417  0.007160 -3.520273  0.099815
     spin moment: {S} , |S| = {        0.0        0.0    0.00001 }     0.00001
   scf:  263    -7717.906669    -7717.907184    -7717.907214  0.011834 -3.520002  0.099950
     spin moment: {S} , |S| = {        0.0        0.0    0.00001 }     0.00001
hubbard_term: recalculating local occupations  133
hubbard_term: maximum change in local occup.    0.008973
hubbard_term: recalculating Hamiltonian
   scf:  264    -7717.909514    -7717.909738    -7717.909769  0.000683 -3.521218  0.095411
     spin moment: {S} , |S| = {        0.0        0.0    0.00001 }     0.00001
hubbard_term: recalculating local occupations  134
hubbard_term: maximum change in local occup.    0.002295
hubbard_term: recalculating Hamiltonian
   scf:  265    -7717.911823    -7717.910760    -7717.910786  0.003139 -3.520718  0.093291
     spin moment: {S} , |S| = {        0.0        0.0    0.00000 }     0.00000
   scf:  266    -7717.912011    -7717.906627    -7717.906635  0.025757 -3.534193  0.050603
     spin moment: {S} , |S| = {        0.0        0.0    0.00000 }     0.00000
hubbard_term: recalculating local occupations  135
hubbard_term: maximum change in local occup.    0.020101
hubbard_term: recalculating Hamiltonian
   scf:  267    -7717.916846    -7717.916944    -7717.916953  0.002428 -3.536762  0.075025
     spin moment: {S} , |S| = {        0.0        0.0    0.00000 }     0.00000
   scf:  268    -7717.915539    -7717.921760    -7717.921790  0.018553 -3.530826  0.126669
     spin moment: {S} , |S| = {        0.0        0.0    0.00002 }     0.00002
   scf:  269    -7717.917723    -7717.923819    -7717.923900  0.011784 -3.533119  0.146376
     spin moment: {S} , |S| = {        0.0        0.0    0.00004 }     0.00004
   scf:  270    -7717.928895    -7717.919808    -7717.919827  0.018488 -3.525404  0.104116
     spin moment: {S} , |S| = {        0.0        0.0    0.00000 }     0.00000
hubbard_term: recalculating local occupations  136
hubbard_term: maximum change in local occup.    0.009986
hubbard_term: recalculating Hamiltonian
   scf:  271    -7717.913475    -7717.913422    -7717.913441  0.002961 -3.529374  0.096536
     spin moment: {S} , |S| = {        0.0        0.0    0.00001 }     0.00001
   scf:  272    -7717.910006    -7717.905319    -7717.905324  0.019848 -3.544860  0.055522
     spin moment: {S} , |S| = {        0.0        0.0   -0.00000 }    -0.00000
hubbard_term: recalculating local occupations  137
hubbard_term: maximum change in local occup.    0.015248
hubbard_term: recalculating Hamiltonian
   scf:  273    -7717.919007    -7717.918792    -7717.918797  0.001586 -3.545409  0.055979
     spin moment: {S} , |S| = {        0.0        0.0   -0.00000 }    -0.00000
   scf:  274    -7717.917947    -7717.926276    -7717.926301  0.026977 -3.532754  0.118885
     spin moment: {S} , |S| = {        0.0        0.0    0.00001 }     0.00001
hubbard_term: recalculating local occupations  138
hubbard_term: maximum change in local occup.    0.016142
hubbard_term: recalculating Hamiltonian
   scf:  275    -7717.914108    -7717.912765    -7717.912785  0.006633 -3.529574  0.088322
     spin moment: {S} , |S| = {        0.0        0.0    0.00001 }     0.00001
   scf:  276    -7717.902936    -7717.913130    -7717.913270  0.026269 -3.542035  0.154814
     spin moment: {S} , |S| = {        0.0        0.0    0.00007 }     0.00007
   scf:  277    -7717.917589    -7717.904624    -7717.904635  0.026443 -3.538713  0.069710
     spin moment: {S} , |S| = {        0.0        0.0    0.00000 }     0.00000
hubbard_term: recalculating local occupations  139
hubbard_term: maximum change in local occup.    0.011094
hubbard_term: recalculating Hamiltonian
   scf:  278    -7717.915664    -7717.914820    -7717.914829  0.002875 -3.538635  0.060076
     spin moment: {S} , |S| = {        0.0        0.0    0.00000 }     0.00000
hubbard_term: recalculating local occupations  140
hubbard_term: maximum change in local occup.    0.002467
hubbard_term: recalculating Hamiltonian
   scf:  279    -7717.914579    -7717.914691    -7717.914700  0.003366 -3.537376  0.066206
     spin moment: {S} , |S| = {        0.0        0.0    0.00000 }     0.00000
hubbard_term: recalculating local occupations  141
hubbard_term: maximum change in local occup.    0.003992
hubbard_term: recalculating Hamiltonian
   scf:  280    -7717.911710    -7717.913137    -7717.913150  0.005629 -3.537763  0.072793
     spin moment: {S} , |S| = {        0.0        0.0    0.00000 }     0.00000
hubbard_term: recalculating local occupations  142
hubbard_term: maximum change in local occup.    0.004522
hubbard_term: recalculating Hamiltonian
   scf:  281    -7717.916550    -7717.914771    -7717.914779  0.006323 -3.538117  0.055171
     spin moment: {S} , |S| = {        0.0        0.0    0.00000 }     0.00000
hubbard_term: recalculating local occupations  143
hubbard_term: maximum change in local occup.    0.005731
hubbard_term: recalculating Hamiltonian
   scf:  282    -7717.919246    -7717.916903    -7717.916908  0.007910 -3.547477  0.047286
     spin moment: {S} , |S| = {        0.0        0.0    0.00000 }     0.00000
hubbard_term: recalculating local occupations  144
hubbard_term: maximum change in local occup.    0.004979
hubbard_term: recalculating Hamiltonian
   scf:  283    -7717.919624    -7717.918171    -7717.918174  0.006678 -3.556558  0.047462
     spin moment: {S} , |S| = {        0.0        0.0    0.00000 }     0.00000
   scf:  284    -7717.914917    -7717.918443    -7717.918449  0.020606 -3.543949  0.064979
     spin moment: {S} , |S| = {        0.0        0.0    0.00000 }     0.00000
   scf:  285    -7717.929503    -7717.926659    -7717.926666  0.029238 -3.539302  0.069085
     spin moment: {S} , |S| = {        0.0        0.0    0.00000 }     0.00000
   scf:  286    -7717.918120    -7717.919450    -7717.919456  0.025517 -3.543918  0.064744
     spin moment: {S} , |S| = {        0.0        0.0    0.00000 }     0.00000
hubbard_term: recalculating local occupations  145
hubbard_term: maximum change in local occup.    0.006544
hubbard_term: recalculating Hamiltonian
   scf:  287    -7717.917542    -7717.916383    -7717.916388  0.008172 -3.546860  0.047343
     spin moment: {S} , |S| = {        0.0        0.0    0.00000 }     0.00000
   scf:  288    -7717.916176    -7717.914576    -7717.914579  0.011053 -3.554961  0.027207
     spin moment: {S} , |S| = {        0.0        0.0   -0.00000 }    -0.00000
hubbard_term: recalculating local occupations  146
hubbard_term: maximum change in local occup.    0.009055
hubbard_term: recalculating Hamiltonian
   scf:  289    -7717.918539    -7717.918333    -7717.918336  0.001301 -3.555835  0.032557
     spin moment: {S} , |S| = {        0.0        0.0   -0.00000 }    -0.00000
hubbard_term: recalculating local occupations  147
hubbard_term: maximum change in local occup.    0.007244
hubbard_term: recalculating Hamiltonian
   scf:  290    -7717.920246    -7717.919195    -7717.919199  0.009796 -3.558300  0.032866
     spin moment: {S} , |S| = {        0.0        0.0   -0.00000 }    -0.00000
hubbard_term: recalculating local occupations  148
hubbard_term: maximum change in local occup.    0.000730
   scf:  291    -7717.919190    -7717.919301    -7717.919304  0.000927 -3.559022  0.029748
     spin moment: {S} , |S| = {        0.0        0.0   -0.00000 }    -0.00000
hubbard_term: recalculating local occupations  149
hubbard_term: maximum change in local occup.    0.001912
hubbard_term: recalculating Hamiltonian
   scf:  292    -7717.919007    -7717.919044    -7717.919047  0.001600 -3.558782  0.030844
     spin moment: {S} , |S| = {        0.0        0.0   -0.00000 }    -0.00000
hubbard_term: recalculating local occupations  150
hubbard_term: maximum change in local occup.    0.001260
hubbard_term: recalculating Hamiltonian
   scf:  293    -7717.919508    -7717.919271    -7717.919274  0.001638 -3.559485  0.028719
     spin moment: {S} , |S| = {        0.0        0.0   -0.00000 }    -0.00000
hubbard_term: recalculating local occupations  151
hubbard_term: maximum change in local occup.    0.001229
hubbard_term: recalculating Hamiltonian
   scf:  294    -7717.919518    -7717.919392    -7717.919395  0.001634 -3.559133  0.029182
     spin moment: {S} , |S| = {        0.0        0.0   -0.00000 }    -0.00000
hubbard_term: recalculating local occupations  152
hubbard_term: maximum change in local occup.    0.000389
   scf:  295    -7717.919621    -7717.919594    -7717.919597  0.000521 -3.558865  0.029538
     spin moment: {S} , |S| = {        0.0        0.0   -0.00000 }    -0.00000
hubbard_term: recalculating local occupations  153
hubbard_term: maximum change in local occup.    0.000768
   scf:  296    -7717.919489    -7717.919699    -7717.919702  0.001594 -3.557838  0.032234
     spin moment: {S} , |S| = {        0.0        0.0   -0.00000 }    -0.00000
hubbard_term: recalculating local occupations  154
hubbard_term: maximum change in local occup.    0.004860
hubbard_term: recalculating Hamiltonian
   scf:  297    -7717.921598    -7717.920290    -7717.920292  0.007915 -3.564653  0.031272
     spin moment: {S} , |S| = {        0.0        0.0   -0.00000 }    -0.00000
hubbard_term: recalculating local occupations  155
hubbard_term: maximum change in local occup.    0.004871
hubbard_term: recalculating Hamiltonian
   scf:  298    -7717.921021    -7717.920618    -7717.920620  0.006371 -3.563389  0.023608
     spin moment: {S} , |S| = {        0.0        0.0   -0.00000 }    -0.00000
   scf:  299    -7717.918596    -7717.919911    -7717.919914  0.015087 -3.561966  0.044209
     spin moment: {S} , |S| = {        0.0        0.0   -0.00000 }    -0.00000
hubbard_term: recalculating local occupations  156
hubbard_term: maximum change in local occup.    0.009924
hubbard_term: recalculating Hamiltonian
   scf:  300    -7717.919661    -7717.919573    -7717.919576  0.001686 -3.561140  0.026618
     spin moment: {S} , |S| = {        0.0        0.0   -0.00000 }    -0.00000
SCF_NOT_CONV: SCF did not converge in maximum number of steps (required).
Geom step, scf iteration, dDmax, dHmax:    0   300      0.001686     0.001956
ABNORMAL_TERMINATION
Stopping Program from Node:    2
ABNORMAL_TERMINATION
ABNORMAL_TERMINATION
Stopping Program from Node:    0
ABNORMAL_TERMINATION
Stopping Program from Node:    1
Stopping Program from Node:    3
